Payment_ID,Invoice_ID,Customer_ID,Payment_Date,Amount,Payment_Method
PAY000001,I000002,C0001,2025-09-14,79.0,UPI
PAY000002,I000003,C0001,2025-10-14,79.0,Bank Transfer
PAY000003,I000004,C0001,2025-11-05,79.0,Bank Transfer
PAY000004,I000006,C0001,2025-12-30,79.0,Bank Transfer
PAY000005,I000007,C0001,2026-02-07,79.0,UPI
PAY000006,I000008,C0001,2026-03-15,79.0,Debit Card
PAY000007,I000010,C0001,2026-05-10,79.0,Bank Transfer
PAY000008,I000011,C0001,2026-05-27,79.0,UPI
PAY000009,I000013,C0001,2026-07-31,79.0,Credit Card
PAY000010,I000014,C0001,2026-09-10,79.0,UPI
PAY000011,I000015,C0001,2026-09-28,79.0,Debit Card
PAY000012,I000016,C0002,2023-02-17,79.0,UPI
PAY000013,I000017,C0002,2023-03-11,79.0,Credit Card
PAY000014,I000018,C0002,2023-04-13,79.0,UPI
PAY000015,I000019,C0002,2023-05-07,79.0,UPI
PAY000016,I000021,C0002,2023-07-13,79.0,UPI
PAY000017,I000022,C0002,2023-08-07,79.0,Credit Card
PAY000018,I000023,C0002,2023-09-08,79.0,UPI
PAY000019,I000024,C0002,2023-10-09,79.0,UPI
PAY000020,I000026,C0002,2023-12-07,79.0,Bank Transfer
PAY000021,I000027,C0002,2024-01-17,79.0,Credit Card
PAY000022,I000028,C0002,2024-02-11,79.0,Bank Transfer
PAY000023,I000029,C0002,2024-03-06,79.0,Debit Card
PAY000024,I000030,C0002,2024-04-14,79.0,Credit Card
PAY000025,I000031,C0002,2024-05-10,79.0,Bank Transfer
PAY000026,I000032,C0002,2024-05-31,79.0,Bank Transfer
PAY000027,I000033,C0002,2024-07-02,79.0,UPI
PAY000028,I000034,C0002,2024-08-14,79.0,Credit Card
PAY000029,I000035,C0002,2024-09-16,79.0,Credit Card
PAY000030,I000036,C0002,2024-10-15,79.0,Bank Transfer
PAY000031,I000037,C0002,2024-11-13,79.0,Debit Card
PAY000032,I000038,C0002,2024-12-06,79.0,Credit Card
PAY000033,I000039,C0002,2025-01-03,79.0,Credit Card
PAY000034,I000040,C0003,2023-01-13,29.0,Credit Card
PAY000035,I000041,C0003,2023-02-26,29.0,Debit Card
PAY000036,I000042,C0003,2023-03-24,29.0,Debit Card
PAY000037,I000043,C0003,2023-04-22,29.0,Credit Card
PAY000038,I000044,C0003,2023-05-24,29.0,Debit Card
PAY000039,I000045,C0003,2023-06-29,29.0,UPI
PAY000040,I000046,C0003,2023-07-15,29.0,Credit Card
PAY000041,I000047,C0003,2023-08-17,29.0,UPI
PAY000042,I000048,C0003,2023-09-27,29.0,Bank Transfer
PAY000043,I000049,C0003,2023-10-18,29.0,UPI
PAY000044,I000051,C0003,2023-12-19,29.0,Bank Transfer
PAY000045,I000052,C0003,2024-01-12,29.0,Credit Card
PAY000046,I000054,C0003,2024-03-17,29.0,Bank Transfer
PAY000047,I000055,C0003,2024-04-14,29.0,Debit Card
PAY000048,I000056,C0003,2024-05-30,29.0,UPI
PAY000049,I000057,C0003,2024-06-12,29.0,Bank Transfer
PAY000050,I000059,C0003,2024-08-14,29.0,Debit Card
PAY000051,I000063,C0003,2024-12-17,29.0,Bank Transfer
PAY000052,I000064,C0004,2023-04-09,2388.0,Debit Card
PAY000053,I000065,C0004,2024-04-24,2388.0,Bank Transfer
PAY000054,I000067,C0005,2024-05-07,29.0,UPI
PAY000055,I000068,C0005,2024-06-01,29.0,UPI
PAY000056,I000069,C0005,2024-07-12,29.0,UPI
PAY000057,I000070,C0005,2024-08-14,29.0,Credit Card
PAY000058,I000071,C0005,2024-09-14,29.0,Bank Transfer
PAY000059,I000072,C0005,2024-09-28,29.0,UPI
PAY000060,I000073,C0005,2024-11-07,29.0,Bank Transfer
PAY000061,I000074,C0005,2024-11-28,29.0,Debit Card
PAY000062,I000076,C0005,2025-02-01,29.0,UPI
PAY000063,I000077,C0005,2025-02-28,29.0,Debit Card
PAY000064,I000079,C0005,2025-05-02,29.0,Bank Transfer
PAY000065,I000080,C0005,2025-06-15,29.0,Bank Transfer
PAY000066,I000081,C0005,2025-07-07,29.0,Bank Transfer
PAY000067,I000082,C0005,2025-08-10,29.0,Credit Card
PAY000068,I000083,C0005,2025-09-08,29.0,Debit Card
PAY000069,I000084,C0005,2025-10-14,29.0,Credit Card
PAY000070,I000085,C0005,2025-11-16,29.0,Credit Card
PAY000071,I000086,C0005,2025-12-13,29.0,Debit Card
PAY000072,I000087,C0005,2026-01-15,29.0,Debit Card
PAY000073,I000088,C0005,2026-02-08,29.0,Debit Card
PAY000074,I000089,C0005,2026-03-01,29.0,Bank Transfer
PAY000075,I000090,C0006,2023-07-30,29.0,Bank Transfer
PAY000076,I000092,C0006,2023-09-30,29.0,Credit Card
PAY000077,I000094,C0006,2023-11-30,29.0,Credit Card
PAY000078,I000096,C0006,2024-01-16,29.0,Bank Transfer
PAY000079,I000097,C0006,2024-02-22,29.0,Credit Card
PAY000080,I000098,C0006,2024-03-11,29.0,UPI
PAY000081,I000099,C0006,2024-04-16,29.0,Debit Card
PAY000082,I000100,C0006,2024-05-20,29.0,Debit Card
PAY000083,I000101,C0006,2024-06-11,29.0,Bank Transfer
PAY000084,I000102,C0006,2024-07-16,29.0,UPI
PAY000085,I000103,C0006,2024-05-28,29.0,Debit Card
PAY000086,I000105,C0006,2024-07-29,29.0,Debit Card
PAY000087,I000106,C0006,2024-09-12,29.0,Bank Transfer
PAY000088,I000108,C0006,2024-11-08,29.0,Bank Transfer
PAY000089,I000109,C0006,2024-11-28,29.0,Bank Transfer
PAY000090,I000111,C0006,2025-02-16,29.0,Credit Card
PAY000091,I000112,C0006,2025-03-16,29.0,Debit Card
PAY000092,I000113,C0007,2024-05-03,348.0,Credit Card
PAY000093,I000115,C0008,2026-03-04,199.0,Bank Transfer
PAY000094,I000117,C0008,2026-05-03,199.0,Debit Card
PAY000095,I000118,C0008,2026-06-09,199.0,Debit Card
PAY000096,I000119,C0008,2026-07-14,199.0,UPI
PAY000097,I000120,C0008,2026-08-03,199.0,Debit Card
PAY000098,I000121,C0008,2026-08-29,199.0,Debit Card
PAY000099,I000122,C0008,2026-10-09,199.0,Credit Card
PAY000100,I000123,C0009,2023-09-05,348.0,Bank Transfer
PAY000101,I000124,C0009,2024-08-27,348.0,Bank Transfer
PAY000102,I000125,C0010,2026-02-10,348.0,UPI
PAY000103,I000126,C0011,2026-03-29,79.0,Bank Transfer
PAY000104,I000128,C0011,2026-05-29,79.0,UPI
PAY000105,I000129,C0011,2026-06-29,79.0,Debit Card
PAY000106,I000130,C0011,2026-07-24,79.0,Debit Card
PAY000107,I000131,C0011,2026-08-26,79.0,Bank Transfer
PAY000108,I000132,C0011,2026-09-23,79.0,Credit Card
PAY000109,I000134,C0012,2026-02-01,79.0,UPI
PAY000110,I000135,C0012,2026-03-09,79.0,Debit Card
PAY000111,I000136,C0012,2026-03-26,79.0,Credit Card
PAY000112,I000137,C0012,2026-05-05,79.0,Credit Card
PAY000113,I000138,C0012,2026-06-05,79.0,Credit Card
PAY000114,I000139,C0012,2026-06-25,79.0,Debit Card
PAY000115,I000140,C0012,2026-07-25,79.0,Debit Card
PAY000116,I000141,C0012,2026-09-05,79.0,UPI
PAY000117,I000142,C0012,2026-10-09,79.0,Debit Card
PAY000118,I000143,C0013,2025-01-18,79.0,UPI
PAY000119,I000144,C0013,2025-02-20,79.0,Credit Card
PAY000120,I000146,C0013,2025-04-05,79.0,Debit Card
PAY000121,I000147,C0013,2025-05-20,79.0,UPI
PAY000122,I000148,C0013,2025-06-18,79.0,Debit Card
PAY000123,I000150,C0013,2025-08-04,79.0,Debit Card
PAY000124,I000151,C0013,2025-09-11,79.0,Debit Card
PAY000125,I000152,C0013,2025-10-18,79.0,Debit Card
PAY000126,I000154,C0013,2025-12-19,79.0,Debit Card
PAY000127,I000155,C0013,2026-01-23,79.0,Credit Card
PAY000128,I000156,C0013,2026-02-04,79.0,Debit Card
PAY000129,I000157,C0013,2026-03-11,79.0,Debit Card
PAY000130,I000158,C0013,2026-04-21,79.0,Debit Card
PAY000131,I000159,C0013,2026-05-20,79.0,Bank Transfer
PAY000132,I000161,C0013,2026-07-07,79.0,Bank Transfer
PAY000133,I000162,C0013,2026-08-08,79.0,Bank Transfer
PAY000134,I000163,C0013,2026-09-17,79.0,Credit Card
PAY000135,I000164,C0014,2025-09-30,948.0,Debit Card
PAY000136,I000165,C0014,2026-10-03,948.0,Credit Card
PAY000137,I000166,C0015,2025-04-07,79.0,Debit Card
PAY000138,I000167,C0015,2025-05-05,79.0,Debit Card
PAY000139,I000168,C0015,2025-06-08,79.0,UPI
PAY000140,I000169,C0015,2025-07-10,79.0,Credit Card
PAY000141,I000170,C0015,2025-08-15,79.0,Bank Transfer
PAY000142,I000172,C0015,2025-10-14,79.0,Credit Card
PAY000143,I000173,C0015,2025-11-05,79.0,Debit Card
PAY000144,I000174,C0015,2025-12-14,79.0,Credit Card
PAY000145,I000175,C0015,2026-01-21,79.0,Credit Card
PAY000146,I000176,C0015,2026-02-22,79.0,Bank Transfer
PAY000147,I000177,C0015,2026-03-18,79.0,UPI
PAY000148,I000178,C0015,2026-04-12,79.0,Credit Card
PAY000149,I000180,C0016,2024-04-21,948.0,Debit Card
PAY000150,I000181,C0017,2023-07-07,79.0,Credit Card
PAY000151,I000182,C0017,2023-08-05,79.0,UPI
PAY000152,I000183,C0017,2023-09-02,79.0,Credit Card
PAY000153,I000184,C0017,2023-10-11,79.0,UPI
PAY000154,I000187,C0017,2024-01-18,79.0,Debit Card
PAY000155,I000188,C0017,2024-02-01,79.0,Debit Card
PAY000156,I000189,C0017,2024-03-17,79.0,Credit Card
PAY000157,I000190,C0017,2024-04-05,79.0,UPI
PAY000158,I000191,C0017,2024-05-04,79.0,Debit Card
PAY000159,I000192,C0017,2024-06-15,79.0,Credit Card
PAY000160,I000193,C0017,2024-07-19,79.0,UPI
PAY000161,I000194,C0017,2024-08-14,79.0,Debit Card
PAY000162,I000195,C0017,2024-09-16,79.0,Bank Transfer
PAY000163,I000196,C0017,2024-10-13,79.0,Credit Card
PAY000164,I000197,C0017,2024-11-01,79.0,UPI
PAY000165,I000198,C0017,2024-12-14,79.0,Bank Transfer
PAY000166,I000199,C0017,2025-01-12,79.0,UPI
PAY000167,I000200,C0017,2025-02-09,79.0,Credit Card
PAY000168,I000201,C0017,2025-03-07,79.0,Bank Transfer
PAY000169,I000202,C0017,2025-04-14,79.0,Debit Card
PAY000170,I000203,C0017,2025-05-15,79.0,Debit Card
PAY000171,I000204,C0017,2025-06-02,79.0,Credit Card
PAY000172,I000205,C0018,2023-07-20,79.0,Debit Card
PAY000173,I000206,C0018,2023-08-06,79.0,UPI
PAY000174,I000207,C0018,2023-09-18,79.0,Bank Transfer
PAY000175,I000208,C0018,2023-10-17,79.0,Bank Transfer
PAY000176,I000209,C0018,2023-11-16,79.0,Debit Card
PAY000177,I000210,C0018,2023-12-06,79.0,Credit Card
PAY000178,I000211,C0018,2024-01-11,79.0,UPI
PAY000179,I000212,C0018,2024-02-03,79.0,Credit Card
PAY000180,I000213,C0018,2024-03-21,79.0,Bank Transfer
PAY000181,I000214,C0018,2024-04-14,79.0,Debit Card
PAY000182,I000216,C0018,2024-06-09,79.0,Debit Card
PAY000183,I000217,C0018,2024-07-07,79.0,Credit Card
PAY000184,I000218,C0018,2024-08-18,79.0,Bank Transfer
PAY000185,I000219,C0018,2024-09-17,79.0,Debit Card
PAY000186,I000220,C0018,2024-10-13,79.0,Credit Card
PAY000187,I000221,C0018,2024-11-11,79.0,UPI
PAY000188,I000222,C0018,2024-12-10,79.0,Debit Card
PAY000189,I000223,C0018,2025-01-06,79.0,Debit Card
PAY000190,I000224,C0018,2025-02-07,79.0,Debit Card
PAY000191,I000226,C0018,2025-04-10,79.0,UPI
PAY000192,I000227,C0018,2025-05-14,79.0,Bank Transfer
PAY000193,I000228,C0018,2025-06-10,79.0,Debit Card
PAY000194,I000229,C0019,2023-08-19,199.0,Debit Card
PAY000195,I000230,C0019,2023-10-03,199.0,UPI
PAY000196,I000232,C0019,2023-11-21,199.0,Credit Card
PAY000197,I000233,C0019,2024-01-01,199.0,Bank Transfer
PAY000198,I000234,C0019,2024-01-21,199.0,UPI
PAY000199,I000235,C0019,2024-02-29,199.0,Bank Transfer
PAY000200,I000236,C0019,2024-03-22,199.0,Credit Card
PAY000201,I000237,C0019,2024-04-27,199.0,Credit Card
PAY000202,I000238,C0019,2024-05-29,199.0,Bank Transfer
PAY000203,I000239,C0019,2024-06-14,199.0,Debit Card
PAY000204,I000240,C0019,2024-07-29,199.0,Credit Card
PAY000205,I000242,C0019,2024-09-25,199.0,UPI
PAY000206,I000243,C0019,2024-10-18,199.0,Bank Transfer
PAY000207,I000244,C0019,2024-11-21,199.0,Debit Card
PAY000208,I000246,C0019,2025-01-21,199.0,Credit Card
PAY000209,I000247,C0019,2025-02-26,199.0,Debit Card
PAY000210,I000248,C0019,2025-03-30,199.0,Debit Card
PAY000211,I000249,C0019,2025-04-19,199.0,Bank Transfer
PAY000212,I000250,C0019,2025-05-29,199.0,Debit Card
PAY000213,I000251,C0019,2025-06-24,199.0,Credit Card
PAY000214,I000252,C0019,2025-07-31,199.0,UPI
PAY000215,I000253,C0020,2025-03-02,29.0,Debit Card
PAY000216,I000254,C0020,2025-03-20,29.0,Credit Card
PAY000217,I000255,C0020,2025-04-30,29.0,UPI
PAY000218,I000256,C0020,2025-05-20,29.0,UPI
PAY000219,I000257,C0020,2025-07-03,29.0,Bank Transfer
PAY000220,I000258,C0020,2025-07-18,29.0,Bank Transfer
PAY000221,I000260,C0020,2025-09-19,29.0,Debit Card
PAY000222,I000262,C0020,2025-11-19,29.0,Credit Card
PAY000223,I000264,C0020,2026-01-22,29.0,Credit Card
PAY000224,I000265,C0020,2026-03-03,29.0,Bank Transfer
PAY000225,I000267,C0020,2026-04-15,29.0,UPI
PAY000226,I000268,C0020,2026-05-22,29.0,UPI
PAY000227,I000270,C0020,2026-07-23,29.0,UPI
PAY000228,I000271,C0020,2026-08-25,29.0,UPI
PAY000229,I000272,C0020,2026-09-22,29.0,Bank Transfer
PAY000230,I000273,C0021,2025-02-28,79.0,Credit Card
PAY000231,I000276,C0021,2025-06-01,79.0,Credit Card
PAY000232,I000277,C0021,2025-06-29,79.0,Debit Card
PAY000233,I000279,C0021,2025-09-06,79.0,Credit Card
PAY000234,I000280,C0021,2025-10-08,79.0,Credit Card
PAY000235,I000281,C0021,2025-11-06,79.0,Debit Card
PAY000236,I000282,C0021,2025-12-13,79.0,Bank Transfer
PAY000237,I000283,C0021,2025-12-29,79.0,Debit Card
PAY000238,I000284,C0021,2026-02-15,79.0,Debit Card
PAY000239,I000285,C0021,2026-03-13,79.0,UPI
PAY000240,I000286,C0021,2026-03-30,79.0,UPI
PAY000241,I000287,C0021,2026-05-16,79.0,Debit Card
PAY000242,I000288,C0021,2026-05-30,79.0,Bank Transfer
PAY000243,I000289,C0021,2026-07-15,79.0,Credit Card
PAY000244,I000290,C0021,2026-08-04,79.0,Bank Transfer
PAY000245,I000292,C0021,2026-09-30,79.0,Debit Card
PAY000246,I000293,C0022,2026-01-24,199.0,Credit Card
PAY000247,I000294,C0022,2026-03-01,199.0,UPI
PAY000248,I000295,C0022,2026-04-03,199.0,UPI
PAY000249,I000297,C0022,2026-05-22,199.0,UPI
PAY000250,I000298,C0022,2026-06-25,199.0,Debit Card
PAY000251,I000300,C0022,2026-08-18,199.0,Credit Card
PAY000252,I000301,C0022,2026-09-21,199.0,UPI
PAY000253,I000302,C0022,2026-05-25,948.0,Bank Transfer
PAY000254,I000303,C0023,2024-11-27,29.0,Debit Card
PAY000255,I000304,C0023,2024-12-20,29.0,Bank Transfer
PAY000256,I000305,C0023,2025-01-20,29.0,UPI
PAY000257,I000306,C0023,2025-02-27,29.0,Credit Card
PAY000258,I000307,C0023,2025-04-02,29.0,UPI
PAY000259,I000308,C0023,2025-04-22,29.0,Debit Card
PAY000260,I000309,C0024,2024-06-14,79.0,UPI
PAY000261,I000310,C0024,2024-07-22,79.0,UPI
PAY000262,I000311,C0024,2024-08-21,79.0,Credit Card
PAY000263,I000312,C0024,2024-09-16,79.0,UPI
PAY000264,I000313,C0024,2024-10-29,79.0,Debit Card
PAY000265,I000314,C0024,2024-11-27,79.0,Bank Transfer
PAY000266,I000315,C0024,2024-12-25,79.0,UPI
PAY000267,I000316,C0024,2025-01-17,79.0,Credit Card
PAY000268,I000317,C0024,2025-03-01,79.0,Bank Transfer
PAY000269,I000319,C0024,2025-04-30,79.0,Bank Transfer
PAY000270,I000320,C0024,2025-06-01,79.0,Debit Card
PAY000271,I000321,C0024,2025-06-30,79.0,Bank Transfer
PAY000272,I000322,C0024,2025-07-13,79.0,Credit Card
PAY000273,I000323,C0024,2025-08-24,79.0,Debit Card
PAY000274,I000324,C0024,2025-09-30,79.0,UPI
PAY000275,I000325,C0024,2025-11-01,79.0,UPI
PAY000276,I000326,C0024,2025-12-01,79.0,Credit Card
PAY000277,I000327,C0024,2025-12-20,79.0,UPI
PAY000278,I000328,C0024,2026-01-27,79.0,Debit Card
PAY000279,I000329,C0024,2026-02-22,79.0,Bank Transfer
PAY000280,I000330,C0024,2026-03-25,79.0,Bank Transfer
PAY000281,I000331,C0024,2026-04-13,79.0,UPI
PAY000282,I000333,C0025,2025-09-15,2388.0,Debit Card
PAY000283,I000335,C0026,2025-08-11,79.0,Debit Card
PAY000284,I000336,C0026,2025-08-31,79.0,UPI
PAY000285,I000337,C0026,2025-09-25,79.0,Credit Card
PAY000286,I000338,C0026,2025-10-25,79.0,Bank Transfer
PAY000287,I000339,C0026,2025-12-03,79.0,Debit Card
PAY000288,I000340,C0026,2025-12-28,79.0,Credit Card
PAY000289,I000341,C0026,2026-02-03,79.0,Debit Card
PAY000290,I000342,C0026,2026-03-06,79.0,Bank Transfer
PAY000291,I000343,C0026,2026-03-29,79.0,UPI
PAY000292,I000344,C0026,2026-05-06,79.0,Credit Card
PAY000293,I000345,C0026,2026-06-03,79.0,UPI
PAY000294,I000346,C0026,2026-06-24,79.0,Debit Card
PAY000295,I000347,C0026,2026-07-26,79.0,UPI
PAY000296,I000348,C0026,2026-08-27,79.0,Debit Card
PAY000297,I000350,C0027,2023-05-02,199.0,Debit Card
PAY000298,I000351,C0027,2023-05-19,199.0,Credit Card
PAY000299,I000352,C0027,2023-07-02,199.0,Credit Card
PAY000300,I000353,C0027,2023-07-23,199.0,Credit Card
PAY000301,I000354,C0027,2023-08-31,199.0,Credit Card
PAY000302,I000355,C0027,2023-09-19,199.0,Debit Card
PAY000303,I000356,C0027,2023-11-02,199.0,Credit Card
PAY000304,I000357,C0027,2023-11-24,199.0,Debit Card
PAY000305,I000358,C0027,2023-12-31,199.0,Debit Card
PAY000306,I000359,C0027,2024-01-30,199.0,Credit Card
PAY000307,I000360,C0027,2024-03-05,199.0,UPI
PAY000308,I000361,C0027,2024-03-24,199.0,Debit Card
PAY000309,I000362,C0027,2024-04-24,199.0,Debit Card
PAY000310,I000363,C0027,2024-05-17,199.0,Credit Card
PAY000311,I000364,C0027,2024-07-02,199.0,Debit Card
PAY000312,I000365,C0027,2024-07-17,199.0,Debit Card
PAY000313,I000366,C0027,2024-09-01,199.0,Credit Card
PAY000314,I000367,C0027,2024-09-26,199.0,UPI
PAY000315,I000369,C0027,2024-11-20,199.0,Bank Transfer
PAY000316,I000370,C0027,2024-12-19,199.0,Debit Card
PAY000317,I000371,C0027,2025-02-03,199.0,UPI
PAY000318,I000374,C0028,2025-04-16,79.0,UPI
PAY000319,I000376,C0028,2025-06-17,79.0,Credit Card
PAY000320,I000377,C0028,2025-07-19,79.0,Credit Card
PAY000321,I000378,C0028,2025-08-13,79.0,Debit Card
PAY000322,I000379,C0028,2025-09-13,79.0,UPI
PAY000323,I000381,C0028,2025-11-16,79.0,UPI
PAY000324,I000382,C0028,2025-12-13,79.0,Debit Card
PAY000325,I000383,C0028,2026-01-20,79.0,Debit Card
PAY000326,I000384,C0028,2026-02-13,79.0,Credit Card
PAY000327,I000385,C0028,2026-03-22,79.0,UPI
PAY000328,I000386,C0028,2026-04-26,79.0,Bank Transfer
PAY000329,I000387,C0028,2026-05-23,79.0,Bank Transfer
PAY000330,I000388,C0028,2026-06-23,79.0,Debit Card
PAY000331,I000390,C0028,2026-08-27,79.0,Debit Card
PAY000332,I000391,C0028,2026-09-18,79.0,Bank Transfer
PAY000333,I000393,C0029,2024-12-14,29.0,Credit Card
PAY000334,I000394,C0029,2025-01-28,29.0,UPI
PAY000335,I000395,C0029,2025-02-25,29.0,UPI
PAY000336,I000397,C0029,2025-04-11,29.0,Credit Card
PAY000337,I000398,C0029,2026-04-08,199.0,Debit Card
PAY000338,I000399,C0029,2026-05-07,199.0,UPI
PAY000339,I000400,C0029,2026-05-29,199.0,Debit Card
PAY000340,I000401,C0029,2026-06-22,199.0,Credit Card
PAY000341,I000405,C0030,2025-05-05,2388.0,Credit Card
PAY000342,I000406,C0030,2026-05-04,2388.0,Bank Transfer
PAY000343,I000408,C0032,2024-02-05,948.0,Debit Card
PAY000344,I000409,C0033,2023-02-12,79.0,Credit Card
PAY000345,I000410,C0033,2023-03-15,79.0,Credit Card
PAY000346,I000412,C0033,2023-05-20,79.0,Debit Card
PAY000347,I000413,C0033,2023-06-20,79.0,Bank Transfer
PAY000348,I000414,C0033,2023-07-18,79.0,Credit Card
PAY000349,I000415,C0033,2023-08-15,79.0,Bank Transfer
PAY000350,I000416,C0033,2023-09-19,79.0,Credit Card
PAY000351,I000417,C0033,2023-10-24,79.0,Debit Card
PAY000352,I000418,C0033,2023-11-19,79.0,Debit Card
PAY000353,I000419,C0033,2023-12-27,79.0,UPI
PAY000354,I000420,C0033,2024-01-21,79.0,UPI
PAY000355,I000421,C0033,2024-02-09,79.0,UPI
PAY000356,I000422,C0033,2024-03-22,79.0,Debit Card
PAY000357,I000423,C0033,2024-04-19,79.0,Bank Transfer
PAY000358,I000424,C0033,2024-05-25,79.0,Bank Transfer
PAY000359,I000426,C0033,2024-07-17,79.0,UPI
PAY000360,I000427,C0033,2024-08-10,79.0,Bank Transfer
PAY000361,I000428,C0033,2024-09-23,79.0,UPI
PAY000362,I000430,C0033,2024-11-11,79.0,Debit Card
PAY000363,I000431,C0033,2024-12-15,79.0,Debit Card
PAY000364,I000432,C0033,2025-01-22,79.0,Bank Transfer
PAY000365,I000433,C0034,2024-10-30,199.0,UPI
PAY000366,I000434,C0034,2024-12-07,199.0,Credit Card
PAY000367,I000435,C0034,2025-01-08,199.0,Credit Card
PAY000368,I000436,C0034,2025-02-07,199.0,Bank Transfer
PAY000369,I000437,C0034,2025-03-05,199.0,UPI
PAY000370,I000439,C0034,2025-04-30,199.0,Debit Card
PAY000371,I000440,C0034,2025-06-01,199.0,UPI
PAY000372,I000441,C0034,2025-07-06,199.0,Credit Card
PAY000373,I000442,C0034,2025-07-28,199.0,Debit Card
PAY000374,I000443,C0034,2025-09-09,199.0,Debit Card
PAY000375,I000444,C0034,2025-09-30,199.0,Bank Transfer
PAY000376,I000445,C0034,2025-11-09,199.0,Credit Card
PAY000377,I000447,C0034,2025-12-27,199.0,Debit Card
PAY000378,I000449,C0034,2026-03-05,199.0,Bank Transfer
PAY000379,I000450,C0034,2026-04-07,199.0,UPI
PAY000380,I000451,C0034,2026-04-21,199.0,Debit Card
PAY000381,I000452,C0034,2026-06-03,199.0,Debit Card
PAY000382,I000453,C0034,2026-07-10,199.0,Credit Card
PAY000383,I000454,C0034,2026-08-04,199.0,Credit Card
PAY000384,I000455,C0034,2026-09-05,199.0,Debit Card
PAY000385,I000458,C0035,2025-10-26,79.0,Credit Card
PAY000386,I000459,C0035,2025-11-21,79.0,UPI
PAY000387,I000460,C0035,2025-12-21,79.0,Credit Card
PAY000388,I000461,C0035,2026-01-17,79.0,Debit Card
PAY000389,I000462,C0035,2026-02-07,79.0,Debit Card
PAY000390,I000464,C0035,2026-04-25,79.0,Debit Card
PAY000391,I000465,C0035,2026-05-23,79.0,Bank Transfer
PAY000392,I000466,C0035,2026-06-16,79.0,Credit Card
PAY000393,I000467,C0035,2026-07-25,79.0,Bank Transfer
PAY000394,I000468,C0035,2026-08-11,79.0,Bank Transfer
PAY000395,I000469,C0035,2026-09-11,79.0,Debit Card
PAY000396,I000470,C0036,2026-01-22,79.0,Credit Card
PAY000397,I000471,C0036,2026-03-01,79.0,UPI
PAY000398,I000472,C0036,2026-03-26,79.0,Debit Card
PAY000399,I000473,C0036,2026-04-16,79.0,UPI
PAY000400,I000474,C0036,2026-05-25,79.0,UPI
PAY000401,I000477,C0036,2026-08-12,79.0,Credit Card
PAY000402,I000478,C0036,2026-09-29,79.0,Bank Transfer
PAY000403,I000479,C0037,2025-04-30,348.0,Bank Transfer
PAY000404,I000480,C0037,2026-04-26,348.0,Bank Transfer
PAY000405,I000482,C0038,2023-09-04,79.0,Debit Card
PAY000406,I000483,C0038,2023-10-01,79.0,UPI
PAY000407,I000484,C0038,2023-11-05,79.0,Credit Card
PAY000408,I000485,C0038,2023-11-30,79.0,UPI
PAY000409,I000486,C0038,2023-12-27,79.0,UPI
PAY000410,I000487,C0038,2024-02-02,79.0,Bank Transfer
PAY000411,I000488,C0038,2024-03-02,79.0,UPI
PAY000412,I000489,C0038,2024-04-04,79.0,UPI
PAY000413,I000490,C0038,2024-04-28,79.0,UPI
PAY000414,I000491,C0038,2024-06-07,79.0,Credit Card
PAY000415,I000492,C0038,2024-07-03,79.0,Debit Card
PAY000416,I000493,C0038,2024-08-02,79.0,Credit Card
PAY000417,I000494,C0038,2024-08-31,79.0,Bank Transfer
PAY000418,I000495,C0038,2024-09-25,79.0,Bank Transfer
PAY000419,I000496,C0038,2024-10-27,79.0,Bank Transfer
PAY000420,I000497,C0038,2024-11-26,79.0,Bank Transfer
PAY000421,I000498,C0038,2025-01-02,79.0,Credit Card
PAY000422,I000499,C0038,2025-01-30,79.0,Bank Transfer
PAY000423,I000500,C0038,2025-03-02,79.0,Credit Card
PAY000424,I000501,C0038,2025-03-23,79.0,Credit Card
PAY000425,I000503,C0038,2025-05-29,79.0,UPI
PAY000426,I000504,C0038,2025-06-22,79.0,Bank Transfer
PAY000427,I000505,C0039,2024-03-28,79.0,Debit Card
PAY000428,I000508,C0039,2024-06-27,79.0,Debit Card
PAY000429,I000510,C0039,2024-09-10,79.0,Credit Card
PAY000430,I000511,C0039,2024-10-11,79.0,Credit Card
PAY000431,I000512,C0039,2024-10-29,79.0,Credit Card
PAY000432,I000513,C0039,2024-12-09,79.0,Debit Card
PAY000433,I000514,C0039,2024-12-26,79.0,Debit Card
PAY000434,I000515,C0039,2025-01-26,79.0,Debit Card
PAY000435,I000516,C0040,2025-12-10,948.0,UPI
PAY000436,I000517,C0041,2024-03-28,29.0,Bank Transfer
PAY000437,I000519,C0041,2024-05-20,29.0,UPI
PAY000438,I000522,C0041,2024-09-04,29.0,Credit Card
PAY000439,I000523,C0041,2024-10-03,29.0,Bank Transfer
PAY000440,I000524,C0041,2024-10-23,29.0,Debit Card
PAY000441,I000526,C0041,2025-01-01,29.0,UPI
PAY000442,I000527,C0041,2025-02-01,29.0,Bank Transfer
PAY000443,I000528,C0041,2025-02-26,29.0,Credit Card
PAY000444,I000529,C0041,2025-03-27,29.0,UPI
PAY000445,I000530,C0041,2025-05-07,29.0,Credit Card
PAY000446,I000531,C0041,2025-06-03,29.0,Bank Transfer
PAY000447,I000532,C0041,2025-07-06,29.0,Bank Transfer
PAY000448,I000533,C0041,2025-07-19,29.0,Debit Card
PAY000449,I000534,C0041,2025-08-26,29.0,UPI
PAY000450,I000536,C0041,2025-11-06,29.0,UPI
PAY000451,I000537,C0041,2025-11-27,29.0,UPI
PAY000452,I000538,C0041,2025-12-27,29.0,Credit Card
PAY000453,I000539,C0041,2026-01-20,29.0,Bank Transfer
PAY000454,I000540,C0041,2026-02-19,29.0,Debit Card
PAY000455,I000541,C0042,2025-02-03,79.0,Bank Transfer
PAY000456,I000542,C0042,2025-03-04,79.0,Bank Transfer
PAY000457,I000544,C0042,2025-05-12,79.0,Credit Card
PAY000458,I000545,C0042,2025-06-01,79.0,UPI
PAY000459,I000546,C0042,2025-07-10,79.0,Debit Card
PAY000460,I000547,C0042,2025-08-05,79.0,UPI
PAY000461,I000548,C0042,2025-08-30,79.0,Debit Card
PAY000462,I000549,C0042,2025-10-01,79.0,UPI
PAY000463,I000550,C0042,2025-11-03,79.0,Credit Card
PAY000464,I000551,C0042,2025-12-04,79.0,Debit Card
PAY000465,I000552,C0042,2026-01-12,79.0,Credit Card
PAY000466,I000553,C0042,2026-02-04,79.0,Credit Card
PAY000467,I000554,C0042,2026-03-04,79.0,Bank Transfer
PAY000468,I000555,C0042,2026-04-04,79.0,Bank Transfer
PAY000469,I000556,C0042,2026-05-03,79.0,Bank Transfer
PAY000470,I000557,C0042,2026-06-11,79.0,UPI
PAY000471,I000558,C0043,2023-08-24,29.0,Credit Card
PAY000472,I000559,C0043,2023-09-30,29.0,Debit Card
PAY000473,I000560,C0043,2023-10-24,29.0,Debit Card
PAY000474,I000561,C0043,2023-11-23,29.0,Bank Transfer
PAY000475,I000562,C0043,2023-12-16,29.0,Credit Card
PAY000476,I000565,C0043,2024-03-20,29.0,UPI
PAY000477,I000566,C0043,2024-04-30,29.0,Bank Transfer
PAY000478,I000567,C0043,2024-05-29,29.0,Bank Transfer
PAY000479,I000568,C0043,2024-06-22,29.0,Debit Card
PAY000480,I000569,C0043,2024-07-27,29.0,Debit Card
PAY000481,I000570,C0043,2024-08-27,29.0,Credit Card
PAY000482,I000571,C0043,2024-09-25,29.0,Debit Card
PAY000483,I000572,C0044,2023-02-20,199.0,UPI
PAY000484,I000573,C0044,2023-03-30,199.0,Credit Card
PAY000485,I000574,C0044,2023-04-22,199.0,Credit Card
PAY000486,I000575,C0044,2023-05-27,199.0,UPI
PAY000487,I000578,C0044,2023-08-31,199.0,Bank Transfer
PAY000488,I000579,C0044,2023-09-17,199.0,UPI
PAY000489,I000580,C0044,2023-10-24,199.0,Debit Card
PAY000490,I000581,C0044,2023-12-02,199.0,UPI
PAY000491,I000582,C0044,2024-01-01,199.0,Debit Card
PAY000492,I000583,C0044,2024-01-23,199.0,Bank Transfer
PAY000493,I000584,C0044,2024-02-26,199.0,Credit Card
PAY000494,I000585,C0044,2024-03-28,199.0,Bank Transfer
PAY000495,I000586,C0044,2024-05-06,199.0,UPI
PAY000496,I000587,C0044,2024-02-14,29.0,UPI
PAY000497,I000588,C0044,2024-03-05,29.0,Bank Transfer
PAY000498,I000589,C0044,2024-04-15,29.0,Bank Transfer
PAY000499,I000590,C0044,2024-05-04,29.0,UPI
PAY000500,I000591,C0044,2024-06-11,29.0,UPI
PAY000501,I000592,C0044,2024-07-19,29.0,UPI
PAY000502,I000594,C0044,2024-09-15,29.0,UPI
PAY000503,I000595,C0044,2024-10-15,29.0,Debit Card
PAY000504,I000597,C0044,2024-12-16,29.0,UPI
PAY000505,I000598,C0044,2025-01-04,29.0,Debit Card
PAY000506,I000599,C0044,2025-02-12,29.0,Credit Card
PAY000507,I000600,C0044,2025-03-07,29.0,Debit Card
PAY000508,I000601,C0044,2025-04-18,29.0,Credit Card
PAY000509,I000602,C0044,2025-05-18,29.0,Debit Card
PAY000510,I000603,C0044,2025-06-14,29.0,Bank Transfer
PAY000511,I000604,C0044,2025-07-16,29.0,Bank Transfer
PAY000512,I000605,C0044,2025-08-14,29.0,Debit Card
PAY000513,I000607,C0044,2025-10-03,29.0,Debit Card
PAY000514,I000608,C0044,2025-11-15,29.0,Debit Card
PAY000515,I000609,C0044,2025-12-12,29.0,Bank Transfer
PAY000516,I000610,C0044,2026-01-18,29.0,Bank Transfer
PAY000517,I000611,C0045,2025-11-08,29.0,Credit Card
PAY000518,I000613,C0045,2026-01-07,29.0,Debit Card
PAY000519,I000614,C0045,2026-02-22,29.0,UPI
PAY000520,I000615,C0045,2026-03-08,29.0,Bank Transfer
PAY000521,I000616,C0045,2026-04-13,29.0,Debit Card
PAY000522,I000617,C0045,2026-05-16,29.0,UPI
PAY000523,I000618,C0045,2026-06-16,29.0,Credit Card
PAY000524,I000620,C0045,2026-08-10,29.0,Debit Card
PAY000525,I000621,C0045,2026-09-13,29.0,Debit Card
PAY000526,I000622,C0046,2025-07-06,79.0,Bank Transfer
PAY000527,I000623,C0046,2025-08-13,79.0,UPI
PAY000528,I000624,C0046,2025-09-02,79.0,Debit Card
PAY000529,I000625,C0046,2025-10-13,79.0,Bank Transfer
PAY000530,I000626,C0046,2025-11-10,79.0,Credit Card
PAY000531,I000627,C0046,2025-12-08,79.0,Credit Card
PAY000532,I000628,C0046,2025-12-30,79.0,UPI
PAY000533,I000629,C0046,2026-02-18,79.0,UPI
PAY000534,I000630,C0046,2026-03-11,79.0,Debit Card
PAY000535,I000632,C0046,2026-05-12,79.0,Debit Card
PAY000536,I000633,C0046,2026-06-08,79.0,Credit Card
PAY000537,I000635,C0046,2026-08-15,79.0,Bank Transfer
PAY000538,I000637,C0046,2026-10-04,79.0,Debit Card
PAY000539,I000639,C0047,2024-07-07,348.0,Bank Transfer
PAY000540,I000640,C0048,2023-12-18,199.0,UPI
PAY000541,I000641,C0048,2024-01-20,199.0,Debit Card
PAY000542,I000645,C0048,2025-11-12,948.0,Credit Card
PAY000543,I000646,C0049,2023-08-18,29.0,Credit Card
PAY000544,I000647,C0049,2023-09-29,29.0,Credit Card
PAY000545,I000648,C0049,2023-10-28,29.0,UPI
PAY000546,I000649,C0049,2023-11-21,29.0,Credit Card
PAY000547,I000650,C0049,2023-12-19,29.0,Debit Card
PAY000548,I000651,C0049,2024-01-30,29.0,Debit Card
PAY000549,I000652,C0049,2024-02-19,29.0,Debit Card
PAY000550,I000653,C0049,2024-03-28,29.0,Bank Transfer
PAY000551,I000654,C0049,2024-04-26,29.0,Bank Transfer
PAY000552,I000655,C0049,2024-05-27,29.0,Credit Card
PAY000553,I000656,C0049,2024-06-24,29.0,Debit Card
PAY000554,I000657,C0049,2024-07-31,29.0,Credit Card
PAY000555,I000659,C0049,2024-09-24,29.0,Credit Card
PAY000556,I000661,C0050,2026-04-22,948.0,Bank Transfer
PAY000557,I000662,C0051,2024-05-15,2388.0,UPI
PAY000558,I000663,C0051,2025-05-08,2388.0,Bank Transfer
PAY000559,I000664,C0052,2025-06-08,199.0,UPI
PAY000560,I000665,C0052,2025-07-12,199.0,Debit Card
PAY000561,I000669,C0052,2025-11-03,199.0,Bank Transfer
PAY000562,I000670,C0052,2025-11-27,199.0,UPI
PAY000563,I000673,C0052,2026-03-08,199.0,UPI
PAY000564,I000674,C0052,2026-04-03,199.0,UPI
PAY000565,I000675,C0052,2026-05-15,199.0,Debit Card
PAY000566,I000676,C0052,2026-05-29,199.0,UPI
PAY000567,I000677,C0052,2026-07-02,199.0,Bank Transfer
PAY000568,I000678,C0053,2025-05-02,948.0,Credit Card
PAY000569,I000679,C0053,2026-05-13,948.0,Bank Transfer
PAY000570,I000680,C0054,2025-09-17,29.0,UPI
PAY000571,I000681,C0054,2025-10-09,29.0,Bank Transfer
PAY000572,I000682,C0054,2025-11-20,29.0,Bank Transfer
PAY000573,I000683,C0054,2025-12-18,29.0,Debit Card
PAY000574,I000684,C0054,2026-01-06,29.0,Bank Transfer
PAY000575,I000685,C0054,2026-02-11,29.0,Bank Transfer
PAY000576,I000686,C0054,2026-03-20,29.0,Credit Card
PAY000577,I000687,C0054,2026-04-08,29.0,Bank Transfer
PAY000578,I000688,C0054,2026-05-16,29.0,Bank Transfer
PAY000579,I000689,C0054,2026-06-21,29.0,Bank Transfer
PAY000580,I000690,C0054,2026-07-13,29.0,UPI
PAY000581,I000692,C0054,2026-09-11,29.0,Debit Card
PAY000582,I000693,C0055,2025-11-01,79.0,Credit Card
PAY000583,I000694,C0055,2025-11-15,79.0,Debit Card
PAY000584,I000695,C0055,2025-12-15,79.0,Bank Transfer
PAY000585,I000696,C0055,2026-01-28,79.0,Bank Transfer
PAY000586,I000697,C0055,2026-02-17,79.0,Credit Card
PAY000587,I000698,C0055,2026-03-25,79.0,Bank Transfer
PAY000588,I000700,C0055,2026-05-27,79.0,Bank Transfer
PAY000589,I000701,C0055,2026-07-01,79.0,Bank Transfer
PAY000590,I000702,C0055,2026-07-21,79.0,Bank Transfer
PAY000591,I000703,C0055,2026-08-17,79.0,UPI
PAY000592,I000704,C0055,2026-09-19,79.0,UPI
PAY000593,I000706,C0055,2026-05-31,29.0,Credit Card
PAY000594,I000707,C0055,2026-07-03,29.0,Credit Card
PAY000595,I000708,C0055,2026-08-08,29.0,Credit Card
PAY000596,I000709,C0055,2026-09-11,29.0,Debit Card
PAY000597,I000710,C0055,2026-10-01,29.0,UPI
PAY000598,I000711,C0056,2023-07-13,29.0,UPI
PAY000599,I000712,C0056,2023-08-26,29.0,Bank Transfer
PAY000600,I000714,C0056,2023-10-07,29.0,Bank Transfer
PAY000601,I000715,C0056,2023-11-10,29.0,Bank Transfer
PAY000602,I000716,C0056,2023-12-21,29.0,Credit Card
PAY000603,I000717,C0056,2024-01-18,29.0,Debit Card
PAY000604,I000718,C0056,2024-02-15,29.0,Credit Card
PAY000605,I000719,C0056,2024-03-18,29.0,UPI
PAY000606,I000721,C0056,2024-05-18,29.0,Credit Card
PAY000607,I000722,C0056,2024-06-19,29.0,UPI
PAY000608,I000724,C0056,2024-08-10,29.0,UPI
PAY000609,I000725,C0056,2024-09-14,29.0,Bank Transfer
PAY000610,I000726,C0056,2024-10-22,29.0,UPI
PAY000611,I000727,C0056,2024-11-26,29.0,Credit Card
PAY000612,I000728,C0056,2024-12-21,29.0,Debit Card
PAY000613,I000729,C0056,2025-01-08,29.0,Bank Transfer
PAY000614,I000730,C0056,2025-02-23,29.0,Bank Transfer
PAY000615,I000731,C0056,2025-03-19,29.0,Bank Transfer
PAY000616,I000732,C0056,2025-04-21,29.0,Bank Transfer
PAY000617,I000734,C0056,2025-06-20,29.0,Bank Transfer
PAY000618,I000735,C0057,2023-10-10,5988.0,Credit Card
PAY000619,I000736,C0057,2024-07-16,948.0,Debit Card
PAY000620,I000737,C0057,2025-07-14,948.0,Credit Card
PAY000621,I000738,C0058,2023-11-18,948.0,Debit Card
PAY000622,I000740,C0058,2024-11-04,29.0,Bank Transfer
PAY000623,I000741,C0058,2024-12-05,29.0,Debit Card
PAY000624,I000742,C0058,2024-12-17,29.0,Bank Transfer
PAY000625,I000743,C0058,2025-02-05,29.0,Bank Transfer
PAY000626,I000745,C0058,2025-03-21,29.0,Credit Card
PAY000627,I000746,C0058,2025-04-28,29.0,Bank Transfer
PAY000628,I000747,C0058,2025-05-20,29.0,Debit Card
PAY000629,I000748,C0058,2025-06-22,29.0,Bank Transfer
PAY000630,I000749,C0058,2025-08-04,29.0,Credit Card
PAY000631,I000750,C0058,2025-08-30,29.0,Credit Card
PAY000632,I000751,C0058,2025-10-01,29.0,Debit Card
PAY000633,I000752,C0058,2025-10-25,29.0,UPI
PAY000634,I000753,C0058,2025-11-19,29.0,UPI
PAY000635,I000754,C0058,2026-01-05,29.0,UPI
PAY000636,I000756,C0058,2026-02-24,29.0,Bank Transfer
PAY000637,I000757,C0058,2026-03-18,29.0,Credit Card
PAY000638,I000758,C0058,2026-04-21,29.0,UPI
PAY000639,I000759,C0058,2026-05-31,29.0,Credit Card
PAY000640,I000760,C0058,2026-06-27,29.0,Bank Transfer
PAY000641,I000761,C0058,2026-07-28,29.0,UPI
PAY000642,I000762,C0058,2026-08-21,29.0,Bank Transfer
PAY000643,I000763,C0059,2026-03-01,499.0,UPI
PAY000644,I000765,C0059,2026-05-11,499.0,UPI
PAY000645,I000766,C0059,2026-06-06,499.0,UPI
PAY000646,I000767,C0059,2026-07-03,499.0,Credit Card
PAY000647,I000768,C0059,2026-08-02,499.0,Bank Transfer
PAY000648,I000769,C0059,2026-09-13,499.0,Bank Transfer
PAY000649,I000770,C0060,2026-01-03,5988.0,Credit Card
PAY000650,I000771,C0061,2025-05-07,29.0,Bank Transfer
PAY000651,I000772,C0061,2025-06-11,29.0,Credit Card
PAY000652,I000773,C0061,2025-06-28,29.0,UPI
PAY000653,I000774,C0061,2025-08-11,29.0,Bank Transfer
PAY000654,I000776,C0061,2025-09-27,29.0,Bank Transfer
PAY000655,I000777,C0061,2025-11-09,29.0,Debit Card
PAY000656,I000778,C0061,2025-11-24,29.0,UPI
PAY000657,I000779,C0061,2025-12-24,29.0,Credit Card
PAY000658,I000780,C0061,2026-01-29,29.0,Bank Transfer
PAY000659,I000782,C0061,2026-03-27,29.0,Bank Transfer
PAY000660,I000783,C0061,2026-04-28,29.0,UPI
PAY000661,I000784,C0061,2026-06-03,29.0,Debit Card
PAY000662,I000785,C0061,2026-07-03,29.0,Debit Card
PAY000663,I000787,C0061,2026-09-09,29.0,Bank Transfer
PAY000664,I000788,C0061,2026-10-02,29.0,Debit Card
PAY000665,I000790,C0062,2024-06-01,29.0,UPI
PAY000666,I000791,C0062,2024-07-02,29.0,Credit Card
PAY000667,I000792,C0062,2024-08-05,29.0,Credit Card
PAY000668,I000793,C0062,2024-09-18,29.0,Debit Card
PAY000669,I000794,C0062,2024-10-03,29.0,Debit Card
PAY000670,I000795,C0062,2024-11-17,29.0,Credit Card
PAY000671,I000796,C0062,2024-12-07,29.0,Credit Card
PAY000672,I000797,C0062,2025-01-14,29.0,Debit Card
PAY000673,I000799,C0062,2025-02-28,29.0,Credit Card
PAY000674,I000800,C0062,2025-04-03,29.0,UPI
PAY000675,I000801,C0062,2025-05-12,29.0,UPI
PAY000676,I000802,C0062,2025-06-15,29.0,UPI
PAY000677,I000805,C0062,2025-09-10,29.0,Bank Transfer
PAY000678,I000806,C0062,2025-10-09,29.0,Credit Card
PAY000679,I000807,C0062,2025-10-31,29.0,Bank Transfer
PAY000680,I000809,C0062,2026-01-07,29.0,Debit Card
PAY000681,I000810,C0062,2026-02-06,29.0,Bank Transfer
PAY000682,I000811,C0062,2026-03-19,29.0,Credit Card
PAY000683,I000812,C0062,2026-04-14,29.0,Bank Transfer
PAY000684,I000813,C0063,2023-05-17,948.0,Debit Card
PAY000685,I000814,C0063,2024-05-02,948.0,Credit Card
PAY000686,I000815,C0064,2023-08-22,29.0,Debit Card
PAY000687,I000816,C0064,2023-09-12,29.0,Bank Transfer
PAY000688,I000817,C0064,2023-10-22,29.0,Debit Card
PAY000689,I000818,C0064,2023-11-10,29.0,Credit Card
PAY000690,I000819,C0064,2023-12-10,29.0,UPI
PAY000691,I000820,C0064,2024-01-11,29.0,UPI
PAY000692,I000821,C0064,2024-02-13,29.0,Credit Card
PAY000693,I000822,C0064,2024-03-10,29.0,Bank Transfer
PAY000694,I000823,C0064,2024-04-12,29.0,Credit Card
PAY000695,I000824,C0064,2024-05-16,29.0,Credit Card
PAY000696,I000825,C0064,2024-06-17,29.0,Credit Card
PAY000697,I000826,C0064,2024-07-21,29.0,Credit Card
PAY000698,I000827,C0064,2024-08-24,29.0,Bank Transfer
PAY000699,I000828,C0064,2024-09-10,29.0,Debit Card
PAY000700,I000829,C0064,2024-10-15,29.0,Bank Transfer
PAY000701,I000830,C0064,2024-11-15,29.0,Credit Card
PAY000702,I000832,C0064,2025-01-17,29.0,Debit Card
PAY000703,I000833,C0064,2025-02-22,29.0,Bank Transfer
PAY000704,I000834,C0064,2025-03-21,29.0,Debit Card
PAY000705,I000835,C0064,2025-04-19,29.0,Debit Card
PAY000706,I000836,C0064,2025-05-23,29.0,Debit Card
PAY000707,I000837,C0064,2025-06-24,29.0,UPI
PAY000708,I000838,C0064,2025-07-25,29.0,Credit Card
PAY000709,I000839,C0065,2023-02-27,199.0,UPI
PAY000710,I000840,C0065,2023-04-07,199.0,UPI
PAY000711,I000841,C0065,2023-05-03,199.0,UPI
PAY000712,I000842,C0065,2023-05-22,199.0,UPI
PAY000713,I000843,C0065,2023-07-04,199.0,Debit Card
PAY000714,I000844,C0065,2023-08-03,199.0,Bank Transfer
PAY000715,I000845,C0065,2023-09-08,199.0,Debit Card
PAY000716,I000846,C0065,2023-10-04,199.0,Debit Card
PAY000717,I000847,C0065,2023-11-08,199.0,UPI
PAY000718,I000848,C0065,2023-11-25,199.0,Bank Transfer
PAY000719,I000849,C0065,2023-12-28,199.0,Credit Card
PAY000720,I000850,C0065,2024-02-06,199.0,Debit Card
PAY000721,I000851,C0065,2024-03-07,199.0,Debit Card
PAY000722,I000852,C0065,2024-04-03,199.0,Bank Transfer
PAY000723,I000853,C0065,2024-05-03,199.0,Credit Card
PAY000724,I000854,C0065,2024-05-23,199.0,Bank Transfer
PAY000725,I000855,C0065,2024-07-09,199.0,Debit Card
PAY000726,I000856,C0065,2024-07-24,199.0,Debit Card
PAY000727,I000857,C0065,2024-09-01,199.0,Credit Card
PAY000728,I000858,C0065,2024-09-24,199.0,Credit Card
PAY000729,I000859,C0065,2024-11-03,199.0,Bank Transfer
PAY000730,I000860,C0065,2024-11-29,199.0,Bank Transfer
PAY000731,I000861,C0065,2025-01-08,199.0,Debit Card
PAY000732,I000862,C0065,2025-01-25,199.0,UPI
PAY000733,I000863,C0066,2025-02-14,948.0,Debit Card
PAY000734,I000864,C0066,2026-02-07,948.0,UPI
PAY000735,I000866,C0067,2025-02-23,199.0,UPI
PAY000736,I000867,C0067,2025-03-20,199.0,Bank Transfer
PAY000737,I000868,C0067,2025-04-16,199.0,Debit Card
PAY000738,I000869,C0067,2025-05-16,199.0,Credit Card
PAY000739,I000870,C0067,2025-06-18,199.0,Credit Card
PAY000740,I000871,C0067,2025-07-15,199.0,Debit Card
PAY000741,I000872,C0067,2025-08-18,199.0,Bank Transfer
PAY000742,I000873,C0067,2025-09-20,199.0,Credit Card
PAY000743,I000874,C0068,2025-01-07,29.0,Debit Card
PAY000744,I000875,C0068,2025-02-08,29.0,Debit Card
PAY000745,I000880,C0068,2025-07-05,29.0,UPI
PAY000746,I000882,C0068,2025-08-25,29.0,Debit Card
PAY000747,I000884,C0068,2025-10-26,29.0,Debit Card
PAY000748,I000885,C0068,2025-12-05,29.0,UPI
PAY000749,I000886,C0068,2026-01-08,29.0,Bank Transfer
PAY000750,I000887,C0068,2026-02-01,29.0,UPI
PAY000751,I000888,C0068,2026-03-05,29.0,Credit Card
PAY000752,I000889,C0068,2026-04-03,29.0,Debit Card
PAY000753,I000891,C0068,2026-05-23,29.0,Debit Card
PAY000754,I000892,C0068,2026-07-09,29.0,Bank Transfer
PAY000755,I000893,C0068,2026-08-04,29.0,Debit Card
PAY000756,I000894,C0068,2026-09-02,29.0,Credit Card
PAY000757,I000895,C0068,2026-10-08,29.0,Credit Card
PAY000758,I000896,C0069,2024-02-12,79.0,Credit Card
PAY000759,I000897,C0069,2024-03-11,79.0,UPI
PAY000760,I000898,C0069,2024-04-26,79.0,Bank Transfer
PAY000761,I000899,C0069,2024-05-13,79.0,Debit Card
PAY000762,I000900,C0069,2024-06-11,79.0,Debit Card
PAY000763,I000901,C0069,2024-07-20,79.0,Debit Card
PAY000764,I000902,C0069,2024-08-23,79.0,UPI
PAY000765,I000903,C0069,2024-09-18,79.0,Bank Transfer
PAY000766,I000904,C0069,2024-10-13,79.0,UPI
PAY000767,I000905,C0069,2024-11-24,79.0,Bank Transfer
PAY000768,I000906,C0069,2024-12-29,79.0,Credit Card
PAY000769,I000908,C0070,2025-09-14,948.0,Bank Transfer
PAY000770,I000909,C0071,2025-10-25,199.0,UPI
PAY000771,I000911,C0071,2025-12-20,199.0,UPI
PAY000772,I000912,C0071,2026-02-01,199.0,Credit Card
PAY000773,I000913,C0071,2026-02-17,199.0,Bank Transfer
PAY000774,I000914,C0071,2026-03-27,199.0,Credit Card
PAY000775,I000915,C0071,2026-05-03,199.0,Bank Transfer
PAY000776,I000916,C0071,2026-05-17,199.0,Credit Card
PAY000777,I000917,C0071,2026-06-23,199.0,UPI
PAY000778,I000918,C0071,2026-08-02,199.0,Bank Transfer
PAY000779,I000920,C0071,2026-09-22,199.0,Bank Transfer
PAY000780,I000921,C0072,2024-03-08,199.0,UPI
PAY000781,I000922,C0072,2024-03-27,199.0,UPI
PAY000782,I000924,C0072,2024-06-03,199.0,Credit Card
PAY000783,I000925,C0072,2024-07-01,199.0,UPI
PAY000784,I000926,C0072,2024-08-09,199.0,UPI
PAY000785,I000927,C0072,2024-09-02,199.0,Credit Card
PAY000786,I000928,C0072,2024-09-29,199.0,Debit Card
PAY000787,I000929,C0072,2025-05-09,2388.0,Debit Card
PAY000788,I000930,C0072,2026-05-04,2388.0,Debit Card
PAY000789,I000931,C0073,2024-12-26,348.0,UPI
PAY000790,I000932,C0073,2025-12-24,348.0,Credit Card
PAY000791,I000934,C0074,2023-10-09,199.0,Credit Card
PAY000792,I000935,C0074,2023-11-13,199.0,UPI
PAY000793,I000936,C0074,2023-12-07,199.0,UPI
PAY000794,I000937,C0074,2024-01-04,199.0,Bank Transfer
PAY000795,I000938,C0074,2024-02-20,199.0,Credit Card
PAY000796,I000939,C0074,2024-03-08,199.0,Credit Card
PAY000797,I000940,C0074,2024-04-11,199.0,UPI
PAY000798,I000941,C0074,2024-05-11,199.0,Bank Transfer
PAY000799,I000942,C0074,2024-06-18,199.0,Bank Transfer
PAY000800,I000943,C0074,2024-07-13,199.0,Debit Card
PAY000801,I000944,C0074,2024-08-06,199.0,Bank Transfer
PAY000802,I000945,C0074,2024-09-12,199.0,UPI
PAY000803,I000946,C0074,2024-10-19,199.0,UPI
PAY000804,I000948,C0074,2024-12-15,199.0,Credit Card
PAY000805,I000949,C0074,2025-01-08,199.0,UPI
PAY000806,I000950,C0074,2025-02-11,199.0,Credit Card
PAY000807,I000951,C0074,2025-03-23,199.0,UPI
PAY000808,I000952,C0074,2025-04-13,199.0,Bank Transfer
PAY000809,I000953,C0074,2025-05-06,199.0,Credit Card
PAY000810,I000954,C0074,2025-06-06,199.0,UPI
PAY000811,I000955,C0074,2025-07-17,199.0,Credit Card
PAY000812,I000956,C0074,2025-08-04,199.0,Credit Card
PAY000813,I000957,C0075,2023-03-23,2388.0,Bank Transfer
PAY000814,I000958,C0075,2024-03-19,2388.0,Debit Card
PAY000815,I000959,C0076,2023-07-18,199.0,Credit Card
PAY000816,I000960,C0076,2023-08-22,199.0,Debit Card
PAY000817,I000961,C0076,2023-09-07,199.0,Credit Card
PAY000818,I000962,C0076,2023-10-21,199.0,Bank Transfer
PAY000819,I000963,C0076,2023-11-22,199.0,UPI
PAY000820,I000964,C0077,2023-01-18,948.0,Debit Card
PAY000821,I000966,C0078,2025-07-05,499.0,Bank Transfer
PAY000822,I000967,C0078,2025-07-27,499.0,Credit Card
PAY000823,I000968,C0078,2025-09-09,499.0,UPI
PAY000824,I000970,C0078,2025-11-01,499.0,UPI
PAY000825,I000971,C0078,2025-12-10,499.0,Bank Transfer
PAY000826,I000972,C0078,2026-01-11,499.0,Bank Transfer
PAY000827,I000974,C0078,2026-01-02,199.0,Credit Card
PAY000828,I000975,C0078,2026-01-25,199.0,Bank Transfer
PAY000829,I000976,C0078,2026-02-28,199.0,Credit Card
PAY000830,I000977,C0078,2026-03-22,199.0,Credit Card
PAY000831,I000978,C0078,2026-04-29,199.0,Bank Transfer
PAY000832,I000980,C0078,2026-06-25,199.0,Debit Card
PAY000833,I000981,C0078,2026-07-28,199.0,Bank Transfer
PAY000834,I000982,C0079,2024-01-31,348.0,UPI
PAY000835,I000983,C0079,2025-01-29,348.0,UPI
PAY000836,I000984,C0080,2024-12-10,948.0,Debit Card
PAY000837,I000985,C0080,2025-12-11,948.0,Bank Transfer
PAY000838,I000987,C0081,2026-02-04,199.0,UPI
PAY000839,I000989,C0081,2026-04-13,199.0,Credit Card
PAY000840,I000990,C0081,2026-05-13,199.0,Credit Card
PAY000841,I000991,C0081,2026-06-22,199.0,Bank Transfer
PAY000842,I000992,C0081,2026-07-16,199.0,UPI
PAY000843,I000993,C0081,2026-08-11,199.0,UPI
PAY000844,I000994,C0081,2026-09-05,199.0,Bank Transfer
PAY000845,I000995,C0081,2026-06-01,348.0,Bank Transfer
PAY000846,I000996,C0082,2025-04-13,29.0,Debit Card
PAY000847,I000997,C0082,2025-05-18,29.0,UPI
PAY000848,I000998,C0082,2025-06-25,29.0,Bank Transfer
PAY000849,I000999,C0082,2025-07-18,29.0,Bank Transfer
PAY000850,I001000,C0082,2025-08-18,29.0,UPI
PAY000851,I001001,C0082,2025-09-22,29.0,Debit Card
PAY000852,I001002,C0082,2025-10-24,29.0,Debit Card
PAY000853,I001004,C0082,2025-12-13,29.0,Credit Card
PAY000854,I001005,C0082,2026-01-16,29.0,UPI
PAY000855,I001007,C0082,2026-03-20,29.0,UPI
PAY000856,I001008,C0082,2026-04-22,29.0,Credit Card
PAY000857,I001009,C0082,2026-05-15,29.0,UPI
PAY000858,I001010,C0082,2026-06-23,29.0,Debit Card
PAY000859,I001011,C0082,2026-07-13,29.0,Debit Card
PAY000860,I001012,C0082,2026-08-19,29.0,Debit Card
PAY000861,I001013,C0082,2026-09-23,29.0,Debit Card
PAY000862,I001014,C0083,2023-12-20,948.0,Debit Card
PAY000863,I001016,C0084,2023-11-23,948.0,UPI
PAY000864,I001017,C0084,2024-11-19,948.0,Bank Transfer
PAY000865,I001018,C0085,2026-03-02,199.0,Credit Card
PAY000866,I001020,C0085,2026-05-01,199.0,UPI
PAY000867,I001021,C0085,2026-06-12,199.0,Bank Transfer
PAY000868,I001022,C0085,2026-06-24,199.0,UPI
PAY000869,I001024,C0085,2026-08-25,199.0,Bank Transfer
PAY000870,I001025,C0085,2026-09-29,199.0,Debit Card
PAY000871,I001026,C0086,2023-11-01,948.0,Debit Card
PAY000872,I001027,C0086,2024-10-14,948.0,Bank Transfer
PAY000873,I001028,C0087,2025-02-20,79.0,Bank Transfer
PAY000874,I001029,C0087,2025-03-10,79.0,Bank Transfer
PAY000875,I001030,C0087,2025-04-09,79.0,Credit Card
PAY000876,I001031,C0087,2025-05-17,79.0,UPI
PAY000877,I001032,C0087,2025-06-17,79.0,Credit Card
PAY000878,I001033,C0087,2025-07-17,79.0,UPI
PAY000879,I001034,C0087,2025-08-18,79.0,Bank Transfer
PAY000880,I001036,C0087,2025-10-05,79.0,Bank Transfer
PAY000881,I001037,C0087,2025-11-11,79.0,Debit Card
PAY000882,I001038,C0087,2025-12-17,79.0,Bank Transfer
PAY000883,I001039,C0087,2026-01-13,79.0,UPI
PAY000884,I001040,C0087,2026-02-08,79.0,Credit Card
PAY000885,I001041,C0087,2026-03-07,79.0,UPI
PAY000886,I001042,C0087,2026-04-07,79.0,UPI
PAY000887,I001043,C0087,2026-05-15,79.0,Debit Card
PAY000888,I001044,C0087,2026-06-17,79.0,UPI
PAY000889,I001045,C0087,2026-07-12,79.0,Credit Card
PAY000890,I001046,C0087,2026-08-14,79.0,Bank Transfer
PAY000891,I001047,C0087,2026-09-05,79.0,Bank Transfer
PAY000892,I001048,C0088,2025-01-12,29.0,Credit Card
PAY000893,I001049,C0088,2025-02-09,29.0,UPI
PAY000894,I001050,C0088,2025-03-14,29.0,Bank Transfer
PAY000895,I001051,C0088,2025-04-11,29.0,Debit Card
PAY000896,I001052,C0088,2025-05-01,29.0,Bank Transfer
PAY000897,I001053,C0088,2025-06-11,29.0,Credit Card
PAY000898,I001054,C0088,2025-06-30,29.0,Credit Card
PAY000899,I001055,C0088,2025-07-27,29.0,Debit Card
PAY000900,I001056,C0088,2025-09-03,29.0,Credit Card
PAY000901,I001057,C0088,2025-09-28,29.0,Credit Card
PAY000902,I001058,C0088,2025-10-27,29.0,UPI
PAY000903,I001059,C0088,2025-12-07,29.0,Debit Card
PAY000904,I001060,C0088,2026-01-12,29.0,Bank Transfer
PAY000905,I001061,C0088,2026-02-06,29.0,Bank Transfer
PAY000906,I001063,C0088,2026-04-12,29.0,UPI
PAY000907,I001064,C0088,2026-04-28,29.0,Bank Transfer
PAY000908,I001065,C0088,2026-06-03,29.0,UPI
PAY000909,I001066,C0088,2026-07-10,29.0,Bank Transfer
PAY000910,I001068,C0088,2026-09-10,29.0,Debit Card
PAY000911,I001069,C0088,2026-10-12,29.0,Credit Card
PAY000912,I001070,C0089,2025-02-11,348.0,UPI
PAY000913,I001071,C0089,2026-02-04,348.0,UPI
PAY000914,I001072,C0090,2024-02-01,5988.0,Debit Card
PAY000915,I001073,C0090,2025-01-26,5988.0,UPI
PAY000916,I001075,C0090,2025-01-06,29.0,Credit Card
PAY000917,I001076,C0090,2025-02-06,29.0,Debit Card
PAY000918,I001077,C0090,2025-03-23,29.0,UPI
PAY000919,I001078,C0090,2025-04-25,29.0,Debit Card
PAY000920,I001079,C0090,2025-05-07,29.0,UPI
PAY000921,I001080,C0090,2025-06-15,29.0,Debit Card
PAY000922,I001081,C0090,2025-07-14,29.0,Credit Card
PAY000923,I001082,C0090,2025-08-14,29.0,UPI
PAY000924,I001083,C0090,2025-09-12,29.0,Debit Card
PAY000925,I001084,C0090,2025-10-19,29.0,Credit Card
PAY000926,I001086,C0090,2025-12-21,29.0,Debit Card
PAY000927,I001087,C0090,2026-01-16,29.0,Credit Card
PAY000928,I001089,C0090,2026-03-18,29.0,Debit Card
PAY000929,I001090,C0090,2026-04-14,29.0,Bank Transfer
PAY000930,I001092,C0090,2026-06-08,29.0,Credit Card
PAY000931,I001093,C0090,2026-07-11,29.0,Credit Card
PAY000932,I001094,C0090,2026-08-21,29.0,Bank Transfer
PAY000933,I001095,C0090,2026-09-14,29.0,UPI
PAY000934,I001096,C0091,2024-01-24,499.0,Bank Transfer
PAY000935,I001097,C0091,2024-03-09,499.0,Credit Card
PAY000936,I001099,C0091,2024-04-28,499.0,Debit Card
PAY000937,I001100,C0091,2024-06-02,499.0,Debit Card
PAY000938,I001102,C0091,2024-08-06,499.0,UPI
PAY000939,I001103,C0091,2024-08-26,499.0,Bank Transfer
PAY000940,I001104,C0091,2024-10-12,499.0,UPI
PAY000941,I001105,C0091,2024-11-11,499.0,Bank Transfer
PAY000942,I001107,C0091,2025-01-10,499.0,UPI
PAY000943,I001109,C0091,2025-03-05,499.0,UPI
PAY000944,I001110,C0091,2025-04-11,499.0,UPI
PAY000945,I001111,C0091,2025-05-06,499.0,Bank Transfer
PAY000946,I001112,C0091,2025-06-01,499.0,Credit Card
PAY000947,I001113,C0091,2025-07-02,499.0,UPI
PAY000948,I001114,C0091,2025-07-27,499.0,Credit Card
PAY000949,I001115,C0091,2025-08-24,499.0,UPI
PAY000950,I001116,C0091,2025-10-06,499.0,Credit Card
PAY000951,I001117,C0091,2025-11-06,499.0,Bank Transfer
PAY000952,I001118,C0091,2025-12-01,499.0,Bank Transfer
PAY000953,I001119,C0091,2026-01-06,499.0,Bank Transfer
PAY000954,I001120,C0092,2024-06-23,348.0,Bank Transfer
PAY000955,I001121,C0092,2025-06-15,348.0,Debit Card
PAY000956,I001123,C0093,2025-10-03,948.0,UPI
PAY000957,I001124,C0094,2025-08-05,199.0,Debit Card
PAY000958,I001126,C0094,2025-10-12,199.0,Credit Card
PAY000959,I001128,C0094,2025-12-15,199.0,Credit Card
PAY000960,I001130,C0094,2026-02-06,199.0,Credit Card
PAY000961,I001131,C0094,2026-03-17,199.0,Credit Card
PAY000962,I001132,C0094,2026-04-09,199.0,Credit Card
PAY000963,I001133,C0094,2026-05-04,199.0,Debit Card
PAY000964,I001135,C0094,2026-07-09,199.0,Bank Transfer
PAY000965,I001136,C0094,2026-08-10,199.0,Bank Transfer
PAY000966,I001137,C0094,2026-09-01,199.0,UPI
PAY000967,I001138,C0094,2026-10-04,199.0,Debit Card
PAY000968,I001139,C0095,2023-10-18,29.0,Credit Card
PAY000969,I001140,C0095,2023-11-10,29.0,Credit Card
PAY000970,I001141,C0095,2023-12-22,29.0,Credit Card
PAY000971,I001142,C0095,2024-01-05,29.0,Bank Transfer
PAY000972,I001143,C0095,2024-02-21,29.0,UPI
PAY000973,I001144,C0095,2024-03-19,29.0,Credit Card
PAY000974,I001145,C0095,2024-04-08,29.0,Credit Card
PAY000975,I001146,C0095,2024-05-14,29.0,Bank Transfer
PAY000976,I001147,C0095,2024-06-14,29.0,UPI
PAY000977,I001148,C0095,2024-07-17,29.0,Bank Transfer
PAY000978,I001149,C0095,2024-08-19,29.0,UPI
PAY000979,I001150,C0095,2024-09-20,29.0,Credit Card
PAY000980,I001152,C0095,2024-11-21,29.0,Bank Transfer
PAY000981,I001153,C0095,2024-12-04,29.0,Bank Transfer
PAY000982,I001154,C0095,2025-01-07,29.0,Bank Transfer
PAY000983,I001155,C0095,2025-02-06,29.0,UPI
PAY000984,I001156,C0095,2025-03-15,29.0,Bank Transfer
PAY000985,I001157,C0095,2025-04-12,29.0,Bank Transfer
PAY000986,I001158,C0095,2025-05-10,29.0,Debit Card
PAY000987,I001159,C0095,2025-06-17,29.0,Debit Card
PAY000988,I001161,C0095,2025-08-15,29.0,Debit Card
PAY000989,I001163,C0096,2024-05-26,348.0,Debit Card
PAY000990,I001164,C0096,2025-05-22,348.0,Debit Card
PAY000991,I001165,C0097,2024-12-27,948.0,Credit Card
PAY000992,I001166,C0097,2025-12-29,948.0,Credit Card
PAY000993,I001167,C0098,2023-12-04,948.0,Debit Card
PAY000994,I001168,C0098,2024-12-06,948.0,Credit Card
PAY000995,I001169,C0099,2025-07-24,29.0,UPI
PAY000996,I001170,C0099,2025-08-31,29.0,Credit Card
PAY000997,I001171,C0099,2025-09-29,29.0,Debit Card
PAY000998,I001173,C0099,2025-12-05,29.0,UPI
PAY000999,I001174,C0099,2025-12-25,29.0,Bank Transfer
PAY001000,I001175,C0099,2026-01-26,29.0,UPI
PAY001001,I001177,C0099,2026-04-02,29.0,Credit Card
PAY001002,I001178,C0099,2026-05-01,29.0,Credit Card
PAY001003,I001179,C0099,2026-05-31,29.0,Bank Transfer
PAY001004,I001180,C0099,2026-07-09,29.0,Credit Card
PAY001005,I001181,C0099,2026-08-01,29.0,UPI
PAY001006,I001183,C0099,2026-09-26,29.0,Bank Transfer
PAY001007,I001184,C0100,2024-05-14,29.0,UPI
PAY001008,I001185,C0100,2024-06-06,29.0,UPI
PAY001009,I001186,C0100,2024-07-08,29.0,UPI
PAY001010,I001188,C0100,2024-09-07,29.0,Bank Transfer
PAY001011,I001189,C0100,2024-09-29,29.0,UPI
PAY001012,I001190,C0100,2024-10-26,29.0,Credit Card
PAY001013,I001191,C0100,2024-12-03,29.0,Debit Card
PAY001014,I001192,C0100,2025-01-11,29.0,Bank Transfer
PAY001015,I001193,C0100,2025-02-23,348.0,Credit Card
PAY001016,I001194,C0101,2025-07-15,29.0,Bank Transfer
PAY001017,I001195,C0101,2025-07-29,29.0,Bank Transfer
PAY001018,I001196,C0101,2025-09-01,29.0,Debit Card
PAY001019,I001197,C0101,2025-10-18,29.0,Bank Transfer
PAY001020,I001198,C0101,2025-11-03,29.0,Bank Transfer
PAY001021,I001199,C0101,2025-12-11,29.0,Debit Card
PAY001022,I001200,C0101,2026-01-01,29.0,UPI
PAY001023,I001201,C0101,2026-02-02,29.0,UPI
PAY001024,I001202,C0101,2026-03-05,29.0,UPI
PAY001025,I001203,C0101,2026-04-02,29.0,UPI
PAY001026,I001204,C0101,2026-05-08,29.0,Debit Card
PAY001027,I001205,C0101,2026-06-10,29.0,Bank Transfer
PAY001028,I001206,C0101,2026-07-02,29.0,Credit Card
PAY001029,I001207,C0101,2026-08-14,29.0,UPI
PAY001030,I001208,C0101,2026-09-15,29.0,UPI
PAY001031,I001209,C0101,2026-10-07,29.0,Credit Card
PAY001032,I001211,C0102,2026-02-01,499.0,UPI
PAY001033,I001212,C0102,2026-02-26,499.0,Credit Card
PAY001034,I001213,C0102,2026-03-22,499.0,Credit Card
PAY001035,I001214,C0102,2026-04-22,499.0,Credit Card
PAY001036,I001215,C0102,2026-05-30,499.0,UPI
PAY001037,I001217,C0102,2026-07-17,499.0,Bank Transfer
PAY001038,I001218,C0102,2026-06-09,79.0,Credit Card
PAY001039,I001219,C0102,2026-06-24,79.0,Bank Transfer
PAY001040,I001220,C0102,2026-08-04,79.0,Debit Card
PAY001041,I001221,C0102,2026-08-24,79.0,Credit Card
PAY001042,I001222,C0102,2026-10-04,79.0,UPI
PAY001043,I001223,C0103,2023-04-19,499.0,Bank Transfer
PAY001044,I001224,C0103,2023-06-03,499.0,Debit Card
PAY001045,I001225,C0103,2023-07-04,499.0,Bank Transfer
PAY001046,I001226,C0103,2023-07-24,499.0,UPI
PAY001047,I001227,C0103,2023-08-28,499.0,UPI
PAY001048,I001228,C0103,2023-09-23,499.0,Bank Transfer
PAY001049,I001229,C0103,2023-11-04,499.0,Credit Card
PAY001050,I001230,C0103,2023-12-05,499.0,UPI
PAY001051,I001231,C0103,2023-12-31,499.0,Bank Transfer
PAY001052,I001232,C0103,2024-01-25,499.0,Credit Card
PAY001053,I001233,C0103,2024-03-03,499.0,Bank Transfer
PAY001054,I001234,C0103,2024-04-02,499.0,UPI
PAY001055,I001236,C0103,2024-05-28,499.0,Credit Card
PAY001056,I001237,C0103,2024-06-21,499.0,UPI
PAY001057,I001238,C0103,2024-07-23,499.0,Debit Card
PAY001058,I001240,C0103,2024-09-22,499.0,Debit Card
PAY001059,I001241,C0103,2024-10-23,499.0,Bank Transfer
PAY001060,I001242,C0103,2024-11-20,499.0,Debit Card
PAY001061,I001243,C0103,2024-12-28,499.0,Bank Transfer
PAY001062,I001244,C0103,2025-02-06,499.0,Credit Card
PAY001063,I001245,C0103,2025-03-04,499.0,UPI
PAY001064,I001246,C0103,2025-03-27,499.0,UPI
PAY001065,I001247,C0104,2023-12-06,79.0,Debit Card
PAY001066,I001248,C0104,2023-12-25,79.0,Bank Transfer
PAY001067,I001249,C0104,2024-01-31,79.0,Bank Transfer
PAY001068,I001250,C0104,2024-02-26,79.0,Credit Card
PAY001069,I001251,C0104,2024-03-29,79.0,Debit Card
PAY001070,I001252,C0104,2024-04-28,79.0,Bank Transfer
PAY001071,I001253,C0104,2024-06-07,79.0,Bank Transfer
PAY001072,I001255,C0104,2024-08-08,79.0,UPI
PAY001073,I001256,C0104,2024-08-27,79.0,Debit Card
PAY001074,I001257,C0104,2024-10-11,79.0,Bank Transfer
PAY001075,I001258,C0104,2024-11-11,79.0,UPI
PAY001076,I001259,C0104,2024-11-27,79.0,Credit Card
PAY001077,I001260,C0104,2024-12-30,79.0,Bank Transfer
PAY001078,I001261,C0104,2025-02-11,79.0,Debit Card
PAY001079,I001262,C0104,2025-02-27,79.0,Credit Card
PAY001080,I001263,C0105,2023-11-16,79.0,UPI
PAY001081,I001264,C0105,2023-12-11,79.0,Bank Transfer
PAY001082,I001265,C0105,2024-01-29,79.0,UPI
PAY001083,I001266,C0105,2024-02-20,79.0,Credit Card
PAY001084,I001267,C0105,2024-03-27,79.0,Bank Transfer
PAY001085,I001268,C0105,2024-04-20,79.0,Credit Card
PAY001086,I001269,C0105,2024-05-19,79.0,UPI
PAY001087,I001270,C0105,2024-06-12,79.0,Credit Card
PAY001088,I001271,C0105,2024-07-22,79.0,Credit Card
PAY001089,I001272,C0105,2024-08-25,79.0,Debit Card
PAY001090,I001273,C0105,2024-09-26,79.0,Credit Card
PAY001091,I001275,C0105,2024-11-16,79.0,UPI
PAY001092,I001276,C0105,2024-12-20,79.0,Bank Transfer
PAY001093,I001277,C0105,2025-01-20,79.0,Debit Card
PAY001094,I001278,C0106,2026-02-08,29.0,UPI
PAY001095,I001279,C0106,2026-03-12,29.0,UPI
PAY001096,I001280,C0106,2026-04-13,29.0,UPI
PAY001097,I001281,C0106,2026-05-17,29.0,Debit Card
PAY001098,I001282,C0106,2026-06-18,29.0,Credit Card
PAY001099,I001285,C0107,2024-12-18,348.0,Debit Card
PAY001100,I001286,C0107,2025-12-10,348.0,UPI
PAY001101,I001287,C0108,2025-02-26,199.0,Debit Card
PAY001102,I001288,C0108,2025-03-26,199.0,Credit Card
PAY001103,I001289,C0108,2025-05-07,199.0,Bank Transfer
PAY001104,I001290,C0108,2025-05-28,199.0,Debit Card
PAY001105,I001291,C0108,2025-07-04,199.0,Bank Transfer
PAY001106,I001292,C0108,2025-08-07,199.0,UPI
PAY001107,I001293,C0108,2025-08-31,199.0,UPI
PAY001108,I001294,C0108,2025-10-04,199.0,Bank Transfer
PAY001109,I001295,C0108,2025-11-04,199.0,Debit Card
PAY001110,I001296,C0108,2025-12-08,199.0,Bank Transfer
PAY001111,I001297,C0108,2025-08-20,2388.0,Bank Transfer
PAY001112,I001298,C0108,2026-08-13,2388.0,UPI
PAY001113,I001299,C0109,2023-06-14,29.0,Debit Card
PAY001114,I001302,C0109,2023-09-18,29.0,Debit Card
PAY001115,I001303,C0109,2023-10-14,29.0,Debit Card
PAY001116,I001304,C0109,2023-11-05,29.0,Credit Card
PAY001117,I001306,C0109,2024-01-07,29.0,Credit Card
PAY001118,I001307,C0109,2024-02-10,29.0,Credit Card
PAY001119,I001308,C0109,2024-03-13,29.0,UPI
PAY001120,I001309,C0109,2024-04-06,29.0,UPI
PAY001121,I001310,C0109,2024-07-03,948.0,UPI
PAY001122,I001311,C0110,2025-06-08,2388.0,Debit Card
PAY001123,I001312,C0111,2025-11-09,79.0,UPI
PAY001124,I001313,C0111,2025-12-01,79.0,Bank Transfer
PAY001125,I001314,C0111,2025-12-25,79.0,Bank Transfer
PAY001126,I001315,C0111,2026-02-02,79.0,Debit Card
PAY001127,I001316,C0111,2026-03-04,79.0,UPI
PAY001128,I001317,C0111,2026-04-03,79.0,Debit Card
PAY001129,I001318,C0111,2026-04-29,79.0,Bank Transfer
PAY001130,I001319,C0111,2026-05-29,79.0,UPI
PAY001131,I001320,C0111,2026-07-04,79.0,UPI
PAY001132,I001321,C0111,2026-08-05,79.0,Debit Card
PAY001133,I001324,C0111,2026-06-29,79.0,Credit Card
PAY001134,I001325,C0111,2026-07-29,79.0,Credit Card
PAY001135,I001326,C0111,2026-08-26,79.0,Bank Transfer
PAY001136,I001327,C0111,2026-09-20,79.0,Credit Card
PAY001137,I001329,C0112,2025-03-08,79.0,Debit Card
PAY001138,I001330,C0112,2025-04-09,79.0,UPI
PAY001139,I001332,C0112,2025-05-28,79.0,Debit Card
PAY001140,I001333,C0112,2025-06-27,79.0,Bank Transfer
PAY001141,I001334,C0112,2025-08-09,79.0,Debit Card
PAY001142,I001335,C0112,2025-09-02,79.0,Credit Card
PAY001143,I001336,C0112,2025-10-16,79.0,UPI
PAY001144,I001337,C0112,2025-11-03,79.0,UPI
PAY001145,I001338,C0112,2025-11-29,79.0,Bank Transfer
PAY001146,I001339,C0112,2026-01-04,79.0,UPI
PAY001147,I001340,C0112,2026-02-01,79.0,Bank Transfer
PAY001148,I001342,C0112,2026-04-05,79.0,Debit Card
PAY001149,I001343,C0112,2026-05-12,79.0,Bank Transfer
PAY001150,I001344,C0112,2026-06-04,79.0,Debit Card
PAY001151,I001345,C0112,2026-07-02,79.0,UPI
PAY001152,I001346,C0112,2026-08-08,79.0,UPI
PAY001153,I001348,C0112,2026-09-29,79.0,Credit Card
PAY001154,I001349,C0113,2024-12-28,79.0,Bank Transfer
PAY001155,I001350,C0113,2025-01-28,79.0,Bank Transfer
PAY001156,I001351,C0113,2025-03-13,79.0,Bank Transfer
PAY001157,I001352,C0113,2025-03-25,79.0,Credit Card
PAY001158,I001355,C0113,2025-06-22,79.0,UPI
PAY001159,I001356,C0113,2025-08-10,79.0,Debit Card
PAY001160,I001357,C0113,2025-09-03,79.0,Debit Card
PAY001161,I001358,C0113,2025-12-22,79.0,UPI
PAY001162,I001359,C0113,2026-01-29,79.0,Bank Transfer
PAY001163,I001361,C0113,2026-03-20,79.0,Bank Transfer
PAY001164,I001362,C0113,2026-05-01,79.0,Debit Card
PAY001165,I001363,C0113,2026-06-01,79.0,Debit Card
PAY001166,I001364,C0113,2026-06-19,79.0,Credit Card
PAY001167,I001365,C0113,2026-07-31,79.0,Bank Transfer
PAY001168,I001367,C0113,2026-09-14,79.0,Bank Transfer
PAY001169,I001368,C0114,2025-07-19,79.0,UPI
PAY001170,I001369,C0114,2025-08-06,79.0,Credit Card
PAY001171,I001370,C0114,2025-09-05,79.0,Debit Card
PAY001172,I001372,C0114,2025-11-08,79.0,Debit Card
PAY001173,I001373,C0114,2025-12-05,79.0,Credit Card
PAY001174,I001374,C0114,2026-01-05,79.0,Credit Card
PAY001175,I001376,C0114,2026-03-04,79.0,Debit Card
PAY001176,I001377,C0114,2026-04-02,79.0,Credit Card
PAY001177,I001378,C0114,2026-05-12,79.0,UPI
PAY001178,I001380,C0114,2026-07-01,79.0,Debit Card
PAY001179,I001381,C0114,2026-08-09,79.0,Credit Card
PAY001180,I001382,C0114,2026-09-18,79.0,UPI
PAY001181,I001383,C0115,2025-05-28,2388.0,Bank Transfer
PAY001182,I001385,C0115,2026-06-02,79.0,Debit Card
PAY001183,I001386,C0115,2026-06-22,79.0,UPI
PAY001184,I001387,C0115,2026-08-05,79.0,UPI
PAY001185,I001388,C0115,2026-09-05,79.0,UPI
PAY001186,I001389,C0115,2026-10-06,79.0,Bank Transfer
PAY001187,I001393,C0116,2023-04-14,79.0,UPI
PAY001188,I001394,C0116,2023-05-23,79.0,Bank Transfer
PAY001189,I001396,C0116,2023-07-21,79.0,Credit Card
PAY001190,I001397,C0116,2023-08-13,79.0,Bank Transfer
PAY001191,I001399,C0116,2023-10-16,79.0,Bank Transfer
PAY001192,I001401,C0116,2023-12-23,79.0,UPI
PAY001193,I001402,C0116,2024-01-16,79.0,Debit Card
PAY001194,I001403,C0116,2024-02-29,79.0,Debit Card
PAY001195,I001404,C0116,2024-04-01,79.0,Bank Transfer
PAY001196,I001405,C0116,2024-04-13,79.0,Credit Card
PAY001197,I001406,C0116,2024-05-15,79.0,UPI
PAY001198,I001407,C0116,2024-06-24,79.0,Credit Card
PAY001199,I001408,C0116,2024-07-19,79.0,Credit Card
PAY001200,I001409,C0116,2024-08-18,79.0,Debit Card
PAY001201,I001410,C0116,2024-09-24,79.0,UPI
PAY001202,I001411,C0116,2024-10-26,79.0,Debit Card
PAY001203,I001412,C0116,2024-11-13,79.0,Debit Card
PAY001204,I001413,C0116,2024-12-15,79.0,Bank Transfer
PAY001205,I001414,C0117,2024-09-18,29.0,Bank Transfer
PAY001206,I001415,C0117,2024-09-30,29.0,Credit Card
PAY001207,I001416,C0117,2024-11-03,29.0,Credit Card
PAY001208,I001417,C0117,2024-12-10,29.0,UPI
PAY001209,I001419,C0117,2025-02-16,29.0,Credit Card
PAY001210,I001420,C0117,2025-03-13,29.0,UPI
PAY001211,I001421,C0117,2025-04-08,29.0,Bank Transfer
PAY001212,I001422,C0117,2025-05-11,29.0,Debit Card
PAY001213,I001423,C0117,2025-06-07,29.0,Credit Card
PAY001214,I001424,C0117,2025-07-14,29.0,Credit Card
PAY001215,I001425,C0117,2025-08-04,29.0,UPI
PAY001216,I001426,C0118,2024-05-31,29.0,Credit Card
PAY001217,I001428,C0118,2024-07-25,29.0,Bank Transfer
PAY001218,I001429,C0118,2024-08-31,29.0,Bank Transfer
PAY001219,I001430,C0118,2024-09-26,29.0,Debit Card
PAY001220,I001431,C0118,2024-10-24,29.0,Credit Card
PAY001221,I001432,C0118,2024-11-28,29.0,Credit Card
PAY001222,I001433,C0118,2024-12-26,29.0,UPI
PAY001223,I001434,C0118,2025-01-29,29.0,Debit Card
PAY001224,I001435,C0118,2025-03-01,29.0,UPI
PAY001225,I001436,C0118,2025-03-18,29.0,Debit Card
PAY001226,I001437,C0118,2025-04-20,29.0,Debit Card
PAY001227,I001438,C0118,2025-05-17,29.0,UPI
PAY001228,I001439,C0118,2025-06-29,29.0,Credit Card
PAY001229,I001440,C0118,2025-07-20,29.0,Credit Card
PAY001230,I001441,C0118,2025-08-22,29.0,UPI
PAY001231,I001442,C0118,2025-09-20,29.0,UPI
PAY001232,I001443,C0118,2025-10-20,29.0,UPI
PAY001233,I001444,C0118,2025-11-24,29.0,Debit Card
PAY001234,I001446,C0118,2026-01-16,29.0,Bank Transfer
PAY001235,I001447,C0118,2026-02-21,29.0,Credit Card
PAY001236,I001449,C0118,2026-04-24,29.0,Debit Card
PAY001237,I001450,C0119,2023-08-31,79.0,Bank Transfer
PAY001238,I001452,C0119,2023-10-31,79.0,UPI
PAY001239,I001453,C0119,2023-12-10,79.0,Bank Transfer
PAY001240,I001454,C0119,2024-01-09,79.0,Debit Card
PAY001241,I001456,C0119,2024-03-06,79.0,Bank Transfer
PAY001242,I001457,C0119,2024-04-13,79.0,Bank Transfer
PAY001243,I001458,C0119,2024-05-03,79.0,UPI
PAY001244,I001459,C0119,2024-06-06,79.0,Credit Card
PAY001245,I001460,C0119,2024-07-03,79.0,UPI
PAY001246,I001461,C0119,2024-08-09,79.0,Debit Card
PAY001247,I001462,C0119,2024-09-08,79.0,Bank Transfer
PAY001248,I001463,C0119,2024-10-02,79.0,Credit Card
PAY001249,I001464,C0119,2024-10-31,79.0,Credit Card
PAY001250,I001465,C0119,2024-11-28,79.0,UPI
PAY001251,I001466,C0119,2025-01-09,79.0,Credit Card
PAY001252,I001468,C0119,2025-03-03,79.0,Debit Card
PAY001253,I001469,C0119,2025-04-14,79.0,Credit Card
PAY001254,I001470,C0119,2025-05-13,79.0,Credit Card
PAY001255,I001471,C0119,2025-06-06,79.0,Bank Transfer
PAY001256,I001472,C0119,2025-07-03,79.0,Debit Card
PAY001257,I001474,C0120,2026-02-07,348.0,Credit Card
PAY001258,I001475,C0121,2025-02-21,29.0,UPI
PAY001259,I001476,C0121,2025-04-01,29.0,Credit Card
PAY001260,I001478,C0121,2025-05-29,29.0,Credit Card
PAY001261,I001479,C0121,2025-07-02,29.0,UPI
PAY001262,I001480,C0121,2025-08-07,29.0,Debit Card
PAY001263,I001481,C0121,2025-09-05,29.0,UPI
PAY001264,I001482,C0121,2025-09-25,29.0,Bank Transfer
PAY001265,I001484,C0121,2025-12-06,29.0,Debit Card
PAY001266,I001485,C0121,2025-12-21,29.0,Debit Card
PAY001267,I001486,C0121,2026-02-02,29.0,Credit Card
PAY001268,I001488,C0121,2026-03-31,29.0,Debit Card
PAY001269,I001489,C0121,2026-05-01,29.0,Debit Card
PAY001270,I001490,C0121,2026-05-30,29.0,Debit Card
PAY001271,I001491,C0121,2026-06-30,29.0,Bank Transfer
PAY001272,I001492,C0121,2026-08-06,29.0,Bank Transfer
PAY001273,I001494,C0123,2024-09-01,29.0,UPI
PAY001274,I001495,C0123,2024-10-07,29.0,UPI
PAY001275,I001496,C0123,2024-11-08,29.0,Debit Card
PAY001276,I001497,C0123,2024-12-16,29.0,Debit Card
PAY001277,I001498,C0123,2025-01-03,29.0,Credit Card
PAY001278,I001499,C0123,2025-02-16,29.0,Credit Card
PAY001279,I001500,C0124,2024-10-31,199.0,UPI
PAY001280,I001501,C0124,2024-12-09,199.0,UPI
PAY001281,I001502,C0124,2024-12-28,199.0,UPI
PAY001282,I001503,C0124,2025-01-31,199.0,UPI
PAY001283,I001505,C0124,2025-03-31,199.0,Bank Transfer
PAY001284,I001506,C0124,2025-05-02,199.0,Credit Card
PAY001285,I001507,C0124,2025-05-23,199.0,Debit Card
PAY001286,I001509,C0124,2025-07-31,199.0,Debit Card
PAY001287,I001510,C0124,2025-08-22,199.0,Credit Card
PAY001288,I001511,C0124,2025-10-02,199.0,Bank Transfer
PAY001289,I001512,C0124,2025-11-04,199.0,Credit Card
PAY001290,I001514,C0124,2025-12-22,199.0,Credit Card
PAY001291,I001515,C0124,2026-01-30,199.0,Debit Card
PAY001292,I001516,C0124,2026-03-04,199.0,Credit Card
PAY001293,I001517,C0124,2026-03-28,199.0,UPI
PAY001294,I001518,C0124,2026-05-07,199.0,Credit Card
PAY001295,I001519,C0124,2026-05-28,199.0,Credit Card
PAY001296,I001520,C0124,2026-07-08,199.0,UPI
PAY001297,I001521,C0124,2026-08-04,199.0,Bank Transfer
PAY001298,I001522,C0124,2026-08-27,199.0,Debit Card
PAY001299,I001523,C0124,2026-10-02,199.0,Bank Transfer
PAY001300,I001524,C0125,2025-05-06,2388.0,Bank Transfer
PAY001301,I001525,C0125,2026-05-01,2388.0,Bank Transfer
PAY001302,I001526,C0126,2025-08-11,79.0,UPI
PAY001303,I001527,C0126,2025-08-24,79.0,Debit Card
PAY001304,I001528,C0126,2025-09-29,79.0,Bank Transfer
PAY001305,I001529,C0126,2025-10-26,79.0,Bank Transfer
PAY001306,I001530,C0126,2025-12-10,79.0,Debit Card
PAY001307,I001532,C0126,2026-01-30,79.0,Bank Transfer
PAY001308,I001533,C0126,2026-02-24,79.0,UPI
PAY001309,I001534,C0126,2026-03-02,348.0,Debit Card
PAY001310,I001535,C0127,2024-10-04,2388.0,UPI
PAY001311,I001536,C0127,2025-09-29,2388.0,Bank Transfer
PAY001312,I001537,C0128,2023-06-04,948.0,Debit Card
PAY001313,I001538,C0128,2024-06-03,948.0,Debit Card
PAY001314,I001539,C0129,2024-12-22,348.0,UPI
PAY001315,I001540,C0129,2025-10-11,948.0,Bank Transfer
PAY001316,I001541,C0130,2024-05-04,29.0,UPI
PAY001317,I001542,C0130,2024-06-06,29.0,Credit Card
PAY001318,I001543,C0130,2024-07-12,29.0,Bank Transfer
PAY001319,I001544,C0130,2024-07-23,29.0,Credit Card
PAY001320,I001545,C0130,2024-09-06,29.0,Debit Card
PAY001321,I001546,C0130,2024-10-02,29.0,UPI
PAY001322,I001547,C0130,2024-11-03,29.0,Bank Transfer
PAY001323,I001548,C0130,2024-11-27,29.0,UPI
PAY001324,I001549,C0130,2025-01-06,29.0,UPI
PAY001325,I001550,C0130,2025-01-24,29.0,Bank Transfer
PAY001326,I001551,C0130,2025-03-04,29.0,UPI
PAY001327,I001552,C0130,2025-03-31,29.0,Bank Transfer
PAY001328,I001553,C0130,2025-05-03,29.0,Debit Card
PAY001329,I001554,C0130,2025-06-10,29.0,Credit Card
PAY001330,I001555,C0130,2025-06-24,29.0,Debit Card
PAY001331,I001556,C0130,2025-08-01,29.0,Debit Card
PAY001332,I001557,C0130,2025-09-03,29.0,Bank Transfer
PAY001333,I001558,C0130,2025-10-10,29.0,Credit Card
PAY001334,I001559,C0130,2025-11-03,29.0,Debit Card
PAY001335,I001560,C0130,2025-11-28,29.0,Credit Card
PAY001336,I001561,C0130,2025-12-24,29.0,Bank Transfer
PAY001337,I001562,C0130,2026-01-23,29.0,Bank Transfer
PAY001338,I001563,C0130,2026-03-14,29.0,Debit Card
PAY001339,I001565,C0131,2024-07-28,2388.0,Debit Card
PAY001340,I001566,C0131,2025-08-01,2388.0,Credit Card
PAY001341,I001567,C0132,2024-04-16,2388.0,Credit Card
PAY001342,I001568,C0132,2025-04-24,2388.0,Bank Transfer
PAY001343,I001569,C0133,2024-01-26,2388.0,Debit Card
PAY001344,I001570,C0133,2025-01-20,2388.0,Debit Card
PAY001345,I001571,C0134,2025-07-14,79.0,UPI
PAY001346,I001572,C0134,2025-08-17,79.0,Bank Transfer
PAY001347,I001573,C0134,2025-09-18,79.0,UPI
PAY001348,I001574,C0134,2025-10-14,79.0,Credit Card
PAY001349,I001577,C0134,2026-01-21,79.0,Credit Card
PAY001350,I001578,C0134,2026-03-01,79.0,Debit Card
PAY001351,I001579,C0134,2026-03-17,79.0,Credit Card
PAY001352,I001582,C0134,2026-06-19,79.0,Debit Card
PAY001353,I001583,C0134,2026-07-29,79.0,Debit Card
PAY001354,I001584,C0134,2026-08-31,79.0,Debit Card
PAY001355,I001585,C0134,2026-09-18,79.0,Credit Card
PAY001356,I001586,C0135,2024-02-22,348.0,Bank Transfer
PAY001357,I001587,C0135,2025-03-12,348.0,UPI
PAY001358,I001589,C0136,2024-11-20,948.0,UPI
PAY001359,I001590,C0137,2024-10-22,29.0,Credit Card
PAY001360,I001591,C0137,2024-11-27,29.0,Credit Card
PAY001361,I001592,C0137,2024-12-20,29.0,UPI
PAY001362,I001593,C0137,2025-01-24,29.0,Credit Card
PAY001363,I001594,C0137,2025-02-20,29.0,Credit Card
PAY001364,I001595,C0137,2025-03-21,29.0,UPI
PAY001365,I001596,C0137,2025-04-22,29.0,Credit Card
PAY001366,I001597,C0137,2025-05-28,29.0,Debit Card
PAY001367,I001598,C0137,2025-06-24,29.0,UPI
PAY001368,I001599,C0137,2025-07-14,29.0,Credit Card
PAY001369,I001601,C0137,2025-09-18,29.0,Debit Card
PAY001370,I001602,C0137,2025-10-17,29.0,Bank Transfer
PAY001371,I001603,C0137,2025-11-26,29.0,Credit Card
PAY001372,I001604,C0137,2025-12-25,29.0,Credit Card
PAY001373,I001605,C0137,2026-01-27,29.0,Credit Card
PAY001374,I001606,C0137,2026-02-27,29.0,Debit Card
PAY001375,I001607,C0137,2026-03-13,29.0,Debit Card
PAY001376,I001608,C0137,2026-04-19,29.0,Bank Transfer
PAY001377,I001609,C0137,2026-05-24,29.0,Debit Card
PAY001378,I001610,C0137,2026-06-19,29.0,Bank Transfer
PAY001379,I001611,C0137,2026-07-13,29.0,UPI
PAY001380,I001612,C0137,2026-08-26,29.0,Debit Card
PAY001381,I001613,C0137,2026-09-27,29.0,Bank Transfer
PAY001382,I001614,C0138,2025-10-26,348.0,Debit Card
PAY001383,I001615,C0138,2026-05-03,5988.0,UPI
PAY001384,I001617,C0140,2025-01-27,348.0,Bank Transfer
PAY001385,I001619,C0141,2026-02-01,499.0,Credit Card
PAY001386,I001620,C0141,2026-03-15,499.0,UPI
PAY001387,I001621,C0141,2026-04-11,499.0,Debit Card
PAY001388,I001622,C0141,2026-04-29,499.0,Bank Transfer
PAY001389,I001623,C0141,2026-06-03,499.0,UPI
PAY001390,I001624,C0141,2026-07-11,499.0,UPI
PAY001391,I001625,C0141,2026-08-02,499.0,Credit Card
PAY001392,I001627,C0141,2026-10-01,499.0,UPI
PAY001393,I001628,C0142,2023-05-28,79.0,UPI
PAY001394,I001629,C0142,2023-07-06,79.0,Credit Card
PAY001395,I001630,C0142,2023-07-22,79.0,Credit Card
PAY001396,I001631,C0142,2023-09-04,79.0,UPI
PAY001397,I001632,C0142,2023-09-21,79.0,Bank Transfer
PAY001398,I001633,C0142,2023-11-04,79.0,Bank Transfer
PAY001399,I001634,C0142,2023-11-29,79.0,Bank Transfer
PAY001400,I001635,C0142,2024-01-03,79.0,Bank Transfer
PAY001401,I001637,C0142,2024-02-25,79.0,Bank Transfer
PAY001402,I001638,C0142,2024-03-22,79.0,Debit Card
PAY001403,I001639,C0142,2024-05-04,79.0,Bank Transfer
PAY001404,I001640,C0142,2024-05-22,79.0,Credit Card
PAY001405,I001641,C0142,2024-07-05,79.0,UPI
PAY001406,I001642,C0142,2024-08-03,79.0,Credit Card
PAY001407,I001643,C0142,2024-09-01,79.0,Bank Transfer
PAY001408,I001644,C0142,2024-09-27,79.0,Credit Card
PAY001409,I001645,C0142,2024-11-05,79.0,Debit Card
PAY001410,I001646,C0142,2024-12-05,79.0,UPI
PAY001411,I001647,C0142,2025-01-02,79.0,Debit Card
PAY001412,I001648,C0142,2025-01-20,79.0,UPI
PAY001413,I001649,C0142,2025-03-01,79.0,Credit Card
PAY001414,I001650,C0142,2025-03-25,79.0,UPI
PAY001415,I001651,C0142,2025-04-21,79.0,Credit Card
PAY001416,I001652,C0143,2025-09-16,199.0,Bank Transfer
PAY001417,I001653,C0143,2025-10-06,199.0,UPI
PAY001418,I001654,C0143,2025-11-06,199.0,Bank Transfer
PAY001419,I001655,C0143,2025-12-14,199.0,Debit Card
PAY001420,I001656,C0143,2026-01-18,199.0,Bank Transfer
PAY001421,I001657,C0143,2026-02-14,199.0,Bank Transfer
PAY001422,I001658,C0143,2026-03-11,199.0,Debit Card
PAY001423,I001659,C0143,2026-04-19,199.0,UPI
PAY001424,I001660,C0143,2026-05-02,199.0,Bank Transfer
PAY001425,I001661,C0143,2026-06-01,199.0,Debit Card
PAY001426,I001662,C0143,2026-07-06,199.0,Bank Transfer
PAY001427,I001663,C0143,2026-08-14,199.0,Bank Transfer
PAY001428,I001664,C0143,2026-09-16,199.0,Bank Transfer
PAY001429,I001665,C0143,2026-10-07,199.0,Debit Card
PAY001430,I001666,C0144,2025-10-18,29.0,UPI
PAY001431,I001668,C0144,2025-12-20,29.0,Debit Card
PAY001432,I001669,C0144,2026-01-30,29.0,Credit Card
PAY001433,I001670,C0144,2026-02-25,29.0,UPI
PAY001434,I001672,C0144,2026-04-19,29.0,UPI
PAY001435,I001674,C0144,2026-06-23,29.0,Credit Card
PAY001436,I001675,C0144,2026-07-19,29.0,UPI
PAY001437,I001677,C0144,2026-09-28,29.0,Debit Card
PAY001438,I001678,C0145,2025-08-11,348.0,Bank Transfer
PAY001439,I001680,C0146,2025-07-29,29.0,Debit Card
PAY001440,I001682,C0146,2025-09-24,29.0,Credit Card
PAY001441,I001683,C0146,2025-11-07,29.0,UPI
PAY001442,I001684,C0146,2025-11-23,29.0,Bank Transfer
PAY001443,I001685,C0146,2026-01-04,29.0,Credit Card
PAY001444,I001686,C0146,2026-01-23,29.0,Debit Card
PAY001445,I001687,C0146,2026-02-25,29.0,Credit Card
PAY001446,I001688,C0146,2026-04-02,29.0,Credit Card
PAY001447,I001689,C0146,2026-05-10,29.0,Debit Card
PAY001448,I001692,C0146,2026-08-05,29.0,Credit Card
PAY001449,I001693,C0146,2026-09-08,29.0,Bank Transfer
PAY001450,I001694,C0146,2026-10-06,29.0,UPI
PAY001451,I001695,C0147,2023-03-15,348.0,Debit Card
PAY001452,I001696,C0147,2024-03-17,348.0,Credit Card
PAY001453,I001697,C0148,2023-05-01,199.0,Debit Card
PAY001454,I001698,C0148,2023-05-26,199.0,Debit Card
PAY001455,I001699,C0148,2023-06-28,199.0,Bank Transfer
PAY001456,I001700,C0148,2023-08-04,199.0,UPI
PAY001457,I001701,C0148,2023-08-22,199.0,Bank Transfer
PAY001458,I001702,C0148,2023-09-29,199.0,Debit Card
PAY001459,I001703,C0148,2023-10-25,199.0,UPI
PAY001460,I001704,C0148,2023-11-30,199.0,Debit Card
PAY001461,I001705,C0148,2024-01-01,199.0,Credit Card
PAY001462,I001706,C0148,2024-01-18,199.0,UPI
PAY001463,I001707,C0148,2024-03-05,199.0,Credit Card
PAY001464,I001708,C0148,2024-03-29,199.0,Credit Card
PAY001465,I001709,C0148,2024-04-29,199.0,Debit Card
PAY001466,I001711,C0149,2026-01-07,29.0,UPI
PAY001467,I001712,C0149,2026-02-12,29.0,Bank Transfer
PAY001468,I001713,C0149,2026-03-16,29.0,Bank Transfer
PAY001469,I001714,C0149,2026-04-11,29.0,Credit Card
PAY001470,I001715,C0149,2026-05-01,29.0,Credit Card
PAY001471,I001716,C0149,2026-05-16,348.0,Bank Transfer
PAY001472,I001717,C0150,2025-06-10,199.0,UPI
PAY001473,I001718,C0150,2025-07-10,199.0,Bank Transfer
PAY001474,I001719,C0150,2025-08-14,199.0,Debit Card
PAY001475,I001720,C0150,2025-09-07,199.0,Bank Transfer
PAY001476,I001721,C0150,2025-10-10,199.0,Debit Card
PAY001477,I001722,C0150,2025-11-04,199.0,Bank Transfer
PAY001478,I001723,C0150,2025-12-04,199.0,Debit Card
PAY001479,I001724,C0150,2026-01-17,199.0,UPI
PAY001480,I001725,C0150,2026-02-20,199.0,Credit Card
PAY001481,I001726,C0150,2026-03-08,199.0,Credit Card
PAY001482,I001727,C0150,2026-04-04,199.0,UPI
PAY001483,I001728,C0150,2026-05-10,199.0,Bank Transfer
PAY001484,I001729,C0150,2026-06-12,199.0,Credit Card
PAY001485,I001730,C0150,2026-07-11,199.0,UPI
PAY001486,I001731,C0150,2026-08-18,199.0,Debit Card
PAY001487,I001732,C0150,2026-09-11,199.0,UPI
PAY001488,I001733,C0151,2023-05-23,79.0,Debit Card
PAY001489,I001734,C0151,2023-07-03,79.0,UPI
PAY001490,I001735,C0151,2023-08-06,79.0,UPI
PAY001491,I001736,C0151,2023-09-01,79.0,UPI
PAY001492,I001737,C0151,2023-10-06,79.0,UPI
PAY001493,I001738,C0151,2023-11-01,79.0,Bank Transfer
PAY001494,I001739,C0151,2023-11-20,79.0,UPI
PAY001495,I001740,C0151,2023-12-28,79.0,Bank Transfer
PAY001496,I001741,C0151,2024-01-30,79.0,UPI
PAY001497,I001742,C0151,2024-03-01,79.0,Bank Transfer
PAY001498,I001744,C0151,2024-04-30,79.0,Debit Card
PAY001499,I001746,C0151,2024-07-08,79.0,UPI
PAY001500,I001747,C0151,2024-08-07,79.0,Debit Card
PAY001501,I001748,C0151,2024-01-07,79.0,UPI
PAY001502,I001749,C0151,2024-02-16,79.0,UPI
PAY001503,I001750,C0151,2024-03-07,79.0,Bank Transfer
PAY001504,I001751,C0151,2024-04-05,79.0,Bank Transfer
PAY001505,I001752,C0151,2024-05-14,79.0,UPI
PAY001506,I001753,C0151,2024-06-20,79.0,Credit Card
PAY001507,I001754,C0151,2024-07-08,79.0,Credit Card
PAY001508,I001755,C0151,2024-08-09,79.0,UPI
PAY001509,I001756,C0151,2024-09-09,79.0,Bank Transfer
PAY001510,I001757,C0151,2024-10-23,79.0,UPI
PAY001511,I001758,C0151,2024-11-12,79.0,Credit Card
PAY001512,I001759,C0151,2024-12-23,79.0,Credit Card
PAY001513,I001760,C0151,2025-01-21,79.0,UPI
PAY001514,I001761,C0151,2025-02-15,79.0,Bank Transfer
PAY001515,I001762,C0151,2025-03-07,79.0,Bank Transfer
PAY001516,I001764,C0151,2025-05-18,79.0,Credit Card
PAY001517,I001765,C0151,2025-06-23,79.0,Bank Transfer
PAY001518,I001766,C0151,2025-07-15,79.0,UPI
PAY001519,I001767,C0151,2025-08-14,79.0,Credit Card
PAY001520,I001768,C0151,2025-09-07,79.0,Debit Card
PAY001521,I001769,C0151,2025-10-10,79.0,Bank Transfer
PAY001522,I001770,C0151,2025-11-10,79.0,Credit Card
PAY001523,I001771,C0151,2025-12-11,79.0,Debit Card
PAY001524,I001772,C0152,2024-09-25,29.0,Debit Card
PAY001525,I001773,C0152,2024-10-10,29.0,Bank Transfer
PAY001526,I001774,C0152,2024-11-12,29.0,UPI
PAY001527,I001775,C0152,2024-12-10,29.0,UPI
PAY001528,I001776,C0152,2025-01-14,29.0,Credit Card
PAY001529,I001777,C0152,2025-02-10,29.0,Credit Card
PAY001530,I001778,C0152,2025-03-08,29.0,Credit Card
PAY001531,I001779,C0152,2025-04-11,29.0,Bank Transfer
PAY001532,I001780,C0152,2025-05-21,29.0,Debit Card
PAY001533,I001781,C0152,2025-06-22,29.0,UPI
PAY001534,I001782,C0152,2025-07-11,29.0,Credit Card
PAY001535,I001783,C0152,2025-08-25,29.0,Debit Card
PAY001536,I001784,C0152,2025-09-13,29.0,Debit Card
PAY001537,I001785,C0152,2025-10-18,29.0,Credit Card
PAY001538,I001786,C0152,2025-11-17,29.0,Debit Card
PAY001539,I001787,C0152,2025-12-22,29.0,Credit Card
PAY001540,I001788,C0152,2026-01-15,29.0,Debit Card
PAY001541,I001790,C0152,2026-03-15,29.0,Debit Card
PAY001542,I001791,C0152,2026-04-08,29.0,Debit Card
PAY001543,I001792,C0152,2026-05-12,29.0,Debit Card
PAY001544,I001793,C0152,2026-06-16,29.0,Debit Card
PAY001545,I001794,C0152,2026-07-11,29.0,UPI
PAY001546,I001795,C0152,2026-08-07,29.0,Debit Card
PAY001547,I001796,C0153,2025-05-30,79.0,Credit Card
PAY001548,I001797,C0153,2025-06-17,79.0,Credit Card
PAY001549,I001798,C0153,2025-07-17,79.0,Bank Transfer
PAY001550,I001799,C0153,2025-08-26,79.0,Credit Card
PAY001551,I001801,C0153,2025-10-29,79.0,UPI
PAY001552,I001802,C0153,2025-11-28,79.0,Debit Card
PAY001553,I001803,C0153,2025-12-16,79.0,Credit Card
PAY001554,I001804,C0153,2026-01-27,79.0,Credit Card
PAY001555,I001805,C0153,2026-03-03,79.0,Credit Card
PAY001556,I001808,C0153,2026-05-29,79.0,UPI
PAY001557,I001809,C0153,2026-06-23,79.0,Debit Card
PAY001558,I001811,C0153,2026-08-16,79.0,UPI
PAY001559,I001813,C0154,2023-09-30,29.0,UPI
PAY001560,I001814,C0154,2023-11-15,29.0,Bank Transfer
PAY001561,I001815,C0154,2023-12-18,29.0,Debit Card
PAY001562,I001816,C0154,2024-01-02,29.0,Credit Card
PAY001563,I001817,C0154,2024-02-10,29.0,Debit Card
PAY001564,I001818,C0154,2024-03-16,29.0,Credit Card
PAY001565,I001820,C0154,2024-05-13,29.0,UPI
PAY001566,I001821,C0154,2024-06-05,29.0,Credit Card
PAY001567,I001822,C0154,2024-07-14,29.0,Credit Card
PAY001568,I001823,C0154,2024-08-06,29.0,Bank Transfer
PAY001569,I001824,C0154,2024-09-15,29.0,Debit Card
PAY001570,I001825,C0154,2024-10-15,29.0,Debit Card
PAY001571,I001826,C0154,2024-11-02,29.0,Debit Card
PAY001572,I001827,C0154,2024-12-09,29.0,UPI
PAY001573,I001828,C0154,2025-01-12,29.0,Credit Card
PAY001574,I001829,C0154,2025-02-01,29.0,Credit Card
PAY001575,I001830,C0154,2025-03-06,29.0,UPI
PAY001576,I001831,C0154,2025-03-31,29.0,Debit Card
PAY001577,I001832,C0154,2025-05-05,29.0,Credit Card
PAY001578,I001833,C0154,2025-05-31,29.0,Bank Transfer
PAY001579,I001834,C0154,2025-07-02,29.0,UPI
PAY001580,I001836,C0154,2025-09-16,29.0,Debit Card
PAY001581,I001837,C0155,2024-02-23,29.0,Bank Transfer
PAY001582,I001838,C0155,2024-03-30,29.0,Credit Card
PAY001583,I001840,C0155,2024-05-26,29.0,Debit Card
PAY001584,I001841,C0155,2024-07-09,29.0,Debit Card
PAY001585,I001842,C0155,2024-08-04,29.0,Bank Transfer
PAY001586,I001843,C0155,2024-09-03,29.0,UPI
PAY001587,I001844,C0155,2024-09-26,29.0,Debit Card
PAY001588,I001845,C0155,2024-11-03,29.0,Debit Card
PAY001589,I001846,C0155,2024-11-29,29.0,UPI
PAY001590,I001847,C0155,2024-12-31,29.0,Credit Card
PAY001591,I001848,C0155,2025-02-08,29.0,Credit Card
PAY001592,I001849,C0155,2025-03-11,29.0,Debit Card
PAY001593,I001850,C0155,2025-03-27,29.0,Credit Card
PAY001594,I001851,C0155,2025-05-03,29.0,Credit Card
PAY001595,I001852,C0155,2025-06-06,29.0,Bank Transfer
PAY001596,I001853,C0155,2025-07-09,29.0,Debit Card
PAY001597,I001854,C0155,2025-07-29,29.0,UPI
PAY001598,I001855,C0155,2025-09-05,29.0,Credit Card
PAY001599,I001856,C0155,2025-10-04,29.0,Credit Card
PAY001600,I001857,C0155,2025-10-29,29.0,UPI
PAY001601,I001858,C0155,2025-11-22,29.0,Credit Card
PAY001602,I001859,C0155,2025-12-30,29.0,Credit Card
PAY001603,I001860,C0155,2026-01-24,29.0,Debit Card
PAY001604,I001862,C0156,2025-05-13,79.0,Bank Transfer
PAY001605,I001863,C0156,2025-06-29,79.0,Bank Transfer
PAY001606,I001864,C0156,2025-07-14,79.0,UPI
PAY001607,I001865,C0156,2025-08-22,79.0,UPI
PAY001608,I001866,C0156,2025-09-19,79.0,Credit Card
PAY001609,I001867,C0156,2025-10-17,79.0,UPI
PAY001610,I001868,C0156,2025-11-19,79.0,Debit Card
PAY001611,I001869,C0156,2025-12-21,79.0,Bank Transfer
PAY001612,I001870,C0156,2026-01-27,79.0,UPI
PAY001613,I001872,C0156,2026-03-17,79.0,Credit Card
PAY001614,I001873,C0156,2026-04-12,79.0,Debit Card
PAY001615,I001874,C0156,2026-05-25,79.0,UPI
PAY001616,I001875,C0156,2026-06-17,79.0,UPI
PAY001617,I001876,C0156,2026-07-29,79.0,Bank Transfer
PAY001618,I001877,C0156,2026-08-20,79.0,Bank Transfer
PAY001619,I001878,C0156,2026-09-14,79.0,UPI
PAY001620,I001879,C0157,2025-01-11,199.0,Credit Card
PAY001621,I001880,C0157,2025-02-06,199.0,Bank Transfer
PAY001622,I001881,C0157,2025-03-18,199.0,UPI
PAY001623,I001882,C0157,2025-04-06,199.0,Bank Transfer
PAY001624,I001883,C0157,2025-05-12,199.0,UPI
PAY001625,I001884,C0157,2025-06-11,199.0,UPI
PAY001626,I001885,C0157,2025-07-11,199.0,UPI
PAY001627,I001886,C0157,2025-08-03,199.0,UPI
PAY001628,I001888,C0158,2025-03-09,948.0,UPI
PAY001629,I001889,C0159,2024-01-25,29.0,Debit Card
PAY001630,I001890,C0159,2024-03-02,29.0,Credit Card
PAY001631,I001891,C0159,2024-03-26,29.0,UPI
PAY001632,I001892,C0159,2024-05-10,29.0,UPI
PAY001633,I001894,C0159,2024-06-30,29.0,UPI
PAY001634,I001895,C0159,2024-07-31,29.0,UPI
PAY001635,I001896,C0159,2024-09-13,29.0,Bank Transfer
PAY001636,I001897,C0159,2024-10-11,29.0,Debit Card
PAY001637,I001898,C0159,2024-11-07,29.0,Credit Card
PAY001638,I001900,C0159,2025-01-09,29.0,Credit Card
PAY001639,I001901,C0159,2025-02-10,29.0,Debit Card
PAY001640,I001902,C0159,2025-03-16,29.0,Credit Card
PAY001641,I001903,C0159,2024-09-17,29.0,Debit Card
PAY001642,I001904,C0159,2024-10-18,29.0,Bank Transfer
PAY001643,I001905,C0159,2024-11-02,29.0,UPI
PAY001644,I001906,C0159,2024-12-15,29.0,Bank Transfer
PAY001645,I001907,C0159,2025-01-10,29.0,Credit Card
PAY001646,I001908,C0159,2025-02-08,29.0,Bank Transfer
PAY001647,I001910,C0159,2025-04-13,29.0,Bank Transfer
PAY001648,I001912,C0159,2025-06-17,29.0,Bank Transfer
PAY001649,I001914,C0159,2025-08-05,29.0,Credit Card
PAY001650,I001915,C0159,2025-09-11,29.0,UPI
PAY001651,I001916,C0159,2025-10-06,29.0,Debit Card
PAY001652,I001918,C0159,2025-12-13,29.0,Debit Card
PAY001653,I001919,C0159,2026-01-19,29.0,Credit Card
PAY001654,I001920,C0159,2026-02-18,29.0,Bank Transfer
PAY001655,I001921,C0159,2026-03-16,29.0,Bank Transfer
PAY001656,I001922,C0159,2026-04-11,29.0,UPI
PAY001657,I001923,C0159,2026-05-15,29.0,Credit Card
PAY001658,I001924,C0159,2026-06-15,29.0,Bank Transfer
PAY001659,I001925,C0159,2026-07-06,29.0,UPI
PAY001660,I001926,C0159,2026-08-19,29.0,UPI
PAY001661,I001927,C0160,2023-12-15,2388.0,Credit Card
PAY001662,I001929,C0161,2025-08-16,348.0,Credit Card
PAY001663,I001930,C0162,2024-09-23,199.0,UPI
PAY001664,I001931,C0162,2024-10-13,199.0,Bank Transfer
PAY001665,I001932,C0162,2024-11-12,199.0,Debit Card
PAY001666,I001933,C0162,2024-12-10,199.0,Debit Card
PAY001667,I001935,C0162,2025-02-14,199.0,Bank Transfer
PAY001668,I001936,C0162,2025-03-17,199.0,Debit Card
PAY001669,I001937,C0162,2025-04-12,199.0,Bank Transfer
PAY001670,I001938,C0162,2025-05-18,199.0,Bank Transfer
PAY001671,I001939,C0162,2025-06-19,199.0,Debit Card
PAY001672,I001941,C0162,2025-08-06,199.0,Credit Card
PAY001673,I001943,C0162,2025-10-08,199.0,Bank Transfer
PAY001674,I001944,C0162,2025-11-13,199.0,UPI
PAY001675,I001947,C0164,2023-07-14,499.0,Debit Card
PAY001676,I001948,C0164,2023-08-11,499.0,Credit Card
PAY001677,I001949,C0164,2023-09-13,499.0,Credit Card
PAY001678,I001950,C0164,2023-10-27,499.0,Credit Card
PAY001679,I001951,C0164,2023-11-24,499.0,UPI
PAY001680,I001952,C0164,2023-12-24,499.0,Credit Card
PAY001681,I001953,C0164,2024-01-22,499.0,Bank Transfer
PAY001682,I001954,C0164,2024-02-19,499.0,Credit Card
PAY001683,I001955,C0164,2024-03-26,499.0,UPI
PAY001684,I001956,C0164,2024-04-28,499.0,Credit Card
PAY001685,I001957,C0164,2024-05-23,499.0,Debit Card
PAY001686,I001959,C0164,2024-07-22,499.0,Credit Card
PAY001687,I001960,C0164,2024-08-30,499.0,Credit Card
PAY001688,I001961,C0164,2024-09-20,499.0,Debit Card
PAY001689,I001962,C0164,2024-10-12,499.0,Debit Card
PAY001690,I001964,C0164,2024-07-31,29.0,UPI
PAY001691,I001965,C0164,2024-09-13,29.0,UPI
PAY001692,I001969,C0164,2024-12-28,29.0,Debit Card
PAY001693,I001971,C0165,2024-06-28,29.0,Bank Transfer
PAY001694,I001972,C0165,2024-07-23,29.0,Bank Transfer
PAY001695,I001973,C0165,2024-09-01,29.0,UPI
PAY001696,I001974,C0165,2024-09-29,29.0,UPI
PAY001697,I001975,C0165,2024-10-17,29.0,Debit Card
PAY001698,I001976,C0165,2024-11-18,29.0,Credit Card
PAY001699,I001977,C0165,2024-12-22,29.0,UPI
PAY001700,I001978,C0165,2025-01-14,29.0,Bank Transfer
PAY001701,I001979,C0165,2025-03-03,29.0,Bank Transfer
PAY001702,I001980,C0165,2025-03-22,29.0,UPI
PAY001703,I001982,C0165,2025-06-01,29.0,Bank Transfer
PAY001704,I001984,C0165,2025-07-15,29.0,Debit Card
PAY001705,I001985,C0165,2025-08-16,29.0,Debit Card
PAY001706,I001987,C0165,2025-10-13,29.0,Bank Transfer
PAY001707,I001988,C0165,2025-11-22,29.0,Bank Transfer
PAY001708,I001989,C0165,2025-12-22,29.0,Credit Card
PAY001709,I001990,C0165,2026-01-13,29.0,Credit Card
PAY001710,I001991,C0165,2026-02-15,29.0,Credit Card
PAY001711,I001992,C0165,2026-03-27,29.0,Credit Card
PAY001712,I001993,C0165,2026-05-02,29.0,Debit Card
PAY001713,I001994,C0166,2025-04-16,348.0,UPI
PAY001714,I001995,C0166,2026-04-12,348.0,UPI
PAY001715,I001996,C0167,2023-08-19,29.0,Debit Card
PAY001716,I001997,C0167,2023-09-18,29.0,Bank Transfer
PAY001717,I001998,C0167,2023-10-18,29.0,Credit Card
PAY001718,I001999,C0167,2023-11-17,29.0,UPI
PAY001719,I002000,C0167,2024-01-01,29.0,Credit Card
PAY001720,I002001,C0167,2024-01-26,29.0,UPI
PAY001721,I002002,C0167,2024-02-26,29.0,Debit Card
PAY001722,I002003,C0167,2024-03-22,29.0,Debit Card
PAY001723,I002004,C0167,2024-04-27,29.0,Credit Card
PAY001724,I002005,C0167,2024-05-17,29.0,UPI
PAY001725,I002006,C0167,2024-05-03,79.0,Debit Card
PAY001726,I002008,C0167,2024-07-02,79.0,Credit Card
PAY001727,I002011,C0167,2024-09-30,79.0,Bank Transfer
PAY001728,I002012,C0167,2024-10-31,79.0,Credit Card
PAY001729,I002013,C0167,2024-11-24,79.0,Bank Transfer
PAY001730,I002014,C0167,2024-12-25,79.0,UPI
PAY001731,I002015,C0167,2025-01-24,79.0,UPI
PAY001732,I002016,C0167,2025-03-09,79.0,Debit Card
PAY001733,I002017,C0167,2025-03-29,79.0,Bank Transfer
PAY001734,I002018,C0167,2025-05-08,79.0,Credit Card
PAY001735,I002019,C0167,2025-06-04,79.0,Credit Card
PAY001736,I002020,C0167,2025-06-21,79.0,Credit Card
PAY001737,I002021,C0167,2025-08-07,79.0,Bank Transfer
PAY001738,I002022,C0167,2025-09-04,79.0,Credit Card
PAY001739,I002024,C0167,2025-11-04,79.0,UPI
PAY001740,I002025,C0167,2025-12-07,79.0,UPI
PAY001741,I002026,C0167,2026-01-02,79.0,Credit Card
PAY001742,I002028,C0167,2026-03-09,79.0,Credit Card
PAY001743,I002029,C0167,2026-03-27,79.0,Credit Card
PAY001744,I002032,C0168,2023-08-07,29.0,UPI
PAY001745,I002033,C0168,2023-08-31,29.0,UPI
PAY001746,I002034,C0168,2023-09-28,29.0,UPI
PAY001747,I002035,C0168,2023-10-19,29.0,Bank Transfer
PAY001748,I002036,C0168,2023-11-21,29.0,Credit Card
PAY001749,I002037,C0168,2023-12-21,29.0,Credit Card
PAY001750,I002038,C0168,2024-01-31,29.0,UPI
PAY001751,I002039,C0168,2024-03-04,29.0,Credit Card
PAY001752,I002042,C0168,2024-06-04,29.0,UPI
PAY001753,I002043,C0168,2024-07-01,29.0,Credit Card
PAY001754,I002044,C0168,2024-07-28,29.0,UPI
PAY001755,I002046,C0168,2024-09-25,29.0,Credit Card
PAY001756,I002047,C0168,2024-10-26,29.0,Bank Transfer
PAY001757,I002048,C0168,2024-11-22,29.0,Credit Card
PAY001758,I002049,C0168,2024-12-26,29.0,Debit Card
PAY001759,I002050,C0168,2025-01-19,29.0,UPI
PAY001760,I002051,C0168,2025-03-05,29.0,Debit Card
PAY001761,I002052,C0168,2025-03-21,29.0,Credit Card
PAY001762,I002053,C0168,2025-05-08,29.0,Bank Transfer
PAY001763,I002054,C0169,2025-05-09,29.0,UPI
PAY001764,I002056,C0169,2025-07-06,29.0,Bank Transfer
PAY001765,I002057,C0169,2025-08-14,29.0,Credit Card
PAY001766,I002058,C0169,2025-09-11,29.0,UPI
PAY001767,I002059,C0170,2025-03-27,948.0,UPI
PAY001768,I002060,C0170,2026-04-07,948.0,UPI
PAY001769,I002061,C0171,2026-03-18,79.0,Debit Card
PAY001770,I002062,C0171,2026-04-26,79.0,Credit Card
PAY001771,I002063,C0171,2026-05-25,79.0,Credit Card
PAY001772,I002064,C0171,2026-07-07,79.0,Credit Card
PAY001773,I002065,C0171,2026-08-04,79.0,Credit Card
PAY001774,I002066,C0171,2026-08-28,79.0,UPI
PAY001775,I002069,C0172,2026-03-28,29.0,Bank Transfer
PAY001776,I002070,C0172,2026-04-23,29.0,Bank Transfer
PAY001777,I002072,C0172,2026-06-25,29.0,Credit Card
PAY001778,I002073,C0172,2026-07-28,29.0,Debit Card
PAY001779,I002074,C0172,2026-08-24,29.0,UPI
PAY001780,I002075,C0172,2026-09-15,29.0,Credit Card
PAY001781,I002076,C0173,2026-01-09,2388.0,Bank Transfer
PAY001782,I002077,C0174,2023-04-29,79.0,Bank Transfer
PAY001783,I002078,C0174,2023-05-21,79.0,Credit Card
PAY001784,I002080,C0174,2023-07-27,79.0,Debit Card
PAY001785,I002081,C0174,2023-08-18,79.0,UPI
PAY001786,I002082,C0174,2023-09-23,79.0,Debit Card
PAY001787,I002083,C0174,2023-10-30,79.0,Debit Card
PAY001788,I002084,C0174,2023-11-19,79.0,UPI
PAY001789,I002085,C0174,2023-12-18,79.0,UPI
PAY001790,I002086,C0174,2024-01-14,79.0,UPI
PAY001791,I002087,C0174,2024-03-03,79.0,UPI
PAY001792,I002088,C0174,2024-03-25,79.0,Bank Transfer
PAY001793,I002089,C0174,2024-04-24,79.0,Bank Transfer
PAY001794,I002090,C0174,2024-05-29,79.0,Credit Card
PAY001795,I002091,C0174,2024-06-19,79.0,UPI
PAY001796,I002093,C0174,2024-09-01,79.0,UPI
PAY001797,I002094,C0174,2024-09-26,79.0,UPI
PAY001798,I002096,C0174,2024-11-23,79.0,Debit Card
PAY001799,I002097,C0174,2024-12-15,79.0,Credit Card
PAY001800,I002098,C0174,2025-01-15,79.0,Credit Card
PAY001801,I002099,C0174,2025-03-01,79.0,Credit Card
PAY001802,I002100,C0174,2025-03-14,79.0,Credit Card
PAY001803,I002101,C0175,2025-05-31,79.0,Credit Card
PAY001804,I002102,C0175,2025-07-03,79.0,UPI
PAY001805,I002103,C0175,2025-08-03,79.0,Bank Transfer
PAY001806,I002104,C0175,2025-08-20,79.0,Bank Transfer
PAY001807,I002105,C0175,2025-09-28,79.0,UPI
PAY001808,I002106,C0175,2025-10-31,79.0,Bank Transfer
PAY001809,I002107,C0175,2025-11-22,79.0,UPI
PAY001810,I002108,C0175,2025-12-23,79.0,UPI
PAY001811,I002110,C0175,2026-03-07,79.0,Bank Transfer
PAY001812,I002111,C0175,2026-03-27,79.0,UPI
PAY001813,I002112,C0175,2026-04-30,79.0,Credit Card
PAY001814,I002113,C0175,2026-06-03,79.0,Bank Transfer
PAY001815,I002114,C0175,2026-07-07,79.0,UPI
PAY001816,I002115,C0175,2026-07-21,79.0,Credit Card
PAY001817,I002116,C0175,2026-08-27,79.0,Debit Card
PAY001818,I002117,C0175,2026-09-23,79.0,UPI
PAY001819,I002118,C0176,2024-11-13,348.0,UPI
PAY001820,I002119,C0176,2025-11-04,348.0,Credit Card
PAY001821,I002121,C0177,2023-11-12,79.0,Credit Card
PAY001822,I002122,C0177,2023-12-13,79.0,Credit Card
PAY001823,I002123,C0177,2024-01-13,79.0,Debit Card
PAY001824,I002124,C0177,2024-02-17,79.0,Debit Card
PAY001825,I002125,C0177,2024-03-18,79.0,Debit Card
PAY001826,I002126,C0177,2024-04-01,79.0,Credit Card
PAY001827,I002127,C0177,2024-05-06,79.0,UPI
PAY001828,I002128,C0177,2024-06-08,79.0,Credit Card
PAY001829,I002129,C0177,2024-07-02,79.0,Credit Card
PAY001830,I002130,C0177,2024-08-07,79.0,Bank Transfer
PAY001831,I002131,C0177,2024-09-03,79.0,Bank Transfer
PAY001832,I002132,C0177,2024-10-16,79.0,Bank Transfer
PAY001833,I002133,C0177,2024-11-14,79.0,Bank Transfer
PAY001834,I002134,C0177,2024-12-10,79.0,Credit Card
PAY001835,I002135,C0177,2025-01-07,79.0,Bank Transfer
PAY001836,I002136,C0177,2025-02-13,79.0,Debit Card
PAY001837,I002138,C0177,2025-03-31,79.0,Credit Card
PAY001838,I002139,C0177,2025-05-09,79.0,Debit Card
PAY001839,I002140,C0177,2025-06-11,79.0,Credit Card
PAY001840,I002142,C0177,2025-08-11,79.0,Credit Card
PAY001841,I002145,C0179,2026-03-20,79.0,UPI
PAY001842,I002147,C0179,2026-06-04,79.0,Debit Card
PAY001843,I002148,C0179,2026-07-05,79.0,Bank Transfer
PAY001844,I002149,C0179,2026-08-02,79.0,Bank Transfer
PAY001845,I002150,C0179,2026-08-26,79.0,Bank Transfer
PAY001846,I002151,C0179,2026-09-24,79.0,Debit Card
PAY001847,I002152,C0180,2023-07-19,79.0,Debit Card
PAY001848,I002153,C0180,2023-08-19,79.0,Debit Card
PAY001849,I002154,C0180,2023-09-17,79.0,UPI
PAY001850,I002155,C0180,2023-10-12,79.0,Bank Transfer
PAY001851,I002156,C0180,2023-11-04,79.0,Debit Card
PAY001852,I002157,C0180,2023-12-21,79.0,UPI
PAY001853,I002158,C0180,2024-01-17,79.0,Bank Transfer
PAY001854,I002161,C0180,2024-04-12,79.0,UPI
PAY001855,I002162,C0180,2024-05-06,79.0,Debit Card
PAY001856,I002164,C0180,2024-07-19,79.0,UPI
PAY001857,I002165,C0180,2024-08-04,79.0,Credit Card
PAY001858,I002166,C0180,2024-09-03,79.0,Bank Transfer
PAY001859,I002167,C0180,2024-10-18,79.0,Bank Transfer
PAY001860,I002169,C0180,2024-12-22,79.0,Bank Transfer
PAY001861,I002170,C0180,2025-01-05,79.0,Debit Card
PAY001862,I002171,C0180,2025-02-17,79.0,Debit Card
PAY001863,I002172,C0180,2025-03-03,79.0,UPI
PAY001864,I002173,C0180,2025-04-06,79.0,Credit Card
PAY001865,I002174,C0180,2025-05-11,79.0,Credit Card
PAY001866,I002176,C0181,2025-11-26,199.0,Debit Card
PAY001867,I002177,C0181,2025-12-31,199.0,Credit Card
PAY001868,I002178,C0181,2026-01-19,199.0,UPI
PAY001869,I002179,C0181,2026-02-23,199.0,Bank Transfer
PAY001870,I002180,C0181,2026-03-19,199.0,UPI
PAY001871,I002181,C0181,2026-05-04,199.0,Bank Transfer
PAY001872,I002182,C0181,2026-06-05,199.0,Debit Card
PAY001873,I002183,C0181,2026-06-27,199.0,UPI
PAY001874,I002184,C0181,2026-08-04,199.0,Debit Card
PAY001875,I002185,C0181,2026-09-01,199.0,Debit Card
PAY001876,I002186,C0181,2026-09-26,199.0,Credit Card
PAY001877,I002187,C0182,2026-02-23,29.0,UPI
PAY001878,I002188,C0182,2026-03-17,29.0,Bank Transfer
PAY001879,I002189,C0182,2026-05-04,29.0,UPI
PAY001880,I002191,C0182,2026-06-25,29.0,UPI
PAY001881,I002192,C0182,2026-07-24,29.0,Credit Card
PAY001882,I002193,C0182,2026-08-26,29.0,Credit Card
PAY001883,I002194,C0182,2026-10-01,29.0,Bank Transfer
PAY001884,I002195,C0183,2023-10-24,948.0,Credit Card
PAY001885,I002197,C0184,2023-07-06,29.0,Bank Transfer
PAY001886,I002198,C0184,2023-07-27,29.0,Debit Card
PAY001887,I002199,C0184,2023-08-30,29.0,Debit Card
PAY001888,I002200,C0184,2023-10-02,29.0,UPI
PAY001889,I002201,C0184,2023-10-31,29.0,Debit Card
PAY001890,I002202,C0184,2023-11-29,29.0,Bank Transfer
PAY001891,I002203,C0184,2023-12-27,29.0,UPI
PAY001892,I002204,C0184,2024-02-14,29.0,Credit Card
PAY001893,I002205,C0185,2023-03-05,29.0,Bank Transfer
PAY001894,I002206,C0185,2023-04-09,29.0,Credit Card
PAY001895,I002207,C0185,2023-05-08,29.0,Debit Card
PAY001896,I002208,C0185,2023-06-03,29.0,Debit Card
PAY001897,I002209,C0185,2023-07-11,29.0,Bank Transfer
PAY001898,I002210,C0185,2023-08-05,29.0,Credit Card
PAY001899,I002211,C0185,2023-09-03,29.0,Debit Card
PAY001900,I002212,C0185,2023-10-02,29.0,Debit Card
PAY001901,I002213,C0185,2023-11-05,29.0,UPI
PAY001902,I002214,C0185,2023-12-13,29.0,Credit Card
PAY001903,I002217,C0185,2024-03-13,29.0,Credit Card
PAY001904,I002218,C0185,2024-03-30,29.0,UPI
PAY001905,I002220,C0185,2024-06-15,29.0,Bank Transfer
PAY001906,I002221,C0185,2024-07-05,29.0,Debit Card
PAY001907,I002222,C0185,2024-07-30,29.0,UPI
PAY001908,I002225,C0185,2024-11-12,29.0,Credit Card
PAY001909,I002226,C0185,2024-12-05,29.0,Credit Card
PAY001910,I002227,C0185,2024-12-29,29.0,Bank Transfer
PAY001911,I002228,C0185,2025-02-15,29.0,Debit Card
PAY001912,I002229,C0186,2023-11-08,79.0,Bank Transfer
PAY001913,I002231,C0186,2024-01-15,79.0,UPI
PAY001914,I002234,C0186,2024-04-08,79.0,Bank Transfer
PAY001915,I002235,C0186,2024-05-12,79.0,UPI
PAY001916,I002236,C0186,2024-06-22,79.0,Credit Card
PAY001917,I002237,C0186,2024-07-18,79.0,UPI
PAY001918,I002238,C0186,2024-08-23,79.0,UPI
PAY001919,I002239,C0186,2024-09-11,79.0,UPI
PAY001920,I002240,C0186,2025-02-07,948.0,UPI
PAY001921,I002241,C0186,2026-01-23,948.0,Debit Card
PAY001922,I002244,C0188,2026-02-07,29.0,Debit Card
PAY001923,I002246,C0188,2026-04-10,29.0,Bank Transfer
PAY001924,I002249,C0188,2026-07-19,29.0,Debit Card
PAY001925,I002250,C0188,2026-08-05,29.0,UPI
PAY001926,I002251,C0188,2026-09-21,29.0,UPI
PAY001927,I002252,C0189,2024-12-07,948.0,UPI
PAY001928,I002253,C0189,2025-12-14,948.0,Credit Card
PAY001929,I002254,C0190,2023-03-31,79.0,Debit Card
PAY001930,I002255,C0190,2023-05-05,79.0,Bank Transfer
PAY001931,I002256,C0190,2023-05-29,79.0,Debit Card
PAY001932,I002257,C0190,2023-07-01,79.0,Credit Card
PAY001933,I002258,C0190,2023-08-05,79.0,UPI
PAY001934,I002259,C0190,2023-09-01,79.0,Bank Transfer
PAY001935,I002260,C0190,2023-10-05,79.0,Credit Card
PAY001936,I002261,C0190,2023-11-08,79.0,Bank Transfer
PAY001937,I002263,C0190,2023-12-29,79.0,Debit Card
PAY001938,I002265,C0190,2024-03-11,79.0,UPI
PAY001939,I002267,C0190,2024-04-29,79.0,Credit Card
PAY001940,I002268,C0190,2024-06-05,79.0,Credit Card
PAY001941,I002269,C0190,2024-07-07,79.0,Credit Card
PAY001942,I002270,C0190,2024-07-30,79.0,Bank Transfer
PAY001943,I002272,C0190,2024-09-26,79.0,Bank Transfer
PAY001944,I002273,C0190,2024-11-09,79.0,Debit Card
PAY001945,I002274,C0190,2024-11-29,79.0,Credit Card
PAY001946,I002275,C0190,2025-01-08,79.0,Debit Card
PAY001947,I002276,C0190,2025-01-29,79.0,UPI
PAY001948,I002278,C0191,2023-09-23,348.0,UPI
PAY001949,I002280,C0192,2025-03-06,199.0,UPI
PAY001950,I002281,C0192,2025-04-12,199.0,UPI
PAY001951,I002282,C0192,2025-05-06,199.0,UPI
PAY001952,I002283,C0192,2025-06-13,199.0,Debit Card
PAY001953,I002284,C0192,2025-07-18,199.0,Debit Card
PAY001954,I002285,C0193,2025-07-03,29.0,Credit Card
PAY001955,I002287,C0193,2025-08-20,29.0,UPI
PAY001956,I002288,C0193,2025-09-23,29.0,Debit Card
PAY001957,I002289,C0193,2025-10-26,29.0,Debit Card
PAY001958,I002290,C0193,2025-11-26,29.0,UPI
PAY001959,I002291,C0193,2025-12-18,29.0,Credit Card
PAY001960,I002292,C0193,2026-01-22,29.0,UPI
PAY001961,I002293,C0193,2026-02-20,29.0,Credit Card
PAY001962,I002294,C0193,2026-03-20,29.0,Debit Card
PAY001963,I002295,C0193,2026-04-26,29.0,UPI
PAY001964,I002296,C0193,2026-05-27,29.0,Credit Card
PAY001965,I002297,C0193,2026-06-19,29.0,UPI
PAY001966,I002298,C0193,2026-07-18,29.0,Credit Card
PAY001967,I002299,C0193,2026-08-15,29.0,Bank Transfer
PAY001968,I002300,C0193,2026-09-18,29.0,UPI
PAY001969,I002302,C0194,2023-09-06,199.0,Debit Card
PAY001970,I002303,C0194,2023-09-30,199.0,UPI
PAY001971,I002304,C0194,2023-11-15,199.0,Debit Card
PAY001972,I002305,C0194,2023-12-10,199.0,Debit Card
PAY001973,I002306,C0194,2024-01-06,199.0,Bank Transfer
PAY001974,I002307,C0194,2024-02-14,199.0,Debit Card
PAY001975,I002308,C0194,2024-03-17,199.0,Credit Card
PAY001976,I002309,C0194,2024-04-09,199.0,Bank Transfer
PAY001977,I002310,C0194,2024-05-03,199.0,Credit Card
PAY001978,I002311,C0194,2024-05-29,199.0,Bank Transfer
PAY001979,I002312,C0194,2024-07-03,199.0,Credit Card
PAY001980,I002313,C0194,2024-08-05,199.0,Bank Transfer
PAY001981,I002315,C0194,2024-09-30,199.0,UPI
PAY001982,I002316,C0194,2024-11-03,199.0,UPI
PAY001983,I002317,C0194,2024-12-01,199.0,Debit Card
PAY001984,I002318,C0194,2024-12-31,199.0,UPI
PAY001985,I002319,C0194,2025-02-08,199.0,Credit Card
PAY001986,I002320,C0194,2025-03-09,199.0,Credit Card
PAY001987,I002321,C0194,2025-04-03,199.0,UPI
PAY001988,I002322,C0194,2025-04-30,199.0,Credit Card
PAY001989,I002323,C0194,2025-06-01,199.0,UPI
PAY001990,I002324,C0194,2025-07-11,199.0,Credit Card
PAY001991,I002325,C0195,2025-04-11,348.0,UPI
PAY001992,I002326,C0195,2026-04-02,348.0,UPI
PAY001993,I002328,C0196,2024-09-16,199.0,Bank Transfer
PAY001994,I002329,C0196,2024-10-18,199.0,UPI
PAY001995,I002330,C0196,2024-11-19,199.0,Debit Card
PAY001996,I002331,C0196,2024-12-09,199.0,UPI
PAY001997,I002332,C0196,2025-01-01,199.0,Credit Card
PAY001998,I002334,C0196,2025-03-03,199.0,Debit Card
PAY001999,I002335,C0196,2025-04-17,199.0,UPI
PAY002000,I002336,C0196,2025-05-17,199.0,Bank Transfer
PAY002001,I002337,C0196,2025-06-11,199.0,Bank Transfer
PAY002002,I002338,C0196,2025-07-11,199.0,Debit Card
PAY002003,I002339,C0196,2025-08-05,199.0,Debit Card
PAY002004,I002340,C0196,2025-09-11,199.0,UPI
PAY002005,I002341,C0196,2025-10-16,199.0,Bank Transfer
PAY002006,I002342,C0196,2025-11-05,199.0,Bank Transfer
PAY002007,I002343,C0196,2025-12-03,199.0,Bank Transfer
PAY002008,I002344,C0196,2026-01-11,199.0,Debit Card
PAY002009,I002345,C0196,2026-02-16,199.0,Debit Card
PAY002010,I002347,C0196,2026-04-06,199.0,Credit Card
PAY002011,I002348,C0196,2026-05-12,199.0,Bank Transfer
PAY002012,I002349,C0196,2026-06-16,199.0,Debit Card
PAY002013,I002351,C0196,2026-08-13,199.0,UPI
PAY002014,I002352,C0197,2024-04-02,499.0,Credit Card
PAY002015,I002353,C0197,2024-04-29,499.0,Credit Card
PAY002016,I002354,C0197,2024-05-28,499.0,UPI
PAY002017,I002355,C0197,2024-06-24,499.0,Credit Card
PAY002018,I002356,C0197,2024-08-03,499.0,Debit Card
PAY002019,I002357,C0197,2024-09-03,499.0,UPI
PAY002020,I002358,C0197,2024-09-26,499.0,Debit Card
PAY002021,I002359,C0197,2024-10-30,499.0,UPI
PAY002022,I002360,C0197,2024-12-04,499.0,UPI
PAY002023,I002362,C0197,2025-02-04,499.0,UPI
PAY002024,I002363,C0197,2025-01-25,79.0,Bank Transfer
PAY002025,I002364,C0197,2025-02-23,79.0,Bank Transfer
PAY002026,I002365,C0197,2025-03-11,79.0,Debit Card
PAY002027,I002367,C0197,2025-05-09,79.0,Debit Card
PAY002028,I002368,C0198,2024-04-10,948.0,Bank Transfer
PAY002029,I002369,C0198,2025-04-09,948.0,Credit Card
PAY002030,I002370,C0199,2025-08-28,79.0,UPI
PAY002031,I002371,C0199,2025-10-12,79.0,UPI
PAY002032,I002373,C0199,2025-12-10,79.0,Bank Transfer
PAY002033,I002374,C0199,2026-01-12,79.0,Bank Transfer
PAY002034,I002375,C0199,2026-02-13,79.0,Bank Transfer
PAY002035,I002376,C0199,2026-03-10,79.0,Bank Transfer
PAY002036,I002377,C0199,2026-03-27,79.0,Debit Card
PAY002037,I002379,C0199,2026-06-12,79.0,Bank Transfer
PAY002038,I002380,C0199,2026-06-27,79.0,UPI
PAY002039,I002381,C0199,2026-08-13,79.0,Debit Card
PAY002040,I002382,C0199,2026-09-13,79.0,Credit Card
PAY002041,I002388,C0200,2024-08-27,79.0,Credit Card
PAY002042,I002389,C0200,2024-10-02,79.0,Credit Card
PAY002043,I002390,C0200,2024-10-23,79.0,Bank Transfer
PAY002044,I002391,C0200,2024-11-30,79.0,Bank Transfer
PAY002045,I002392,C0200,2025-01-04,79.0,Bank Transfer
PAY002046,I002393,C0200,2025-02-02,79.0,Bank Transfer
PAY002047,I002394,C0200,2025-03-07,79.0,UPI
PAY002048,I002395,C0200,2025-03-30,79.0,Debit Card
PAY002049,I002396,C0200,2025-04-16,79.0,Bank Transfer
PAY002050,I002397,C0200,2025-05-23,79.0,Debit Card
PAY002051,I002398,C0200,2025-06-17,79.0,Bank Transfer
PAY002052,I002400,C0200,2025-08-30,79.0,Debit Card
PAY002053,I002401,C0200,2025-09-28,79.0,UPI
PAY002054,I002403,C0200,2025-11-21,79.0,Bank Transfer
PAY002055,I002404,C0200,2025-12-23,79.0,Credit Card
PAY002056,I002405,C0200,2026-01-18,79.0,Debit Card
PAY002057,I002406,C0200,2026-02-26,79.0,Credit Card
PAY002058,I002407,C0200,2026-04-04,79.0,Bank Transfer
PAY002059,I002408,C0201,2024-01-12,29.0,Debit Card
PAY002060,I002409,C0201,2024-02-22,29.0,UPI
PAY002061,I002410,C0201,2024-03-06,29.0,UPI
PAY002062,I002411,C0201,2024-04-15,29.0,UPI
PAY002063,I002412,C0201,2024-05-20,29.0,Bank Transfer
PAY002064,I002414,C0201,2024-07-10,29.0,Debit Card
PAY002065,I002415,C0201,2024-08-24,29.0,UPI
PAY002066,I002416,C0201,2024-09-11,29.0,Debit Card
PAY002067,I002418,C0201,2024-11-07,29.0,Credit Card
PAY002068,I002419,C0201,2024-12-22,29.0,UPI
PAY002069,I002420,C0201,2025-01-18,29.0,Bank Transfer
PAY002070,I002422,C0201,2025-03-17,29.0,Bank Transfer
PAY002071,I002423,C0201,2025-04-14,29.0,Debit Card
PAY002072,I002424,C0201,2025-05-12,29.0,Credit Card
PAY002073,I002425,C0201,2025-06-12,29.0,Bank Transfer
PAY002074,I002426,C0201,2025-07-07,29.0,UPI
PAY002075,I002427,C0201,2025-08-11,29.0,Bank Transfer
PAY002076,I002428,C0201,2025-09-21,29.0,UPI
PAY002077,I002429,C0201,2025-10-18,29.0,Credit Card
PAY002078,I002430,C0201,2025-11-17,29.0,Bank Transfer
PAY002079,I002431,C0201,2025-12-21,29.0,Debit Card
PAY002080,I002434,C0202,2025-08-28,29.0,Credit Card
PAY002081,I002435,C0202,2025-09-25,29.0,Bank Transfer
PAY002082,I002436,C0202,2025-10-18,29.0,UPI
PAY002083,I002437,C0202,2025-11-21,29.0,Debit Card
PAY002084,I002439,C0202,2026-01-28,29.0,Debit Card
PAY002085,I002440,C0202,2026-02-27,29.0,UPI
PAY002086,I002441,C0202,2026-03-31,29.0,Debit Card
PAY002087,I002442,C0202,2026-04-18,29.0,Debit Card
PAY002088,I002443,C0202,2026-06-06,29.0,Bank Transfer
PAY002089,I002444,C0202,2026-06-29,29.0,Debit Card
PAY002090,I002446,C0202,2026-08-31,29.0,Credit Card
PAY002091,I002447,C0202,2026-09-18,29.0,Credit Card
PAY002092,I002448,C0203,2025-07-27,499.0,Credit Card
PAY002093,I002449,C0203,2025-08-17,499.0,Credit Card
PAY002094,I002450,C0203,2025-09-18,499.0,UPI
PAY002095,I002451,C0203,2025-10-17,499.0,Debit Card
PAY002096,I002452,C0203,2025-11-13,499.0,Credit Card
PAY002097,I002453,C0203,2025-12-13,499.0,UPI
PAY002098,I002455,C0203,2026-02-12,499.0,UPI
PAY002099,I002456,C0203,2026-03-22,499.0,UPI
PAY002100,I002457,C0203,2026-04-29,499.0,Debit Card
PAY002101,I002458,C0203,2026-05-30,499.0,UPI
PAY002102,I002459,C0203,2026-06-17,499.0,UPI
PAY002103,I002460,C0203,2026-07-23,499.0,Bank Transfer
PAY002104,I002462,C0204,2023-05-30,79.0,Bank Transfer
PAY002105,I002463,C0204,2023-07-01,79.0,Credit Card
PAY002106,I002464,C0204,2023-07-25,79.0,Debit Card
PAY002107,I002465,C0204,2023-08-29,79.0,UPI
PAY002108,I002466,C0204,2023-09-27,79.0,Credit Card
PAY002109,I002467,C0204,2023-11-05,79.0,UPI
PAY002110,I002468,C0204,2023-12-04,79.0,Bank Transfer
PAY002111,I002469,C0204,2024-01-04,79.0,Bank Transfer
PAY002112,I002470,C0204,2024-02-01,79.0,UPI
PAY002113,I002471,C0204,2024-02-28,79.0,Debit Card
PAY002114,I002472,C0204,2024-03-23,79.0,Debit Card
PAY002115,I002473,C0205,2024-01-13,29.0,Bank Transfer
PAY002116,I002474,C0205,2024-02-13,29.0,Credit Card
PAY002117,I002475,C0205,2024-03-03,29.0,Credit Card
PAY002118,I002476,C0205,2024-04-18,29.0,Debit Card
PAY002119,I002477,C0205,2024-05-18,29.0,Debit Card
PAY002120,I002478,C0205,2024-06-16,29.0,UPI
PAY002121,I002479,C0205,2024-07-20,29.0,Debit Card
PAY002122,I002480,C0205,2024-08-16,29.0,UPI
PAY002123,I002481,C0205,2024-09-17,29.0,Bank Transfer
PAY002124,I002483,C0205,2024-11-03,29.0,Debit Card
PAY002125,I002484,C0205,2024-12-17,29.0,Credit Card
PAY002126,I002485,C0206,2025-07-11,948.0,Debit Card
PAY002127,I002486,C0206,2026-07-07,948.0,Debit Card
PAY002128,I002488,C0206,2025-12-16,79.0,Debit Card
PAY002129,I002489,C0206,2026-01-29,79.0,UPI
PAY002130,I002490,C0206,2026-02-14,79.0,Credit Card
PAY002131,I002491,C0206,2026-03-24,79.0,Credit Card
PAY002132,I002492,C0206,2026-04-19,79.0,Credit Card
PAY002133,I002493,C0206,2026-05-20,79.0,Credit Card
PAY002134,I002494,C0206,2026-06-22,79.0,Credit Card
PAY002135,I002495,C0206,2026-07-13,79.0,Credit Card
PAY002136,I002496,C0206,2026-08-11,79.0,Debit Card
PAY002137,I002497,C0206,2026-09-23,79.0,UPI
PAY002138,I002498,C0207,2023-07-05,79.0,Debit Card
PAY002139,I002499,C0207,2023-08-21,79.0,Bank Transfer
PAY002140,I002500,C0207,2023-09-15,79.0,Debit Card
PAY002141,I002501,C0207,2023-10-09,79.0,Bank Transfer
PAY002142,I002502,C0207,2023-11-22,79.0,Credit Card
PAY002143,I002503,C0207,2023-12-13,79.0,UPI
PAY002144,I002504,C0207,2024-01-18,79.0,Credit Card
PAY002145,I002508,C0207,2024-05-04,79.0,Bank Transfer
PAY002146,I002509,C0207,2024-06-19,79.0,Debit Card
PAY002147,I002510,C0207,2024-07-15,79.0,Debit Card
PAY002148,I002512,C0207,2024-09-15,79.0,UPI
PAY002149,I002513,C0207,2024-10-21,79.0,Debit Card
PAY002150,I002514,C0207,2024-11-16,79.0,UPI
PAY002151,I002515,C0207,2024-12-22,79.0,Bank Transfer
PAY002152,I002516,C0207,2025-01-03,79.0,Debit Card
PAY002153,I002517,C0207,2025-02-21,79.0,Debit Card
PAY002154,I002518,C0207,2025-03-17,79.0,UPI
PAY002155,I002519,C0207,2025-04-09,79.0,UPI
PAY002156,I002520,C0207,2025-05-06,79.0,Bank Transfer
PAY002157,I002521,C0207,2025-06-04,79.0,UPI
PAY002158,I002522,C0208,2024-04-29,348.0,Credit Card
PAY002159,I002523,C0208,2025-04-16,348.0,Credit Card
PAY002160,I002524,C0209,2024-10-25,29.0,Debit Card
PAY002161,I002525,C0209,2024-11-23,29.0,Debit Card
PAY002162,I002526,C0209,2024-12-15,29.0,Debit Card
PAY002163,I002527,C0209,2025-01-19,29.0,Bank Transfer
PAY002164,I002529,C0209,2025-03-28,29.0,Credit Card
PAY002165,I002530,C0209,2025-04-22,29.0,Credit Card
PAY002166,I002531,C0209,2025-05-27,29.0,Credit Card
PAY002167,I002532,C0209,2025-06-16,29.0,UPI
PAY002168,I002533,C0209,2025-07-23,29.0,Debit Card
PAY002169,I002534,C0209,2025-08-21,29.0,Credit Card
PAY002170,I002536,C0209,2025-11-03,29.0,UPI
PAY002171,I002537,C0209,2025-11-30,29.0,Credit Card
PAY002172,I002539,C0209,2026-01-16,29.0,Bank Transfer
PAY002173,I002540,C0209,2026-03-06,29.0,UPI
PAY002174,I002542,C0209,2026-05-03,29.0,Debit Card
PAY002175,I002543,C0209,2026-05-19,29.0,Credit Card
PAY002176,I002544,C0209,2026-07-01,29.0,Credit Card
PAY002177,I002545,C0209,2026-07-15,29.0,Credit Card
PAY002178,I002546,C0209,2026-09-03,29.0,Bank Transfer
PAY002179,I002547,C0209,2026-09-20,29.0,Bank Transfer
PAY002180,I002548,C0210,2025-02-01,948.0,UPI
PAY002181,I002549,C0210,2026-01-30,948.0,Bank Transfer
PAY002182,I002550,C0211,2024-07-07,79.0,Credit Card
PAY002183,I002551,C0211,2024-07-24,79.0,UPI
PAY002184,I002552,C0211,2024-09-05,79.0,Debit Card
PAY002185,I002553,C0211,2024-09-20,79.0,Debit Card
PAY002186,I002554,C0211,2024-11-04,79.0,UPI
PAY002187,I002557,C0211,2025-01-27,79.0,UPI
PAY002188,I002558,C0211,2025-03-06,79.0,Credit Card
PAY002189,I002559,C0211,2025-04-07,79.0,UPI
PAY002190,I002560,C0211,2025-04-29,79.0,Credit Card
PAY002191,I002561,C0211,2025-05-27,79.0,UPI
PAY002192,I002562,C0211,2025-06-21,79.0,Bank Transfer
PAY002193,I002563,C0211,2025-07-31,79.0,Debit Card
PAY002194,I002564,C0211,2025-09-08,79.0,UPI
PAY002195,I002565,C0211,2025-10-09,79.0,Bank Transfer
PAY002196,I002566,C0211,2025-11-06,79.0,Credit Card
PAY002197,I002567,C0211,2025-12-01,79.0,Bank Transfer
PAY002198,I002568,C0211,2026-01-07,79.0,Credit Card
PAY002199,I002569,C0211,2026-02-03,79.0,Credit Card
PAY002200,I002570,C0211,2026-03-01,79.0,Bank Transfer
PAY002201,I002572,C0211,2026-04-22,79.0,UPI
PAY002202,I002573,C0211,2026-05-31,79.0,UPI
PAY002203,I002574,C0212,2025-03-15,79.0,Credit Card
PAY002204,I002575,C0212,2025-04-20,79.0,Bank Transfer
PAY002205,I002576,C0212,2025-05-20,79.0,Credit Card
PAY002206,I002577,C0212,2025-06-12,79.0,Bank Transfer
PAY002207,I002578,C0212,2025-07-31,79.0,Debit Card
PAY002208,I002579,C0212,2025-08-25,79.0,UPI
PAY002209,I002580,C0212,2025-09-28,79.0,Debit Card
PAY002210,I002581,C0212,2025-10-20,79.0,Bank Transfer
PAY002211,I002582,C0212,2025-11-25,79.0,Debit Card
PAY002212,I002583,C0212,2025-12-23,79.0,Credit Card
PAY002213,I002585,C0212,2026-02-25,79.0,Bank Transfer
PAY002214,I002587,C0212,2026-04-22,79.0,Bank Transfer
PAY002215,I002588,C0212,2026-05-24,79.0,Debit Card
PAY002216,I002589,C0212,2026-06-29,79.0,UPI
PAY002217,I002590,C0212,2026-07-23,79.0,UPI
PAY002218,I002592,C0212,2026-09-19,79.0,Bank Transfer
PAY002219,I002593,C0213,2025-07-08,79.0,Credit Card
PAY002220,I002594,C0213,2025-08-08,79.0,Bank Transfer
PAY002221,I002595,C0213,2025-09-12,79.0,Debit Card
PAY002222,I002597,C0213,2025-11-20,79.0,Bank Transfer
PAY002223,I002598,C0213,2025-12-09,79.0,Credit Card
PAY002224,I002599,C0213,2026-01-15,79.0,Bank Transfer
PAY002225,I002600,C0213,2026-02-11,79.0,Bank Transfer
PAY002226,I002601,C0213,2026-03-15,79.0,Debit Card
PAY002227,I002602,C0213,2026-04-09,79.0,Debit Card
PAY002228,I002603,C0213,2026-05-26,79.0,Bank Transfer
PAY002229,I002604,C0213,2026-06-16,79.0,Debit Card
PAY002230,I002605,C0213,2026-07-25,79.0,Credit Card
PAY002231,I002606,C0213,2026-08-18,79.0,Bank Transfer
PAY002232,I002607,C0213,2026-09-21,79.0,UPI
PAY002233,I002608,C0214,2024-06-02,29.0,Bank Transfer
PAY002234,I002609,C0214,2024-07-11,29.0,UPI
PAY002235,I002610,C0214,2024-08-02,29.0,Credit Card
PAY002236,I002611,C0214,2024-09-01,29.0,Credit Card
PAY002237,I002612,C0214,2024-09-24,29.0,Credit Card
PAY002238,I002613,C0214,2024-10-25,29.0,Debit Card
PAY002239,I002614,C0214,2024-12-07,29.0,Bank Transfer
PAY002240,I002615,C0214,2025-01-10,29.0,Debit Card
PAY002241,I002616,C0214,2025-01-24,29.0,UPI
PAY002242,I002617,C0214,2025-03-10,29.0,Debit Card
PAY002243,I002618,C0214,2025-04-02,29.0,Credit Card
PAY002244,I002619,C0215,2024-09-21,79.0,Credit Card
PAY002245,I002620,C0215,2024-10-26,79.0,UPI
PAY002246,I002621,C0215,2024-12-09,79.0,Debit Card
PAY002247,I002622,C0215,2024-12-27,79.0,Bank Transfer
PAY002248,I002623,C0215,2025-02-08,79.0,Debit Card
PAY002249,I002625,C0215,2025-03-29,79.0,Credit Card
PAY002250,I002626,C0215,2025-05-03,79.0,Debit Card
PAY002251,I002627,C0215,2025-05-21,79.0,Debit Card
PAY002252,I002628,C0215,2025-06-23,79.0,UPI
PAY002253,I002629,C0215,2025-08-02,79.0,Bank Transfer
PAY002254,I002630,C0215,2025-09-07,79.0,Debit Card
PAY002255,I002631,C0215,2025-10-05,79.0,Credit Card
PAY002256,I002632,C0215,2025-11-08,79.0,Bank Transfer
PAY002257,I002635,C0215,2026-01-24,79.0,Credit Card
PAY002258,I002636,C0215,2026-02-26,79.0,Bank Transfer
PAY002259,I002638,C0215,2026-04-27,79.0,Bank Transfer
PAY002260,I002639,C0215,2026-05-22,79.0,Credit Card
PAY002261,I002640,C0215,2026-07-05,79.0,UPI
PAY002262,I002641,C0215,2026-07-22,79.0,Bank Transfer
PAY002263,I002642,C0215,2026-08-27,79.0,Bank Transfer
PAY002264,I002643,C0216,2025-10-07,79.0,Debit Card
PAY002265,I002644,C0216,2025-11-07,79.0,Bank Transfer
PAY002266,I002645,C0216,2025-12-05,79.0,Credit Card
PAY002267,I002646,C0216,2026-01-11,79.0,UPI
PAY002268,I002647,C0216,2026-02-07,79.0,Bank Transfer
PAY002269,I002648,C0216,2026-03-19,79.0,UPI
PAY002270,I002649,C0216,2026-04-08,79.0,Debit Card
PAY002271,I002650,C0216,2026-04-30,79.0,UPI
PAY002272,I002651,C0216,2026-06-04,79.0,Bank Transfer
PAY002273,I002652,C0216,2026-07-03,79.0,Credit Card
PAY002274,I002653,C0216,2026-08-07,79.0,Bank Transfer
PAY002275,I002654,C0216,2026-08-29,79.0,Debit Card
PAY002276,I002655,C0216,2026-10-01,79.0,UPI
PAY002277,I002656,C0217,2026-01-15,199.0,Credit Card
PAY002278,I002658,C0217,2026-03-17,199.0,Bank Transfer
PAY002279,I002659,C0217,2026-04-15,199.0,UPI
PAY002280,I002660,C0217,2026-05-05,199.0,Debit Card
PAY002281,I002662,C0217,2026-07-05,199.0,Bank Transfer
PAY002282,I002663,C0217,2026-08-14,199.0,Bank Transfer
PAY002283,I002664,C0217,2026-09-02,199.0,Debit Card
PAY002284,I002665,C0218,2025-07-06,79.0,Credit Card
PAY002285,I002666,C0218,2025-08-07,79.0,UPI
PAY002286,I002667,C0218,2025-09-10,79.0,Bank Transfer
PAY002287,I002669,C0218,2025-11-20,79.0,Credit Card
PAY002288,I002670,C0218,2025-12-17,79.0,UPI
PAY002289,I002672,C0218,2026-02-14,79.0,Bank Transfer
PAY002290,I002673,C0218,2026-03-19,79.0,UPI
PAY002291,I002675,C0218,2026-05-13,79.0,Bank Transfer
PAY002292,I002676,C0218,2026-06-07,79.0,Bank Transfer
PAY002293,I002677,C0218,2026-07-07,79.0,Credit Card
PAY002294,I002679,C0218,2026-09-07,79.0,Credit Card
PAY002295,I002680,C0219,2025-11-11,199.0,Debit Card
PAY002296,I002681,C0219,2025-12-04,199.0,Credit Card
PAY002297,I002682,C0219,2025-12-30,199.0,UPI
PAY002298,I002684,C0219,2026-03-18,199.0,Debit Card
PAY002299,I002685,C0219,2026-04-10,199.0,Debit Card
PAY002300,I002686,C0219,2026-05-16,199.0,Credit Card
PAY002301,I002690,C0219,2026-09-03,199.0,Debit Card
PAY002302,I002691,C0219,2026-10-17,199.0,Credit Card
PAY002303,I002692,C0220,2023-06-20,199.0,UPI
PAY002304,I002693,C0220,2023-07-17,199.0,Debit Card
PAY002305,I002694,C0220,2023-08-12,199.0,Credit Card
PAY002306,I002695,C0220,2023-09-16,199.0,Bank Transfer
PAY002307,I002696,C0220,2023-10-04,199.0,Credit Card
PAY002308,I002697,C0220,2023-11-02,199.0,Bank Transfer
PAY002309,I002698,C0220,2023-12-03,199.0,Debit Card
PAY002310,I002699,C0220,2024-01-02,199.0,Bank Transfer
PAY002311,I002700,C0220,2024-02-16,199.0,UPI
PAY002312,I002701,C0220,2024-03-07,199.0,Bank Transfer
PAY002313,I002703,C0220,2024-05-12,199.0,Debit Card
PAY002314,I002704,C0220,2024-06-19,199.0,Credit Card
PAY002315,I002705,C0220,2024-07-05,199.0,Bank Transfer
PAY002316,I002706,C0220,2024-07-14,29.0,Credit Card
PAY002317,I002707,C0220,2024-07-27,29.0,UPI
PAY002318,I002708,C0220,2024-09-12,29.0,Credit Card
PAY002319,I002709,C0220,2024-10-12,29.0,UPI
PAY002320,I002710,C0220,2024-11-07,29.0,Bank Transfer
PAY002321,I002711,C0220,2024-12-15,29.0,Debit Card
PAY002322,I002712,C0220,2025-01-07,29.0,Bank Transfer
PAY002323,I002713,C0220,2025-02-07,29.0,Bank Transfer
PAY002324,I002715,C0220,2025-04-15,29.0,Credit Card
PAY002325,I002716,C0220,2025-05-10,29.0,Credit Card
PAY002326,I002718,C0220,2025-07-03,29.0,UPI
PAY002327,I002719,C0220,2025-08-14,29.0,Debit Card
PAY002328,I002720,C0220,2025-09-13,29.0,Credit Card
PAY002329,I002721,C0220,2025-10-02,29.0,Bank Transfer
PAY002330,I002722,C0220,2025-11-14,29.0,Bank Transfer
PAY002331,I002723,C0220,2025-12-14,29.0,UPI
PAY002332,I002725,C0220,2026-01-31,29.0,UPI
PAY002333,I002727,C0220,2026-04-06,29.0,Credit Card
PAY002334,I002728,C0220,2026-05-04,29.0,Debit Card
PAY002335,I002729,C0220,2026-06-13,29.0,UPI
PAY002336,I002731,C0222,2024-04-19,948.0,Debit Card
PAY002337,I002732,C0222,2025-04-20,948.0,Credit Card
PAY002338,I002733,C0223,2026-02-26,29.0,Bank Transfer
PAY002339,I002734,C0223,2026-03-16,29.0,Credit Card
PAY002340,I002735,C0223,2026-04-10,29.0,Bank Transfer
PAY002341,I002736,C0223,2026-05-24,29.0,UPI
PAY002342,I002737,C0223,2026-06-24,29.0,UPI
PAY002343,I002738,C0223,2026-07-24,29.0,Debit Card
PAY002344,I002739,C0223,2026-08-20,29.0,Credit Card
PAY002345,I002740,C0223,2026-09-25,29.0,Debit Card
PAY002346,I002741,C0224,2023-10-08,199.0,UPI
PAY002347,I002742,C0224,2023-11-05,199.0,Credit Card
PAY002348,I002743,C0224,2023-11-28,199.0,Credit Card
PAY002349,I002744,C0224,2024-01-04,199.0,Debit Card
PAY002350,I002745,C0224,2024-01-31,199.0,Debit Card
PAY002351,I002746,C0224,2024-03-15,199.0,Credit Card
PAY002352,I002747,C0224,2024-03-31,199.0,Credit Card
PAY002353,I002748,C0224,2024-05-04,199.0,Bank Transfer
PAY002354,I002749,C0224,2024-06-12,199.0,UPI
PAY002355,I002750,C0224,2024-07-10,199.0,Bank Transfer
PAY002356,I002751,C0224,2024-08-03,199.0,Debit Card
PAY002357,I002753,C0224,2024-10-11,199.0,Credit Card
PAY002358,I002754,C0224,2024-11-04,199.0,Credit Card
PAY002359,I002755,C0224,2024-12-12,199.0,UPI
PAY002360,I002756,C0224,2025-01-04,199.0,Debit Card
PAY002361,I002757,C0224,2025-02-15,199.0,Credit Card
PAY002362,I002758,C0224,2025-03-12,199.0,Debit Card
PAY002363,I002759,C0224,2025-04-03,199.0,Credit Card
PAY002364,I002760,C0224,2025-04-30,199.0,UPI
PAY002365,I002761,C0224,2025-05-31,199.0,Debit Card
PAY002366,I002762,C0224,2025-07-01,199.0,Credit Card
PAY002367,I002763,C0224,2025-08-01,199.0,Bank Transfer
PAY002368,I002765,C0225,2026-04-15,948.0,Debit Card
PAY002369,I002766,C0226,2024-04-11,948.0,UPI
PAY002370,I002767,C0227,2023-04-17,948.0,Bank Transfer
PAY002371,I002768,C0227,2024-04-30,948.0,Credit Card
PAY002372,I002769,C0228,2023-06-28,29.0,UPI
PAY002373,I002770,C0228,2023-07-20,29.0,UPI
PAY002374,I002771,C0228,2023-08-26,29.0,UPI
PAY002375,I002772,C0228,2023-09-15,29.0,Credit Card
PAY002376,I002773,C0228,2023-10-14,29.0,Bank Transfer
PAY002377,I002774,C0228,2023-11-26,29.0,Credit Card
PAY002378,I002775,C0228,2023-12-12,29.0,Bank Transfer
PAY002379,I002776,C0228,2024-01-17,29.0,Debit Card
PAY002380,I002777,C0228,2024-02-22,29.0,UPI
PAY002381,I002780,C0228,2024-05-17,29.0,Credit Card
PAY002382,I002783,C0228,2024-08-22,29.0,UPI
PAY002383,I002785,C0228,2024-10-19,29.0,Bank Transfer
PAY002384,I002786,C0228,2024-11-11,29.0,Bank Transfer
PAY002385,I002787,C0228,2024-12-16,29.0,Credit Card
PAY002386,I002788,C0228,2025-01-19,29.0,UPI
PAY002387,I002789,C0228,2025-02-19,29.0,Debit Card
PAY002388,I002790,C0228,2025-03-30,29.0,Debit Card
PAY002389,I002792,C0228,2025-05-17,29.0,Bank Transfer
PAY002390,I002793,C0229,2024-01-02,348.0,Credit Card
PAY002391,I002794,C0229,2025-01-04,348.0,Bank Transfer
PAY002392,I002795,C0230,2024-03-11,199.0,Debit Card
PAY002393,I002797,C0230,2024-05-27,199.0,UPI
PAY002394,I002798,C0230,2024-06-24,199.0,Bank Transfer
PAY002395,I002799,C0230,2024-07-25,199.0,Bank Transfer
PAY002396,I002800,C0230,2024-08-19,199.0,Bank Transfer
PAY002397,I002802,C0230,2024-10-16,199.0,Bank Transfer
PAY002398,I002803,C0230,2024-11-23,199.0,Bank Transfer
PAY002399,I002804,C0230,2024-12-23,199.0,UPI
PAY002400,I002806,C0230,2025-02-23,199.0,Debit Card
PAY002401,I002807,C0230,2025-03-21,199.0,Debit Card
PAY002402,I002808,C0230,2025-04-18,199.0,UPI
PAY002403,I002809,C0230,2025-05-13,199.0,Credit Card
PAY002404,I002810,C0230,2025-06-15,199.0,Credit Card
PAY002405,I002811,C0230,2025-07-17,199.0,Credit Card
PAY002406,I002812,C0231,2025-05-07,2388.0,Bank Transfer
PAY002407,I002813,C0231,2026-05-11,2388.0,UPI
PAY002408,I002814,C0231,2026-08-10,29.0,UPI
PAY002409,I002815,C0231,2026-09-10,29.0,Credit Card
PAY002410,I002816,C0231,2026-10-02,29.0,Credit Card
PAY002411,I002817,C0232,2023-05-29,348.0,Debit Card
PAY002412,I002818,C0233,2026-03-06,79.0,Credit Card
PAY002413,I002819,C0233,2026-04-03,79.0,Debit Card
PAY002414,I002820,C0233,2026-05-07,79.0,UPI
PAY002415,I002821,C0233,2026-06-09,79.0,UPI
PAY002416,I002822,C0233,2026-07-17,79.0,Bank Transfer
PAY002417,I002823,C0233,2026-08-08,79.0,Bank Transfer
PAY002418,I002824,C0233,2026-09-07,79.0,UPI
PAY002419,I002826,C0234,2023-05-05,29.0,Credit Card
PAY002420,I002827,C0234,2023-06-13,29.0,Credit Card
PAY002421,I002828,C0234,2023-07-10,29.0,Bank Transfer
PAY002422,I002829,C0234,2023-08-03,29.0,UPI
PAY002423,I002830,C0234,2023-08-29,29.0,Bank Transfer
PAY002424,I002831,C0234,2023-09-29,29.0,Credit Card
PAY002425,I002833,C0234,2023-12-01,29.0,Debit Card
PAY002426,I002834,C0234,2023-12-28,29.0,Credit Card
PAY002427,I002835,C0234,2024-02-10,29.0,UPI
PAY002428,I002837,C0234,2024-03-29,29.0,Debit Card
PAY002429,I002838,C0234,2024-05-04,29.0,UPI
PAY002430,I002840,C0234,2024-06-28,29.0,Bank Transfer
PAY002431,I002841,C0234,2024-08-09,29.0,Credit Card
PAY002432,I002842,C0234,2024-08-30,29.0,Bank Transfer
PAY002433,I002843,C0234,2024-10-14,29.0,Bank Transfer
PAY002434,I002844,C0234,2024-11-04,29.0,Bank Transfer
PAY002435,I002845,C0234,2024-12-06,29.0,UPI
PAY002436,I002846,C0234,2025-01-09,29.0,Bank Transfer
PAY002437,I002847,C0234,2025-02-10,29.0,Debit Card
PAY002438,I002849,C0235,2023-07-02,29.0,Bank Transfer
PAY002439,I002851,C0235,2023-09-19,29.0,UPI
PAY002440,I002852,C0235,2023-10-17,29.0,Debit Card
PAY002441,I002853,C0235,2023-11-08,29.0,Credit Card
PAY002442,I002854,C0235,2023-12-18,29.0,Bank Transfer
PAY002443,I002855,C0235,2024-01-13,29.0,Debit Card
PAY002444,I002856,C0235,2024-02-13,29.0,Debit Card
PAY002445,I002857,C0235,2024-03-14,29.0,UPI
PAY002446,I002858,C0235,2024-04-18,29.0,Debit Card
PAY002447,I002859,C0235,2024-05-18,29.0,Bank Transfer
PAY002448,I002860,C0235,2024-06-11,29.0,Credit Card
PAY002449,I002861,C0235,2024-07-15,29.0,Debit Card
PAY002450,I002862,C0235,2024-08-05,29.0,Credit Card
PAY002451,I002867,C0235,2025-01-19,29.0,Debit Card
PAY002452,I002869,C0235,2025-03-15,29.0,Bank Transfer
PAY002453,I002870,C0235,2025-04-10,29.0,UPI
PAY002454,I002871,C0235,2025-05-11,29.0,Bank Transfer
PAY002455,I002872,C0235,2025-06-10,29.0,UPI
PAY002456,I002874,C0236,2024-02-13,29.0,Bank Transfer
PAY002457,I002875,C0236,2024-03-09,29.0,UPI
PAY002458,I002876,C0236,2024-04-18,29.0,Bank Transfer
PAY002459,I002877,C0236,2024-05-04,29.0,Bank Transfer
PAY002460,I002878,C0237,2023-05-12,29.0,Bank Transfer
PAY002461,I002879,C0237,2023-06-28,29.0,Bank Transfer
PAY002462,I002881,C0237,2023-08-10,29.0,UPI
PAY002463,I002882,C0237,2023-09-09,29.0,Debit Card
PAY002464,I002883,C0237,2023-10-13,29.0,Debit Card
PAY002465,I002884,C0237,2023-11-09,29.0,UPI
PAY002466,I002885,C0237,2023-12-27,29.0,Debit Card
PAY002467,I002886,C0237,2024-01-16,29.0,Credit Card
PAY002468,I002887,C0237,2024-02-15,29.0,Debit Card
PAY002469,I002888,C0237,2024-03-18,29.0,UPI
PAY002470,I002889,C0237,2024-04-21,29.0,Debit Card
PAY002471,I002890,C0237,2024-05-17,29.0,UPI
PAY002472,I002891,C0237,2024-06-10,29.0,Debit Card
PAY002473,I002892,C0237,2024-07-12,29.0,Debit Card
PAY002474,I002893,C0237,2024-08-13,29.0,UPI
PAY002475,I002894,C0237,2024-09-15,29.0,UPI
PAY002476,I002895,C0237,2024-10-19,29.0,Debit Card
PAY002477,I002896,C0237,2024-11-21,29.0,Credit Card
PAY002478,I002898,C0237,2025-01-10,29.0,UPI
PAY002479,I002900,C0237,2025-03-16,29.0,Debit Card
PAY002480,I002901,C0237,2025-04-26,29.0,UPI
PAY002481,I002902,C0238,2024-10-31,348.0,Bank Transfer
PAY002482,I002903,C0238,2025-11-01,348.0,Bank Transfer
PAY002483,I002904,C0239,2023-06-12,29.0,Credit Card
PAY002484,I002905,C0239,2023-07-01,29.0,Debit Card
PAY002485,I002906,C0239,2023-08-09,29.0,Debit Card
PAY002486,I002909,C0239,2023-11-04,29.0,Credit Card
PAY002487,I002910,C0239,2023-12-06,29.0,Credit Card
PAY002488,I002911,C0239,2024-01-17,29.0,Credit Card
PAY002489,I002912,C0239,2024-02-04,29.0,UPI
PAY002490,I002913,C0239,2024-03-03,29.0,UPI
PAY002491,I002914,C0239,2024-04-01,29.0,UPI
PAY002492,I002915,C0239,2024-05-07,29.0,Credit Card
PAY002493,I002916,C0239,2024-05-21,348.0,Bank Transfer
PAY002494,I002917,C0239,2025-06-07,348.0,Bank Transfer
PAY002495,I002918,C0240,2025-09-23,79.0,Debit Card
PAY002496,I002919,C0240,2025-10-22,79.0,Bank Transfer
PAY002497,I002920,C0240,2025-11-28,79.0,UPI
PAY002498,I002921,C0240,2025-12-26,79.0,Debit Card
PAY002499,I002922,C0240,2026-01-19,79.0,Credit Card
PAY002500,I002923,C0240,2026-02-15,79.0,Debit Card
PAY002501,I002924,C0241,2025-05-12,199.0,Bank Transfer
PAY002502,I002925,C0241,2025-06-19,199.0,Debit Card
PAY002503,I002926,C0241,2025-07-13,199.0,Credit Card
PAY002504,I002927,C0241,2025-08-10,199.0,Credit Card
PAY002505,I002929,C0241,2025-10-10,199.0,Debit Card
PAY002506,I002930,C0241,2025-11-04,199.0,UPI
PAY002507,I002931,C0241,2025-12-06,199.0,UPI
PAY002508,I002932,C0241,2026-01-06,199.0,Credit Card
PAY002509,I002935,C0241,2026-04-17,199.0,Credit Card
PAY002510,I002937,C0241,2026-06-16,199.0,UPI
PAY002511,I002938,C0241,2026-07-15,199.0,Bank Transfer
PAY002512,I002939,C0241,2026-08-10,199.0,Credit Card
PAY002513,I002940,C0241,2026-09-05,199.0,Credit Card
PAY002514,I002942,C0242,2024-11-07,79.0,Credit Card
PAY002515,I002943,C0242,2024-12-02,79.0,Debit Card
PAY002516,I002944,C0242,2024-12-28,79.0,Credit Card
PAY002517,I002945,C0242,2025-01-30,79.0,Credit Card
PAY002518,I002946,C0242,2025-03-09,79.0,Credit Card
PAY002519,I002947,C0242,2025-03-26,79.0,Debit Card
PAY002520,I002948,C0242,2025-05-04,79.0,Bank Transfer
PAY002521,I002949,C0242,2025-06-02,79.0,Credit Card
PAY002522,I002950,C0242,2025-06-20,79.0,Bank Transfer
PAY002523,I002952,C0242,2025-08-27,79.0,UPI
PAY002524,I002953,C0242,2025-09-27,79.0,Credit Card
PAY002525,I002954,C0242,2025-10-25,79.0,Bank Transfer
PAY002526,I002955,C0242,2025-11-30,79.0,UPI
PAY002527,I002956,C0242,2026-01-03,79.0,UPI
PAY002528,I002957,C0243,2024-04-02,199.0,Debit Card
PAY002529,I002958,C0243,2024-04-24,199.0,Debit Card
PAY002530,I002959,C0243,2024-06-08,199.0,UPI
PAY002531,I002960,C0243,2024-06-26,199.0,Debit Card
PAY002532,I002961,C0243,2024-07-28,199.0,UPI
PAY002533,I002962,C0243,2024-09-01,199.0,UPI
PAY002534,I002963,C0243,2024-09-29,199.0,Bank Transfer
PAY002535,I002964,C0243,2024-10-26,199.0,Bank Transfer
PAY002536,I002965,C0243,2024-11-23,199.0,Debit Card
PAY002537,I002966,C0243,2024-12-31,199.0,Bank Transfer
PAY002538,I002967,C0243,2025-02-05,199.0,UPI
PAY002539,I002968,C0243,2025-02-27,199.0,Credit Card
PAY002540,I002969,C0243,2025-07-15,2388.0,Debit Card
PAY002541,I002970,C0243,2026-07-23,2388.0,UPI
PAY002542,I002971,C0244,2025-06-03,79.0,UPI
PAY002543,I002973,C0244,2025-08-15,79.0,UPI
PAY002544,I002974,C0244,2025-09-03,79.0,Debit Card
PAY002545,I002975,C0244,2025-10-18,79.0,Debit Card
PAY002546,I002976,C0244,2025-11-19,79.0,Bank Transfer
PAY002547,I002977,C0244,2025-12-18,79.0,Debit Card
PAY002548,I002978,C0244,2026-01-16,79.0,Debit Card
PAY002549,I002979,C0244,2026-02-08,79.0,UPI
PAY002550,I002980,C0244,2026-03-04,79.0,Debit Card
PAY002551,I002981,C0244,2026-04-09,79.0,Bank Transfer
PAY002552,I002982,C0244,2026-05-06,79.0,Bank Transfer
PAY002553,I002983,C0244,2026-06-07,79.0,Bank Transfer
PAY002554,I002984,C0244,2026-07-15,79.0,Credit Card
PAY002555,I002986,C0244,2026-09-06,79.0,Credit Card
PAY002556,I002987,C0245,2023-10-28,199.0,UPI
PAY002557,I002988,C0245,2023-11-26,199.0,Credit Card
PAY002558,I002989,C0245,2024-01-09,199.0,UPI
PAY002559,I002990,C0245,2024-02-05,199.0,UPI
PAY002560,I002991,C0245,2024-03-07,199.0,UPI
PAY002561,I002992,C0245,2024-03-26,199.0,Credit Card
PAY002562,I002993,C0245,2024-04-23,199.0,Debit Card
PAY002563,I002994,C0245,2024-05-24,199.0,UPI
PAY002564,I002996,C0245,2024-07-25,199.0,UPI
PAY002565,I002998,C0245,2024-10-02,199.0,Debit Card
PAY002566,I002999,C0245,2024-11-07,199.0,Credit Card
PAY002567,I003000,C0245,2024-11-27,199.0,Bank Transfer
PAY002568,I003001,C0245,2024-12-24,199.0,Credit Card
PAY002569,I003002,C0245,2025-02-05,199.0,Debit Card
PAY002570,I003003,C0245,2025-03-06,199.0,Bank Transfer
PAY002571,I003004,C0245,2025-03-31,199.0,Bank Transfer
PAY002572,I003005,C0245,2025-05-03,199.0,Bank Transfer
PAY002573,I003006,C0245,2025-05-24,199.0,Debit Card
PAY002574,I003007,C0245,2025-06-27,199.0,Debit Card
PAY002575,I003008,C0245,2025-08-07,199.0,Bank Transfer
PAY002576,I003009,C0245,2025-08-26,199.0,Bank Transfer
PAY002577,I003010,C0245,2025-10-05,199.0,UPI
PAY002578,I003011,C0246,2026-03-20,79.0,Debit Card
PAY002579,I003012,C0246,2026-04-25,79.0,Bank Transfer
PAY002580,I003013,C0246,2026-05-22,79.0,Debit Card
PAY002581,I003014,C0246,2026-06-20,79.0,Credit Card
PAY002582,I003015,C0246,2026-07-27,79.0,Debit Card
PAY002583,I003016,C0246,2026-08-28,79.0,Bank Transfer
PAY002584,I003017,C0246,2026-09-20,79.0,Debit Card
PAY002585,I003018,C0247,2023-09-19,948.0,Debit Card
PAY002586,I003019,C0247,2024-09-14,948.0,Bank Transfer
PAY002587,I003020,C0248,2025-06-05,348.0,UPI
PAY002588,I003021,C0248,2026-06-14,348.0,UPI
PAY002589,I003023,C0249,2026-07-02,29.0,Bank Transfer
PAY002590,I003024,C0249,2026-08-05,29.0,Bank Transfer
PAY002591,I003025,C0249,2026-09-17,29.0,Bank Transfer
PAY002592,I003026,C0250,2025-09-03,79.0,Credit Card
PAY002593,I003027,C0250,2025-10-02,79.0,UPI
PAY002594,I003028,C0250,2025-11-15,79.0,Debit Card
PAY002595,I003029,C0250,2025-12-02,79.0,Debit Card
PAY002596,I003031,C0250,2026-02-14,79.0,UPI
PAY002597,I003032,C0250,2026-03-02,79.0,Credit Card
PAY002598,I003033,C0250,2026-04-15,79.0,Debit Card
PAY002599,I003034,C0250,2026-05-10,79.0,Debit Card
PAY002600,I003035,C0250,2026-06-15,79.0,Credit Card
PAY002601,I003036,C0250,2026-07-17,79.0,Credit Card
PAY002602,I003037,C0250,2026-08-17,79.0,Bank Transfer
PAY002603,I003038,C0250,2026-09-07,79.0,Debit Card
PAY002604,I003039,C0251,2025-11-25,29.0,UPI
PAY002605,I003040,C0251,2025-12-31,29.0,Debit Card
PAY002606,I003041,C0251,2026-01-16,29.0,UPI
PAY002607,I003042,C0251,2026-02-18,29.0,Credit Card
PAY002608,I003043,C0251,2026-03-14,29.0,Credit Card
PAY002609,I003044,C0251,2026-04-22,29.0,UPI
PAY002610,I003045,C0251,2026-05-22,29.0,Credit Card
PAY002611,I003046,C0251,2026-06-18,29.0,Bank Transfer
PAY002612,I003048,C0251,2026-05-09,79.0,UPI
PAY002613,I003049,C0251,2026-06-09,79.0,Debit Card
PAY002614,I003050,C0251,2026-07-09,79.0,Credit Card
PAY002615,I003051,C0251,2026-07-26,79.0,Credit Card
PAY002616,I003052,C0251,2026-08-29,79.0,Bank Transfer
PAY002617,I003054,C0252,2025-03-04,499.0,Bank Transfer
PAY002618,I003055,C0252,2025-03-28,499.0,UPI
PAY002619,I003056,C0252,2025-04-30,499.0,UPI
PAY002620,I003057,C0252,2025-05-29,499.0,UPI
PAY002621,I003058,C0252,2025-07-07,499.0,UPI
PAY002622,I003059,C0252,2025-08-03,499.0,Debit Card
PAY002623,I003060,C0252,2025-09-02,499.0,Bank Transfer
PAY002624,I003061,C0252,2025-09-29,499.0,Credit Card
PAY002625,I003062,C0252,2025-10-31,499.0,Bank Transfer
PAY002626,I003063,C0252,2025-12-11,499.0,UPI
PAY002627,I003064,C0252,2026-01-12,499.0,Credit Card
PAY002628,I003066,C0252,2026-03-11,499.0,Credit Card
PAY002629,I003067,C0252,2026-04-02,499.0,Debit Card
PAY002630,I003068,C0252,2026-05-13,499.0,UPI
PAY002631,I003069,C0252,2026-05-28,499.0,Debit Card
PAY002632,I003071,C0252,2026-08-15,499.0,Debit Card
PAY002633,I003073,C0252,2026-10-09,499.0,UPI
PAY002634,I003074,C0253,2025-09-19,79.0,Bank Transfer
PAY002635,I003075,C0253,2025-10-14,79.0,Debit Card
PAY002636,I003076,C0253,2025-11-25,79.0,Credit Card
PAY002637,I003077,C0253,2025-12-24,79.0,UPI
PAY002638,I003078,C0253,2026-01-15,79.0,Debit Card
PAY002639,I003079,C0253,2026-02-25,79.0,Bank Transfer
PAY002640,I003080,C0253,2026-03-28,79.0,Credit Card
PAY002641,I003081,C0253,2026-04-20,79.0,Bank Transfer
PAY002642,I003083,C0253,2026-07-19,948.0,Debit Card
PAY002643,I003084,C0254,2025-06-24,29.0,Debit Card
PAY002644,I003085,C0254,2025-07-23,29.0,Credit Card
PAY002645,I003086,C0254,2025-08-17,29.0,Credit Card
PAY002646,I003087,C0254,2025-09-19,29.0,Debit Card
PAY002647,I003088,C0254,2025-10-10,29.0,Credit Card
PAY002648,I003089,C0254,2025-11-18,29.0,UPI
PAY002649,I003090,C0254,2025-12-14,29.0,UPI
PAY002650,I003091,C0254,2026-01-09,29.0,Credit Card
PAY002651,I003092,C0254,2026-02-17,29.0,Credit Card
PAY002652,I003093,C0254,2026-03-10,29.0,Debit Card
PAY002653,I003095,C0254,2026-05-22,29.0,UPI
PAY002654,I003096,C0254,2026-06-09,29.0,Bank Transfer
PAY002655,I003097,C0254,2026-07-25,29.0,UPI
PAY002656,I003098,C0254,2026-08-23,29.0,UPI
PAY002657,I003099,C0254,2026-09-17,29.0,Credit Card
PAY002658,I003101,C0255,2026-06-08,948.0,UPI
PAY002659,I003102,C0256,2023-03-12,199.0,Debit Card
PAY002660,I003103,C0256,2023-04-30,199.0,Bank Transfer
PAY002661,I003104,C0256,2023-05-25,199.0,UPI
PAY002662,I003106,C0256,2023-07-25,199.0,Debit Card
PAY002663,I003107,C0256,2023-08-28,199.0,Debit Card
PAY002664,I003108,C0256,2023-09-22,199.0,Credit Card
PAY002665,I003109,C0256,2023-10-24,199.0,Credit Card
PAY002666,I003110,C0256,2023-11-28,199.0,Debit Card
PAY002667,I003111,C0256,2023-12-29,199.0,Debit Card
PAY002668,I003112,C0256,2024-01-13,199.0,Bank Transfer
PAY002669,I003113,C0256,2024-03-01,199.0,UPI
PAY002670,I003114,C0256,2024-03-17,199.0,UPI
PAY002671,I003115,C0256,2024-04-26,199.0,Debit Card
PAY002672,I003117,C0256,2024-06-15,199.0,Credit Card
PAY002673,I003118,C0256,2024-07-11,199.0,UPI
PAY002674,I003119,C0256,2024-08-23,199.0,Bank Transfer
PAY002675,I003121,C0256,2024-10-16,199.0,Credit Card
PAY002676,I003122,C0256,2024-11-16,199.0,Bank Transfer
PAY002677,I003123,C0256,2024-12-29,199.0,Debit Card
PAY002678,I003124,C0256,2025-01-15,199.0,Bank Transfer
PAY002679,I003125,C0256,2025-02-14,199.0,Credit Card
PAY002680,I003126,C0257,2024-10-03,199.0,Debit Card
PAY002681,I003127,C0257,2024-10-30,199.0,UPI
PAY002682,I003128,C0257,2024-12-04,199.0,Bank Transfer
PAY002683,I003129,C0257,2024-12-28,199.0,UPI
PAY002684,I003130,C0257,2025-01-27,199.0,UPI
PAY002685,I003132,C0257,2025-03-30,199.0,Bank Transfer
PAY002686,I003133,C0257,2025-04-24,199.0,Credit Card
PAY002687,I003134,C0257,2025-05-21,199.0,Bank Transfer
PAY002688,I003135,C0257,2025-07-02,199.0,UPI
PAY002689,I003136,C0257,2025-08-03,199.0,Debit Card
PAY002690,I003137,C0257,2025-09-01,199.0,Credit Card
PAY002691,I003138,C0257,2025-09-29,199.0,Bank Transfer
PAY002692,I003139,C0257,2025-11-04,199.0,Credit Card
PAY002693,I003140,C0257,2025-11-28,199.0,UPI
PAY002694,I003141,C0257,2026-01-01,199.0,Credit Card
PAY002695,I003142,C0257,2026-01-31,199.0,Bank Transfer
PAY002696,I003143,C0257,2026-02-25,199.0,Credit Card
PAY002697,I003144,C0257,2026-03-29,199.0,Debit Card
PAY002698,I003145,C0257,2026-04-24,199.0,Debit Card
PAY002699,I003146,C0257,2026-05-30,199.0,Credit Card
PAY002700,I003147,C0257,2026-06-18,199.0,UPI
PAY002701,I003148,C0257,2026-08-02,199.0,Credit Card
PAY002702,I003150,C0258,2025-06-01,948.0,Bank Transfer
PAY002703,I003151,C0258,2026-05-31,948.0,Debit Card
PAY002704,I003152,C0259,2026-02-14,29.0,Credit Card
PAY002705,I003153,C0259,2026-03-17,29.0,Debit Card
PAY002706,I003154,C0259,2026-04-27,29.0,Bank Transfer
PAY002707,I003156,C0259,2026-06-09,29.0,UPI
PAY002708,I003158,C0259,2026-08-09,29.0,Debit Card
PAY002709,I003159,C0259,2026-09-16,29.0,Debit Card
PAY002710,I003161,C0259,2026-06-14,79.0,UPI
PAY002711,I003162,C0259,2026-07-19,79.0,Credit Card
PAY002712,I003164,C0259,2026-09-10,79.0,UPI
PAY002713,I003166,C0260,2025-04-30,948.0,Debit Card
PAY002714,I003167,C0261,2023-04-15,348.0,Bank Transfer
PAY002715,I003168,C0261,2023-11-22,29.0,Bank Transfer
PAY002716,I003169,C0261,2023-12-16,29.0,Bank Transfer
PAY002717,I003170,C0261,2024-01-19,29.0,Credit Card
PAY002718,I003171,C0261,2024-02-27,29.0,Bank Transfer
PAY002719,I003172,C0261,2024-03-16,29.0,Bank Transfer
PAY002720,I003173,C0261,2024-04-22,29.0,UPI
PAY002721,I003175,C0261,2024-06-14,29.0,Debit Card
PAY002722,I003176,C0261,2024-07-10,29.0,Credit Card
PAY002723,I003177,C0261,2024-08-18,29.0,Debit Card
PAY002724,I003178,C0261,2024-09-20,29.0,Credit Card
PAY002725,I003180,C0261,2024-11-14,29.0,Credit Card
PAY002726,I003181,C0261,2024-12-23,29.0,Credit Card
PAY002727,I003182,C0261,2025-01-09,29.0,UPI
PAY002728,I003183,C0261,2025-02-11,29.0,Debit Card
PAY002729,I003184,C0261,2025-03-17,29.0,Credit Card
PAY002730,I003185,C0261,2025-04-12,29.0,UPI
PAY002731,I003186,C0261,2025-05-15,29.0,Debit Card
PAY002732,I003187,C0261,2025-06-16,29.0,Debit Card
PAY002733,I003188,C0261,2025-07-28,29.0,UPI
PAY002734,I003189,C0261,2025-08-11,29.0,Debit Card
PAY002735,I003190,C0261,2025-09-19,29.0,Credit Card
PAY002736,I003191,C0261,2025-10-23,29.0,Credit Card
PAY002737,I003193,C0262,2024-07-27,199.0,Bank Transfer
PAY002738,I003194,C0262,2024-08-27,199.0,Debit Card
PAY002739,I003195,C0262,2024-09-20,199.0,Bank Transfer
PAY002740,I003197,C0262,2024-11-21,199.0,Credit Card
PAY002741,I003198,C0262,2024-12-13,199.0,UPI
PAY002742,I003199,C0262,2025-01-16,199.0,UPI
PAY002743,I003201,C0262,2025-03-17,199.0,Bank Transfer
PAY002744,I003203,C0262,2025-05-30,199.0,Bank Transfer
PAY002745,I003204,C0262,2025-11-02,79.0,Bank Transfer
PAY002746,I003205,C0262,2025-12-04,79.0,Credit Card
PAY002747,I003206,C0262,2025-12-21,79.0,UPI
PAY002748,I003207,C0262,2026-01-27,79.0,Debit Card
PAY002749,I003208,C0262,2026-03-05,79.0,Debit Card
PAY002750,I003209,C0262,2026-03-30,79.0,Bank Transfer
PAY002751,I003210,C0262,2026-05-07,79.0,Credit Card
PAY002752,I003211,C0262,2026-05-27,79.0,Credit Card
PAY002753,I003213,C0263,2024-11-05,2388.0,UPI
PAY002754,I003214,C0264,2025-01-09,29.0,UPI
PAY002755,I003215,C0264,2025-02-18,29.0,UPI
PAY002756,I003216,C0264,2025-03-22,29.0,UPI
PAY002757,I003217,C0264,2025-04-21,29.0,Credit Card
PAY002758,I003218,C0264,2025-05-14,29.0,Debit Card
PAY002759,I003220,C0264,2025-07-15,29.0,Debit Card
PAY002760,I003221,C0264,2025-08-12,29.0,Debit Card
PAY002761,I003223,C0264,2025-10-10,29.0,UPI
PAY002762,I003224,C0264,2025-11-20,29.0,UPI
PAY002763,I003225,C0264,2025-12-12,29.0,Debit Card
PAY002764,I003226,C0264,2026-01-22,29.0,Credit Card
PAY002765,I003227,C0264,2026-02-14,29.0,Debit Card
PAY002766,I003228,C0264,2026-03-25,29.0,Credit Card
PAY002767,I003229,C0264,2026-04-21,29.0,Debit Card
PAY002768,I003230,C0264,2026-05-26,29.0,Credit Card
PAY002769,I003232,C0264,2026-07-10,29.0,UPI
PAY002770,I003233,C0264,2026-08-26,29.0,Bank Transfer
PAY002771,I003234,C0264,2026-09-18,29.0,Debit Card
PAY002772,I003235,C0265,2024-12-27,29.0,Debit Card
PAY002773,I003236,C0265,2025-02-04,29.0,Bank Transfer
PAY002774,I003237,C0265,2025-03-15,29.0,Debit Card
PAY002775,I003238,C0265,2025-04-14,29.0,Debit Card
PAY002776,I003239,C0265,2025-05-03,29.0,UPI
PAY002777,I003241,C0265,2025-07-02,29.0,Bank Transfer
PAY002778,I003242,C0265,2025-08-06,29.0,UPI
PAY002779,I003243,C0265,2025-09-13,29.0,UPI
PAY002780,I003245,C0265,2025-11-11,29.0,Debit Card
PAY002781,I003246,C0265,2025-12-14,29.0,Credit Card
PAY002782,I003247,C0265,2026-01-05,29.0,Bank Transfer
PAY002783,I003249,C0265,2026-03-12,29.0,Bank Transfer
PAY002784,I003250,C0265,2026-04-04,29.0,Credit Card
PAY002785,I003251,C0265,2026-04-27,29.0,Bank Transfer
PAY002786,I003252,C0265,2026-06-01,29.0,Bank Transfer
PAY002787,I003253,C0265,2026-07-01,29.0,UPI
PAY002788,I003254,C0265,2026-08-14,29.0,Bank Transfer
PAY002789,I003255,C0265,2026-09-03,29.0,UPI
PAY002790,I003256,C0265,2026-10-14,29.0,Bank Transfer
PAY002791,I003257,C0266,2025-06-07,79.0,Credit Card
PAY002792,I003258,C0266,2025-07-01,79.0,Debit Card
PAY002793,I003259,C0266,2025-07-22,79.0,Debit Card
PAY002794,I003260,C0266,2025-09-08,79.0,Credit Card
PAY002795,I003261,C0266,2025-09-24,79.0,Debit Card
PAY002796,I003262,C0266,2025-11-02,79.0,Credit Card
PAY002797,I003263,C0267,2023-07-14,199.0,Bank Transfer
PAY002798,I003264,C0267,2023-08-21,199.0,Debit Card
PAY002799,I003265,C0267,2023-09-13,199.0,Debit Card
PAY002800,I003266,C0267,2023-10-15,199.0,Credit Card
PAY002801,I003267,C0267,2023-11-29,199.0,UPI
PAY002802,I003268,C0267,2023-12-19,199.0,UPI
PAY002803,I003269,C0267,2024-01-30,199.0,Bank Transfer
PAY002804,I003270,C0267,2024-02-21,199.0,Bank Transfer
PAY002805,I003271,C0267,2024-03-15,199.0,Credit Card
PAY002806,I003272,C0267,2024-04-25,199.0,Bank Transfer
PAY002807,I003273,C0267,2024-05-21,199.0,Bank Transfer
PAY002808,I003274,C0267,2024-06-19,199.0,Bank Transfer
PAY002809,I003275,C0267,2024-07-13,199.0,UPI
PAY002810,I003276,C0267,2024-08-17,199.0,UPI
PAY002811,I003277,C0267,2024-09-28,199.0,Credit Card
PAY002812,I003278,C0267,2024-10-13,199.0,Debit Card
PAY002813,I003279,C0267,2024-11-27,199.0,Debit Card
PAY002814,I003280,C0267,2024-12-11,199.0,Debit Card
PAY002815,I003281,C0267,2025-01-19,199.0,Bank Transfer
PAY002816,I003282,C0267,2025-02-16,199.0,Bank Transfer
PAY002817,I003283,C0267,2025-03-23,199.0,Debit Card
PAY002818,I003284,C0267,2025-04-19,199.0,Credit Card
PAY002819,I003285,C0267,2025-05-15,199.0,Debit Card
PAY002820,I003286,C0267,2025-06-29,199.0,Debit Card
PAY002821,I003287,C0268,2023-05-28,948.0,Credit Card
PAY002822,I003288,C0268,2024-05-20,948.0,Debit Card
PAY002823,I003289,C0269,2023-12-11,948.0,UPI
PAY002824,I003290,C0269,2024-12-30,948.0,Credit Card
PAY002825,I003291,C0270,2025-10-12,948.0,Debit Card
PAY002826,I003292,C0271,2024-05-31,79.0,UPI
PAY002827,I003293,C0271,2024-07-05,79.0,Debit Card
PAY002828,I003295,C0271,2024-08-22,79.0,UPI
PAY002829,I003296,C0271,2024-09-24,79.0,Credit Card
PAY002830,I003297,C0271,2024-10-21,79.0,Debit Card
PAY002831,I003298,C0271,2024-11-22,79.0,Credit Card
PAY002832,I003299,C0271,2024-12-24,79.0,Debit Card
PAY002833,I003301,C0271,2025-03-08,79.0,Bank Transfer
PAY002834,I003302,C0271,2025-03-30,79.0,Credit Card
PAY002835,I003303,C0271,2025-04-20,79.0,Credit Card
PAY002836,I003304,C0271,2025-05-22,79.0,Debit Card
PAY002837,I003305,C0271,2025-07-04,79.0,Debit Card
PAY002838,I003306,C0271,2025-07-20,79.0,Credit Card
PAY002839,I003307,C0271,2025-08-22,79.0,Credit Card
PAY002840,I003309,C0271,2025-11-01,79.0,Bank Transfer
PAY002841,I003310,C0271,2025-11-26,79.0,Debit Card
PAY002842,I003312,C0271,2026-02-02,79.0,Debit Card
PAY002843,I003313,C0271,2026-03-07,79.0,Credit Card
PAY002844,I003314,C0271,2026-03-30,79.0,Bank Transfer
PAY002845,I003315,C0271,2026-05-02,79.0,Bank Transfer
PAY002846,I003316,C0272,2023-08-02,29.0,Bank Transfer
PAY002847,I003317,C0272,2023-08-26,29.0,Bank Transfer
PAY002848,I003318,C0272,2023-10-01,29.0,Credit Card
PAY002849,I003320,C0272,2023-11-29,29.0,Credit Card
PAY002850,I003321,C0272,2024-01-03,29.0,Credit Card
PAY002851,I003322,C0272,2024-02-06,29.0,Credit Card
PAY002852,I003323,C0272,2024-03-06,29.0,UPI
PAY002853,I003324,C0272,2024-03-27,29.0,Bank Transfer
PAY002854,I003325,C0272,2024-04-29,29.0,Credit Card
PAY002855,I003326,C0272,2024-06-04,29.0,Debit Card
PAY002856,I003327,C0272,2024-07-09,29.0,Bank Transfer
PAY002857,I003328,C0272,2024-08-08,29.0,UPI
PAY002858,I003329,C0272,2024-09-02,29.0,Bank Transfer
PAY002859,I003330,C0272,2024-10-10,29.0,UPI
PAY002860,I003331,C0272,2024-05-27,2388.0,Credit Card
PAY002861,I003332,C0272,2025-05-16,2388.0,UPI
PAY002862,I003333,C0273,2024-08-02,29.0,Credit Card
PAY002863,I003334,C0273,2024-09-14,29.0,Credit Card
PAY002864,I003335,C0273,2024-10-08,29.0,Credit Card
PAY002865,I003336,C0273,2024-11-07,29.0,Debit Card
PAY002866,I003337,C0273,2024-12-11,29.0,Credit Card
PAY002867,I003338,C0273,2024-12-29,29.0,Bank Transfer
PAY002868,I003339,C0273,2025-02-08,29.0,Bank Transfer
PAY002869,I003340,C0273,2025-03-13,29.0,UPI
PAY002870,I003341,C0273,2025-03-29,29.0,Debit Card
PAY002871,I003342,C0273,2025-05-14,29.0,Debit Card
PAY002872,I003344,C0273,2025-07-14,29.0,Bank Transfer
PAY002873,I003345,C0273,2025-08-04,29.0,Bank Transfer
PAY002874,I003346,C0273,2025-09-02,29.0,Credit Card
PAY002875,I003347,C0273,2025-10-15,29.0,Bank Transfer
PAY002876,I003348,C0273,2025-10-30,29.0,UPI
PAY002877,I003350,C0273,2026-01-11,29.0,Bank Transfer
PAY002878,I003351,C0273,2026-01-31,29.0,UPI
PAY002879,I003352,C0273,2026-03-01,29.0,Credit Card
PAY002880,I003353,C0273,2026-04-11,29.0,Bank Transfer
PAY002881,I003354,C0273,2026-05-02,29.0,Credit Card
PAY002882,I003355,C0273,2026-06-02,29.0,UPI
PAY002883,I003356,C0273,2026-07-10,29.0,Bank Transfer
PAY002884,I003357,C0274,2023-07-26,199.0,Bank Transfer
PAY002885,I003358,C0274,2023-08-22,199.0,Bank Transfer
PAY002886,I003359,C0274,2023-09-26,199.0,Credit Card
PAY002887,I003360,C0274,2023-10-24,199.0,Debit Card
PAY002888,I003361,C0274,2023-11-17,199.0,UPI
PAY002889,I003362,C0274,2023-12-27,199.0,UPI
PAY002890,I003364,C0274,2024-02-19,199.0,Bank Transfer
PAY002891,I003365,C0275,2023-01-06,29.0,Debit Card
PAY002892,I003367,C0275,2023-03-22,29.0,Credit Card
PAY002893,I003368,C0275,2023-04-17,29.0,Credit Card
PAY002894,I003369,C0275,2023-05-09,29.0,UPI
PAY002895,I003370,C0275,2023-06-20,29.0,Bank Transfer
PAY002896,I003371,C0275,2023-07-20,29.0,Credit Card
PAY002897,I003372,C0275,2023-08-06,29.0,Debit Card
PAY002898,I003375,C0275,2023-11-15,29.0,Credit Card
PAY002899,I003376,C0275,2023-12-11,29.0,Debit Card
PAY002900,I003377,C0275,2024-01-12,29.0,Credit Card
PAY002901,I003378,C0275,2024-02-18,29.0,UPI
PAY002902,I003379,C0275,2024-03-22,29.0,Bank Transfer
PAY002903,I003380,C0275,2024-04-06,29.0,UPI
PAY002904,I003381,C0275,2024-05-05,29.0,Debit Card
PAY002905,I003382,C0275,2024-06-22,29.0,Credit Card
PAY002906,I003383,C0275,2024-07-15,29.0,Bank Transfer
PAY002907,I003384,C0275,2024-08-05,29.0,UPI
PAY002908,I003385,C0275,2024-09-20,29.0,Credit Card
PAY002909,I003386,C0275,2024-10-23,29.0,Bank Transfer
PAY002910,I003389,C0276,2023-11-16,79.0,Debit Card
PAY002911,I003390,C0276,2023-12-08,79.0,Credit Card
PAY002912,I003391,C0276,2024-01-13,79.0,Bank Transfer
PAY002913,I003392,C0276,2024-02-26,79.0,UPI
PAY002914,I003393,C0276,2024-03-15,79.0,Debit Card
PAY002915,I003394,C0276,2024-04-26,79.0,Bank Transfer
PAY002916,I003395,C0276,2024-05-25,79.0,Bank Transfer
PAY002917,I003396,C0276,2024-06-18,79.0,UPI
PAY002918,I003397,C0276,2024-07-26,79.0,Bank Transfer
PAY002919,I003398,C0276,2024-08-07,79.0,UPI
PAY002920,I003399,C0276,2024-09-18,79.0,UPI
PAY002921,I003401,C0276,2024-11-10,79.0,Credit Card
PAY002922,I003402,C0276,2024-12-15,79.0,Debit Card
PAY002923,I003403,C0276,2025-01-19,79.0,Credit Card
PAY002924,I003404,C0276,2025-02-24,79.0,UPI
PAY002925,I003405,C0276,2025-03-16,79.0,UPI
PAY002926,I003406,C0276,2025-04-07,79.0,Debit Card
PAY002927,I003407,C0276,2025-05-13,79.0,Debit Card
PAY002928,I003409,C0276,2025-07-16,79.0,UPI
PAY002929,I003410,C0276,2025-08-11,79.0,Debit Card
PAY002930,I003413,C0277,2024-07-18,348.0,UPI
PAY002931,I003415,C0278,2023-03-07,499.0,Debit Card
PAY002932,I003416,C0278,2023-04-09,499.0,UPI
PAY002933,I003417,C0278,2023-04-30,499.0,Credit Card
PAY002934,I003418,C0278,2023-05-30,499.0,Credit Card
PAY002935,I003420,C0278,2023-08-10,499.0,Bank Transfer
PAY002936,I003421,C0278,2023-09-06,499.0,Bank Transfer
PAY002937,I003423,C0278,2023-11-11,499.0,Bank Transfer
PAY002938,I003425,C0278,2023-12-28,499.0,Credit Card
PAY002939,I003426,C0278,2024-02-06,499.0,UPI
PAY002940,I003431,C0278,2024-06-29,499.0,Debit Card
PAY002941,I003432,C0278,2024-07-27,499.0,Credit Card
PAY002942,I003433,C0278,2024-09-05,499.0,UPI
PAY002943,I003434,C0278,2024-10-07,499.0,Bank Transfer
PAY002944,I003435,C0278,2024-11-02,499.0,Bank Transfer
PAY002945,I003436,C0278,2024-11-30,499.0,Debit Card
PAY002946,I003437,C0278,2025-01-08,499.0,Debit Card
PAY002947,I003438,C0278,2025-02-12,499.0,Credit Card
PAY002948,I003439,C0279,2024-03-31,29.0,UPI
PAY002949,I003440,C0279,2024-05-07,29.0,Credit Card
PAY002950,I003441,C0279,2024-05-23,29.0,UPI
PAY002951,I003442,C0279,2024-07-02,29.0,Credit Card
PAY002952,I003443,C0279,2024-08-05,29.0,Debit Card
PAY002953,I003444,C0279,2024-09-02,29.0,Credit Card
PAY002954,I003445,C0279,2024-09-20,29.0,Credit Card
PAY002955,I003446,C0279,2024-10-18,29.0,Credit Card
PAY002956,I003447,C0279,2024-11-21,29.0,Credit Card
PAY002957,I003448,C0279,2024-12-31,29.0,UPI
PAY002958,I003449,C0279,2025-01-28,29.0,Debit Card
PAY002959,I003450,C0279,2025-02-18,29.0,Credit Card
PAY002960,I003451,C0279,2025-03-27,29.0,UPI
PAY002961,I003452,C0279,2025-04-25,29.0,Credit Card
PAY002962,I003453,C0279,2025-05-29,29.0,Credit Card
PAY002963,I003455,C0279,2025-07-21,29.0,UPI
PAY002964,I003456,C0279,2025-09-04,29.0,Bank Transfer
PAY002965,I003457,C0279,2025-10-07,29.0,Credit Card
PAY002966,I003459,C0279,2025-11-26,29.0,Credit Card
PAY002967,I003460,C0279,2025-12-23,29.0,Credit Card
PAY002968,I003462,C0279,2026-02-24,29.0,UPI
PAY002969,I003463,C0280,2025-05-23,29.0,Bank Transfer
PAY002970,I003464,C0280,2025-07-02,29.0,UPI
PAY002971,I003465,C0280,2025-08-02,29.0,Debit Card
PAY002972,I003466,C0280,2025-08-27,29.0,Debit Card
PAY002973,I003467,C0280,2025-10-01,29.0,Credit Card
PAY002974,I003468,C0280,2025-10-26,29.0,Bank Transfer
PAY002975,I003469,C0280,2025-12-07,29.0,UPI
PAY002976,I003470,C0280,2025-12-22,29.0,Credit Card
PAY002977,I003471,C0280,2026-01-31,29.0,Bank Transfer
PAY002978,I003472,C0280,2026-02-28,29.0,Debit Card
PAY002979,I003473,C0280,2026-03-20,29.0,UPI
PAY002980,I003475,C0280,2026-05-31,29.0,Debit Card
PAY002981,I003476,C0280,2026-06-22,29.0,Debit Card
PAY002982,I003477,C0280,2026-08-07,29.0,Bank Transfer
PAY002983,I003478,C0280,2026-08-27,29.0,Bank Transfer
PAY002984,I003479,C0280,2026-09-25,29.0,Credit Card
PAY002985,I003480,C0281,2024-08-11,348.0,Credit Card
PAY002986,I003481,C0281,2025-08-14,348.0,Debit Card
PAY002987,I003484,C0282,2025-04-03,79.0,UPI
PAY002988,I003485,C0282,2025-04-29,79.0,UPI
PAY002989,I003486,C0282,2025-06-06,79.0,Debit Card
PAY002990,I003487,C0282,2025-06-21,79.0,UPI
PAY002991,I003488,C0282,2026-04-17,199.0,Bank Transfer
PAY002992,I003489,C0282,2026-04-30,199.0,Debit Card
PAY002993,I003490,C0282,2026-06-08,199.0,Credit Card
PAY002994,I003492,C0282,2026-08-09,199.0,Bank Transfer
PAY002995,I003493,C0282,2026-09-01,199.0,Credit Card
PAY002996,I003495,C0283,2024-01-05,2388.0,Bank Transfer
PAY002997,I003496,C0283,2025-01-10,2388.0,Credit Card
PAY002998,I003497,C0284,2025-04-17,2388.0,Credit Card
PAY002999,I003498,C0284,2026-04-05,2388.0,UPI
PAY003000,I003499,C0285,2023-02-05,29.0,Debit Card
PAY003001,I003500,C0285,2023-03-08,29.0,Bank Transfer
PAY003002,I003502,C0285,2023-05-17,29.0,Credit Card
PAY003003,I003503,C0285,2023-06-11,29.0,UPI
PAY003004,I003504,C0285,2023-07-10,29.0,Bank Transfer
PAY003005,I003505,C0285,2023-08-13,29.0,UPI
PAY003006,I003506,C0285,2023-09-03,29.0,UPI
PAY003007,I003507,C0285,2023-10-15,29.0,UPI
PAY003008,I003508,C0285,2023-11-16,29.0,Debit Card
PAY003009,I003509,C0285,2023-12-04,29.0,Credit Card
PAY003010,I003510,C0285,2024-01-04,29.0,Debit Card
PAY003011,I003511,C0285,2024-02-04,29.0,UPI
PAY003012,I003512,C0285,2024-02-29,29.0,Bank Transfer
PAY003013,I003513,C0285,2024-04-16,29.0,Bank Transfer
PAY003014,I003514,C0285,2024-05-10,29.0,Credit Card
PAY003015,I003515,C0285,2024-06-12,29.0,Credit Card
PAY003016,I003516,C0285,2024-07-07,29.0,Credit Card
PAY003017,I003518,C0285,2024-09-18,29.0,Bank Transfer
PAY003018,I003519,C0285,2024-10-02,29.0,Bank Transfer
PAY003019,I003520,C0285,2024-11-13,29.0,Bank Transfer
PAY003020,I003522,C0285,2025-01-13,29.0,Credit Card
PAY003021,I003523,C0286,2023-05-05,948.0,Bank Transfer
PAY003022,I003524,C0286,2024-04-26,948.0,Bank Transfer
PAY003023,I003527,C0287,2025-07-11,29.0,UPI
PAY003024,I003528,C0287,2025-08-08,29.0,Debit Card
PAY003025,I003529,C0287,2025-08-24,29.0,UPI
PAY003026,I003530,C0287,2025-10-04,29.0,Debit Card
PAY003027,I003532,C0287,2025-12-10,29.0,Credit Card
PAY003028,I003535,C0287,2026-02-24,29.0,Bank Transfer
PAY003029,I003536,C0287,2026-03-26,29.0,Debit Card
PAY003030,I003537,C0287,2026-05-12,29.0,Debit Card
PAY003031,I003538,C0287,2026-06-09,29.0,UPI
PAY003032,I003540,C0287,2026-07-29,29.0,UPI
PAY003033,I003541,C0287,2026-09-09,29.0,Bank Transfer
PAY003034,I003542,C0287,2026-10-04,29.0,Bank Transfer
PAY003035,I003543,C0288,2024-12-18,29.0,Credit Card
PAY003036,I003544,C0288,2025-01-31,29.0,Debit Card
PAY003037,I003547,C0288,2025-05-01,29.0,UPI
PAY003038,I003548,C0288,2025-05-20,29.0,UPI
PAY003039,I003549,C0288,2025-07-05,29.0,Debit Card
PAY003040,I003550,C0288,2025-07-20,29.0,UPI
PAY003041,I003551,C0288,2025-08-29,29.0,Bank Transfer
PAY003042,I003552,C0288,2025-10-02,29.0,Credit Card
PAY003043,I003553,C0288,2025-10-17,29.0,Bank Transfer
PAY003044,I003554,C0288,2025-11-20,29.0,UPI
PAY003045,I003556,C0288,2026-01-28,29.0,Bank Transfer
PAY003046,I003557,C0288,2026-02-20,29.0,Debit Card
PAY003047,I003558,C0288,2026-03-30,29.0,Debit Card
PAY003048,I003559,C0288,2026-04-22,29.0,Credit Card
PAY003049,I003560,C0288,2026-05-29,29.0,Bank Transfer
PAY003050,I003561,C0288,2026-07-02,29.0,Debit Card
PAY003051,I003564,C0288,2026-09-23,29.0,Bank Transfer
PAY003052,I003565,C0289,2025-06-22,5988.0,Debit Card
PAY003053,I003567,C0290,2025-08-26,2388.0,Debit Card
PAY003054,I003568,C0290,2026-08-24,2388.0,UPI
PAY003055,I003569,C0291,2025-06-21,2388.0,Bank Transfer
PAY003056,I003570,C0291,2026-06-16,2388.0,Bank Transfer
PAY003057,I003571,C0291,2026-03-27,948.0,UPI
PAY003058,I003572,C0292,2025-01-11,348.0,Bank Transfer
PAY003059,I003574,C0293,2025-09-11,2388.0,Bank Transfer
PAY003060,I003575,C0294,2024-04-08,29.0,UPI
PAY003061,I003577,C0294,2024-06-03,29.0,Credit Card
PAY003062,I003578,C0294,2024-07-16,29.0,Credit Card
PAY003063,I003579,C0294,2024-08-17,29.0,Debit Card
PAY003064,I003580,C0294,2024-09-05,29.0,Bank Transfer
PAY003065,I003581,C0294,2024-10-15,29.0,Debit Card
PAY003066,I003582,C0294,2024-11-03,29.0,Credit Card
PAY003067,I003583,C0294,2024-12-02,29.0,Credit Card
PAY003068,I003584,C0294,2025-01-05,29.0,Credit Card
PAY003069,I003585,C0294,2025-02-01,29.0,Credit Card
PAY003070,I003587,C0294,2025-04-01,29.0,Debit Card
PAY003071,I003588,C0294,2025-05-12,29.0,Credit Card
PAY003072,I003589,C0294,2025-06-01,29.0,Credit Card
PAY003073,I003590,C0294,2025-07-04,29.0,UPI
PAY003074,I003591,C0294,2025-08-15,29.0,Debit Card
PAY003075,I003595,C0294,2025-12-12,29.0,Debit Card
PAY003076,I003597,C0294,2026-02-04,29.0,UPI
PAY003077,I003599,C0295,2024-09-13,79.0,Debit Card
PAY003078,I003600,C0295,2024-10-10,79.0,UPI
PAY003079,I003602,C0295,2024-12-14,79.0,Debit Card
PAY003080,I003603,C0295,2025-01-19,79.0,Credit Card
PAY003081,I003604,C0295,2025-02-25,79.0,Bank Transfer
PAY003082,I003605,C0295,2025-03-10,79.0,UPI
PAY003083,I003606,C0295,2025-04-23,79.0,UPI
PAY003084,I003607,C0295,2025-05-09,79.0,UPI
PAY003085,I003608,C0295,2025-06-15,79.0,UPI
PAY003086,I003609,C0295,2025-07-10,79.0,Debit Card
PAY003087,I003610,C0295,2025-08-15,79.0,Debit Card
PAY003088,I003611,C0295,2025-09-25,79.0,Credit Card
PAY003089,I003613,C0296,2024-12-16,499.0,UPI
PAY003090,I003614,C0296,2025-01-03,499.0,Bank Transfer
PAY003091,I003615,C0296,2025-02-14,499.0,Bank Transfer
PAY003092,I003616,C0296,2025-03-15,499.0,Credit Card
PAY003093,I003617,C0296,2025-04-02,499.0,Debit Card
PAY003094,I003618,C0296,2025-05-03,499.0,Bank Transfer
PAY003095,I003619,C0296,2025-06-02,499.0,Bank Transfer
PAY003096,I003620,C0296,2025-07-14,499.0,UPI
PAY003097,I003621,C0296,2025-08-08,499.0,UPI
PAY003098,I003622,C0296,2025-09-02,499.0,UPI
PAY003099,I003623,C0296,2025-10-06,499.0,Bank Transfer
PAY003100,I003624,C0296,2025-10-31,499.0,UPI
PAY003101,I003625,C0296,2025-12-01,499.0,UPI
PAY003102,I003626,C0296,2025-12-29,499.0,Bank Transfer
PAY003103,I003627,C0296,2026-02-03,499.0,Credit Card
PAY003104,I003628,C0297,2024-11-11,79.0,UPI
PAY003105,I003629,C0297,2024-12-04,79.0,Debit Card
PAY003106,I003632,C0297,2025-03-08,79.0,Bank Transfer
PAY003107,I003633,C0297,2025-04-12,79.0,Debit Card
PAY003108,I003634,C0297,2025-05-10,79.0,Debit Card
PAY003109,I003635,C0297,2025-06-11,79.0,Bank Transfer
PAY003110,I003636,C0297,2025-07-23,79.0,Debit Card
PAY003111,I003637,C0297,2025-08-19,79.0,Bank Transfer
PAY003112,I003638,C0297,2025-09-16,79.0,Bank Transfer
PAY003113,I003639,C0297,2025-10-23,79.0,Bank Transfer
PAY003114,I003640,C0297,2025-11-11,79.0,Debit Card
PAY003115,I003641,C0297,2025-12-19,79.0,Bank Transfer
PAY003116,I003642,C0297,2026-01-19,79.0,Bank Transfer
PAY003117,I003643,C0297,2026-02-11,79.0,UPI
PAY003118,I003644,C0297,2026-03-12,79.0,UPI
PAY003119,I003645,C0297,2026-04-13,79.0,UPI
PAY003120,I003647,C0297,2026-06-13,79.0,Debit Card
PAY003121,I003648,C0297,2026-07-11,79.0,UPI
PAY003122,I003650,C0297,2026-09-16,79.0,Credit Card
PAY003123,I003651,C0298,2024-06-30,79.0,Credit Card
PAY003124,I003652,C0298,2024-07-28,79.0,UPI
PAY003125,I003653,C0298,2024-09-06,79.0,Debit Card
PAY003126,I003654,C0298,2024-09-27,79.0,Bank Transfer
PAY003127,I003655,C0298,2024-11-08,79.0,Bank Transfer
PAY003128,I003656,C0298,2024-12-14,79.0,Credit Card
PAY003129,I003658,C0298,2025-02-03,79.0,Bank Transfer
PAY003130,I003659,C0298,2025-03-02,79.0,Debit Card
PAY003131,I003660,C0298,2025-04-14,79.0,Credit Card
PAY003132,I003661,C0298,2025-05-04,79.0,Bank Transfer
PAY003133,I003662,C0298,2025-05-29,79.0,Bank Transfer
PAY003134,I003663,C0298,2025-07-02,79.0,Debit Card
PAY003135,I003664,C0298,2025-08-11,79.0,Debit Card
PAY003136,I003665,C0298,2025-09-13,79.0,Bank Transfer
PAY003137,I003666,C0298,2025-10-08,79.0,Credit Card
PAY003138,I003667,C0298,2025-11-14,79.0,Bank Transfer
PAY003139,I003668,C0298,2025-11-30,79.0,Debit Card
PAY003140,I003669,C0298,2025-12-26,79.0,Debit Card
PAY003141,I003670,C0298,2026-01-29,79.0,Debit Card
PAY003142,I003671,C0298,2026-03-08,79.0,Credit Card
PAY003143,I003672,C0298,2026-04-05,79.0,Credit Card
PAY003144,I003674,C0298,2026-06-12,79.0,Debit Card
PAY003145,I003675,C0299,2025-05-06,79.0,Credit Card
PAY003146,I003676,C0299,2025-06-14,79.0,Bank Transfer
PAY003147,I003677,C0299,2025-07-20,79.0,UPI
PAY003148,I003678,C0299,2025-08-21,79.0,Debit Card
PAY003149,I003679,C0299,2025-09-17,79.0,UPI
PAY003150,I003680,C0299,2025-10-24,79.0,Credit Card
PAY003151,I003681,C0299,2025-11-22,79.0,Bank Transfer
PAY003152,I003682,C0299,2025-12-06,79.0,Credit Card
PAY003153,I003683,C0299,2026-01-20,79.0,Debit Card
PAY003154,I003684,C0299,2026-02-07,79.0,Credit Card
PAY003155,I003685,C0299,2026-03-14,79.0,Credit Card
PAY003156,I003687,C0299,2026-05-13,79.0,Credit Card
PAY003157,I003688,C0299,2026-06-17,79.0,UPI
PAY003158,I003690,C0299,2026-08-25,79.0,Credit Card
PAY003159,I003691,C0299,2026-09-09,79.0,Credit Card
PAY003160,I003692,C0300,2025-07-04,79.0,Debit Card
PAY003161,I003693,C0300,2025-08-02,79.0,Bank Transfer
PAY003162,I003694,C0300,2025-08-30,79.0,Debit Card
PAY003163,I003695,C0300,2025-09-17,79.0,UPI
PAY003164,I003696,C0300,2025-10-22,79.0,Debit Card
PAY003165,I003697,C0300,2025-11-23,79.0,Debit Card
PAY003166,I003698,C0300,2025-12-17,79.0,Debit Card
PAY003167,I003699,C0300,2026-01-23,79.0,Bank Transfer
PAY003168,I003700,C0300,2026-02-26,79.0,Debit Card
PAY003169,I003701,C0300,2026-03-27,79.0,Debit Card
PAY003170,I003702,C0300,2026-04-16,79.0,UPI
PAY003171,I003703,C0300,2026-05-23,79.0,Debit Card
PAY003172,I003704,C0300,2026-06-22,79.0,Debit Card
PAY003173,I003705,C0300,2026-07-30,79.0,UPI
PAY003174,I003706,C0300,2026-09-01,79.0,Credit Card
PAY003175,I003707,C0300,2026-09-23,79.0,Debit Card
PAY003176,I003711,C0301,2024-01-12,79.0,Bank Transfer
PAY003177,I003712,C0301,2024-02-16,79.0,UPI
PAY003178,I003713,C0301,2024-03-21,79.0,UPI
PAY003179,I003714,C0301,2024-04-18,79.0,UPI
PAY003180,I003715,C0301,2024-05-20,79.0,Debit Card
PAY003181,I003716,C0301,2024-06-11,79.0,Bank Transfer
PAY003182,I003717,C0301,2024-07-22,79.0,Credit Card
PAY003183,I003718,C0301,2024-08-15,79.0,Credit Card
PAY003184,I003719,C0301,2024-09-11,79.0,Credit Card
PAY003185,I003720,C0301,2024-10-11,79.0,UPI
PAY003186,I003721,C0301,2024-11-11,79.0,Debit Card
PAY003187,I003722,C0301,2024-12-17,79.0,Debit Card
PAY003188,I003723,C0301,2025-01-21,79.0,Bank Transfer
PAY003189,I003724,C0301,2025-02-08,79.0,Credit Card
PAY003190,I003725,C0301,2025-03-15,79.0,UPI
PAY003191,I003726,C0301,2025-04-13,79.0,Bank Transfer
PAY003192,I003727,C0301,2025-05-13,79.0,Debit Card
PAY003193,I003728,C0301,2025-06-13,79.0,UPI
PAY003194,I003729,C0301,2025-07-18,79.0,Bank Transfer
PAY003195,I003730,C0301,2025-08-06,79.0,UPI
PAY003196,I003732,C0302,2024-07-11,79.0,Debit Card
PAY003197,I003733,C0302,2024-08-15,79.0,Debit Card
PAY003198,I003735,C0302,2024-10-06,79.0,Credit Card
PAY003199,I003736,C0302,2024-11-23,79.0,UPI
PAY003200,I003737,C0302,2024-12-05,79.0,UPI
PAY003201,I003738,C0302,2025-01-15,79.0,Debit Card
PAY003202,I003739,C0302,2025-02-23,79.0,Bank Transfer
PAY003203,I003740,C0302,2025-03-18,79.0,UPI
PAY003204,I003741,C0302,2025-04-13,79.0,Bank Transfer
PAY003205,I003742,C0302,2025-05-23,79.0,Debit Card
PAY003206,I003743,C0302,2025-06-19,79.0,Debit Card
PAY003207,I003744,C0302,2025-07-13,79.0,Bank Transfer
PAY003208,I003745,C0302,2025-08-23,79.0,Credit Card
PAY003209,I003746,C0302,2025-09-23,79.0,UPI
PAY003210,I003747,C0302,2025-10-07,79.0,Debit Card
PAY003211,I003748,C0302,2025-11-20,79.0,Credit Card
PAY003212,I003749,C0302,2025-12-21,79.0,Bank Transfer
PAY003213,I003750,C0302,2026-01-17,79.0,Debit Card
PAY003214,I003751,C0302,2026-02-08,79.0,UPI
PAY003215,I003752,C0302,2026-03-09,79.0,Bank Transfer
PAY003216,I003753,C0302,2026-04-18,79.0,Bank Transfer
PAY003217,I003755,C0302,2026-06-14,79.0,Debit Card
PAY003218,I003756,C0303,2023-04-30,499.0,Bank Transfer
PAY003219,I003757,C0303,2023-06-07,499.0,UPI
PAY003220,I003758,C0303,2023-06-24,499.0,Debit Card
PAY003221,I003759,C0303,2023-08-05,499.0,UPI
PAY003222,I003760,C0303,2023-09-04,499.0,UPI
PAY003223,I003762,C0303,2023-11-02,499.0,UPI
PAY003224,I003763,C0303,2023-12-02,499.0,Bank Transfer
PAY003225,I003764,C0303,2023-12-26,499.0,UPI
PAY003226,I003765,C0303,2024-02-03,499.0,UPI
PAY003227,I003766,C0303,2024-02-26,499.0,Debit Card
PAY003228,I003767,C0303,2024-03-28,499.0,Debit Card
PAY003229,I003768,C0304,2024-01-26,948.0,Bank Transfer
PAY003230,I003769,C0304,2025-01-20,948.0,Bank Transfer
PAY003231,I003770,C0305,2025-02-12,79.0,Debit Card
PAY003232,I003771,C0305,2025-03-06,79.0,Credit Card
PAY003233,I003772,C0305,2025-04-10,79.0,Credit Card
PAY003234,I003774,C0305,2025-06-14,79.0,UPI
PAY003235,I003775,C0305,2025-07-06,79.0,Debit Card
PAY003236,I003777,C0305,2025-08-31,79.0,Credit Card
PAY003237,I003778,C0305,2026-01-11,79.0,Bank Transfer
PAY003238,I003779,C0305,2026-02-07,79.0,Bank Transfer
PAY003239,I003780,C0305,2026-03-11,79.0,Bank Transfer
PAY003240,I003781,C0305,2026-04-10,79.0,Debit Card
PAY003241,I003782,C0305,2026-05-15,79.0,UPI
PAY003242,I003783,C0305,2026-06-20,79.0,UPI
PAY003243,I003784,C0305,2026-07-02,79.0,Debit Card
PAY003244,I003785,C0305,2026-08-05,79.0,Credit Card
PAY003245,I003786,C0305,2026-09-16,79.0,Credit Card
PAY003246,I003787,C0306,2024-11-26,199.0,UPI
PAY003247,I003788,C0306,2025-01-05,199.0,Credit Card
PAY003248,I003789,C0306,2025-02-01,199.0,Credit Card
PAY003249,I003790,C0306,2025-02-28,199.0,Credit Card
PAY003250,I003791,C0306,2025-04-09,199.0,Debit Card
PAY003251,I003792,C0306,2025-04-28,199.0,Bank Transfer
PAY003252,I003793,C0306,2025-06-05,199.0,UPI
PAY003253,I003794,C0306,2025-06-30,199.0,Credit Card
PAY003254,I003796,C0306,2025-09-12,199.0,UPI
PAY003255,I003797,C0306,2025-09-24,199.0,Debit Card
PAY003256,I003800,C0306,2025-12-28,199.0,Debit Card
PAY003257,I003801,C0306,2026-02-09,199.0,UPI
PAY003258,I003802,C0306,2026-03-12,199.0,Bank Transfer
PAY003259,I003803,C0306,2026-04-01,199.0,Debit Card
PAY003260,I003805,C0306,2026-06-05,199.0,Debit Card
PAY003261,I003806,C0306,2026-07-10,199.0,UPI
PAY003262,I003807,C0306,2026-07-29,199.0,Bank Transfer
PAY003263,I003808,C0306,2026-09-06,199.0,UPI
PAY003264,I003809,C0306,2026-10-08,199.0,Credit Card
PAY003265,I003812,C0307,2024-04-24,199.0,Debit Card
PAY003266,I003814,C0307,2024-06-19,199.0,Bank Transfer
PAY003267,I003815,C0307,2024-07-24,199.0,Bank Transfer
PAY003268,I003816,C0307,2024-08-15,199.0,UPI
PAY003269,I003817,C0307,2024-09-13,199.0,Credit Card
PAY003270,I003818,C0307,2024-10-22,199.0,Debit Card
PAY003271,I003820,C0307,2024-12-23,199.0,Credit Card
PAY003272,I003821,C0307,2025-01-21,199.0,Credit Card
PAY003273,I003822,C0307,2025-02-25,199.0,Debit Card
PAY003274,I003823,C0307,2025-03-22,199.0,Debit Card
PAY003275,I003824,C0307,2025-04-11,199.0,UPI
PAY003276,I003825,C0307,2025-05-09,199.0,Debit Card
PAY003277,I003826,C0307,2025-06-13,199.0,Credit Card
PAY003278,I003827,C0307,2025-07-18,199.0,Bank Transfer
PAY003279,I003828,C0307,2025-08-19,199.0,Credit Card
PAY003280,I003829,C0307,2025-09-26,199.0,Bank Transfer
PAY003281,I003830,C0307,2025-10-17,199.0,Bank Transfer
PAY003282,I003831,C0307,2025-11-21,199.0,Credit Card
PAY003283,I003832,C0307,2025-12-13,199.0,Debit Card
PAY003284,I003834,C0308,2023-02-07,199.0,Bank Transfer
PAY003285,I003835,C0308,2023-02-22,199.0,Bank Transfer
PAY003286,I003836,C0308,2023-04-05,199.0,UPI
PAY003287,I003839,C0308,2023-06-30,199.0,Debit Card
PAY003288,I003840,C0308,2023-08-02,199.0,Credit Card
PAY003289,I003841,C0308,2023-09-05,199.0,Credit Card
PAY003290,I003843,C0308,2023-10-25,199.0,Bank Transfer
PAY003291,I003844,C0308,2023-11-26,199.0,Debit Card
PAY003292,I003845,C0308,2024-01-07,199.0,UPI
PAY003293,I003846,C0308,2024-01-22,199.0,Debit Card
PAY003294,I003847,C0308,2024-02-23,199.0,Debit Card
PAY003295,I003848,C0308,2024-04-03,199.0,Debit Card
PAY003296,I003849,C0308,2024-04-24,199.0,Debit Card
PAY003297,I003850,C0308,2024-05-30,199.0,UPI
PAY003298,I003852,C0308,2024-08-02,199.0,Bank Transfer
PAY003299,I003854,C0308,2024-10-08,199.0,Credit Card
PAY003300,I003855,C0308,2024-10-29,199.0,Credit Card
PAY003301,I003856,C0308,2024-12-01,199.0,Credit Card
PAY003302,I003857,C0308,2025-01-09,199.0,UPI
PAY003303,I003858,C0309,2024-11-12,2388.0,Bank Transfer
PAY003304,I003859,C0309,2025-11-12,2388.0,UPI
PAY003305,I003860,C0310,2024-09-06,29.0,Debit Card
PAY003306,I003861,C0310,2024-10-16,29.0,UPI
PAY003307,I003862,C0310,2024-11-19,29.0,Debit Card
PAY003308,I003863,C0310,2024-12-10,29.0,Bank Transfer
PAY003309,I003864,C0310,2025-01-14,29.0,UPI
PAY003310,I003865,C0310,2025-02-09,29.0,Credit Card
PAY003311,I003866,C0310,2025-03-18,29.0,UPI
PAY003312,I003867,C0310,2025-04-19,29.0,Bank Transfer
PAY003313,I003868,C0310,2025-05-21,29.0,Bank Transfer
PAY003314,I003870,C0310,2025-07-16,29.0,UPI
PAY003315,I003871,C0310,2025-08-21,29.0,UPI
PAY003316,I003872,C0310,2025-09-04,29.0,Credit Card
PAY003317,I003873,C0310,2025-10-09,29.0,Debit Card
PAY003318,I003874,C0310,2025-11-06,29.0,Debit Card
PAY003319,I003875,C0310,2025-12-19,29.0,Debit Card
PAY003320,I003876,C0310,2026-01-19,29.0,Debit Card
PAY003321,I003878,C0310,2026-03-05,29.0,Debit Card
PAY003322,I003879,C0310,2026-04-09,29.0,Bank Transfer
PAY003323,I003881,C0310,2026-06-03,29.0,Credit Card
PAY003324,I003882,C0310,2026-07-12,29.0,Credit Card
PAY003325,I003884,C0311,2023-01-22,79.0,Bank Transfer
PAY003326,I003885,C0311,2023-02-26,79.0,Bank Transfer
PAY003327,I003886,C0311,2023-03-17,79.0,Credit Card
PAY003328,I003887,C0311,2023-04-23,79.0,Bank Transfer
PAY003329,I003889,C0311,2023-06-16,79.0,Credit Card
PAY003330,I003890,C0311,2023-07-09,79.0,Debit Card
PAY003331,I003892,C0311,2023-09-12,79.0,Credit Card
PAY003332,I003893,C0311,2023-10-13,79.0,Bank Transfer
PAY003333,I003894,C0311,2023-11-23,79.0,Bank Transfer
PAY003334,I003895,C0311,2023-12-20,79.0,UPI
PAY003335,I003897,C0311,2024-02-24,79.0,UPI
PAY003336,I003898,C0311,2024-03-10,79.0,Debit Card
PAY003337,I003901,C0311,2024-06-14,79.0,Bank Transfer
PAY003338,I003902,C0311,2024-07-16,79.0,Bank Transfer
PAY003339,I003903,C0311,2024-08-08,79.0,Credit Card
PAY003340,I003904,C0311,2024-09-10,79.0,UPI
PAY003341,I003905,C0311,2024-10-17,79.0,Bank Transfer
PAY003342,I003906,C0311,2024-11-13,79.0,UPI
PAY003343,I003907,C0311,2024-12-21,79.0,UPI
PAY003344,I003908,C0312,2024-12-04,2388.0,Credit Card
PAY003345,I003910,C0313,2024-07-17,199.0,Bank Transfer
PAY003346,I003911,C0313,2024-08-28,199.0,Debit Card
PAY003347,I003913,C0313,2024-10-16,199.0,Debit Card
PAY003348,I003914,C0313,2024-11-16,199.0,Debit Card
PAY003349,I003915,C0313,2024-12-13,199.0,Bank Transfer
PAY003350,I003916,C0313,2025-01-28,199.0,Bank Transfer
PAY003351,I003917,C0313,2025-02-26,199.0,Credit Card
PAY003352,I003918,C0313,2025-07-29,79.0,Debit Card
PAY003353,I003920,C0313,2025-10-01,79.0,Debit Card
PAY003354,I003921,C0313,2025-11-07,79.0,Credit Card
PAY003355,I003925,C0313,2026-03-15,79.0,UPI
PAY003356,I003926,C0313,2026-04-14,79.0,Debit Card
PAY003357,I003927,C0314,2024-09-08,29.0,Bank Transfer
PAY003358,I003928,C0314,2024-09-24,29.0,Bank Transfer
PAY003359,I003929,C0314,2024-10-27,29.0,Debit Card
PAY003360,I003930,C0314,2024-12-01,29.0,Credit Card
PAY003361,I003931,C0314,2024-12-24,29.0,UPI
PAY003362,I003932,C0314,2025-01-24,29.0,Debit Card
PAY003363,I003933,C0314,2025-03-08,29.0,Debit Card
PAY003364,I003934,C0314,2025-04-08,29.0,UPI
PAY003365,I003936,C0314,2025-06-08,29.0,Bank Transfer
PAY003366,I003937,C0314,2025-06-30,29.0,Credit Card
PAY003367,I003938,C0314,2025-07-26,29.0,Credit Card
PAY003368,I003939,C0314,2025-09-05,29.0,Credit Card
PAY003369,I003940,C0314,2025-10-04,29.0,Credit Card
PAY003370,I003941,C0314,2025-10-27,29.0,Bank Transfer
PAY003371,I003942,C0314,2025-12-05,29.0,Bank Transfer
PAY003372,I003943,C0314,2025-12-31,29.0,UPI
PAY003373,I003944,C0314,2026-02-10,29.0,Debit Card
PAY003374,I003945,C0314,2026-03-04,29.0,UPI
PAY003375,I003946,C0314,2026-04-07,29.0,Bank Transfer
PAY003376,I003947,C0314,2026-05-05,29.0,UPI
PAY003377,I003948,C0314,2026-06-01,29.0,Bank Transfer
PAY003378,I003949,C0314,2026-07-01,29.0,UPI
PAY003379,I003950,C0314,2026-07-28,29.0,UPI
PAY003380,I003951,C0315,2024-10-26,948.0,UPI
PAY003381,I003952,C0315,2025-10-21,948.0,UPI
PAY003382,I003953,C0316,2023-06-28,199.0,Debit Card
PAY003383,I003955,C0316,2023-08-15,199.0,Debit Card
PAY003384,I003956,C0316,2023-09-21,199.0,Bank Transfer
PAY003385,I003957,C0316,2023-11-03,199.0,UPI
PAY003386,I003958,C0316,2023-11-28,199.0,Debit Card
PAY003387,I003959,C0316,2023-12-19,199.0,Debit Card
PAY003388,I003960,C0316,2024-02-03,199.0,UPI
PAY003389,I003961,C0316,2024-02-20,199.0,Credit Card
PAY003390,I003962,C0316,2024-04-03,199.0,UPI
PAY003391,I003963,C0316,2024-04-23,199.0,Debit Card
PAY003392,I003964,C0316,2024-05-20,199.0,Credit Card
PAY003393,I003965,C0316,2024-07-01,199.0,Credit Card
PAY003394,I003966,C0316,2024-07-31,199.0,UPI
PAY003395,I003967,C0316,2024-08-25,199.0,Credit Card
PAY003396,I003968,C0316,2024-09-15,199.0,UPI
PAY003397,I003969,C0316,2024-10-26,199.0,Bank Transfer
PAY003398,I003970,C0316,2024-11-15,199.0,Bank Transfer
PAY003399,I003971,C0316,2024-12-18,199.0,Credit Card
PAY003400,I003972,C0316,2025-01-15,199.0,Credit Card
PAY003401,I003973,C0316,2025-02-26,199.0,Credit Card
PAY003402,I003974,C0316,2025-03-27,199.0,UPI
PAY003403,I003975,C0316,2025-04-15,199.0,Credit Card
PAY003404,I003976,C0316,2025-05-19,199.0,Credit Card
PAY003405,I003979,C0317,2025-07-17,79.0,UPI
PAY003406,I003980,C0317,2025-07-30,79.0,Credit Card
PAY003407,I003981,C0317,2025-08-28,79.0,Debit Card
PAY003408,I003982,C0317,2025-09-28,79.0,Bank Transfer
PAY003409,I003984,C0317,2025-12-15,79.0,Credit Card
PAY003410,I003985,C0317,2025-12-28,79.0,Debit Card
PAY003411,I003986,C0317,2026-01-29,79.0,UPI
PAY003412,I003987,C0317,2026-03-01,79.0,Credit Card
PAY003413,I003988,C0317,2026-04-13,79.0,Debit Card
PAY003414,I003989,C0317,2026-05-09,79.0,Bank Transfer
PAY003415,I003990,C0317,2026-06-06,79.0,UPI
PAY003416,I003991,C0317,2026-07-17,79.0,Debit Card
PAY003417,I003992,C0317,2026-07-29,79.0,Bank Transfer
PAY003418,I003993,C0317,2026-09-12,79.0,Bank Transfer
PAY003419,I003994,C0317,2025-11-26,29.0,UPI
PAY003420,I003995,C0317,2026-01-04,29.0,Debit Card
PAY003421,I003997,C0317,2026-03-08,29.0,Bank Transfer
PAY003422,I003998,C0317,2026-03-22,29.0,Debit Card
PAY003423,I003999,C0317,2026-05-04,29.0,Debit Card
PAY003424,I004000,C0317,2026-05-23,29.0,Debit Card
PAY003425,I004001,C0317,2026-07-04,29.0,Bank Transfer
PAY003426,I004002,C0317,2026-08-04,29.0,UPI
PAY003427,I004003,C0317,2026-08-28,29.0,Bank Transfer
PAY003428,I004004,C0317,2026-09-21,29.0,UPI
PAY003429,I004005,C0318,2024-05-29,79.0,Debit Card
PAY003430,I004006,C0318,2024-06-13,79.0,Credit Card
PAY003431,I004007,C0318,2024-07-13,79.0,Bank Transfer
PAY003432,I004008,C0318,2024-08-26,79.0,Bank Transfer
PAY003433,I004010,C0318,2024-10-29,79.0,Bank Transfer
PAY003434,I004011,C0318,2024-11-22,79.0,UPI
PAY003435,I004012,C0318,2024-12-21,79.0,Credit Card
PAY003436,I004013,C0318,2025-01-16,79.0,Credit Card
PAY003437,I004015,C0318,2025-03-14,79.0,Bank Transfer
PAY003438,I004016,C0318,2025-04-10,79.0,Bank Transfer
PAY003439,I004017,C0318,2025-05-14,79.0,Bank Transfer
PAY003440,I004018,C0318,2025-06-12,79.0,UPI
PAY003441,I004019,C0318,2025-07-13,79.0,UPI
PAY003442,I004020,C0318,2025-08-24,79.0,Debit Card
PAY003443,I004021,C0318,2025-09-15,79.0,Debit Card
PAY003444,I004022,C0318,2025-10-21,79.0,Debit Card
PAY003445,I004023,C0318,2025-11-17,79.0,Bank Transfer
PAY003446,I004024,C0318,2025-12-20,79.0,Debit Card
PAY003447,I004026,C0318,2026-02-12,79.0,UPI
PAY003448,I004027,C0318,2026-03-16,79.0,UPI
PAY003449,I004028,C0318,2026-04-24,79.0,UPI
PAY003450,I004029,C0319,2024-08-23,948.0,Credit Card
PAY003451,I004031,C0320,2024-03-12,948.0,Bank Transfer
PAY003452,I004032,C0320,2025-03-10,948.0,Debit Card
PAY003453,I004033,C0321,2025-03-01,79.0,Bank Transfer
PAY003454,I004034,C0321,2025-03-15,79.0,UPI
PAY003455,I004036,C0321,2025-05-24,79.0,Debit Card
PAY003456,I004037,C0321,2025-06-28,79.0,Debit Card
PAY003457,I004038,C0321,2025-07-29,79.0,UPI
PAY003458,I004039,C0321,2025-08-18,79.0,UPI
PAY003459,I004040,C0321,2025-09-18,79.0,UPI
PAY003460,I004042,C0321,2025-11-28,79.0,UPI
PAY003461,I004043,C0321,2025-12-21,79.0,Credit Card
PAY003462,I004045,C0321,2026-02-22,79.0,UPI
PAY003463,I004047,C0321,2026-04-22,79.0,Debit Card
PAY003464,I004048,C0321,2026-05-26,79.0,UPI
PAY003465,I004049,C0321,2026-06-30,79.0,Bank Transfer
PAY003466,I004050,C0321,2026-07-16,79.0,Debit Card
PAY003467,I004051,C0321,2026-08-29,79.0,Bank Transfer
PAY003468,I004052,C0321,2026-09-25,79.0,UPI
PAY003469,I004053,C0322,2023-06-28,348.0,Bank Transfer
PAY003470,I004054,C0322,2024-06-17,348.0,Credit Card
PAY003471,I004056,C0322,2024-09-03,79.0,UPI
PAY003472,I004057,C0322,2024-10-19,79.0,Bank Transfer
PAY003473,I004058,C0322,2024-11-18,79.0,UPI
PAY003474,I004059,C0322,2024-12-16,79.0,Bank Transfer
PAY003475,I004060,C0322,2025-01-16,79.0,Credit Card
PAY003476,I004061,C0322,2025-02-22,79.0,Debit Card
PAY003477,I004062,C0322,2025-03-09,79.0,Debit Card
PAY003478,I004063,C0322,2025-04-08,79.0,Bank Transfer
PAY003479,I004064,C0322,2025-05-20,79.0,UPI
PAY003480,I004065,C0322,2025-06-15,79.0,Credit Card
PAY003481,I004066,C0322,2025-07-12,79.0,UPI
PAY003482,I004067,C0322,2025-08-16,79.0,UPI
PAY003483,I004068,C0322,2025-09-05,79.0,Bank Transfer
PAY003484,I004069,C0322,2025-10-09,79.0,Credit Card
PAY003485,I004070,C0322,2025-11-09,79.0,Credit Card
PAY003486,I004071,C0322,2025-12-07,79.0,Bank Transfer
PAY003487,I004072,C0322,2026-01-15,79.0,UPI
PAY003488,I004073,C0322,2026-02-19,79.0,Debit Card
PAY003489,I004074,C0322,2026-03-21,79.0,Debit Card
PAY003490,I004075,C0322,2026-04-05,79.0,Bank Transfer
PAY003491,I004076,C0322,2026-05-12,79.0,UPI
PAY003492,I004077,C0322,2026-06-08,79.0,Debit Card
PAY003493,I004078,C0322,2026-07-07,79.0,UPI
PAY003494,I004079,C0323,2024-01-02,348.0,UPI
PAY003495,I004080,C0323,2025-01-19,348.0,Bank Transfer
PAY003496,I004082,C0324,2024-03-16,948.0,Debit Card
PAY003497,I004083,C0325,2024-10-18,79.0,UPI
PAY003498,I004084,C0325,2024-11-30,79.0,UPI
PAY003499,I004085,C0325,2025-01-02,79.0,Bank Transfer
PAY003500,I004086,C0325,2025-01-16,79.0,Debit Card
PAY003501,I004087,C0325,2025-03-02,79.0,UPI
PAY003502,I004088,C0325,2025-03-21,79.0,Debit Card
PAY003503,I004089,C0325,2025-04-18,79.0,Credit Card
PAY003504,I004090,C0325,2025-05-18,79.0,Credit Card
PAY003505,I004091,C0325,2025-06-16,79.0,UPI
PAY003506,I004092,C0325,2025-07-19,79.0,Credit Card
PAY003507,I004093,C0325,2025-09-01,79.0,Credit Card
PAY003508,I004096,C0325,2025-11-30,79.0,UPI
PAY003509,I004097,C0325,2025-12-17,79.0,UPI
PAY003510,I004098,C0325,2026-01-17,79.0,UPI
PAY003511,I004099,C0325,2026-02-27,79.0,Credit Card
PAY003512,I004100,C0325,2026-03-26,79.0,Credit Card
PAY003513,I004101,C0325,2026-04-19,79.0,UPI
PAY003514,I004102,C0325,2026-05-22,79.0,Bank Transfer
PAY003515,I004103,C0325,2026-06-25,79.0,Bank Transfer
PAY003516,I004104,C0325,2026-07-20,79.0,UPI
PAY003517,I004106,C0325,2026-09-30,79.0,Debit Card
PAY003518,I004107,C0326,2023-09-27,948.0,Credit Card
PAY003519,I004108,C0326,2024-10-02,948.0,UPI
PAY003520,I004109,C0327,2024-03-05,948.0,Credit Card
PAY003521,I004111,C0328,2025-10-18,29.0,Credit Card
PAY003522,I004112,C0328,2025-11-29,29.0,UPI
PAY003523,I004113,C0328,2025-12-14,29.0,UPI
PAY003524,I004114,C0328,2026-01-30,29.0,Credit Card
PAY003525,I004115,C0328,2026-03-03,29.0,Debit Card
PAY003526,I004116,C0328,2026-03-21,29.0,UPI
PAY003527,I004117,C0328,2026-04-12,29.0,Debit Card
PAY003528,I004118,C0328,2026-05-12,29.0,Credit Card
PAY003529,I004119,C0328,2026-06-18,29.0,Debit Card
PAY003530,I004120,C0328,2026-07-12,29.0,Credit Card
PAY003531,I004121,C0328,2026-08-26,29.0,Bank Transfer
PAY003532,I004122,C0328,2026-09-27,29.0,UPI
PAY003533,I004123,C0329,2024-11-24,29.0,Bank Transfer
PAY003534,I004124,C0329,2024-12-20,29.0,Debit Card
PAY003535,I004125,C0329,2025-01-15,29.0,Debit Card
PAY003536,I004126,C0329,2025-02-15,29.0,Debit Card
PAY003537,I004127,C0329,2025-03-21,29.0,UPI
PAY003538,I004128,C0329,2025-04-09,29.0,Bank Transfer
PAY003539,I004130,C0329,2025-06-06,29.0,Debit Card
PAY003540,I004133,C0329,2025-09-16,29.0,UPI
PAY003541,I004134,C0330,2025-12-20,199.0,Bank Transfer
PAY003542,I004135,C0330,2026-01-27,199.0,UPI
PAY003543,I004136,C0330,2026-02-27,199.0,Credit Card
PAY003544,I004137,C0330,2026-03-22,199.0,UPI
PAY003545,I004139,C0330,2026-06-01,199.0,UPI
PAY003546,I004140,C0330,2026-06-24,199.0,Debit Card
PAY003547,I004141,C0330,2026-07-21,199.0,Credit Card
PAY003548,I004142,C0330,2026-08-28,199.0,Bank Transfer
PAY003549,I004143,C0330,2026-09-26,199.0,UPI
PAY003550,I004144,C0331,2023-01-16,348.0,Debit Card
PAY003551,I004146,C0332,2025-09-09,79.0,Credit Card
PAY003552,I004147,C0332,2025-10-25,79.0,Bank Transfer
PAY003553,I004148,C0332,2025-11-20,79.0,Debit Card
PAY003554,I004150,C0332,2026-01-27,79.0,UPI
PAY003555,I004151,C0332,2026-02-26,79.0,UPI
PAY003556,I004152,C0332,2026-03-10,79.0,Debit Card
PAY003557,I004153,C0332,2026-04-14,79.0,UPI
PAY003558,I004154,C0332,2026-05-19,79.0,Credit Card
PAY003559,I004155,C0332,2026-06-26,79.0,UPI
PAY003560,I004156,C0333,2024-08-06,499.0,UPI
PAY003561,I004157,C0333,2024-08-28,499.0,UPI
PAY003562,I004158,C0333,2024-10-02,499.0,UPI
PAY003563,I004159,C0333,2024-11-01,499.0,Bank Transfer
PAY003564,I004160,C0333,2024-11-23,499.0,UPI
PAY003565,I004161,C0333,2025-01-06,499.0,Credit Card
PAY003566,I004162,C0333,2025-01-31,499.0,Bank Transfer
PAY003567,I004163,C0333,2025-03-10,499.0,UPI
PAY003568,I004165,C0333,2025-05-04,499.0,UPI
PAY003569,I004166,C0333,2025-06-04,499.0,Debit Card
PAY003570,I004167,C0333,2025-07-02,499.0,UPI
PAY003571,I004168,C0333,2025-07-25,499.0,Debit Card
PAY003572,I004169,C0333,2025-09-08,499.0,UPI
PAY003573,I004170,C0333,2025-09-25,499.0,UPI
PAY003574,I004171,C0334,2024-02-16,2388.0,Credit Card
PAY003575,I004172,C0334,2025-03-01,2388.0,Bank Transfer
PAY003576,I004173,C0335,2023-01-30,29.0,Bank Transfer
PAY003577,I004174,C0335,2023-03-17,29.0,Debit Card
PAY003578,I004175,C0335,2023-03-29,29.0,UPI
PAY003579,I004177,C0335,2023-05-27,29.0,Debit Card
PAY003580,I004179,C0335,2023-08-11,29.0,Bank Transfer
PAY003581,I004180,C0335,2023-09-09,29.0,Credit Card
PAY003582,I004181,C0335,2023-10-07,29.0,Credit Card
PAY003583,I004182,C0335,2023-11-12,29.0,Bank Transfer
PAY003584,I004183,C0335,2023-12-03,29.0,Debit Card
PAY003585,I004184,C0335,2024-01-01,29.0,Credit Card
PAY003586,I004185,C0335,2024-02-09,29.0,Bank Transfer
PAY003587,I004188,C0335,2023-07-20,348.0,UPI
PAY003588,I004189,C0335,2024-07-22,348.0,UPI
PAY003589,I004190,C0336,2025-11-02,79.0,Credit Card
PAY003590,I004192,C0336,2026-01-13,79.0,Debit Card
PAY003591,I004193,C0336,2026-02-06,79.0,Bank Transfer
PAY003592,I004194,C0336,2026-02-25,79.0,UPI
PAY003593,I004195,C0336,2026-04-06,79.0,Bank Transfer
PAY003594,I004196,C0336,2026-05-06,79.0,Credit Card
PAY003595,I004197,C0336,2026-06-09,79.0,UPI
PAY003596,I004198,C0336,2026-07-06,79.0,Debit Card
PAY003597,I004200,C0336,2026-09-10,79.0,Debit Card
PAY003598,I004201,C0336,2026-10-10,79.0,UPI
PAY003599,I004202,C0337,2025-09-29,79.0,UPI
PAY003600,I004205,C0337,2025-12-23,79.0,Credit Card
PAY003601,I004206,C0337,2026-01-20,79.0,Credit Card
PAY003602,I004207,C0337,2026-02-15,79.0,Bank Transfer
PAY003603,I004209,C0337,2026-04-20,79.0,Debit Card
PAY003604,I004210,C0337,2026-05-12,79.0,Credit Card
PAY003605,I004211,C0338,2024-01-27,79.0,Credit Card
PAY003606,I004212,C0338,2024-02-26,79.0,Bank Transfer
PAY003607,I004213,C0338,2024-04-06,79.0,Credit Card
PAY003608,I004214,C0338,2024-04-28,79.0,Debit Card
PAY003609,I004215,C0338,2024-06-04,79.0,Credit Card
PAY003610,I004216,C0338,2024-07-13,79.0,Bank Transfer
PAY003611,I004217,C0338,2024-08-11,79.0,UPI
PAY003612,I004218,C0338,2024-09-07,79.0,Debit Card
PAY003613,I004219,C0338,2024-09-30,79.0,Bank Transfer
PAY003614,I004220,C0338,2024-11-04,79.0,Debit Card
PAY003615,I004221,C0338,2024-11-25,79.0,Bank Transfer
PAY003616,I004222,C0338,2025-01-08,79.0,UPI
PAY003617,I004223,C0338,2025-02-13,79.0,Bank Transfer
PAY003618,I004225,C0338,2025-04-04,79.0,Debit Card
PAY003619,I004226,C0338,2025-05-07,79.0,Credit Card
PAY003620,I004227,C0338,2025-06-04,79.0,Credit Card
PAY003621,I004228,C0338,2025-06-25,79.0,Bank Transfer
PAY003622,I004229,C0338,2025-07-25,79.0,Bank Transfer
PAY003623,I004230,C0338,2025-09-04,79.0,Bank Transfer
PAY003624,I004231,C0338,2025-10-05,79.0,Debit Card
PAY003625,I004232,C0338,2025-11-08,79.0,UPI
PAY003626,I004233,C0338,2025-11-25,79.0,UPI
PAY003627,I004237,C0339,2025-05-24,79.0,Bank Transfer
PAY003628,I004239,C0339,2025-07-20,79.0,UPI
PAY003629,I004240,C0339,2025-08-17,79.0,Credit Card
PAY003630,I004241,C0339,2025-09-22,79.0,UPI
PAY003631,I004242,C0339,2025-10-19,79.0,Credit Card
PAY003632,I004245,C0339,2026-01-14,79.0,Debit Card
PAY003633,I004246,C0339,2026-02-24,79.0,UPI
PAY003634,I004248,C0339,2026-04-07,79.0,UPI
PAY003635,I004249,C0339,2026-05-23,79.0,Credit Card
PAY003636,I004250,C0339,2026-06-22,79.0,Bank Transfer
PAY003637,I004251,C0339,2026-07-15,79.0,Debit Card
PAY003638,I004252,C0339,2026-08-07,79.0,UPI
PAY003639,I004253,C0339,2026-09-24,79.0,Debit Card
PAY003640,I004254,C0340,2024-08-03,948.0,Bank Transfer
PAY003641,I004255,C0340,2025-07-27,948.0,Credit Card
PAY003642,I004256,C0341,2025-01-23,948.0,UPI
PAY003643,I004257,C0341,2025-12-09,79.0,Bank Transfer
PAY003644,I004258,C0341,2025-12-30,79.0,Credit Card
PAY003645,I004259,C0341,2026-01-24,79.0,Bank Transfer
PAY003646,I004260,C0341,2026-03-09,79.0,Debit Card
PAY003647,I004261,C0342,2023-05-26,29.0,Credit Card
PAY003648,I004262,C0342,2023-07-10,29.0,UPI
PAY003649,I004263,C0342,2023-08-06,29.0,Debit Card
PAY003650,I004264,C0342,2023-09-13,29.0,UPI
PAY003651,I004266,C0342,2023-10-28,29.0,UPI
PAY003652,I004267,C0342,2023-12-01,29.0,Debit Card
PAY003653,I004268,C0342,2024-01-02,29.0,Debit Card
PAY003654,I004269,C0342,2024-02-08,29.0,UPI
PAY003655,I004270,C0342,2024-03-16,29.0,Bank Transfer
PAY003656,I004272,C0342,2024-04-26,29.0,UPI
PAY003657,I004273,C0342,2024-05-31,29.0,Debit Card
PAY003658,I004274,C0342,2024-07-06,29.0,Credit Card
PAY003659,I004275,C0342,2024-08-13,29.0,UPI
PAY003660,I004276,C0342,2024-09-13,29.0,UPI
PAY003661,I004277,C0342,2024-10-14,29.0,Credit Card
PAY003662,I004278,C0342,2024-11-02,29.0,UPI
PAY003663,I004279,C0342,2024-12-04,29.0,UPI
PAY003664,I004280,C0342,2024-12-31,29.0,Debit Card
PAY003665,I004281,C0342,2025-01-28,29.0,Credit Card
PAY003666,I004282,C0342,2025-03-07,29.0,UPI
PAY003667,I004283,C0342,2025-04-06,29.0,Bank Transfer
PAY003668,I004284,C0342,2025-05-04,29.0,UPI
PAY003669,I004286,C0343,2025-03-28,79.0,Credit Card
PAY003670,I004287,C0343,2025-04-23,79.0,UPI
PAY003671,I004289,C0343,2025-06-29,79.0,UPI
PAY003672,I004290,C0343,2025-08-07,79.0,Credit Card
PAY003673,I004291,C0343,2025-09-11,79.0,Credit Card
PAY003674,I004292,C0343,2025-10-02,79.0,Credit Card
PAY003675,I004293,C0343,2025-11-05,79.0,Debit Card
PAY003676,I004294,C0343,2025-12-03,79.0,Debit Card
PAY003677,I004296,C0343,2026-01-31,79.0,Bank Transfer
PAY003678,I004297,C0343,2026-03-09,79.0,Debit Card
PAY003679,I004298,C0343,2026-03-28,79.0,UPI
PAY003680,I004299,C0343,2026-05-07,79.0,Debit Card
PAY003681,I004300,C0343,2026-06-06,79.0,Debit Card
PAY003682,I004301,C0343,2026-07-12,79.0,Debit Card
PAY003683,I004303,C0343,2026-09-08,79.0,Debit Card
PAY003684,I004304,C0343,2026-10-12,79.0,Credit Card
PAY003685,I004305,C0344,2024-06-27,79.0,Debit Card
PAY003686,I004306,C0344,2024-07-13,79.0,Credit Card
PAY003687,I004307,C0344,2024-08-14,79.0,Bank Transfer
PAY003688,I004308,C0344,2024-09-10,79.0,Debit Card
PAY003689,I004309,C0344,2024-10-22,79.0,Credit Card
PAY003690,I004310,C0344,2024-11-28,79.0,Credit Card
PAY003691,I004311,C0344,2024-12-22,79.0,Bank Transfer
PAY003692,I004312,C0344,2025-01-15,79.0,UPI
PAY003693,I004316,C0344,2025-05-26,79.0,Debit Card
PAY003694,I004317,C0344,2025-06-21,79.0,Bank Transfer
PAY003695,I004318,C0344,2025-07-27,79.0,UPI
PAY003696,I004319,C0344,2025-08-17,79.0,Bank Transfer
PAY003697,I004320,C0344,2025-09-18,79.0,Credit Card
PAY003698,I004322,C0344,2025-11-19,79.0,Bank Transfer
PAY003699,I004323,C0344,2025-12-23,79.0,Bank Transfer
PAY003700,I004324,C0344,2026-01-10,79.0,Debit Card
PAY003701,I004325,C0344,2026-02-21,79.0,Bank Transfer
PAY003702,I004326,C0344,2026-03-27,79.0,UPI
PAY003703,I004327,C0344,2026-04-25,79.0,Credit Card
PAY003704,I004328,C0344,2026-05-13,79.0,Credit Card
PAY003705,I004329,C0345,2023-01-26,948.0,Debit Card
PAY003706,I004330,C0345,2024-01-30,948.0,UPI
PAY003707,I004331,C0346,2025-07-05,499.0,Bank Transfer
PAY003708,I004334,C0346,2025-10-05,499.0,Bank Transfer
PAY003709,I004335,C0346,2025-10-27,499.0,Credit Card
PAY003710,I004336,C0346,2025-12-07,499.0,UPI
PAY003711,I004339,C0346,2026-03-04,499.0,Bank Transfer
PAY003712,I004340,C0346,2026-04-04,499.0,Credit Card
PAY003713,I004341,C0346,2026-04-26,499.0,UPI
PAY003714,I004342,C0346,2026-05-23,499.0,Credit Card
PAY003715,I004343,C0346,2026-07-10,499.0,Bank Transfer
PAY003716,I004344,C0346,2026-07-25,499.0,Bank Transfer
PAY003717,I004345,C0346,2026-09-03,499.0,UPI
PAY003718,I004346,C0346,2026-09-25,499.0,Credit Card
PAY003719,I004347,C0347,2024-01-24,499.0,Bank Transfer
PAY003720,I004348,C0347,2024-02-22,499.0,Debit Card
PAY003721,I004349,C0347,2024-03-29,499.0,Bank Transfer
PAY003722,I004350,C0347,2024-04-23,499.0,UPI
PAY003723,I004351,C0347,2024-05-21,499.0,Credit Card
PAY003724,I004353,C0347,2024-07-21,499.0,Bank Transfer
PAY003725,I004354,C0347,2024-09-03,499.0,UPI
PAY003726,I004355,C0347,2024-09-30,499.0,UPI
PAY003727,I004356,C0347,2024-10-19,499.0,Credit Card
PAY003728,I004357,C0347,2024-11-21,499.0,Credit Card
PAY003729,I004358,C0347,2025-01-07,499.0,Credit Card
PAY003730,I004359,C0347,2025-02-02,499.0,Credit Card
PAY003731,I004360,C0347,2025-03-05,499.0,Debit Card
PAY003732,I004361,C0347,2025-03-19,499.0,Credit Card
PAY003733,I004362,C0347,2025-05-06,499.0,Credit Card
PAY003734,I004363,C0347,2025-05-26,499.0,Bank Transfer
PAY003735,I004364,C0347,2025-06-19,499.0,Bank Transfer
PAY003736,I004366,C0347,2025-09-02,499.0,Bank Transfer
PAY003737,I004367,C0347,2025-10-01,499.0,UPI
PAY003738,I004368,C0347,2025-10-22,499.0,UPI
PAY003739,I004369,C0347,2025-12-07,499.0,Credit Card
PAY003740,I004370,C0347,2025-12-23,499.0,Debit Card
PAY003741,I004371,C0348,2024-07-11,348.0,UPI
PAY003742,I004373,C0349,2025-06-19,499.0,Bank Transfer
PAY003743,I004374,C0349,2025-07-23,499.0,Bank Transfer
PAY003744,I004376,C0349,2025-09-20,499.0,Bank Transfer
PAY003745,I004377,C0350,2023-01-21,348.0,Bank Transfer
PAY003746,I004378,C0350,2024-01-23,348.0,Bank Transfer
PAY003747,I004379,C0351,2024-08-03,79.0,Bank Transfer
PAY003748,I004380,C0351,2024-08-30,79.0,Bank Transfer
PAY003749,I004383,C0351,2024-12-04,79.0,Credit Card
PAY003750,I004384,C0351,2025-01-12,79.0,Debit Card
PAY003751,I004385,C0351,2025-02-13,79.0,Debit Card
PAY003752,I004386,C0351,2025-03-12,79.0,UPI
PAY003753,I004387,C0351,2025-04-15,79.0,Debit Card
PAY003754,I004388,C0351,2025-05-14,79.0,Credit Card
PAY003755,I004393,C0351,2025-10-21,79.0,Debit Card
PAY003756,I004394,C0351,2025-11-20,79.0,Credit Card
PAY003757,I004395,C0351,2025-12-17,79.0,UPI
PAY003758,I004396,C0351,2026-01-17,79.0,UPI
PAY003759,I004397,C0351,2026-02-04,79.0,Bank Transfer
PAY003760,I004398,C0351,2026-03-05,79.0,Bank Transfer
PAY003761,I004399,C0351,2026-04-19,79.0,Credit Card
PAY003762,I004401,C0351,2026-06-04,79.0,Debit Card
PAY003763,I004403,C0351,2026-08-15,79.0,Debit Card
PAY003764,I004404,C0351,2026-09-07,79.0,Bank Transfer
PAY003765,I004405,C0352,2025-01-31,948.0,UPI
PAY003766,I004406,C0352,2026-02-05,948.0,Bank Transfer
PAY003767,I004407,C0353,2025-10-07,79.0,Debit Card
PAY003768,I004408,C0353,2025-11-05,79.0,Debit Card
PAY003769,I004409,C0353,2025-12-07,79.0,Debit Card
PAY003770,I004410,C0353,2026-01-16,79.0,UPI
PAY003771,I004411,C0353,2026-01-30,79.0,Debit Card
PAY003772,I004412,C0353,2026-03-01,79.0,Debit Card
PAY003773,I004413,C0353,2026-04-14,79.0,Credit Card
PAY003774,I004414,C0353,2026-05-15,79.0,Debit Card
PAY003775,I004415,C0353,2026-06-07,79.0,Credit Card
PAY003776,I004416,C0353,2026-07-08,79.0,Debit Card
PAY003777,I004417,C0353,2026-08-06,79.0,Debit Card
PAY003778,I004418,C0353,2026-09-16,79.0,Bank Transfer
PAY003779,I004419,C0353,2026-10-03,79.0,UPI
PAY003780,I004420,C0354,2024-03-09,2388.0,Debit Card
PAY003781,I004421,C0354,2025-03-01,2388.0,Bank Transfer
PAY003782,I004422,C0354,2024-12-21,79.0,Credit Card
PAY003783,I004423,C0354,2025-01-23,79.0,Bank Transfer
PAY003784,I004424,C0354,2025-02-17,79.0,Bank Transfer
PAY003785,I004425,C0354,2025-03-16,79.0,Bank Transfer
PAY003786,I004426,C0355,2024-02-28,29.0,UPI
PAY003787,I004427,C0355,2024-04-04,29.0,Debit Card
PAY003788,I004428,C0355,2024-04-25,29.0,Debit Card
PAY003789,I004429,C0355,2024-05-26,29.0,UPI
PAY003790,I004430,C0355,2024-06-30,29.0,Bank Transfer
PAY003791,I004431,C0355,2024-08-01,29.0,UPI
PAY003792,I004432,C0355,2024-09-08,29.0,Credit Card
PAY003793,I004433,C0355,2024-10-04,29.0,Credit Card
PAY003794,I004434,C0355,2024-10-27,29.0,Debit Card
PAY003795,I004436,C0355,2024-12-25,29.0,Debit Card
PAY003796,I004438,C0355,2025-03-06,29.0,Bank Transfer
PAY003797,I004439,C0355,2025-04-01,29.0,Bank Transfer
PAY003798,I004440,C0355,2025-05-07,29.0,Bank Transfer
PAY003799,I004441,C0355,2025-06-02,29.0,Bank Transfer
PAY003800,I004442,C0355,2025-07-09,29.0,Bank Transfer
PAY003801,I004443,C0355,2025-07-27,29.0,Credit Card
PAY003802,I004444,C0355,2025-09-06,29.0,Credit Card
PAY003803,I004445,C0355,2025-10-12,29.0,Bank Transfer
PAY003804,I004446,C0355,2025-10-27,29.0,Debit Card
PAY003805,I004447,C0355,2025-11-28,29.0,Credit Card
PAY003806,I004449,C0355,2026-01-26,29.0,Credit Card
PAY003807,I004450,C0356,2023-05-20,29.0,UPI
PAY003808,I004451,C0356,2023-06-11,29.0,Bank Transfer
PAY003809,I004452,C0356,2023-07-05,29.0,Debit Card
PAY003810,I004453,C0356,2023-08-09,29.0,Bank Transfer
PAY003811,I004454,C0356,2023-09-17,29.0,Credit Card
PAY003812,I004455,C0356,2023-10-02,29.0,Credit Card
PAY003813,I004456,C0356,2023-11-18,29.0,UPI
PAY003814,I004457,C0356,2023-12-13,29.0,Credit Card
PAY003815,I004458,C0356,2024-01-09,29.0,Debit Card
PAY003816,I004459,C0356,2024-02-09,29.0,Bank Transfer
PAY003817,I004460,C0356,2024-03-12,29.0,Bank Transfer
PAY003818,I004461,C0356,2024-04-14,29.0,UPI
PAY003819,I004463,C0356,2024-06-09,29.0,Bank Transfer
PAY003820,I004464,C0356,2024-07-17,29.0,Bank Transfer
PAY003821,I004465,C0356,2024-08-05,29.0,Debit Card
PAY003822,I004466,C0356,2024-09-12,29.0,Bank Transfer
PAY003823,I004467,C0356,2024-10-12,29.0,UPI
PAY003824,I004468,C0356,2024-11-18,29.0,Debit Card
PAY003825,I004470,C0356,2025-01-06,29.0,UPI
PAY003826,I004471,C0356,2025-02-02,29.0,UPI
PAY003827,I004473,C0356,2025-04-10,29.0,Debit Card
PAY003828,I004474,C0357,2024-03-15,79.0,Credit Card
PAY003829,I004475,C0357,2024-04-22,79.0,UPI
PAY003830,I004476,C0357,2024-05-15,79.0,Debit Card
PAY003831,I004477,C0357,2024-06-10,79.0,Credit Card
PAY003832,I004478,C0357,2024-07-15,79.0,Debit Card
PAY003833,I004479,C0357,2024-08-23,79.0,Credit Card
PAY003834,I004480,C0357,2024-09-25,79.0,Credit Card
PAY003835,I004481,C0357,2024-10-17,79.0,Bank Transfer
PAY003836,I004482,C0357,2024-11-16,79.0,UPI
PAY003837,I004483,C0357,2024-12-11,79.0,Bank Transfer
PAY003838,I004484,C0357,2025-01-22,79.0,Bank Transfer
PAY003839,I004485,C0357,2025-02-11,79.0,UPI
PAY003840,I004486,C0357,2025-03-19,79.0,Debit Card
PAY003841,I004487,C0357,2025-04-17,79.0,Debit Card
PAY003842,I004488,C0358,2023-02-23,199.0,Debit Card
PAY003843,I004489,C0358,2023-03-16,199.0,Bank Transfer
PAY003844,I004490,C0358,2023-04-26,199.0,Credit Card
PAY003845,I004491,C0358,2023-05-29,199.0,Credit Card
PAY003846,I004492,C0358,2023-06-24,199.0,Bank Transfer
PAY003847,I004493,C0358,2024-05-09,2388.0,UPI
PAY003848,I004494,C0358,2025-05-16,2388.0,UPI
PAY003849,I004495,C0359,2024-01-29,199.0,Bank Transfer
PAY003850,I004496,C0359,2024-02-17,199.0,Credit Card
PAY003851,I004497,C0359,2024-04-03,199.0,UPI
PAY003852,I004499,C0359,2024-05-26,199.0,Bank Transfer
PAY003853,I004500,C0359,2024-07-03,199.0,Credit Card
PAY003854,I004501,C0359,2024-07-23,199.0,Credit Card
PAY003855,I004502,C0359,2024-08-25,199.0,Bank Transfer
PAY003856,I004503,C0359,2024-10-04,199.0,Bank Transfer
PAY003857,I004504,C0359,2024-10-17,199.0,Credit Card
PAY003858,I004507,C0360,2023-07-25,79.0,Bank Transfer
PAY003859,I004508,C0360,2023-09-10,79.0,UPI
PAY003860,I004509,C0360,2023-10-06,79.0,Bank Transfer
PAY003861,I004510,C0360,2023-11-05,79.0,Credit Card
PAY003862,I004511,C0360,2023-12-12,79.0,Bank Transfer
PAY003863,I004512,C0360,2024-01-04,79.0,Credit Card
PAY003864,I004513,C0360,2024-01-30,79.0,UPI
PAY003865,I004516,C0361,2024-03-05,199.0,Credit Card
PAY003866,I004517,C0361,2024-03-31,199.0,Credit Card
PAY003867,I004518,C0361,2024-05-13,199.0,Bank Transfer
PAY003868,I004519,C0361,2024-06-07,199.0,Bank Transfer
PAY003869,I004520,C0361,2024-07-06,199.0,UPI
PAY003870,I004521,C0361,2024-08-04,199.0,Credit Card
PAY003871,I004522,C0361,2024-08-31,199.0,Debit Card
PAY003872,I004523,C0361,2024-10-13,199.0,UPI
PAY003873,I004524,C0361,2024-11-07,199.0,Bank Transfer
PAY003874,I004526,C0361,2025-01-13,199.0,Bank Transfer
PAY003875,I004527,C0361,2025-01-30,199.0,UPI
PAY003876,I004528,C0361,2025-02-28,199.0,Credit Card
PAY003877,I004529,C0361,2025-04-15,199.0,Credit Card
PAY003878,I004530,C0361,2025-05-13,199.0,Bank Transfer
PAY003879,I004531,C0361,2025-05-29,199.0,Debit Card
PAY003880,I004532,C0361,2025-07-08,199.0,Debit Card
PAY003881,I004533,C0361,2025-08-03,199.0,Debit Card
PAY003882,I004534,C0361,2025-09-16,199.0,Credit Card
PAY003883,I004535,C0361,2025-10-14,199.0,Credit Card
PAY003884,I004536,C0361,2025-10-30,199.0,Credit Card
PAY003885,I004537,C0361,2025-12-10,199.0,Credit Card
PAY003886,I004538,C0362,2025-12-20,79.0,UPI
PAY003887,I004539,C0362,2026-01-14,79.0,UPI
PAY003888,I004541,C0362,2026-03-13,79.0,Credit Card
PAY003889,I004542,C0362,2026-04-12,79.0,Credit Card
PAY003890,I004543,C0362,2026-05-14,79.0,UPI
PAY003891,I004544,C0362,2026-06-23,79.0,Debit Card
PAY003892,I004545,C0362,2026-07-22,79.0,Debit Card
PAY003893,I004546,C0362,2026-08-25,79.0,UPI
PAY003894,I004547,C0362,2026-09-21,79.0,Debit Card
PAY003895,I004548,C0363,2026-01-02,79.0,Bank Transfer
PAY003896,I004549,C0363,2026-02-05,79.0,UPI
PAY003897,I004550,C0363,2026-02-24,79.0,Credit Card
PAY003898,I004551,C0363,2026-04-11,79.0,Debit Card
PAY003899,I004552,C0363,2026-05-05,79.0,Credit Card
PAY003900,I004554,C0363,2026-07-06,79.0,Bank Transfer
PAY003901,I004556,C0363,2026-09-05,79.0,Debit Card
PAY003902,I004558,C0364,2023-12-29,199.0,Bank Transfer
PAY003903,I004559,C0364,2024-02-02,199.0,Credit Card
PAY003904,I004560,C0364,2024-03-07,199.0,Debit Card
PAY003905,I004561,C0364,2024-04-03,199.0,Debit Card
PAY003906,I004562,C0364,2024-04-25,199.0,Debit Card
PAY003907,I004563,C0364,2024-05-29,199.0,UPI
PAY003908,I004566,C0364,2024-09-09,199.0,Credit Card
PAY003909,I004567,C0364,2024-09-23,199.0,Credit Card
PAY003910,I004568,C0364,2024-10-24,199.0,UPI
PAY003911,I004569,C0364,2024-11-28,199.0,Debit Card
PAY003912,I004570,C0364,2024-12-21,199.0,Debit Card
PAY003913,I004571,C0364,2025-02-01,199.0,Credit Card
PAY003914,I004572,C0364,2025-02-25,199.0,UPI
PAY003915,I004573,C0364,2024-06-30,348.0,Credit Card
PAY003916,I004574,C0364,2025-07-17,348.0,Bank Transfer
PAY003917,I004575,C0365,2025-03-17,348.0,Credit Card
PAY003918,I004576,C0365,2026-03-19,348.0,Bank Transfer
PAY003919,I004578,C0366,2026-04-17,79.0,Bank Transfer
PAY003920,I004579,C0366,2026-05-21,79.0,Debit Card
PAY003921,I004580,C0366,2026-06-09,79.0,Credit Card
PAY003922,I004581,C0366,2026-07-19,79.0,UPI
PAY003923,I004582,C0366,2026-08-14,79.0,Credit Card
PAY003924,I004583,C0366,2026-09-09,79.0,Debit Card
PAY003925,I004584,C0367,2026-03-19,5988.0,Bank Transfer
PAY003926,I004585,C0368,2025-04-13,348.0,Debit Card
PAY003927,I004586,C0368,2026-04-05,348.0,UPI
PAY003928,I004588,C0370,2024-02-18,5988.0,Debit Card
PAY003929,I004589,C0370,2025-02-12,5988.0,Bank Transfer
PAY003930,I004591,C0371,2026-06-06,948.0,Credit Card
PAY003931,I004592,C0372,2024-04-08,29.0,Credit Card
PAY003932,I004593,C0372,2024-05-08,29.0,UPI
PAY003933,I004594,C0372,2024-06-21,29.0,Credit Card
PAY003934,I004595,C0372,2024-07-10,29.0,Debit Card
PAY003935,I004596,C0372,2024-08-24,29.0,Debit Card
PAY003936,I004597,C0372,2024-09-08,29.0,Debit Card
PAY003937,I004598,C0372,2024-10-23,29.0,Bank Transfer
PAY003938,I004599,C0372,2024-11-09,29.0,Bank Transfer
PAY003939,I004600,C0372,2024-12-25,29.0,Bank Transfer
PAY003940,I004601,C0372,2025-01-22,29.0,Debit Card
PAY003941,I004602,C0372,2025-02-22,29.0,UPI
PAY003942,I004603,C0372,2025-03-25,29.0,Bank Transfer
PAY003943,I004604,C0372,2025-04-19,29.0,UPI
PAY003944,I004605,C0372,2025-05-18,29.0,UPI
PAY003945,I004606,C0372,2025-06-19,29.0,Credit Card
PAY003946,I004607,C0372,2025-07-24,29.0,UPI
PAY003947,I004608,C0372,2025-08-08,29.0,Debit Card
PAY003948,I004609,C0372,2025-09-09,29.0,Bank Transfer
PAY003949,I004610,C0372,2025-10-11,29.0,Bank Transfer
PAY003950,I004611,C0372,2025-11-25,29.0,Debit Card
PAY003951,I004612,C0372,2025-12-19,29.0,UPI
PAY003952,I004614,C0372,2026-02-11,29.0,Bank Transfer
PAY003953,I004616,C0373,2025-03-24,199.0,Credit Card
PAY003954,I004617,C0373,2025-05-01,199.0,Bank Transfer
PAY003955,I004618,C0373,2025-05-19,199.0,UPI
PAY003956,I004619,C0373,2025-07-04,199.0,Debit Card
PAY003957,I004620,C0373,2025-08-02,199.0,UPI
PAY003958,I004621,C0373,2025-09-06,199.0,Bank Transfer
PAY003959,I004622,C0374,2023-07-10,79.0,Bank Transfer
PAY003960,I004623,C0374,2023-08-11,79.0,UPI
PAY003961,I004624,C0374,2023-09-17,79.0,UPI
PAY003962,I004625,C0374,2023-10-18,79.0,Credit Card
PAY003963,I004627,C0374,2023-12-08,79.0,Credit Card
PAY003964,I004628,C0374,2024-01-14,79.0,Debit Card
PAY003965,I004629,C0374,2024-02-13,79.0,Debit Card
PAY003966,I004630,C0374,2024-03-10,79.0,Debit Card
PAY003967,I004631,C0374,2024-04-12,79.0,UPI
PAY003968,I004632,C0374,2024-05-17,79.0,Bank Transfer
PAY003969,I004633,C0374,2024-06-16,79.0,UPI
PAY003970,I004634,C0374,2024-07-15,79.0,Debit Card
PAY003971,I004635,C0374,2024-08-06,79.0,UPI
PAY003972,I004636,C0374,2024-09-16,79.0,Credit Card
PAY003973,I004637,C0374,2024-10-14,79.0,Debit Card
PAY003974,I004638,C0374,2024-11-07,79.0,UPI
PAY003975,I004639,C0374,2024-12-22,79.0,Bank Transfer
PAY003976,I004640,C0374,2025-01-23,79.0,UPI
PAY003977,I004641,C0374,2025-02-09,79.0,Credit Card
PAY003978,I004642,C0374,2025-03-22,79.0,Debit Card
PAY003979,I004643,C0374,2025-04-24,79.0,Credit Card
PAY003980,I004644,C0374,2025-05-24,79.0,Debit Card
PAY003981,I004645,C0374,2025-06-22,79.0,Credit Card
PAY003982,I004646,C0375,2025-01-14,79.0,Debit Card
PAY003983,I004647,C0375,2025-02-11,79.0,Debit Card
PAY003984,I004648,C0375,2025-03-16,79.0,UPI
PAY003985,I004649,C0375,2025-04-14,79.0,Debit Card
PAY003986,I004650,C0375,2025-05-04,79.0,UPI
PAY003987,I004651,C0375,2025-06-03,79.0,UPI
PAY003988,I004652,C0375,2025-07-18,79.0,Bank Transfer
PAY003989,I004653,C0375,2025-08-16,79.0,UPI
PAY003990,I004654,C0375,2025-09-15,79.0,Credit Card
PAY003991,I004655,C0375,2025-10-01,79.0,Credit Card
PAY003992,I004656,C0375,2025-11-06,79.0,UPI
PAY003993,I004657,C0375,2025-12-18,79.0,Debit Card
PAY003994,I004661,C0375,2026-04-08,79.0,Bank Transfer
PAY003995,I004662,C0375,2026-05-01,79.0,Bank Transfer
PAY003996,I004663,C0375,2026-06-20,79.0,Debit Card
PAY003997,I004665,C0375,2026-08-05,79.0,Bank Transfer
PAY003998,I004667,C0376,2024-03-21,948.0,Credit Card
PAY003999,I004668,C0376,2025-03-10,948.0,Bank Transfer
PAY004000,I004669,C0377,2025-05-16,948.0,Credit Card
PAY004001,I004672,C0378,2023-10-14,79.0,Credit Card
PAY004002,I004674,C0378,2023-12-04,79.0,Credit Card
PAY004003,I004675,C0378,2024-01-04,79.0,Debit Card
PAY004004,I004676,C0378,2024-01-25,79.0,Bank Transfer
PAY004005,I004677,C0378,2024-03-09,79.0,Debit Card
PAY004006,I004678,C0378,2024-04-11,79.0,Bank Transfer
PAY004007,I004679,C0378,2024-05-04,79.0,Bank Transfer
PAY004008,I004680,C0378,2024-06-01,79.0,Bank Transfer
PAY004009,I004681,C0378,2024-06-25,79.0,Debit Card
PAY004010,I004682,C0378,2024-07-31,79.0,UPI
PAY004011,I004683,C0378,2024-09-10,79.0,Debit Card
PAY004012,I004685,C0378,2024-10-27,79.0,Debit Card
PAY004013,I004686,C0378,2024-12-12,79.0,Credit Card
PAY004014,I004687,C0378,2025-01-02,79.0,Debit Card
PAY004015,I004688,C0378,2025-02-05,79.0,Debit Card
PAY004016,I004689,C0378,2025-03-01,79.0,Bank Transfer
PAY004017,I004690,C0378,2025-03-28,79.0,Debit Card
PAY004018,I004691,C0378,2025-05-08,79.0,Credit Card
PAY004019,I004692,C0378,2025-06-03,79.0,Bank Transfer
PAY004020,I004693,C0378,2025-07-05,79.0,Credit Card
PAY004021,I004694,C0378,2025-07-27,79.0,Bank Transfer
PAY004022,I004695,C0379,2025-02-26,79.0,Credit Card
PAY004023,I004697,C0379,2025-04-14,79.0,Debit Card
PAY004024,I004698,C0379,2025-05-09,79.0,Debit Card
PAY004025,I004699,C0379,2025-06-15,79.0,Debit Card
PAY004026,I004700,C0379,2025-07-16,79.0,UPI
PAY004027,I004702,C0379,2025-09-16,79.0,Credit Card
PAY004028,I004703,C0379,2025-10-28,79.0,UPI
PAY004029,I004704,C0379,2025-11-15,79.0,Credit Card
PAY004030,I004705,C0379,2025-12-20,79.0,UPI
PAY004031,I004706,C0379,2026-01-09,79.0,Debit Card
PAY004032,I004707,C0379,2026-02-15,79.0,Debit Card
PAY004033,I004708,C0379,2026-03-17,79.0,UPI
PAY004034,I004709,C0379,2026-04-10,79.0,UPI
PAY004035,I004710,C0379,2026-05-10,79.0,Bank Transfer
PAY004036,I004711,C0379,2026-06-27,79.0,Debit Card
PAY004037,I004712,C0379,2026-07-21,79.0,Credit Card
PAY004038,I004713,C0379,2026-08-26,79.0,Debit Card
PAY004039,I004714,C0379,2026-09-23,79.0,Bank Transfer
PAY004040,I004715,C0380,2025-02-06,29.0,Debit Card
PAY004041,I004716,C0380,2025-03-14,29.0,Bank Transfer
PAY004042,I004717,C0380,2025-04-01,29.0,Debit Card
PAY004043,I004719,C0380,2025-05-28,29.0,UPI
PAY004044,I004720,C0380,2025-07-02,29.0,Bank Transfer
PAY004045,I004722,C0380,2025-08-30,29.0,Debit Card
PAY004046,I004723,C0380,2025-10-05,29.0,Bank Transfer
PAY004047,I004724,C0380,2025-11-06,29.0,UPI
PAY004048,I004725,C0380,2025-11-30,29.0,UPI
PAY004049,I004726,C0380,2026-01-12,29.0,UPI
PAY004050,I004727,C0380,2026-02-06,29.0,Credit Card
PAY004051,I004728,C0380,2026-03-04,29.0,Debit Card
PAY004052,I004730,C0380,2026-05-15,29.0,UPI
PAY004053,I004731,C0380,2026-06-12,29.0,Credit Card
PAY004054,I004732,C0380,2026-06-29,29.0,Debit Card
PAY004055,I004733,C0380,2026-08-10,29.0,UPI
PAY004056,I004737,C0381,2023-06-16,29.0,Credit Card
PAY004057,I004739,C0381,2023-08-25,29.0,Bank Transfer
PAY004058,I004740,C0381,2023-09-23,29.0,Debit Card
PAY004059,I004741,C0381,2023-10-25,29.0,Credit Card
PAY004060,I004742,C0381,2023-11-19,29.0,UPI
PAY004061,I004743,C0381,2023-12-20,29.0,Credit Card
PAY004062,I004746,C0381,2024-03-24,29.0,Credit Card
PAY004063,I004747,C0381,2024-04-16,29.0,Credit Card
PAY004064,I004748,C0381,2024-05-19,29.0,Bank Transfer
PAY004065,I004749,C0381,2024-06-19,29.0,Debit Card
PAY004066,I004750,C0381,2024-08-02,29.0,Credit Card
PAY004067,I004752,C0381,2024-10-03,29.0,Debit Card
PAY004068,I004753,C0381,2024-10-19,29.0,Debit Card
PAY004069,I004755,C0381,2024-12-30,29.0,Debit Card
PAY004070,I004756,C0381,2025-01-16,29.0,Bank Transfer
PAY004071,I004757,C0381,2025-02-25,29.0,Debit Card
PAY004072,I004758,C0381,2025-03-22,29.0,UPI
PAY004073,I004759,C0381,2025-04-20,29.0,UPI
PAY004074,I004760,C0382,2025-03-09,199.0,Credit Card
PAY004075,I004761,C0382,2025-04-08,199.0,Debit Card
PAY004076,I004762,C0382,2025-05-12,199.0,Bank Transfer
PAY004077,I004763,C0382,2025-06-09,199.0,UPI
PAY004078,I004764,C0382,2025-07-18,199.0,Debit Card
PAY004079,I004765,C0382,2025-09-07,79.0,Credit Card
PAY004080,I004766,C0382,2025-09-19,79.0,Bank Transfer
PAY004081,I004767,C0382,2025-10-25,79.0,Credit Card
PAY004082,I004768,C0382,2025-12-06,79.0,Bank Transfer
PAY004083,I004769,C0382,2025-12-28,79.0,UPI
PAY004084,I004771,C0382,2026-02-27,79.0,Credit Card
PAY004085,I004772,C0382,2026-03-26,79.0,Credit Card
PAY004086,I004773,C0382,2026-04-24,79.0,Credit Card
PAY004087,I004774,C0382,2026-05-22,79.0,Debit Card
PAY004088,I004775,C0382,2026-07-04,79.0,UPI
PAY004089,I004776,C0382,2026-07-27,79.0,UPI
PAY004090,I004777,C0382,2026-08-26,79.0,Credit Card
PAY004091,I004778,C0382,2026-09-30,79.0,Debit Card
PAY004092,I004780,C0383,2023-07-20,29.0,UPI
PAY004093,I004782,C0383,2023-09-20,29.0,Bank Transfer
PAY004094,I004783,C0383,2023-10-29,29.0,Bank Transfer
PAY004095,I004784,C0383,2023-12-08,29.0,Bank Transfer
PAY004096,I004785,C0383,2023-12-26,29.0,Bank Transfer
PAY004097,I004786,C0383,2024-01-24,29.0,Bank Transfer
PAY004098,I004787,C0383,2024-03-07,29.0,Bank Transfer
PAY004099,I004788,C0383,2024-03-23,29.0,Bank Transfer
PAY004100,I004790,C0383,2024-05-23,29.0,UPI
PAY004101,I004791,C0383,2024-07-07,29.0,Bank Transfer
PAY004102,I004792,C0383,2024-07-29,29.0,UPI
PAY004103,I004793,C0383,2024-09-03,29.0,Debit Card
PAY004104,I004794,C0383,2024-10-09,29.0,Credit Card
PAY004105,I004795,C0383,2024-10-25,29.0,Bank Transfer
PAY004106,I004796,C0383,2024-12-03,29.0,Credit Card
PAY004107,I004797,C0383,2024-12-25,29.0,Debit Card
PAY004108,I004800,C0383,2025-03-27,29.0,Bank Transfer
PAY004109,I004801,C0383,2025-04-24,29.0,Bank Transfer
PAY004110,I004802,C0383,2025-06-06,29.0,Debit Card
PAY004111,I004804,C0384,2023-07-11,79.0,Debit Card
PAY004112,I004806,C0384,2023-09-12,79.0,Bank Transfer
PAY004113,I004807,C0384,2023-10-16,79.0,Bank Transfer
PAY004114,I004808,C0384,2023-11-24,79.0,Debit Card
PAY004115,I004809,C0384,2023-12-22,79.0,Bank Transfer
PAY004116,I004810,C0384,2024-01-13,79.0,Debit Card
PAY004117,I004811,C0384,2024-02-27,79.0,Debit Card
PAY004118,I004812,C0384,2024-03-22,79.0,Debit Card
PAY004119,I004813,C0384,2024-04-25,79.0,Credit Card
PAY004120,I004815,C0384,2024-06-22,79.0,Bank Transfer
PAY004121,I004816,C0384,2024-07-12,79.0,Debit Card
PAY004122,I004817,C0384,2024-08-09,79.0,Credit Card
PAY004123,I004819,C0384,2024-10-19,79.0,Bank Transfer
PAY004124,I004820,C0384,2024-11-19,79.0,Bank Transfer
PAY004125,I004821,C0384,2024-12-08,79.0,Credit Card
PAY004126,I004822,C0384,2025-01-17,79.0,Credit Card
PAY004127,I004823,C0384,2025-02-18,79.0,Bank Transfer
PAY004128,I004825,C0384,2025-04-13,79.0,Debit Card
PAY004129,I004827,C0385,2023-07-22,948.0,Debit Card
PAY004130,I004828,C0385,2024-09-02,348.0,UPI
PAY004131,I004829,C0385,2025-08-25,348.0,UPI
PAY004132,I004830,C0386,2025-08-20,29.0,Credit Card
PAY004133,I004831,C0386,2025-10-05,29.0,Bank Transfer
PAY004134,I004832,C0386,2025-10-26,29.0,Credit Card
PAY004135,I004835,C0386,2026-02-07,29.0,Bank Transfer
PAY004136,I004836,C0386,2026-03-04,29.0,Debit Card
PAY004137,I004837,C0386,2026-03-25,29.0,UPI
PAY004138,I004838,C0386,2026-04-24,29.0,UPI
PAY004139,I004839,C0386,2026-05-21,29.0,Credit Card
PAY004140,I004840,C0386,2026-06-24,29.0,Bank Transfer
PAY004141,I004841,C0386,2026-07-23,29.0,Bank Transfer
PAY004142,I004842,C0386,2026-08-27,29.0,Bank Transfer
PAY004143,I004843,C0386,2026-09-26,29.0,Debit Card
PAY004144,I004844,C0387,2024-08-24,79.0,UPI
PAY004145,I004845,C0387,2024-09-24,79.0,Debit Card
PAY004146,I004847,C0387,2024-11-23,79.0,Debit Card
PAY004147,I004848,C0387,2024-12-20,79.0,Credit Card
PAY004148,I004849,C0387,2025-01-18,79.0,UPI
PAY004149,I004850,C0387,2025-02-09,79.0,Debit Card
PAY004150,I004851,C0387,2025-03-21,79.0,Debit Card
PAY004151,I004852,C0387,2025-04-17,79.0,Credit Card
PAY004152,I004853,C0387,2025-05-16,79.0,Debit Card
PAY004153,I004854,C0387,2025-06-07,79.0,Bank Transfer
PAY004154,I004855,C0387,2025-07-18,79.0,UPI
PAY004155,I004856,C0387,2025-08-16,79.0,UPI
PAY004156,I004857,C0387,2025-09-05,79.0,Debit Card
PAY004157,I004858,C0387,2025-10-14,79.0,Debit Card
PAY004158,I004859,C0387,2025-11-09,79.0,Debit Card
PAY004159,I004861,C0387,2026-01-19,79.0,UPI
PAY004160,I004862,C0387,2026-02-05,79.0,Bank Transfer
PAY004161,I004863,C0387,2026-03-09,79.0,Credit Card
PAY004162,I004864,C0387,2026-04-23,79.0,Credit Card
PAY004163,I004865,C0387,2026-05-06,79.0,UPI
PAY004164,I004866,C0387,2026-06-12,79.0,Debit Card
PAY004165,I004867,C0387,2026-07-23,79.0,UPI
PAY004166,I004868,C0388,2025-06-10,348.0,UPI
PAY004167,I004869,C0388,2026-05-28,348.0,Debit Card
PAY004168,I004870,C0389,2024-01-17,79.0,UPI
PAY004169,I004872,C0389,2024-03-18,79.0,Debit Card
PAY004170,I004873,C0389,2024-04-21,79.0,Credit Card
PAY004171,I004874,C0389,2024-05-16,79.0,Debit Card
PAY004172,I004875,C0389,2024-06-07,79.0,UPI
PAY004173,I004876,C0389,2024-07-25,79.0,Credit Card
PAY004174,I004877,C0389,2024-08-21,79.0,Credit Card
PAY004175,I004878,C0389,2024-09-17,79.0,Debit Card
PAY004176,I004879,C0389,2024-10-18,79.0,UPI
PAY004177,I004880,C0389,2024-11-15,79.0,UPI
PAY004178,I004881,C0389,2024-12-14,79.0,Debit Card
PAY004179,I004882,C0389,2025-04-20,348.0,Credit Card
PAY004180,I004883,C0389,2026-04-22,348.0,Bank Transfer
PAY004181,I004884,C0390,2023-04-17,79.0,Bank Transfer
PAY004182,I004886,C0390,2023-07-01,79.0,Debit Card
PAY004183,I004887,C0390,2023-07-21,79.0,Credit Card
PAY004184,I004888,C0390,2023-09-01,79.0,Credit Card
PAY004185,I004889,C0390,2023-09-18,79.0,Credit Card
PAY004186,I004890,C0390,2023-10-17,79.0,UPI
PAY004187,I004892,C0390,2023-12-17,79.0,Debit Card
PAY004188,I004893,C0390,2024-01-25,79.0,Debit Card
PAY004189,I004894,C0390,2024-02-17,79.0,Credit Card
PAY004190,I004895,C0390,2024-03-26,79.0,Debit Card
PAY004191,I004896,C0390,2024-05-02,79.0,Credit Card
PAY004192,I004897,C0390,2024-05-18,79.0,UPI
PAY004193,I004898,C0390,2024-06-25,79.0,Bank Transfer
PAY004194,I004899,C0390,2024-07-17,79.0,UPI
PAY004195,I004900,C0390,2024-08-21,79.0,Bank Transfer
PAY004196,I004901,C0390,2024-09-15,79.0,Debit Card
PAY004197,I004903,C0390,2024-11-26,79.0,Credit Card
PAY004198,I004904,C0390,2024-12-15,79.0,Debit Card
PAY004199,I004906,C0390,2025-02-16,79.0,UPI
PAY004200,I004907,C0390,2025-03-28,79.0,Debit Card
PAY004201,I004908,C0391,2025-10-04,199.0,Debit Card
PAY004202,I004909,C0391,2025-10-30,199.0,UPI
PAY004203,I004910,C0391,2025-12-02,199.0,Credit Card
PAY004204,I004912,C0391,2026-01-31,199.0,Credit Card
PAY004205,I004913,C0391,2026-03-06,199.0,Debit Card
PAY004206,I004914,C0391,2026-04-04,199.0,Bank Transfer
PAY004207,I004915,C0391,2026-05-04,199.0,Credit Card
PAY004208,I004916,C0391,2026-06-15,199.0,Credit Card
PAY004209,I004917,C0391,2026-07-12,199.0,Credit Card
PAY004210,I004918,C0391,2026-08-02,199.0,Bank Transfer
PAY004211,I004919,C0391,2026-09-02,199.0,Debit Card
PAY004212,I004921,C0392,2026-03-27,79.0,UPI
PAY004213,I004922,C0392,2026-05-10,79.0,Debit Card
PAY004214,I004923,C0392,2026-06-03,79.0,Bank Transfer
PAY004215,I004924,C0392,2026-07-04,79.0,Credit Card
PAY004216,I004925,C0392,2026-08-09,79.0,Debit Card
PAY004217,I004926,C0392,2026-08-26,79.0,Bank Transfer
PAY004218,I004927,C0392,2026-10-01,79.0,Debit Card
PAY004219,I004928,C0393,2025-09-18,79.0,Debit Card
PAY004220,I004929,C0393,2025-10-14,79.0,Bank Transfer
PAY004221,I004930,C0393,2025-11-04,79.0,Bank Transfer
PAY004222,I004931,C0393,2025-12-04,79.0,UPI
PAY004223,I004932,C0393,2026-01-19,79.0,UPI
PAY004224,I004933,C0393,2026-02-06,79.0,Debit Card
PAY004225,I004934,C0393,2026-03-12,79.0,Bank Transfer
PAY004226,I004935,C0393,2026-04-10,79.0,Bank Transfer
PAY004227,I004936,C0393,2026-05-03,79.0,Bank Transfer
PAY004228,I004937,C0393,2026-06-10,79.0,Credit Card
PAY004229,I004938,C0393,2026-07-06,79.0,Credit Card
PAY004230,I004939,C0393,2026-08-16,79.0,Credit Card
PAY004231,I004940,C0393,2026-09-11,79.0,Credit Card
PAY004232,I004941,C0394,2025-03-16,79.0,Debit Card
PAY004233,I004943,C0394,2025-05-20,79.0,UPI
PAY004234,I004944,C0394,2025-06-16,79.0,Debit Card
PAY004235,I004945,C0394,2025-07-15,79.0,Debit Card
PAY004236,I004946,C0394,2025-08-26,79.0,Debit Card
PAY004237,I004947,C0394,2025-09-18,79.0,Bank Transfer
PAY004238,I004948,C0394,2025-10-10,79.0,UPI
PAY004239,I004949,C0394,2025-11-22,79.0,Debit Card
PAY004240,I004950,C0394,2025-12-18,79.0,UPI
PAY004241,I004951,C0394,2026-01-27,79.0,Debit Card
PAY004242,I004952,C0394,2026-02-10,79.0,Bank Transfer
PAY004243,I004953,C0394,2026-03-21,79.0,Credit Card
PAY004244,I004955,C0394,2026-05-27,79.0,Debit Card
PAY004245,I004956,C0394,2026-06-10,79.0,UPI
PAY004246,I004957,C0394,2026-07-13,79.0,Debit Card
PAY004247,I004958,C0394,2026-08-22,79.0,Debit Card
PAY004248,I004959,C0394,2026-09-24,79.0,Credit Card
PAY004249,I004960,C0395,2024-11-02,2388.0,Credit Card
PAY004250,I004961,C0395,2025-10-27,2388.0,Debit Card
PAY004251,I004962,C0396,2025-06-02,79.0,Debit Card
PAY004252,I004963,C0396,2025-07-16,79.0,Debit Card
PAY004253,I004964,C0396,2025-08-10,79.0,Bank Transfer
PAY004254,I004965,C0396,2025-09-11,79.0,Bank Transfer
PAY004255,I004966,C0396,2025-10-14,79.0,Debit Card
PAY004256,I004967,C0396,2025-11-07,79.0,Bank Transfer
PAY004257,I004968,C0396,2025-12-03,79.0,Debit Card
PAY004258,I004969,C0396,2026-01-09,79.0,Credit Card
PAY004259,I004970,C0396,2026-02-12,79.0,Debit Card
PAY004260,I004971,C0396,2026-03-02,79.0,UPI
PAY004261,I004972,C0396,2026-04-04,79.0,Credit Card
PAY004262,I004973,C0396,2026-05-02,79.0,Bank Transfer
PAY004263,I004974,C0396,2026-06-16,79.0,Credit Card
PAY004264,I004975,C0396,2026-07-01,79.0,Debit Card
PAY004265,I004976,C0396,2026-08-16,79.0,Bank Transfer
PAY004266,I004978,C0396,2026-10-14,79.0,UPI
PAY004267,I004979,C0397,2025-01-20,948.0,UPI
PAY004268,I004980,C0397,2026-01-09,948.0,Debit Card
PAY004269,I004981,C0398,2024-03-11,79.0,Debit Card
PAY004270,I004982,C0398,2024-04-12,79.0,Bank Transfer
PAY004271,I004983,C0398,2024-05-11,79.0,Debit Card
PAY004272,I004984,C0398,2024-06-07,79.0,Credit Card
PAY004273,I004985,C0398,2024-07-05,79.0,Credit Card
PAY004274,I004986,C0398,2024-08-07,79.0,Credit Card
PAY004275,I004987,C0398,2024-09-14,79.0,Credit Card
PAY004276,I004988,C0398,2024-10-13,79.0,UPI
PAY004277,I004989,C0398,2024-11-10,79.0,Credit Card
PAY004278,I004990,C0398,2024-11-28,79.0,Debit Card
PAY004279,I004991,C0398,2025-01-02,79.0,UPI
PAY004280,I004992,C0398,2025-02-02,79.0,Credit Card
PAY004281,I004993,C0398,2025-03-03,79.0,Credit Card
PAY004282,I004994,C0398,2025-04-07,79.0,Debit Card
PAY004283,I004995,C0398,2025-05-08,79.0,UPI
PAY004284,I004996,C0398,2025-06-02,79.0,Debit Card
PAY004285,I004997,C0398,2025-06-29,79.0,Credit Card
PAY004286,I004998,C0398,2025-08-09,79.0,Debit Card
PAY004287,I004999,C0398,2025-08-31,79.0,Bank Transfer
PAY004288,I005000,C0398,2025-10-06,79.0,Debit Card
PAY004289,I005001,C0398,2025-11-13,79.0,Credit Card
PAY004290,I005002,C0398,2025-11-30,79.0,UPI
PAY004291,I005003,C0398,2026-01-08,79.0,Credit Card
PAY004292,I005004,C0398,2026-02-04,79.0,Bank Transfer
PAY004293,I005006,C0399,2024-08-28,79.0,Credit Card
PAY004294,I005007,C0399,2024-10-12,79.0,Credit Card
PAY004295,I005008,C0399,2024-11-10,79.0,Credit Card
PAY004296,I005010,C0399,2025-01-01,79.0,Credit Card
PAY004297,I005011,C0399,2025-01-27,79.0,Credit Card
PAY004298,I005012,C0399,2025-03-09,79.0,Bank Transfer
PAY004299,I005013,C0399,2025-04-07,79.0,Credit Card
PAY004300,I005014,C0399,2025-04-25,79.0,Credit Card
PAY004301,I005015,C0399,2025-06-13,79.0,UPI
PAY004302,I005016,C0399,2025-07-09,79.0,Bank Transfer
PAY004303,I005017,C0399,2025-08-05,79.0,Credit Card
PAY004304,I005019,C0399,2025-09-27,79.0,UPI
PAY004305,I005020,C0399,2025-11-02,79.0,Credit Card
PAY004306,I005021,C0399,2025-12-12,79.0,Bank Transfer
PAY004307,I005022,C0399,2026-01-03,79.0,Bank Transfer
PAY004308,I005023,C0399,2026-02-06,79.0,UPI
PAY004309,I005025,C0399,2026-03-27,79.0,Debit Card
PAY004310,I005026,C0399,2026-04-25,79.0,Debit Card
PAY004311,I005027,C0399,2026-06-04,79.0,Bank Transfer
PAY004312,I005028,C0399,2026-06-28,79.0,Credit Card
PAY004313,I005029,C0400,2023-06-22,29.0,Bank Transfer
PAY004314,I005030,C0400,2023-08-06,29.0,Bank Transfer
PAY004315,I005031,C0400,2023-08-22,29.0,Bank Transfer
PAY004316,I005032,C0400,2023-10-06,29.0,Credit Card
PAY004317,I005033,C0400,2023-11-04,29.0,UPI
PAY004318,I005034,C0400,2023-12-08,29.0,Bank Transfer
PAY004319,I005035,C0400,2023-12-27,29.0,Bank Transfer
PAY004320,I005036,C0400,2024-01-27,29.0,UPI
PAY004321,I005037,C0400,2024-02-23,29.0,Credit Card
PAY004322,I005038,C0400,2024-03-22,29.0,Bank Transfer
PAY004323,I005039,C0400,2024-04-22,29.0,Bank Transfer
PAY004324,I005040,C0400,2024-05-21,29.0,Credit Card
PAY004325,I005041,C0400,2024-06-22,29.0,Debit Card
PAY004326,I005042,C0400,2024-07-25,29.0,UPI
PAY004327,I005043,C0400,2024-08-30,29.0,Credit Card
PAY004328,I005045,C0400,2024-11-04,29.0,Bank Transfer
PAY004329,I005046,C0400,2024-12-08,29.0,UPI
PAY004330,I005047,C0400,2025-01-08,29.0,UPI
PAY004331,I005048,C0400,2025-02-05,29.0,UPI
PAY004332,I005049,C0400,2025-03-10,29.0,Bank Transfer
PAY004333,I005050,C0400,2025-03-27,29.0,UPI
PAY004334,I005051,C0400,2025-04-25,29.0,Debit Card
PAY004335,I005053,C0401,2023-07-01,29.0,Bank Transfer
PAY004336,I005054,C0401,2023-08-01,29.0,Bank Transfer
PAY004337,I005056,C0401,2023-10-01,29.0,Bank Transfer
PAY004338,I005057,C0401,2023-11-10,29.0,UPI
PAY004339,I005058,C0401,2023-11-24,29.0,Debit Card
PAY004340,I005059,C0401,2023-12-28,29.0,Credit Card
PAY004341,I005060,C0401,2024-02-02,29.0,Credit Card
PAY004342,I005061,C0401,2024-03-01,29.0,Debit Card
PAY004343,I005064,C0401,2024-05-22,29.0,Bank Transfer
PAY004344,I005065,C0401,2024-06-27,29.0,Debit Card
PAY004345,I005066,C0401,2024-10-22,199.0,Credit Card
PAY004346,I005067,C0401,2024-11-29,199.0,Bank Transfer
PAY004347,I005068,C0401,2024-12-28,199.0,Debit Card
PAY004348,I005069,C0401,2025-01-20,199.0,Credit Card
PAY004349,I005070,C0401,2025-02-24,199.0,Bank Transfer
PAY004350,I005071,C0401,2025-03-18,199.0,Bank Transfer
PAY004351,I005072,C0401,2025-04-16,199.0,Credit Card
PAY004352,I005073,C0401,2025-05-25,199.0,Bank Transfer
PAY004353,I005074,C0401,2025-06-21,199.0,Credit Card
PAY004354,I005075,C0401,2025-07-24,199.0,Debit Card
PAY004355,I005076,C0401,2025-09-04,199.0,Debit Card
PAY004356,I005077,C0401,2025-09-24,199.0,Debit Card
PAY004357,I005078,C0401,2025-10-19,199.0,UPI
PAY004358,I005080,C0401,2026-01-03,199.0,Credit Card
PAY004359,I005081,C0401,2026-01-26,199.0,Bank Transfer
PAY004360,I005082,C0401,2026-02-23,199.0,Debit Card
PAY004361,I005083,C0401,2026-03-28,199.0,Credit Card
PAY004362,I005084,C0401,2026-05-03,199.0,Credit Card
PAY004363,I005085,C0401,2026-05-29,199.0,Debit Card
PAY004364,I005086,C0401,2026-06-18,199.0,Bank Transfer
PAY004365,I005087,C0401,2026-07-26,199.0,Credit Card
PAY004366,I005089,C0401,2026-09-29,199.0,UPI
PAY004367,I005091,C0402,2025-10-25,348.0,Debit Card
PAY004368,I005092,C0403,2024-04-07,348.0,Debit Card
PAY004369,I005094,C0404,2024-01-03,199.0,Bank Transfer
PAY004370,I005095,C0404,2024-01-23,199.0,Debit Card
PAY004371,I005096,C0404,2024-02-18,199.0,Credit Card
PAY004372,I005097,C0404,2024-03-16,199.0,UPI
PAY004373,I005098,C0404,2024-05-03,199.0,Credit Card
PAY004374,I005099,C0404,2024-05-16,199.0,Credit Card
PAY004375,I005100,C0404,2024-06-20,199.0,UPI
PAY004376,I005101,C0404,2024-07-28,199.0,UPI
PAY004377,I005102,C0404,2024-08-16,199.0,UPI
PAY004378,I005103,C0404,2024-09-18,199.0,UPI
PAY004379,I005104,C0404,2024-10-27,199.0,UPI
PAY004380,I005105,C0404,2024-12-03,199.0,Credit Card
PAY004381,I005106,C0404,2024-12-31,199.0,Bank Transfer
PAY004382,I005107,C0404,2025-02-02,199.0,Debit Card
PAY004383,I005108,C0404,2025-03-03,199.0,Debit Card
PAY004384,I005109,C0404,2025-03-24,199.0,Bank Transfer
PAY004385,I005110,C0404,2025-05-02,199.0,Debit Card
PAY004386,I005111,C0404,2025-05-19,199.0,UPI
PAY004387,I005112,C0404,2025-07-02,199.0,Credit Card
PAY004388,I005113,C0404,2025-07-23,199.0,Bank Transfer
PAY004389,I005114,C0404,2025-08-20,199.0,Credit Card
PAY004390,I005115,C0404,2025-09-17,199.0,Debit Card
PAY004391,I005116,C0404,2025-11-03,199.0,UPI
PAY004392,I005117,C0404,2025-12-03,199.0,Bank Transfer
PAY004393,I005118,C0405,2024-05-11,79.0,Debit Card
PAY004394,I005119,C0405,2024-06-19,79.0,Credit Card
PAY004395,I005120,C0405,2024-07-23,79.0,Bank Transfer
PAY004396,I005121,C0405,2024-08-17,79.0,UPI
PAY004397,I005122,C0405,2024-09-14,79.0,Debit Card
PAY004398,I005123,C0405,2024-10-17,79.0,Debit Card
PAY004399,I005124,C0405,2024-11-25,79.0,Credit Card
PAY004400,I005125,C0405,2024-12-23,79.0,UPI
PAY004401,I005126,C0405,2025-01-22,79.0,Debit Card
PAY004402,I005127,C0405,2025-02-13,79.0,UPI
PAY004403,I005128,C0405,2025-03-11,79.0,Debit Card
PAY004404,I005129,C0405,2025-04-25,79.0,UPI
PAY004405,I005130,C0405,2025-05-27,79.0,Bank Transfer
PAY004406,I005131,C0405,2025-06-12,79.0,UPI
PAY004407,I005132,C0405,2025-07-26,79.0,Bank Transfer
PAY004408,I005133,C0405,2025-08-16,79.0,Debit Card
PAY004409,I005134,C0405,2025-09-26,79.0,Bank Transfer
PAY004410,I005135,C0405,2025-10-11,79.0,Bank Transfer
PAY004411,I005136,C0405,2025-11-15,79.0,UPI
PAY004412,I005137,C0405,2025-12-10,79.0,Credit Card
PAY004413,I005139,C0405,2026-02-09,79.0,Bank Transfer
PAY004414,I005140,C0405,2026-03-17,79.0,UPI
PAY004415,I005141,C0405,2026-04-10,79.0,Bank Transfer
PAY004416,I005142,C0406,2024-09-11,79.0,Credit Card
PAY004417,I005143,C0406,2024-10-22,79.0,Debit Card
PAY004418,I005145,C0406,2024-12-23,79.0,UPI
PAY004419,I005146,C0406,2025-01-20,79.0,Debit Card
PAY004420,I005147,C0406,2025-02-23,79.0,Bank Transfer
PAY004421,I005148,C0406,2025-03-12,79.0,Bank Transfer
PAY004422,I005149,C0406,2025-04-15,79.0,Debit Card
PAY004423,I005151,C0406,2025-06-21,79.0,UPI
PAY004424,I005152,C0406,2025-07-18,79.0,Bank Transfer
PAY004425,I005153,C0406,2025-08-20,79.0,UPI
PAY004426,I005154,C0406,2025-09-27,79.0,UPI
PAY004427,I005155,C0406,2025-10-29,79.0,UPI
PAY004428,I005156,C0406,2025-11-28,79.0,Bank Transfer
PAY004429,I005157,C0406,2025-12-24,79.0,Bank Transfer
PAY004430,I005158,C0406,2026-01-15,79.0,Credit Card
PAY004431,I005159,C0406,2026-02-26,79.0,Debit Card
PAY004432,I005160,C0406,2026-03-16,79.0,UPI
PAY004433,I005161,C0406,2026-04-26,79.0,Credit Card
PAY004434,I005163,C0406,2026-06-27,79.0,UPI
PAY004435,I005164,C0406,2026-07-16,79.0,Bank Transfer
PAY004436,I005165,C0406,2026-08-30,79.0,UPI
PAY004437,I005166,C0407,2025-11-09,199.0,Debit Card
PAY004438,I005167,C0407,2025-11-28,199.0,UPI
PAY004439,I005168,C0407,2026-01-01,199.0,Debit Card
PAY004440,I005169,C0407,2026-01-24,199.0,Credit Card
PAY004441,I005170,C0407,2026-03-13,199.0,Bank Transfer
PAY004442,I005171,C0407,2026-03-27,199.0,Credit Card
PAY004443,I005172,C0407,2026-05-13,199.0,UPI
PAY004444,I005174,C0407,2026-06-26,199.0,Credit Card
PAY004445,I005176,C0407,2026-08-31,199.0,Credit Card
PAY004446,I005177,C0407,2026-09-28,199.0,UPI
PAY004447,I005178,C0408,2026-01-25,79.0,UPI
PAY004448,I005179,C0408,2026-03-10,79.0,Bank Transfer
PAY004449,I005180,C0408,2026-04-04,79.0,Credit Card
PAY004450,I005181,C0408,2026-05-06,79.0,Credit Card
PAY004451,I005182,C0408,2026-05-24,79.0,Debit Card
PAY004452,I005183,C0408,2026-07-09,79.0,Debit Card
PAY004453,I005184,C0408,2026-07-25,79.0,Bank Transfer
PAY004454,I005186,C0408,2026-10-03,79.0,Debit Card
PAY004455,I005187,C0409,2025-07-20,948.0,Debit Card
PAY004456,I005188,C0409,2026-07-18,948.0,Bank Transfer
PAY004457,I005189,C0410,2023-01-18,348.0,Credit Card
PAY004458,I005190,C0410,2024-01-24,348.0,UPI
PAY004459,I005191,C0411,2023-10-19,499.0,UPI
PAY004460,I005192,C0411,2023-11-23,499.0,UPI
PAY004461,I005194,C0411,2024-02-03,499.0,UPI
PAY004462,I005195,C0411,2024-02-18,499.0,Debit Card
PAY004463,I005196,C0411,2024-04-01,499.0,Credit Card
PAY004464,I005197,C0411,2024-04-21,499.0,Credit Card
PAY004465,I005198,C0411,2024-05-23,499.0,Debit Card
PAY004466,I005199,C0411,2024-06-18,499.0,Credit Card
PAY004467,I005200,C0411,2024-07-20,499.0,Debit Card
PAY004468,I005201,C0411,2024-08-24,499.0,Debit Card
PAY004469,I005202,C0411,2024-10-03,499.0,UPI
PAY004470,I005203,C0411,2024-10-15,499.0,Bank Transfer
PAY004471,I005204,C0412,2026-03-22,499.0,Debit Card
PAY004472,I005205,C0412,2026-04-30,499.0,Debit Card
PAY004473,I005206,C0412,2026-05-21,499.0,Bank Transfer
PAY004474,I005207,C0412,2026-06-21,499.0,Debit Card
PAY004475,I005208,C0412,2026-07-17,499.0,Bank Transfer
PAY004476,I005209,C0412,2026-08-15,499.0,Credit Card
PAY004477,I005210,C0412,2026-09-25,499.0,Debit Card
PAY004478,I005211,C0413,2024-09-14,79.0,Debit Card
PAY004479,I005212,C0413,2024-10-16,79.0,Debit Card
PAY004480,I005213,C0413,2024-11-13,79.0,Bank Transfer
PAY004481,I005214,C0413,2024-12-16,79.0,Bank Transfer
PAY004482,I005215,C0413,2024-12-31,79.0,Debit Card
PAY004483,I005216,C0413,2025-02-05,79.0,Bank Transfer
PAY004484,I005218,C0413,2025-03-30,79.0,Debit Card
PAY004485,I005219,C0413,2025-05-16,79.0,Debit Card
PAY004486,I005220,C0413,2025-05-30,79.0,Debit Card
PAY004487,I005221,C0413,2025-07-10,79.0,Debit Card
PAY004488,I005222,C0413,2025-08-02,79.0,UPI
PAY004489,I005223,C0413,2025-09-04,79.0,Debit Card
PAY004490,I005224,C0413,2025-09-30,79.0,Credit Card
PAY004491,I005226,C0413,2025-12-01,79.0,Credit Card
PAY004492,I005227,C0413,2026-01-12,79.0,Credit Card
PAY004493,I005228,C0413,2026-02-01,79.0,Credit Card
PAY004494,I005229,C0413,2026-03-08,79.0,UPI
PAY004495,I005230,C0413,2026-04-11,79.0,UPI
PAY004496,I005231,C0413,2026-05-03,79.0,Debit Card
PAY004497,I005232,C0413,2026-06-14,79.0,Debit Card
PAY004498,I005233,C0413,2026-07-04,79.0,Credit Card
PAY004499,I005234,C0413,2026-08-05,79.0,Credit Card
PAY004500,I005235,C0414,2024-04-15,199.0,Credit Card
PAY004501,I005236,C0414,2024-05-08,199.0,UPI
PAY004502,I005237,C0414,2024-06-18,199.0,UPI
PAY004503,I005238,C0414,2024-07-10,199.0,Debit Card
PAY004504,I005239,C0414,2024-08-13,199.0,UPI
PAY004505,I005240,C0414,2024-09-06,199.0,UPI
PAY004506,I005241,C0414,2024-10-11,199.0,Credit Card
PAY004507,I005242,C0414,2024-11-02,199.0,Credit Card
PAY004508,I005243,C0414,2024-12-19,199.0,UPI
PAY004509,I005244,C0414,2025-01-06,199.0,Debit Card
PAY004510,I005246,C0414,2025-03-09,199.0,Bank Transfer
PAY004511,I005248,C0414,2025-05-05,199.0,Credit Card
PAY004512,I005249,C0414,2025-06-17,199.0,UPI
PAY004513,I005251,C0414,2025-08-12,199.0,UPI
PAY004514,I005252,C0414,2025-09-14,199.0,Debit Card
PAY004515,I005253,C0414,2025-10-18,199.0,Debit Card
PAY004516,I005255,C0414,2025-12-18,199.0,UPI
PAY004517,I005256,C0414,2026-01-08,199.0,Debit Card
PAY004518,I005257,C0414,2026-02-19,199.0,Bank Transfer
PAY004519,I005259,C0415,2025-11-02,499.0,Bank Transfer
PAY004520,I005261,C0415,2025-12-27,499.0,Debit Card
PAY004521,I005262,C0415,2026-02-14,499.0,Bank Transfer
PAY004522,I005263,C0415,2026-02-28,499.0,Credit Card
PAY004523,I005264,C0415,2026-04-09,499.0,Credit Card
PAY004524,I005265,C0415,2026-05-12,499.0,Debit Card
PAY004525,I005266,C0415,2026-05-26,499.0,Credit Card
PAY004526,I005267,C0415,2026-07-02,499.0,Debit Card
PAY004527,I005268,C0415,2026-08-08,499.0,Credit Card
PAY004528,I005269,C0415,2026-09-01,499.0,Bank Transfer
PAY004529,I005270,C0415,2026-10-10,499.0,UPI
PAY004530,I005271,C0416,2024-09-16,29.0,Debit Card
PAY004531,I005272,C0416,2024-10-23,29.0,Bank Transfer
PAY004532,I005273,C0416,2024-11-15,29.0,Credit Card
PAY004533,I005274,C0416,2024-12-19,29.0,Debit Card
PAY004534,I005275,C0416,2025-01-28,29.0,Bank Transfer
PAY004535,I005276,C0416,2025-02-17,29.0,Bank Transfer
PAY004536,I005277,C0416,2025-03-29,29.0,Debit Card
PAY004537,I005278,C0416,2025-04-26,29.0,Debit Card
PAY004538,I005279,C0416,2025-05-20,29.0,UPI
PAY004539,I005281,C0417,2024-02-20,199.0,Bank Transfer
PAY004540,I005282,C0417,2024-03-21,199.0,Credit Card
PAY004541,I005284,C0417,2024-05-15,199.0,Credit Card
PAY004542,I005285,C0417,2024-06-20,199.0,Credit Card
PAY004543,I005286,C0417,2024-07-21,199.0,Debit Card
PAY004544,I005287,C0417,2024-08-29,199.0,Bank Transfer
PAY004545,I005288,C0417,2024-09-22,199.0,Credit Card
PAY004546,I005289,C0417,2024-10-28,199.0,Debit Card
PAY004547,I005290,C0417,2024-11-25,199.0,Bank Transfer
PAY004548,I005292,C0417,2025-01-15,199.0,Credit Card
PAY004549,I005294,C0417,2025-03-20,199.0,Credit Card
PAY004550,I005295,C0417,2025-04-21,199.0,Bank Transfer
PAY004551,I005297,C0417,2025-06-17,199.0,Bank Transfer
PAY004552,I005298,C0417,2025-07-24,199.0,Debit Card
PAY004553,I005299,C0417,2025-08-19,199.0,Bank Transfer
PAY004554,I005300,C0417,2025-09-13,199.0,UPI
PAY004555,I005301,C0417,2025-10-18,199.0,UPI
PAY004556,I005302,C0417,2025-11-12,199.0,Credit Card
PAY004557,I005303,C0417,2025-12-24,199.0,UPI
PAY004558,I005304,C0418,2024-03-24,199.0,UPI
PAY004559,I005305,C0418,2024-04-30,199.0,Debit Card
PAY004560,I005306,C0418,2024-06-08,199.0,Credit Card
PAY004561,I005307,C0418,2024-07-05,199.0,Debit Card
PAY004562,I005309,C0419,2025-05-01,2388.0,Bank Transfer
PAY004563,I005310,C0419,2026-04-19,2388.0,UPI
PAY004564,I005311,C0420,2026-02-21,2388.0,Debit Card
PAY004565,I005312,C0421,2025-03-23,79.0,Credit Card
PAY004566,I005314,C0421,2025-05-25,79.0,UPI
PAY004567,I005316,C0421,2025-08-08,79.0,UPI
PAY004568,I005317,C0421,2025-09-04,79.0,UPI
PAY004569,I005318,C0421,2025-10-06,79.0,UPI
PAY004570,I005319,C0421,2025-10-25,79.0,UPI
PAY004571,I005320,C0421,2025-12-08,79.0,Bank Transfer
PAY004572,I005321,C0421,2026-01-02,79.0,UPI
PAY004573,I005322,C0421,2026-01-31,79.0,Debit Card
PAY004574,I005324,C0421,2026-03-23,79.0,UPI
PAY004575,I005325,C0421,2025-11-11,79.0,Credit Card
PAY004576,I005326,C0421,2025-12-07,79.0,Bank Transfer
PAY004577,I005327,C0421,2026-01-04,79.0,Credit Card
PAY004578,I005328,C0421,2026-02-01,79.0,Credit Card
PAY004579,I005329,C0421,2026-03-12,79.0,Credit Card
PAY004580,I005330,C0421,2026-04-10,79.0,UPI
PAY004581,I005331,C0421,2026-05-04,79.0,Credit Card
PAY004582,I005332,C0421,2026-06-11,79.0,Bank Transfer
PAY004583,I005333,C0421,2026-07-06,79.0,Debit Card
PAY004584,I005334,C0421,2026-08-08,79.0,Debit Card
PAY004585,I005335,C0421,2026-09-10,79.0,Credit Card
PAY004586,I005336,C0422,2026-02-06,948.0,UPI
PAY004587,I005337,C0423,2025-09-02,199.0,Bank Transfer
PAY004588,I005339,C0423,2025-10-30,199.0,Credit Card
PAY004589,I005341,C0423,2025-12-23,199.0,Credit Card
PAY004590,I005342,C0423,2026-01-30,199.0,Debit Card
PAY004591,I005343,C0423,2026-02-27,199.0,Debit Card
PAY004592,I005344,C0423,2026-03-24,199.0,Bank Transfer
PAY004593,I005345,C0423,2026-04-20,199.0,UPI
PAY004594,I005346,C0423,2026-06-03,348.0,Debit Card
PAY004595,I005348,C0424,2025-06-04,79.0,UPI
PAY004596,I005349,C0424,2025-07-12,79.0,UPI
PAY004597,I005350,C0424,2025-07-30,79.0,Bank Transfer
PAY004598,I005351,C0424,2025-09-09,79.0,Debit Card
PAY004599,I005352,C0424,2025-10-14,79.0,UPI
PAY004600,I005353,C0424,2025-10-28,79.0,Bank Transfer
PAY004601,I005354,C0424,2025-11-28,79.0,Credit Card
PAY004602,I005355,C0424,2026-01-16,79.0,Debit Card
PAY004603,I005356,C0424,2026-02-06,79.0,UPI
PAY004604,I005357,C0424,2026-03-14,79.0,Credit Card
PAY004605,I005358,C0424,2026-03-31,79.0,Debit Card
PAY004606,I005360,C0424,2026-06-05,79.0,Debit Card
PAY004607,I005361,C0424,2026-07-15,79.0,Credit Card
PAY004608,I005362,C0424,2026-08-14,79.0,Credit Card
PAY004609,I005363,C0424,2026-09-11,79.0,Debit Card
PAY004610,I005365,C0425,2025-04-04,79.0,UPI
PAY004611,I005366,C0425,2025-04-23,79.0,Debit Card
PAY004612,I005367,C0425,2025-05-20,79.0,Credit Card
PAY004613,I005368,C0425,2025-07-01,79.0,UPI
PAY004614,I005369,C0425,2025-07-30,79.0,Bank Transfer
PAY004615,I005370,C0425,2025-08-28,79.0,Debit Card
PAY004616,I005371,C0425,2025-09-22,79.0,UPI
PAY004617,I005372,C0425,2025-10-19,79.0,Debit Card
PAY004618,I005373,C0425,2025-11-21,79.0,UPI
PAY004619,I005374,C0425,2026-01-03,79.0,Debit Card
PAY004620,I005375,C0425,2026-01-29,79.0,Credit Card
PAY004621,I005376,C0425,2026-03-02,79.0,UPI
PAY004622,I005377,C0425,2026-04-06,79.0,UPI
PAY004623,I005378,C0425,2026-04-26,79.0,Credit Card
PAY004624,I005379,C0425,2026-05-20,79.0,Debit Card
PAY004625,I005380,C0425,2026-07-08,79.0,Credit Card
PAY004626,I005381,C0425,2026-08-05,79.0,UPI
PAY004627,I005382,C0425,2026-08-23,79.0,Credit Card
PAY004628,I005383,C0425,2026-10-02,79.0,UPI
PAY004629,I005384,C0426,2025-09-09,79.0,Debit Card
PAY004630,I005385,C0426,2025-10-08,79.0,Credit Card
PAY004631,I005386,C0426,2025-11-07,79.0,UPI
PAY004632,I005387,C0426,2025-12-20,79.0,Debit Card
PAY004633,I005388,C0426,2026-01-14,79.0,Bank Transfer
PAY004634,I005389,C0426,2026-02-14,79.0,Bank Transfer
PAY004635,I005390,C0426,2026-03-23,79.0,Debit Card
PAY004636,I005392,C0427,2024-02-29,348.0,Debit Card
PAY004637,I005393,C0427,2024-08-27,5988.0,Credit Card
PAY004638,I005394,C0427,2025-08-30,5988.0,Debit Card
PAY004639,I005395,C0428,2025-01-05,948.0,Debit Card
PAY004640,I005396,C0428,2026-01-11,948.0,Bank Transfer
PAY004641,I005397,C0429,2024-04-06,2388.0,Bank Transfer
PAY004642,I005398,C0429,2024-11-01,948.0,Debit Card
PAY004643,I005399,C0430,2023-06-09,79.0,Debit Card
PAY004644,I005401,C0430,2023-08-17,79.0,UPI
PAY004645,I005402,C0430,2023-09-13,79.0,Bank Transfer
PAY004646,I005403,C0430,2023-10-06,79.0,Debit Card
PAY004647,I005405,C0430,2023-12-16,79.0,UPI
PAY004648,I005406,C0430,2024-01-12,79.0,Bank Transfer
PAY004649,I005407,C0430,2024-02-03,79.0,Debit Card
PAY004650,I005408,C0430,2024-03-05,79.0,Credit Card
PAY004651,I005410,C0430,2024-05-05,79.0,Credit Card
PAY004652,I005411,C0430,2024-06-06,79.0,Credit Card
PAY004653,I005412,C0430,2024-07-14,79.0,Credit Card
PAY004654,I005414,C0430,2024-09-07,79.0,UPI
PAY004655,I005415,C0430,2024-09-30,79.0,UPI
PAY004656,I005416,C0430,2024-11-03,79.0,Credit Card
PAY004657,I005417,C0430,2024-12-15,79.0,Bank Transfer
PAY004658,I005419,C0430,2025-02-11,79.0,Bank Transfer
PAY004659,I005420,C0430,2025-03-13,79.0,Credit Card
PAY004660,I005422,C0430,2025-05-09,79.0,Debit Card
PAY004661,I005423,C0431,2025-02-15,199.0,Credit Card
PAY004662,I005424,C0431,2025-03-03,199.0,UPI
PAY004663,I005425,C0431,2025-04-03,199.0,Debit Card
PAY004664,I005426,C0431,2025-05-13,199.0,Credit Card
PAY004665,I005427,C0431,2025-06-09,199.0,Debit Card
PAY004666,I005428,C0431,2025-07-05,199.0,UPI
PAY004667,I005429,C0431,2025-08-07,199.0,UPI
PAY004668,I005430,C0431,2025-09-02,199.0,Debit Card
PAY004669,I005432,C0432,2025-03-03,79.0,UPI
PAY004670,I005433,C0432,2025-03-27,79.0,UPI
PAY004671,I005434,C0432,2025-04-26,79.0,UPI
PAY004672,I005435,C0432,2025-05-27,79.0,Bank Transfer
PAY004673,I005436,C0432,2025-07-03,79.0,Bank Transfer
PAY004674,I005437,C0432,2025-07-20,79.0,Bank Transfer
PAY004675,I005438,C0432,2025-09-03,79.0,UPI
PAY004676,I005439,C0432,2025-10-05,79.0,UPI
PAY004677,I005440,C0432,2025-10-22,79.0,Credit Card
PAY004678,I005441,C0432,2025-11-22,79.0,Bank Transfer
PAY004679,I005442,C0432,2026-01-02,79.0,Credit Card
PAY004680,I005443,C0432,2026-01-28,79.0,Bank Transfer
PAY004681,I005445,C0432,2026-03-25,79.0,UPI
PAY004682,I005446,C0432,2026-04-22,79.0,Credit Card
PAY004683,I005447,C0432,2026-05-23,79.0,Debit Card
PAY004684,I005448,C0432,2026-06-17,79.0,UPI
PAY004685,I005449,C0432,2026-08-04,79.0,Debit Card
PAY004686,I005450,C0432,2026-08-22,79.0,Bank Transfer
PAY004687,I005451,C0432,2026-09-20,79.0,Bank Transfer
PAY004688,I005452,C0433,2025-09-08,499.0,Credit Card
PAY004689,I005454,C0433,2025-11-11,499.0,Bank Transfer
PAY004690,I005455,C0433,2025-12-03,499.0,Debit Card
PAY004691,I005456,C0433,2025-12-31,499.0,Debit Card
PAY004692,I005457,C0433,2026-02-12,499.0,Credit Card
PAY004693,I005458,C0433,2026-03-05,499.0,Credit Card
PAY004694,I005459,C0433,2026-03-31,499.0,UPI
PAY004695,I005460,C0433,2026-05-09,499.0,UPI
PAY004696,I005462,C0433,2026-07-09,499.0,Debit Card
PAY004697,I005464,C0433,2026-09-18,499.0,Debit Card
PAY004698,I005465,C0433,2026-10-12,499.0,Bank Transfer
PAY004699,I005466,C0434,2025-02-13,29.0,Debit Card
PAY004700,I005467,C0434,2025-03-04,29.0,Debit Card
PAY004701,I005468,C0434,2025-04-16,29.0,Bank Transfer
PAY004702,I005469,C0434,2025-05-11,29.0,UPI
PAY004703,I005470,C0434,2025-06-13,29.0,Bank Transfer
PAY004704,I005471,C0434,2025-07-03,29.0,Bank Transfer
PAY004705,I005472,C0434,2025-08-09,29.0,Credit Card
PAY004706,I005473,C0434,2025-09-12,29.0,Debit Card
PAY004707,I005474,C0434,2025-10-14,29.0,Credit Card
PAY004708,I005475,C0434,2025-11-17,29.0,Credit Card
PAY004709,I005476,C0434,2025-12-20,29.0,Bank Transfer
PAY004710,I005477,C0434,2026-01-17,29.0,Bank Transfer
PAY004711,I005478,C0434,2026-02-18,29.0,Bank Transfer
PAY004712,I005479,C0434,2026-03-05,29.0,UPI
PAY004713,I005480,C0434,2026-04-09,29.0,Bank Transfer
PAY004714,I005481,C0434,2026-05-13,29.0,Debit Card
PAY004715,I005482,C0434,2026-06-16,29.0,Credit Card
PAY004716,I005483,C0434,2026-07-16,29.0,Bank Transfer
PAY004717,I005484,C0434,2026-08-05,29.0,Debit Card
PAY004718,I005486,C0435,2025-09-29,2388.0,Debit Card
PAY004719,I005487,C0436,2023-04-02,348.0,Debit Card
PAY004720,I005489,C0437,2024-08-25,29.0,Bank Transfer
PAY004721,I005490,C0437,2024-09-22,29.0,Credit Card
PAY004722,I005491,C0437,2024-10-30,29.0,Debit Card
PAY004723,I005492,C0437,2024-11-25,29.0,Bank Transfer
PAY004724,I005493,C0437,2025-01-08,29.0,Credit Card
PAY004725,I005495,C0437,2025-03-02,29.0,Credit Card
PAY004726,I005496,C0437,2025-08-23,29.0,Bank Transfer
PAY004727,I005497,C0437,2025-10-02,29.0,Bank Transfer
PAY004728,I005499,C0437,2025-12-04,29.0,Bank Transfer
PAY004729,I005500,C0437,2025-12-31,29.0,Bank Transfer
PAY004730,I005501,C0437,2026-01-24,29.0,Bank Transfer
PAY004731,I005502,C0437,2026-03-12,29.0,Debit Card
PAY004732,I005503,C0437,2026-03-28,29.0,Credit Card
PAY004733,I005504,C0437,2026-05-05,29.0,Debit Card
PAY004734,I005505,C0437,2026-05-28,29.0,Debit Card
PAY004735,I005506,C0437,2026-07-03,29.0,UPI
PAY004736,I005507,C0437,2026-07-28,29.0,Credit Card
PAY004737,I005508,C0437,2026-08-28,29.0,Bank Transfer
PAY004738,I005509,C0437,2026-10-11,29.0,Credit Card
PAY004739,I005510,C0438,2023-08-21,29.0,Debit Card
PAY004740,I005511,C0438,2023-10-02,29.0,UPI
PAY004741,I005513,C0438,2023-11-24,29.0,Bank Transfer
PAY004742,I005514,C0438,2023-12-20,29.0,UPI
PAY004743,I005515,C0438,2024-01-22,29.0,Bank Transfer
PAY004744,I005516,C0438,2024-02-21,29.0,UPI
PAY004745,I005517,C0438,2024-03-26,29.0,Credit Card
PAY004746,I005518,C0438,2024-04-26,29.0,UPI
PAY004747,I005519,C0438,2024-05-25,29.0,Bank Transfer
PAY004748,I005520,C0438,2024-07-02,29.0,UPI
PAY004749,I005521,C0438,2024-07-31,29.0,Bank Transfer
PAY004750,I005522,C0438,2024-08-27,29.0,Debit Card
PAY004751,I005524,C0438,2024-10-17,29.0,Bank Transfer
PAY004752,I005525,C0438,2024-04-14,499.0,Credit Card
PAY004753,I005526,C0438,2024-05-07,499.0,Debit Card
PAY004754,I005527,C0438,2024-06-19,499.0,UPI
PAY004755,I005528,C0438,2024-07-17,499.0,Credit Card
PAY004756,I005529,C0438,2024-08-18,499.0,UPI
PAY004757,I005530,C0438,2024-09-24,499.0,Bank Transfer
PAY004758,I005532,C0438,2024-11-20,499.0,Debit Card
PAY004759,I005533,C0438,2024-12-16,499.0,Credit Card
PAY004760,I005535,C0438,2025-02-21,499.0,UPI
PAY004761,I005536,C0438,2025-03-22,499.0,Debit Card
PAY004762,I005538,C0438,2025-05-09,499.0,Credit Card
PAY004763,I005539,C0438,2025-06-20,499.0,UPI
PAY004764,I005541,C0438,2025-08-13,499.0,Bank Transfer
PAY004765,I005542,C0438,2025-09-24,499.0,Debit Card
PAY004766,I005543,C0438,2025-10-22,499.0,UPI
PAY004767,I005544,C0438,2025-11-17,499.0,Debit Card
PAY004768,I005547,C0438,2026-02-22,499.0,Credit Card
PAY004769,I005548,C0438,2026-03-24,499.0,Debit Card
PAY004770,I005550,C0439,2024-04-23,348.0,Bank Transfer
PAY004771,I005551,C0440,2023-09-16,199.0,Credit Card
PAY004772,I005552,C0440,2023-10-17,199.0,Debit Card
PAY004773,I005553,C0440,2023-11-23,199.0,Bank Transfer
PAY004774,I005554,C0440,2023-12-13,199.0,Debit Card
PAY004775,I005555,C0440,2024-01-20,199.0,Debit Card
PAY004776,I005557,C0441,2025-05-02,79.0,UPI
PAY004777,I005558,C0441,2025-05-30,79.0,Debit Card
PAY004778,I005559,C0441,2025-07-09,79.0,Debit Card
PAY004779,I005560,C0441,2025-07-22,79.0,UPI
PAY004780,I005561,C0441,2025-08-20,79.0,Credit Card
PAY004781,I005562,C0441,2025-10-06,79.0,UPI
PAY004782,I005566,C0441,2026-02-06,79.0,Debit Card
PAY004783,I005567,C0441,2026-02-24,79.0,Bank Transfer
PAY004784,I005568,C0441,2026-04-01,79.0,Credit Card
PAY004785,I005569,C0441,2026-05-03,79.0,Debit Card
PAY004786,I005570,C0441,2026-05-27,79.0,Debit Card
PAY004787,I005571,C0441,2026-06-23,79.0,Credit Card
PAY004788,I005572,C0441,2026-07-31,79.0,Bank Transfer
PAY004789,I005573,C0441,2026-09-01,79.0,Bank Transfer
PAY004790,I005575,C0442,2024-12-22,79.0,Bank Transfer
PAY004791,I005576,C0442,2025-01-14,79.0,Debit Card
PAY004792,I005577,C0442,2025-02-20,79.0,UPI
PAY004793,I005578,C0442,2025-03-17,79.0,Bank Transfer
PAY004794,I005579,C0443,2026-01-19,79.0,Debit Card
PAY004795,I005580,C0443,2026-02-19,79.0,UPI
PAY004796,I005581,C0443,2026-03-15,79.0,Debit Card
PAY004797,I005582,C0443,2026-04-11,79.0,UPI
PAY004798,I005583,C0443,2026-05-16,79.0,UPI
PAY004799,I005585,C0443,2026-07-15,79.0,Bank Transfer
PAY004800,I005586,C0443,2026-08-26,79.0,Debit Card
PAY004801,I005587,C0443,2026-09-30,79.0,Debit Card
PAY004802,I005588,C0444,2023-05-13,948.0,Debit Card
PAY004803,I005589,C0445,2026-04-14,29.0,UPI
PAY004804,I005590,C0445,2026-05-21,29.0,Debit Card
PAY004805,I005591,C0445,2026-06-22,29.0,Bank Transfer
PAY004806,I005592,C0445,2026-07-30,29.0,Credit Card
PAY004807,I005593,C0445,2026-08-21,29.0,Credit Card
PAY004808,I005594,C0445,2026-09-17,29.0,Debit Card
PAY004809,I005595,C0446,2025-12-28,948.0,Bank Transfer
PAY004810,I005596,C0447,2025-12-11,79.0,Debit Card
PAY004811,I005597,C0447,2026-01-17,79.0,Bank Transfer
PAY004812,I005598,C0447,2026-02-23,79.0,Credit Card
PAY004813,I005600,C0447,2026-04-11,79.0,UPI
PAY004814,I005601,C0447,2026-05-17,79.0,UPI
PAY004815,I005602,C0447,2026-06-09,79.0,Credit Card
PAY004816,I005603,C0447,2026-07-10,79.0,Credit Card
PAY004817,I005604,C0447,2026-08-10,79.0,Debit Card
PAY004818,I005605,C0447,2026-09-08,79.0,Bank Transfer
PAY004819,I005606,C0448,2025-06-15,79.0,Bank Transfer
PAY004820,I005607,C0448,2025-07-10,79.0,Bank Transfer
PAY004821,I005608,C0448,2025-08-10,79.0,Debit Card
PAY004822,I005609,C0448,2025-09-18,79.0,UPI
PAY004823,I005610,C0448,2025-10-16,79.0,UPI
PAY004824,I005613,C0448,2026-01-05,79.0,UPI
PAY004825,I005614,C0448,2026-02-17,79.0,Bank Transfer
PAY004826,I005615,C0448,2026-03-21,79.0,Credit Card
PAY004827,I005616,C0448,2026-04-07,79.0,Debit Card
PAY004828,I005618,C0448,2026-06-10,79.0,Credit Card
PAY004829,I005619,C0448,2026-07-13,79.0,Bank Transfer
PAY004830,I005620,C0448,2026-08-20,79.0,Bank Transfer
PAY004831,I005621,C0448,2026-09-13,79.0,UPI
PAY004832,I005622,C0449,2023-02-02,29.0,UPI
PAY004833,I005623,C0449,2023-03-12,29.0,Bank Transfer
PAY004834,I005624,C0449,2023-04-08,29.0,Bank Transfer
PAY004835,I005625,C0449,2023-04-30,29.0,Debit Card
PAY004836,I005627,C0449,2023-07-11,29.0,Debit Card
PAY004837,I005628,C0449,2023-08-03,29.0,Debit Card
PAY004838,I005629,C0449,2023-09-07,29.0,Credit Card
PAY004839,I005630,C0449,2023-10-15,29.0,Debit Card
PAY004840,I005632,C0449,2023-12-14,29.0,Debit Card
PAY004841,I005633,C0449,2024-01-08,29.0,Debit Card
PAY004842,I005634,C0449,2024-02-07,29.0,Credit Card
PAY004843,I005635,C0449,2024-03-15,29.0,Bank Transfer
PAY004844,I005636,C0449,2024-04-11,29.0,Debit Card
PAY004845,I005637,C0449,2024-05-05,29.0,UPI
PAY004846,I005638,C0449,2024-06-10,29.0,UPI
PAY004847,I005641,C0449,2024-09-17,29.0,Debit Card
PAY004848,I005642,C0449,2024-10-10,29.0,Debit Card
PAY004849,I005643,C0449,2024-11-09,29.0,UPI
PAY004850,I005644,C0449,2024-12-18,29.0,Bank Transfer
PAY004851,I005645,C0449,2025-01-13,29.0,Debit Card
PAY004852,I005646,C0450,2023-10-13,79.0,Debit Card
PAY004853,I005647,C0450,2023-11-12,79.0,UPI
PAY004854,I005648,C0450,2023-12-21,79.0,Bank Transfer
PAY004855,I005649,C0450,2024-01-19,79.0,Debit Card
PAY004856,I005650,C0450,2024-02-20,79.0,Bank Transfer
PAY004857,I005651,C0450,2024-03-22,79.0,Bank Transfer
PAY004858,I005652,C0450,2024-04-23,79.0,UPI
PAY004859,I005653,C0450,2024-05-22,79.0,Debit Card
PAY004860,I005654,C0450,2024-06-23,79.0,Bank Transfer
PAY004861,I005655,C0450,2024-07-18,79.0,Bank Transfer
PAY004862,I005656,C0450,2024-08-09,79.0,Bank Transfer
PAY004863,I005657,C0450,2024-09-10,79.0,UPI
PAY004864,I005658,C0450,2024-10-27,79.0,Bank Transfer
PAY004865,I005659,C0450,2024-11-24,79.0,Credit Card
PAY004866,I005660,C0450,2024-12-10,79.0,Bank Transfer
PAY004867,I005661,C0450,2025-01-22,79.0,UPI
PAY004868,I005662,C0450,2025-02-21,79.0,UPI
PAY004869,I005663,C0450,2025-03-20,79.0,Bank Transfer
PAY004870,I005664,C0450,2025-04-12,79.0,Debit Card
PAY004871,I005665,C0450,2025-05-10,79.0,Bank Transfer
PAY004872,I005666,C0450,2025-06-25,79.0,Credit Card
PAY004873,I005667,C0450,2025-07-14,79.0,Debit Card
PAY004874,I005668,C0450,2025-08-21,79.0,Credit Card
PAY004875,I005669,C0450,2025-09-23,79.0,Credit Card
PAY004876,I005670,C0451,2025-07-29,29.0,Bank Transfer
PAY004877,I005671,C0451,2025-08-21,29.0,UPI
PAY004878,I005672,C0451,2025-09-26,29.0,Debit Card
PAY004879,I005673,C0451,2025-10-29,29.0,Credit Card
PAY004880,I005674,C0451,2025-11-24,29.0,Debit Card
PAY004881,I005675,C0451,2025-12-31,29.0,UPI
PAY004882,I005676,C0451,2026-01-29,29.0,Bank Transfer
PAY004883,I005678,C0451,2026-03-30,29.0,Debit Card
PAY004884,I005679,C0451,2026-04-17,29.0,Credit Card
PAY004885,I005681,C0451,2026-06-28,29.0,Credit Card
PAY004886,I005682,C0451,2026-07-30,29.0,Debit Card
PAY004887,I005683,C0451,2026-08-21,29.0,Credit Card
PAY004888,I005684,C0451,2026-09-16,29.0,UPI
PAY004889,I005685,C0452,2024-01-13,348.0,Debit Card
PAY004890,I005687,C0453,2024-05-12,29.0,UPI
PAY004891,I005688,C0453,2024-06-26,29.0,UPI
PAY004892,I005691,C0453,2024-09-11,29.0,Bank Transfer
PAY004893,I005692,C0453,2024-10-16,29.0,Debit Card
PAY004894,I005694,C0453,2024-12-18,29.0,Bank Transfer
PAY004895,I005695,C0453,2025-01-23,29.0,Credit Card
PAY004896,I005696,C0453,2025-02-19,29.0,Debit Card
PAY004897,I005697,C0453,2025-03-17,29.0,Debit Card
PAY004898,I005700,C0453,2025-06-26,29.0,Bank Transfer
PAY004899,I005701,C0453,2025-07-09,29.0,Bank Transfer
PAY004900,I005702,C0453,2025-08-27,29.0,UPI
PAY004901,I005703,C0453,2025-09-09,29.0,UPI
PAY004902,I005704,C0453,2025-10-10,29.0,Debit Card
PAY004903,I005705,C0453,2025-11-28,29.0,UPI
PAY004904,I005706,C0453,2025-12-24,29.0,Bank Transfer
PAY004905,I005707,C0453,2026-01-12,29.0,UPI
PAY004906,I005708,C0453,2026-02-21,29.0,Debit Card
PAY004907,I005709,C0453,2026-03-10,29.0,Bank Transfer
PAY004908,I005710,C0453,2026-04-17,29.0,Bank Transfer
PAY004909,I005711,C0454,2025-11-30,29.0,Debit Card
PAY004910,I005712,C0454,2025-12-21,29.0,UPI
PAY004911,I005714,C0454,2026-02-26,29.0,Debit Card
PAY004912,I005715,C0454,2026-03-30,29.0,Bank Transfer
PAY004913,I005716,C0454,2026-05-03,29.0,Debit Card
PAY004914,I005717,C0454,2026-05-26,29.0,Bank Transfer
PAY004915,I005718,C0454,2026-07-03,29.0,UPI
PAY004916,I005719,C0454,2026-07-17,29.0,UPI
PAY004917,I005720,C0454,2026-08-27,29.0,Credit Card
PAY004918,I005721,C0454,2026-09-29,29.0,Credit Card
PAY004919,I005722,C0455,2024-12-24,29.0,Debit Card
PAY004920,I005723,C0455,2025-02-03,29.0,Credit Card
PAY004921,I005724,C0455,2025-02-24,29.0,Credit Card
PAY004922,I005725,C0455,2025-03-23,29.0,UPI
PAY004923,I005726,C0455,2025-04-25,29.0,Credit Card
PAY004924,I005727,C0455,2025-05-26,29.0,UPI
PAY004925,I005729,C0456,2025-11-15,199.0,Credit Card
PAY004926,I005730,C0456,2025-12-17,199.0,Debit Card
PAY004927,I005731,C0456,2026-01-20,199.0,Credit Card
PAY004928,I005732,C0456,2026-02-25,199.0,UPI
PAY004929,I005733,C0456,2026-03-31,199.0,Credit Card
PAY004930,I005734,C0456,2026-04-16,199.0,Bank Transfer
PAY004931,I005735,C0456,2026-05-26,199.0,Bank Transfer
PAY004932,I005736,C0456,2026-06-21,199.0,UPI
PAY004933,I005738,C0456,2026-08-18,199.0,UPI
PAY004934,I005739,C0456,2026-09-19,199.0,Credit Card
PAY004935,I005742,C0457,2024-11-11,79.0,Credit Card
PAY004936,I005743,C0457,2024-12-16,79.0,Bank Transfer
PAY004937,I005744,C0457,2024-12-29,79.0,Bank Transfer
PAY004938,I005745,C0457,2025-02-03,79.0,Credit Card
PAY004939,I005746,C0457,2025-03-14,79.0,Debit Card
PAY004940,I005748,C0457,2025-04-28,79.0,UPI
PAY004941,I005751,C0457,2025-07-29,79.0,Bank Transfer
PAY004942,I005752,C0457,2025-08-29,79.0,Bank Transfer
PAY004943,I005753,C0457,2025-10-02,79.0,UPI
PAY004944,I005754,C0457,2025-11-10,79.0,Bank Transfer
PAY004945,I005756,C0457,2026-01-08,79.0,Credit Card
PAY004946,I005757,C0457,2026-01-28,79.0,UPI
PAY004947,I005758,C0457,2026-03-15,79.0,Credit Card
PAY004948,I005759,C0457,2026-04-10,79.0,UPI
PAY004949,I005760,C0457,2026-05-16,79.0,Debit Card
PAY004950,I005762,C0457,2026-07-10,79.0,UPI
PAY004951,I005763,C0457,2026-07-28,79.0,Debit Card
PAY004952,I005764,C0458,2024-01-13,948.0,Credit Card
PAY004953,I005765,C0459,2024-10-14,79.0,UPI
PAY004954,I005766,C0459,2024-11-06,79.0,Debit Card
PAY004955,I005768,C0459,2024-12-30,79.0,UPI
PAY004956,I005769,C0459,2025-02-10,79.0,Credit Card
PAY004957,I005770,C0459,2025-03-13,79.0,Credit Card
PAY004958,I005771,C0459,2025-04-16,79.0,Debit Card
PAY004959,I005772,C0459,2025-05-11,79.0,Credit Card
PAY004960,I005773,C0459,2025-06-13,79.0,UPI
PAY004961,I005774,C0459,2025-07-05,79.0,Bank Transfer
PAY004962,I005775,C0459,2025-08-02,79.0,Bank Transfer
PAY004963,I005776,C0459,2025-08-30,79.0,UPI
PAY004964,I005777,C0459,2025-10-11,79.0,Debit Card
PAY004965,I005778,C0459,2025-11-10,79.0,UPI
PAY004966,I005779,C0459,2025-12-09,79.0,Bank Transfer
PAY004967,I005780,C0459,2026-01-17,79.0,Debit Card
PAY004968,I005782,C0459,2026-03-07,79.0,UPI
PAY004969,I005783,C0459,2026-04-06,79.0,Bank Transfer
PAY004970,I005784,C0459,2026-05-06,79.0,UPI
PAY004971,I005785,C0459,2026-06-02,79.0,Debit Card
PAY004972,I005787,C0459,2026-08-04,79.0,Bank Transfer
PAY004973,I005788,C0459,2026-09-16,79.0,Debit Card
PAY004974,I005789,C0460,2025-11-16,199.0,Bank Transfer
PAY004975,I005791,C0460,2026-01-23,199.0,Credit Card
PAY004976,I005792,C0460,2026-02-21,199.0,Bank Transfer
PAY004977,I005793,C0460,2026-03-21,199.0,Credit Card
PAY004978,I005794,C0460,2026-05-02,199.0,Credit Card
PAY004979,I005795,C0460,2026-05-21,199.0,Credit Card
PAY004980,I005797,C0460,2026-08-02,199.0,UPI
PAY004981,I005798,C0460,2026-08-23,199.0,Bank Transfer
PAY004982,I005799,C0460,2026-09-24,199.0,UPI
PAY004983,I005800,C0461,2023-04-28,948.0,Credit Card
PAY004984,I005801,C0461,2024-05-03,948.0,Bank Transfer
PAY004985,I005802,C0462,2023-02-21,29.0,Debit Card
PAY004986,I005803,C0462,2023-03-21,29.0,UPI
PAY004987,I005804,C0462,2023-05-02,29.0,UPI
PAY004988,I005805,C0462,2023-05-23,29.0,Debit Card
PAY004989,I005806,C0462,2023-06-24,29.0,Debit Card
PAY004990,I005807,C0462,2023-08-03,29.0,Debit Card
PAY004991,I005808,C0462,2023-08-19,29.0,Debit Card
PAY004992,I005810,C0462,2023-10-27,29.0,Bank Transfer
PAY004993,I005811,C0462,2023-11-19,29.0,UPI
PAY004994,I005812,C0462,2023-12-24,29.0,UPI
PAY004995,I005813,C0462,2024-01-29,29.0,Debit Card
PAY004996,I005814,C0462,2024-02-26,29.0,Debit Card
PAY004997,I005816,C0462,2024-04-26,29.0,Debit Card
PAY004998,I005817,C0462,2024-06-03,29.0,Debit Card
PAY004999,I005818,C0462,2024-06-30,29.0,Credit Card
PAY005000,I005819,C0462,2024-07-28,29.0,UPI
PAY005001,I005820,C0462,2024-09-01,29.0,Debit Card
PAY005002,I005821,C0462,2024-09-21,29.0,Debit Card
PAY005003,I005822,C0462,2024-10-21,29.0,UPI
PAY005004,I005823,C0462,2024-12-03,29.0,Debit Card
PAY005005,I005824,C0462,2024-12-31,29.0,Credit Card
PAY005006,I005825,C0462,2025-01-27,29.0,UPI
PAY005007,I005826,C0463,2023-04-11,79.0,Bank Transfer
PAY005008,I005827,C0463,2023-05-28,79.0,Debit Card
PAY005009,I005828,C0463,2023-06-15,79.0,Credit Card
PAY005010,I005829,C0463,2023-07-09,79.0,Debit Card
PAY005011,I005830,C0463,2023-08-20,79.0,UPI
PAY005012,I005831,C0463,2023-09-11,79.0,Bank Transfer
PAY005013,I005833,C0463,2023-11-18,79.0,Credit Card
PAY005014,I005834,C0463,2023-12-14,79.0,Credit Card
PAY005015,I005835,C0463,2024-01-23,79.0,Credit Card
PAY005016,I005837,C0463,2024-03-27,79.0,Credit Card
PAY005017,I005838,C0463,2024-04-15,79.0,Debit Card
PAY005018,I005839,C0463,2024-05-23,79.0,Credit Card
PAY005019,I005840,C0463,2024-06-14,79.0,Bank Transfer
PAY005020,I005841,C0463,2024-07-24,79.0,Credit Card
PAY005021,I005842,C0463,2024-08-26,79.0,Credit Card
PAY005022,I005843,C0463,2024-09-10,79.0,Bank Transfer
PAY005023,I005844,C0463,2024-10-15,79.0,UPI
PAY005024,I005845,C0463,2024-11-14,79.0,Credit Card
PAY005025,I005846,C0463,2024-12-12,79.0,UPI
PAY005026,I005847,C0463,2025-01-09,79.0,Debit Card
PAY005027,I005848,C0463,2025-02-24,79.0,UPI
PAY005028,I005849,C0463,2025-03-18,79.0,Debit Card
PAY005029,I005850,C0464,2024-02-15,29.0,Debit Card
PAY005030,I005854,C0464,2024-06-15,29.0,Debit Card
PAY005031,I005855,C0464,2024-07-22,29.0,Debit Card
PAY005032,I005856,C0464,2024-08-13,29.0,Bank Transfer
PAY005033,I005857,C0464,2024-09-17,29.0,Credit Card
PAY005034,I005858,C0464,2024-10-24,29.0,Credit Card
PAY005035,I005859,C0464,2024-11-20,29.0,Credit Card
PAY005036,I005860,C0464,2024-12-15,29.0,UPI
PAY005037,I005862,C0464,2025-02-09,29.0,Debit Card
PAY005038,I005863,C0464,2025-03-15,29.0,Credit Card
PAY005039,I005864,C0464,2025-04-11,29.0,UPI
PAY005040,I005865,C0464,2025-05-20,29.0,Credit Card
PAY005041,I005866,C0464,2025-06-28,29.0,Credit Card
PAY005042,I005867,C0464,2025-07-10,29.0,Debit Card
PAY005043,I005868,C0464,2025-08-23,29.0,Credit Card
PAY005044,I005869,C0464,2025-09-18,29.0,Bank Transfer
PAY005045,I005871,C0464,2025-11-12,29.0,Debit Card
PAY005046,I005873,C0464,2026-01-25,29.0,Bank Transfer
PAY005047,I005874,C0465,2024-11-20,348.0,UPI
PAY005048,I005875,C0465,2025-12-03,348.0,Credit Card
PAY005049,I005876,C0466,2025-06-24,199.0,Credit Card
PAY005050,I005877,C0466,2025-07-27,199.0,Bank Transfer
PAY005051,I005878,C0466,2025-09-07,199.0,Bank Transfer
PAY005052,I005879,C0466,2025-09-25,199.0,Bank Transfer
PAY005053,I005880,C0466,2025-11-01,199.0,UPI
PAY005054,I005881,C0466,2025-11-30,199.0,Credit Card
PAY005055,I005882,C0466,2025-12-30,199.0,Debit Card
PAY005056,I005883,C0466,2026-02-01,199.0,Bank Transfer
PAY005057,I005884,C0466,2026-03-11,199.0,UPI
PAY005058,I005885,C0466,2026-04-07,199.0,Debit Card
PAY005059,I005886,C0466,2026-04-27,199.0,UPI
PAY005060,I005887,C0466,2026-06-03,199.0,Bank Transfer
PAY005061,I005889,C0466,2026-08-09,199.0,UPI
PAY005062,I005890,C0466,2026-09-04,199.0,UPI
PAY005063,I005891,C0466,2026-09-30,199.0,Credit Card
PAY005064,I005892,C0467,2024-05-30,29.0,Bank Transfer
PAY005065,I005893,C0467,2024-06-30,29.0,Debit Card
PAY005066,I005894,C0467,2024-07-31,29.0,Credit Card
PAY005067,I005895,C0467,2024-08-28,29.0,Bank Transfer
PAY005068,I005896,C0467,2024-09-27,29.0,Debit Card
PAY005069,I005897,C0467,2024-10-20,29.0,Credit Card
PAY005070,I005898,C0467,2024-11-25,29.0,Debit Card
PAY005071,I005899,C0467,2024-12-24,29.0,Bank Transfer
PAY005072,I005900,C0467,2025-02-03,29.0,UPI
PAY005073,I005902,C0467,2025-03-17,29.0,UPI
PAY005074,I005903,C0467,2025-04-21,29.0,UPI
PAY005075,I005904,C0467,2025-05-30,29.0,UPI
PAY005076,I005905,C0467,2025-07-05,29.0,UPI
PAY005077,I005906,C0467,2025-07-23,29.0,UPI
PAY005078,I005907,C0467,2025-08-30,29.0,Bank Transfer
PAY005079,I005908,C0467,2025-09-21,29.0,Bank Transfer
PAY005080,I005909,C0468,2025-06-16,199.0,Bank Transfer
PAY005081,I005912,C0468,2025-09-15,199.0,Bank Transfer
PAY005082,I005913,C0468,2025-10-14,199.0,Credit Card
PAY005083,I005914,C0468,2025-11-19,199.0,Bank Transfer
PAY005084,I005915,C0468,2025-12-29,199.0,UPI
PAY005085,I005916,C0468,2026-01-27,199.0,Bank Transfer
PAY005086,I005917,C0469,2023-10-04,79.0,Bank Transfer
PAY005087,I005918,C0469,2023-10-23,79.0,UPI
PAY005088,I005919,C0469,2023-11-26,79.0,UPI
PAY005089,I005920,C0469,2024-01-02,79.0,Debit Card
PAY005090,I005921,C0469,2024-01-21,79.0,Debit Card
PAY005091,I005922,C0469,2024-03-04,79.0,Bank Transfer
PAY005092,I005923,C0469,2024-04-02,79.0,Bank Transfer
PAY005093,I005924,C0469,2024-05-03,79.0,Debit Card
PAY005094,I005925,C0469,2024-05-30,79.0,Debit Card
PAY005095,I005926,C0469,2024-07-03,79.0,Credit Card
PAY005096,I005927,C0469,2024-07-26,79.0,UPI
PAY005097,I005928,C0469,2024-08-18,79.0,Debit Card
PAY005098,I005929,C0469,2024-09-25,79.0,Debit Card
PAY005099,I005930,C0469,2024-11-03,79.0,Debit Card
PAY005100,I005932,C0469,2024-12-27,79.0,Bank Transfer
PAY005101,I005933,C0469,2025-01-24,79.0,Credit Card
PAY005102,I005935,C0469,2025-04-02,79.0,Debit Card
PAY005103,I005936,C0469,2025-04-30,79.0,Debit Card
PAY005104,I005937,C0469,2025-05-31,79.0,Debit Card
PAY005105,I005938,C0469,2025-06-19,79.0,Debit Card
PAY005106,I005940,C0469,2025-08-29,79.0,Bank Transfer
PAY005107,I005941,C0470,2025-05-08,948.0,Debit Card
PAY005108,I005942,C0470,2026-05-09,948.0,Debit Card
PAY005109,I005945,C0471,2023-07-17,29.0,UPI
PAY005110,I005946,C0471,2023-08-08,29.0,Debit Card
PAY005111,I005947,C0471,2023-09-08,29.0,Bank Transfer
PAY005112,I005948,C0471,2023-10-04,29.0,Credit Card
PAY005113,I005950,C0471,2023-12-15,29.0,Bank Transfer
PAY005114,I005951,C0471,2024-01-15,29.0,Credit Card
PAY005115,I005952,C0471,2024-02-13,29.0,Bank Transfer
PAY005116,I005953,C0471,2024-03-16,29.0,Credit Card
PAY005117,I005954,C0471,2024-04-06,29.0,Debit Card
PAY005118,I005955,C0471,2024-05-02,29.0,Debit Card
PAY005119,I005956,C0471,2024-06-15,29.0,Credit Card
PAY005120,I005957,C0471,2024-07-20,29.0,Debit Card
PAY005121,I005958,C0471,2024-08-16,29.0,Credit Card
PAY005122,I005960,C0471,2024-10-05,29.0,Debit Card
PAY005123,I005961,C0471,2024-11-12,29.0,Credit Card
PAY005124,I005962,C0471,2024-12-01,29.0,Bank Transfer
PAY005125,I005963,C0471,2025-01-18,29.0,Debit Card
PAY005126,I005964,C0471,2025-02-10,29.0,Credit Card
PAY005127,I005966,C0471,2025-04-03,29.0,UPI
PAY005128,I005967,C0472,2025-04-07,2388.0,UPI
PAY005129,I005968,C0472,2026-04-03,2388.0,Bank Transfer
PAY005130,I005969,C0473,2025-09-09,79.0,Debit Card
PAY005131,I005970,C0473,2025-10-11,79.0,Bank Transfer
PAY005132,I005971,C0473,2025-11-17,79.0,UPI
PAY005133,I005972,C0473,2025-12-21,79.0,Debit Card
PAY005134,I005973,C0473,2026-01-09,79.0,Bank Transfer
PAY005135,I005977,C0473,2026-05-09,79.0,UPI
PAY005136,I005978,C0473,2026-06-08,79.0,Bank Transfer
PAY005137,I005979,C0473,2026-07-08,79.0,UPI
PAY005138,I005981,C0473,2026-07-05,29.0,Debit Card
PAY005139,I005982,C0473,2026-07-29,29.0,Bank Transfer
PAY005140,I005983,C0473,2026-09-10,29.0,Bank Transfer
PAY005141,I005984,C0473,2026-09-23,29.0,Debit Card
PAY005142,I005985,C0474,2023-02-23,199.0,UPI
PAY005143,I005988,C0474,2023-05-23,199.0,Bank Transfer
PAY005144,I005989,C0474,2023-07-08,199.0,Credit Card
PAY005145,I005990,C0474,2023-08-02,199.0,UPI
PAY005146,I005991,C0474,2023-08-28,199.0,Credit Card
PAY005147,I005992,C0474,2024-04-30,348.0,Debit Card
PAY005148,I005993,C0474,2025-04-22,348.0,Credit Card
PAY005149,I005994,C0475,2025-10-21,29.0,Credit Card
PAY005150,I005995,C0475,2025-12-02,29.0,Bank Transfer
PAY005151,I005996,C0475,2025-12-19,29.0,UPI
PAY005152,I005997,C0475,2026-01-27,29.0,Debit Card
PAY005153,I005999,C0475,2026-04-01,29.0,Debit Card
PAY005154,I006000,C0475,2026-04-28,29.0,Credit Card
PAY005155,I006001,C0475,2026-06-02,29.0,Debit Card
PAY005156,I006002,C0475,2026-06-29,29.0,Credit Card
PAY005157,I006003,C0475,2026-07-20,29.0,Bank Transfer
PAY005158,I006004,C0475,2026-09-01,29.0,UPI
PAY005159,I006006,C0476,2025-03-13,2388.0,Debit Card
PAY005160,I006007,C0476,2026-02-28,2388.0,Bank Transfer
PAY005161,I006008,C0477,2023-09-02,79.0,Debit Card
PAY005162,I006009,C0477,2023-10-10,79.0,Debit Card
PAY005163,I006010,C0477,2023-11-10,79.0,Bank Transfer
PAY005164,I006011,C0477,2023-12-10,79.0,UPI
PAY005165,I006012,C0477,2024-01-02,79.0,UPI
PAY005166,I006013,C0477,2024-02-17,79.0,Debit Card
PAY005167,I006014,C0477,2024-03-02,79.0,Bank Transfer
PAY005168,I006015,C0477,2024-04-02,79.0,UPI
PAY005169,I006016,C0477,2024-05-09,79.0,Credit Card
PAY005170,I006017,C0477,2024-06-17,79.0,UPI
PAY005171,I006018,C0477,2024-07-12,79.0,Debit Card
PAY005172,I006019,C0477,2024-08-08,79.0,UPI
PAY005173,I006020,C0477,2024-09-16,79.0,Credit Card
PAY005174,I006022,C0477,2024-11-04,79.0,UPI
PAY005175,I006023,C0477,2024-12-10,79.0,Bank Transfer
PAY005176,I006025,C0477,2025-02-14,79.0,Debit Card
PAY005177,I006026,C0477,2025-03-19,79.0,Debit Card
PAY005178,I006027,C0477,2025-04-09,79.0,Debit Card
PAY005179,I006029,C0477,2025-05-31,79.0,Debit Card
PAY005180,I006030,C0477,2025-07-13,79.0,UPI
PAY005181,I006032,C0478,2024-05-01,948.0,UPI
PAY005182,I006033,C0478,2025-05-15,948.0,UPI
PAY005183,I006034,C0479,2025-10-12,948.0,Credit Card
PAY005184,I006036,C0480,2024-07-11,348.0,Credit Card
PAY005185,I006037,C0480,2024-05-23,29.0,Debit Card
PAY005186,I006038,C0480,2024-06-10,29.0,Debit Card
PAY005187,I006040,C0480,2024-08-18,29.0,Debit Card
PAY005188,I006041,C0480,2024-09-20,29.0,Debit Card
PAY005189,I006042,C0480,2024-10-15,29.0,UPI
PAY005190,I006043,C0481,2024-10-27,948.0,UPI
PAY005191,I006044,C0481,2025-10-27,948.0,UPI
PAY005192,I006045,C0482,2023-09-22,948.0,Credit Card
PAY005193,I006046,C0482,2024-09-30,948.0,Credit Card
PAY005194,I006047,C0483,2025-08-21,29.0,Debit Card
PAY005195,I006048,C0483,2025-09-19,29.0,Credit Card
PAY005196,I006049,C0483,2025-10-21,29.0,Bank Transfer
PAY005197,I006050,C0483,2025-11-10,29.0,Credit Card
PAY005198,I006051,C0483,2025-12-14,29.0,Bank Transfer
PAY005199,I006052,C0483,2026-01-19,29.0,Debit Card
PAY005200,I006053,C0483,2026-02-16,29.0,Bank Transfer
PAY005201,I006054,C0483,2026-03-27,29.0,Credit Card
PAY005202,I006055,C0483,2026-04-19,29.0,Debit Card
PAY005203,I006056,C0483,2026-05-19,29.0,Debit Card
PAY005204,I006057,C0483,2026-06-17,29.0,Debit Card
PAY005205,I006058,C0483,2026-07-26,29.0,Credit Card
PAY005206,I006059,C0483,2026-08-10,29.0,Debit Card
PAY005207,I006060,C0483,2026-09-16,29.0,Credit Card
PAY005208,I006061,C0484,2024-05-07,499.0,Credit Card
PAY005209,I006062,C0484,2024-06-09,499.0,Bank Transfer
PAY005210,I006063,C0484,2024-07-10,499.0,Bank Transfer
PAY005211,I006065,C0484,2024-09-24,499.0,Credit Card
PAY005212,I006066,C0484,2024-10-12,499.0,Debit Card
PAY005213,I006067,C0484,2024-11-18,499.0,Bank Transfer
PAY005214,I006068,C0484,2024-12-19,499.0,Debit Card
PAY005215,I006069,C0484,2025-01-06,499.0,UPI
PAY005216,I006070,C0484,2025-02-23,499.0,Debit Card
PAY005217,I006071,C0484,2025-03-17,499.0,Credit Card
PAY005218,I006073,C0484,2025-05-12,499.0,Credit Card
PAY005219,I006074,C0484,2025-06-09,499.0,Credit Card
PAY005220,I006075,C0484,2024-10-05,79.0,Bank Transfer
PAY005221,I006076,C0484,2024-10-31,79.0,UPI
PAY005222,I006077,C0484,2024-12-13,79.0,UPI
PAY005223,I006078,C0484,2025-01-14,79.0,Debit Card
PAY005224,I006079,C0484,2025-02-14,79.0,Bank Transfer
PAY005225,I006080,C0484,2025-02-27,79.0,UPI
PAY005226,I006081,C0484,2025-04-13,79.0,UPI
PAY005227,I006082,C0484,2025-05-12,79.0,UPI
PAY005228,I006083,C0484,2025-05-29,79.0,Credit Card
PAY005229,I006084,C0484,2025-07-04,79.0,Credit Card
PAY005230,I006085,C0484,2025-08-05,79.0,Bank Transfer
PAY005231,I006086,C0484,2025-09-03,79.0,Bank Transfer
PAY005232,I006087,C0484,2025-10-04,79.0,UPI
PAY005233,I006088,C0484,2025-10-30,79.0,Credit Card
PAY005234,I006089,C0484,2025-11-26,79.0,UPI
PAY005235,I006090,C0484,2026-01-05,79.0,Bank Transfer
PAY005236,I006091,C0484,2026-01-30,79.0,Debit Card
PAY005237,I006092,C0484,2026-03-11,79.0,Bank Transfer
PAY005238,I006093,C0484,2026-04-05,79.0,Bank Transfer
PAY005239,I006094,C0484,2026-04-27,79.0,UPI
PAY005240,I006095,C0484,2026-06-04,79.0,UPI
PAY005241,I006096,C0484,2026-07-07,79.0,Debit Card
PAY005242,I006097,C0484,2026-07-30,79.0,Bank Transfer
PAY005243,I006098,C0484,2026-09-06,79.0,Credit Card
PAY005244,I006099,C0485,2024-03-11,948.0,Bank Transfer
PAY005245,I006100,C0485,2025-03-14,948.0,Credit Card
PAY005246,I006101,C0486,2023-08-30,199.0,Debit Card
PAY005247,I006102,C0486,2023-10-03,199.0,UPI
PAY005248,I006103,C0486,2023-11-13,199.0,UPI
PAY005249,I006105,C0486,2024-01-08,199.0,UPI
PAY005250,I006106,C0486,2024-02-07,199.0,UPI
PAY005251,I006107,C0486,2024-03-14,199.0,Credit Card
PAY005252,I006108,C0486,2024-04-15,199.0,Bank Transfer
PAY005253,I006110,C0486,2024-06-12,199.0,Credit Card
PAY005254,I006111,C0486,2024-07-07,199.0,Credit Card
PAY005255,I006112,C0486,2024-08-02,199.0,Bank Transfer
PAY005256,I006113,C0486,2024-08-29,199.0,Credit Card
PAY005257,I006114,C0486,2024-10-10,199.0,UPI
PAY005258,I006115,C0486,2024-11-07,199.0,Credit Card
PAY005259,I006116,C0486,2024-11-28,199.0,Bank Transfer
PAY005260,I006117,C0486,2024-12-31,199.0,Debit Card
PAY005261,I006118,C0486,2025-01-31,199.0,Bank Transfer
PAY005262,I006119,C0486,2025-03-13,199.0,Debit Card
PAY005263,I006120,C0486,2025-04-06,199.0,Debit Card
PAY005264,I006121,C0486,2025-05-08,199.0,Credit Card
PAY005265,I006122,C0486,2025-06-06,199.0,Credit Card
PAY005266,I006123,C0486,2025-07-07,199.0,UPI
PAY005267,I006124,C0486,2025-08-04,199.0,Credit Card
PAY005268,I006125,C0487,2023-11-15,79.0,UPI
PAY005269,I006126,C0487,2023-12-02,79.0,UPI
PAY005270,I006127,C0487,2024-01-16,79.0,Bank Transfer
PAY005271,I006128,C0487,2024-02-18,79.0,Debit Card
PAY005272,I006129,C0487,2024-03-08,79.0,UPI
PAY005273,I006130,C0487,2024-04-05,79.0,Debit Card
PAY005274,I006131,C0487,2024-05-08,79.0,UPI
PAY005275,I006132,C0487,2024-06-17,79.0,Debit Card
PAY005276,I006133,C0487,2024-07-10,79.0,UPI
PAY005277,I006134,C0487,2024-08-13,79.0,Debit Card
PAY005278,I006135,C0487,2024-09-04,79.0,Credit Card
PAY005279,I006136,C0487,2024-10-18,79.0,UPI
PAY005280,I006137,C0487,2024-11-12,79.0,Debit Card
PAY005281,I006138,C0487,2024-12-06,79.0,UPI
PAY005282,I006139,C0487,2025-01-06,79.0,Debit Card
PAY005283,I006141,C0487,2025-03-12,79.0,Credit Card
PAY005284,I006142,C0487,2025-04-01,79.0,Credit Card
PAY005285,I006143,C0487,2025-05-19,79.0,Bank Transfer
PAY005286,I006144,C0487,2025-06-02,79.0,Debit Card
PAY005287,I006145,C0487,2025-07-07,79.0,Bank Transfer
PAY005288,I006146,C0487,2025-08-10,79.0,Credit Card
PAY005289,I006147,C0487,2025-09-08,79.0,Bank Transfer
PAY005290,I006148,C0487,2025-10-13,79.0,UPI
PAY005291,I006149,C0488,2023-11-12,499.0,UPI
PAY005292,I006150,C0488,2023-12-07,499.0,Bank Transfer
PAY005293,I006151,C0488,2023-12-25,499.0,Debit Card
PAY005294,I006152,C0488,2024-02-01,499.0,UPI
PAY005295,I006154,C0488,2024-04-13,499.0,Bank Transfer
PAY005296,I006155,C0489,2023-04-04,948.0,UPI
PAY005297,I006157,C0490,2025-10-30,79.0,UPI
PAY005298,I006158,C0490,2025-12-03,79.0,UPI
PAY005299,I006159,C0490,2025-12-30,79.0,Debit Card
PAY005300,I006160,C0490,2026-02-03,79.0,Bank Transfer
PAY005301,I006162,C0490,2026-03-29,79.0,Bank Transfer
PAY005302,I006163,C0490,2026-05-11,79.0,Credit Card
PAY005303,I006164,C0490,2026-05-26,79.0,Bank Transfer
PAY005304,I006165,C0490,2026-07-08,79.0,Bank Transfer
PAY005305,I006167,C0490,2026-09-11,79.0,Debit Card
PAY005306,I006168,C0490,2026-10-09,79.0,Bank Transfer
PAY005307,I006170,C0490,2026-06-18,79.0,Debit Card
PAY005308,I006171,C0490,2026-07-25,79.0,Debit Card
PAY005309,I006172,C0490,2026-08-21,79.0,Credit Card
PAY005310,I006173,C0490,2026-09-27,79.0,UPI
PAY005311,I006174,C0491,2024-10-20,2388.0,UPI
PAY005312,I006175,C0492,2025-04-19,348.0,UPI
PAY005313,I006176,C0492,2026-04-23,348.0,Credit Card
PAY005314,I006177,C0493,2023-10-23,948.0,Bank Transfer
PAY005315,I006178,C0493,2024-10-11,948.0,Credit Card
PAY005316,I006180,C0495,2023-03-24,79.0,Debit Card
PAY005317,I006181,C0495,2023-04-18,79.0,Credit Card
PAY005318,I006182,C0495,2023-05-25,79.0,Debit Card
PAY005319,I006183,C0495,2023-06-13,79.0,UPI
PAY005320,I006184,C0495,2023-07-17,79.0,UPI
PAY005321,I006185,C0495,2023-08-29,79.0,UPI
PAY005322,I006186,C0495,2023-09-27,79.0,Bank Transfer
PAY005323,I006187,C0495,2023-10-14,79.0,Bank Transfer
PAY005324,I006188,C0495,2023-11-16,79.0,Credit Card
PAY005325,I006189,C0495,2023-12-22,79.0,Credit Card
PAY005326,I006190,C0495,2024-01-30,79.0,UPI
PAY005327,I006191,C0495,2024-02-29,79.0,Debit Card
PAY005328,I006192,C0495,2024-03-23,79.0,Credit Card
PAY005329,I006193,C0495,2024-04-26,79.0,UPI
PAY005330,I006194,C0495,2024-05-15,79.0,UPI
PAY005331,I006196,C0495,2024-07-15,79.0,Debit Card
PAY005332,I006197,C0495,2024-08-30,79.0,Credit Card
PAY005333,I006198,C0495,2024-09-22,79.0,Debit Card
PAY005334,I006199,C0495,2024-10-13,79.0,Credit Card
PAY005335,I006200,C0495,2024-11-13,79.0,UPI
PAY005336,I006201,C0495,2024-12-27,79.0,Credit Card
PAY005337,I006202,C0495,2025-01-19,79.0,Credit Card
PAY005338,I006203,C0495,2025-03-04,79.0,Debit Card
PAY005339,I006204,C0496,2024-12-11,948.0,Credit Card
PAY005340,I006205,C0496,2025-12-22,948.0,Debit Card
PAY005341,I006206,C0497,2024-08-15,199.0,Bank Transfer
PAY005342,I006208,C0497,2024-10-13,199.0,Debit Card
PAY005343,I006210,C0497,2024-12-02,199.0,Debit Card
PAY005344,I006211,C0497,2025-01-07,199.0,UPI
PAY005345,I006212,C0497,2025-02-06,199.0,Debit Card
PAY005346,I006213,C0497,2025-03-15,199.0,UPI
PAY005347,I006214,C0497,2025-04-14,199.0,UPI
PAY005348,I006215,C0497,2025-05-04,199.0,Bank Transfer
PAY005349,I006216,C0497,2025-06-07,199.0,Credit Card
PAY005350,I006218,C0497,2025-08-16,199.0,Credit Card
PAY005351,I006219,C0497,2025-09-04,199.0,Credit Card
PAY005352,I006220,C0497,2025-09-29,199.0,Credit Card
PAY005353,I006221,C0497,2025-11-06,199.0,Bank Transfer
PAY005354,I006222,C0497,2025-12-13,199.0,Debit Card
PAY005355,I006223,C0497,2025-12-30,199.0,Bank Transfer
PAY005356,I006224,C0497,2026-02-16,199.0,Bank Transfer
PAY005357,I006225,C0497,2026-03-04,199.0,Debit Card
PAY005358,I006226,C0497,2026-03-30,199.0,UPI
PAY005359,I006227,C0497,2026-04-29,199.0,Debit Card
PAY005360,I006228,C0497,2026-06-12,199.0,Bank Transfer
PAY005361,I006230,C0498,2025-10-15,79.0,Bank Transfer
PAY005362,I006231,C0498,2025-11-02,79.0,Bank Transfer
PAY005363,I006232,C0498,2025-11-30,79.0,Bank Transfer
PAY005364,I006233,C0498,2026-01-14,79.0,Bank Transfer
PAY005365,I006234,C0498,2026-02-09,79.0,Credit Card
PAY005366,I006235,C0498,2026-03-08,79.0,Credit Card
PAY005367,I006236,C0498,2026-04-03,79.0,Bank Transfer
PAY005368,I006237,C0498,2026-05-06,79.0,UPI
PAY005369,I006238,C0498,2026-06-14,79.0,Credit Card
PAY005370,I006239,C0498,2026-07-05,79.0,Credit Card
PAY005371,I006240,C0498,2026-08-01,79.0,Bank Transfer
PAY005372,I006241,C0498,2026-09-01,79.0,Bank Transfer
PAY005373,I006242,C0498,2026-10-10,79.0,Debit Card
PAY005374,I006243,C0499,2025-06-27,29.0,Debit Card
PAY005375,I006244,C0499,2025-07-16,29.0,Credit Card
PAY005376,I006246,C0499,2025-09-26,29.0,Credit Card
PAY005377,I006247,C0499,2025-10-15,29.0,Bank Transfer
PAY005378,I006250,C0499,2026-01-22,29.0,Bank Transfer
PAY005379,I006251,C0499,2026-02-26,29.0,Credit Card
PAY005380,I006253,C0499,2026-04-22,29.0,Bank Transfer
PAY005381,I006254,C0499,2026-05-12,29.0,Debit Card
PAY005382,I006255,C0499,2026-06-18,29.0,Debit Card
PAY005383,I006256,C0499,2026-07-29,29.0,Debit Card
PAY005384,I006257,C0499,2026-08-16,29.0,Bank Transfer
PAY005385,I006258,C0499,2026-09-13,29.0,UPI
PAY005386,I006259,C0500,2023-01-22,348.0,Debit Card
PAY005387,I006261,C0500,2024-05-17,199.0,Bank Transfer
PAY005388,I006262,C0500,2024-06-11,199.0,UPI
PAY005389,I006263,C0500,2024-07-08,199.0,Debit Card
PAY005390,I006264,C0500,2024-08-15,199.0,Bank Transfer
PAY005391,I006266,C0500,2024-10-15,199.0,Debit Card
PAY005392,I006267,C0500,2024-11-18,199.0,Bank Transfer
PAY005393,I006268,C0500,2024-12-15,199.0,Bank Transfer
PAY005394,I006269,C0500,2025-01-25,199.0,Credit Card
PAY005395,I006270,C0500,2025-02-25,199.0,UPI
PAY005396,I006271,C0500,2025-03-19,199.0,UPI
PAY005397,I006272,C0500,2025-04-09,199.0,Debit Card
PAY005398,I006273,C0501,2023-05-22,29.0,UPI
PAY005399,I006274,C0501,2023-07-08,29.0,Debit Card
PAY005400,I006275,C0501,2023-07-26,29.0,Credit Card
PAY005401,I006276,C0501,2023-09-01,29.0,Credit Card
PAY005402,I006277,C0501,2023-09-29,29.0,UPI
PAY005403,I006279,C0501,2023-12-02,29.0,Credit Card
PAY005404,I006281,C0501,2024-02-04,29.0,Debit Card
PAY005405,I006282,C0501,2024-10-04,79.0,Debit Card
PAY005406,I006283,C0501,2024-10-23,79.0,Debit Card
PAY005407,I006284,C0501,2024-11-25,79.0,Credit Card
PAY005408,I006285,C0501,2025-01-03,79.0,UPI
PAY005409,I006287,C0501,2025-02-23,79.0,Debit Card
PAY005410,I006288,C0501,2025-04-04,79.0,UPI
PAY005411,I006289,C0501,2025-04-28,79.0,Bank Transfer
PAY005412,I006291,C0501,2025-07-02,79.0,Credit Card
PAY005413,I006292,C0501,2025-07-26,79.0,Credit Card
PAY005414,I006293,C0501,2025-09-04,79.0,Bank Transfer
PAY005415,I006294,C0501,2025-10-03,79.0,Debit Card
PAY005416,I006296,C0501,2025-11-18,79.0,Bank Transfer
PAY005417,I006297,C0501,2025-12-20,79.0,UPI
PAY005418,I006298,C0501,2026-02-01,79.0,UPI
PAY005419,I006299,C0501,2026-02-23,79.0,Debit Card
PAY005420,I006300,C0501,2026-03-19,79.0,UPI
PAY005421,I006301,C0501,2026-04-29,79.0,Bank Transfer
PAY005422,I006302,C0501,2026-05-22,79.0,Bank Transfer
PAY005423,I006304,C0501,2026-08-03,79.0,UPI
PAY005424,I006305,C0501,2026-08-22,79.0,Debit Card
PAY005425,I006306,C0502,2023-01-27,29.0,Debit Card
PAY005426,I006307,C0502,2023-02-21,29.0,Debit Card
PAY005427,I006308,C0502,2023-04-05,29.0,UPI
PAY005428,I006309,C0502,2023-05-05,29.0,Credit Card
PAY005429,I006310,C0502,2023-05-29,29.0,Debit Card
PAY005430,I006311,C0502,2023-06-19,29.0,UPI
PAY005431,I006312,C0502,2023-07-18,29.0,Debit Card
PAY005432,I006313,C0502,2023-11-18,29.0,UPI
PAY005433,I006314,C0502,2023-12-10,29.0,Credit Card
PAY005434,I006315,C0502,2024-01-24,29.0,Credit Card
PAY005435,I006316,C0502,2024-02-26,29.0,Bank Transfer
PAY005436,I006317,C0502,2024-03-15,29.0,Credit Card
PAY005437,I006318,C0502,2024-04-26,29.0,UPI
PAY005438,I006319,C0502,2024-05-16,29.0,Bank Transfer
PAY005439,I006320,C0502,2024-06-24,29.0,Credit Card
PAY005440,I006321,C0502,2024-07-16,29.0,UPI
PAY005441,I006323,C0502,2024-09-23,29.0,Bank Transfer
PAY005442,I006324,C0503,2025-12-31,79.0,Bank Transfer
PAY005443,I006325,C0503,2026-01-28,79.0,Credit Card
PAY005444,I006326,C0503,2026-03-12,79.0,UPI
PAY005445,I006327,C0503,2026-03-31,79.0,Credit Card
PAY005446,I006328,C0503,2026-05-06,79.0,Credit Card
PAY005447,I006329,C0503,2026-05-23,79.0,Debit Card
PAY005448,I006330,C0503,2026-06-26,79.0,Credit Card
PAY005449,I006331,C0503,2026-08-08,79.0,Debit Card
PAY005450,I006333,C0503,2026-09-26,79.0,UPI
PAY005451,I006336,C0505,2024-04-18,948.0,Debit Card
PAY005452,I006337,C0506,2024-01-16,499.0,Debit Card
PAY005453,I006338,C0506,2024-02-18,499.0,Credit Card
PAY005454,I006339,C0506,2024-03-16,499.0,Bank Transfer
PAY005455,I006340,C0506,2024-04-21,499.0,UPI
PAY005456,I006344,C0506,2024-08-30,499.0,Debit Card
PAY005457,I006345,C0506,2024-09-19,499.0,Debit Card
PAY005458,I006346,C0506,2024-10-24,499.0,Credit Card
PAY005459,I006347,C0506,2024-11-27,499.0,Debit Card
PAY005460,I006348,C0506,2024-12-15,499.0,UPI
PAY005461,I006349,C0506,2025-01-26,499.0,Debit Card
PAY005462,I006350,C0506,2025-02-25,499.0,Credit Card
PAY005463,I006351,C0506,2025-03-21,499.0,UPI
PAY005464,I006352,C0506,2025-04-17,499.0,Credit Card
PAY005465,I006353,C0506,2025-05-12,499.0,Credit Card
PAY005466,I006354,C0506,2025-06-23,499.0,UPI
PAY005467,I006355,C0506,2025-07-27,499.0,Credit Card
PAY005468,I006356,C0506,2025-08-24,499.0,Bank Transfer
PAY005469,I006357,C0506,2025-09-14,499.0,Debit Card
PAY005470,I006358,C0506,2025-10-23,499.0,Bank Transfer
PAY005471,I006359,C0506,2025-11-28,499.0,Credit Card
PAY005472,I006360,C0506,2025-12-30,499.0,UPI
PAY005473,I006361,C0507,2025-09-24,79.0,Bank Transfer
PAY005474,I006362,C0507,2025-10-19,79.0,UPI
PAY005475,I006364,C0507,2025-12-24,79.0,Credit Card
PAY005476,I006366,C0507,2026-02-15,79.0,UPI
PAY005477,I006367,C0507,2026-03-08,79.0,Bank Transfer
PAY005478,I006368,C0507,2026-04-23,79.0,Debit Card
PAY005479,I006369,C0507,2026-05-10,79.0,Bank Transfer
PAY005480,I006370,C0507,2026-06-12,79.0,Bank Transfer
PAY005481,I006371,C0507,2026-07-26,79.0,Bank Transfer
PAY005482,I006374,C0508,2024-06-06,79.0,UPI
PAY005483,I006375,C0508,2024-07-07,79.0,Debit Card
PAY005484,I006376,C0508,2024-08-21,79.0,UPI
PAY005485,I006377,C0508,2024-09-11,79.0,Credit Card
PAY005486,I006378,C0508,2024-10-04,79.0,Bank Transfer
PAY005487,I006379,C0508,2024-11-21,79.0,UPI
PAY005488,I006380,C0508,2024-12-21,79.0,Bank Transfer
PAY005489,I006381,C0508,2025-01-03,79.0,Debit Card
PAY005490,I006382,C0508,2025-02-09,79.0,Credit Card
PAY005491,I006383,C0508,2025-03-18,79.0,Bank Transfer
PAY005492,I006384,C0508,2025-04-04,79.0,Debit Card
PAY005493,I006385,C0508,2025-05-10,79.0,UPI
PAY005494,I006387,C0508,2025-07-06,79.0,Bank Transfer
PAY005495,I006388,C0508,2025-08-06,79.0,Debit Card
PAY005496,I006389,C0508,2025-09-03,79.0,Bank Transfer
PAY005497,I006390,C0508,2025-10-22,79.0,Credit Card
PAY005498,I006391,C0508,2025-02-06,348.0,Debit Card
PAY005499,I006392,C0508,2026-02-02,348.0,Bank Transfer
PAY005500,I006393,C0509,2023-04-04,499.0,UPI
PAY005501,I006396,C0509,2023-07-15,499.0,Bank Transfer
PAY005502,I006397,C0509,2023-08-09,499.0,Credit Card
PAY005503,I006398,C0509,2023-09-19,499.0,Credit Card
PAY005504,I006399,C0509,2023-10-16,499.0,UPI
PAY005505,I006400,C0509,2023-10-27,29.0,Bank Transfer
PAY005506,I006401,C0509,2023-11-26,29.0,Credit Card
PAY005507,I006402,C0509,2023-12-30,29.0,Bank Transfer
PAY005508,I006403,C0509,2024-01-30,29.0,UPI
PAY005509,I006404,C0509,2024-02-15,29.0,Credit Card
PAY005510,I006405,C0509,2024-03-14,29.0,Credit Card
PAY005511,I006407,C0509,2024-05-31,29.0,Bank Transfer
PAY005512,I006409,C0509,2024-07-26,29.0,UPI
PAY005513,I006410,C0509,2024-08-13,29.0,Credit Card
PAY005514,I006411,C0509,2024-09-24,29.0,Debit Card
PAY005515,I006412,C0509,2024-10-27,29.0,Credit Card
PAY005516,I006413,C0509,2024-11-21,29.0,Debit Card
PAY005517,I006414,C0509,2024-12-16,29.0,Credit Card
PAY005518,I006415,C0509,2025-01-22,29.0,UPI
PAY005519,I006416,C0509,2025-02-14,29.0,Bank Transfer
PAY005520,I006417,C0509,2025-03-27,29.0,UPI
PAY005521,I006419,C0509,2025-05-23,29.0,Debit Card
PAY005522,I006420,C0509,2025-06-14,29.0,Debit Card
PAY005523,I006421,C0509,2025-07-16,29.0,UPI
PAY005524,I006422,C0509,2025-08-27,29.0,UPI
PAY005525,I006423,C0509,2025-09-27,29.0,Bank Transfer
PAY005526,I006425,C0510,2025-01-22,499.0,Debit Card
PAY005527,I006426,C0510,2025-03-02,499.0,UPI
PAY005528,I006429,C0510,2025-05-20,499.0,UPI
PAY005529,I006430,C0510,2025-07-05,499.0,Credit Card
PAY005530,I006431,C0510,2025-07-23,499.0,Debit Card
PAY005531,I006432,C0510,2025-08-22,499.0,Debit Card
PAY005532,I006433,C0510,2025-09-26,499.0,UPI
PAY005533,I006434,C0510,2025-11-05,499.0,Debit Card
PAY005534,I006435,C0510,2025-11-30,499.0,Debit Card
PAY005535,I006437,C0510,2026-02-06,499.0,Credit Card
PAY005536,I006440,C0510,2026-04-24,499.0,Bank Transfer
PAY005537,I006441,C0510,2026-05-23,499.0,UPI
PAY005538,I006442,C0510,2026-07-08,499.0,Bank Transfer
PAY005539,I006443,C0510,2026-07-26,499.0,UPI
PAY005540,I006444,C0510,2026-09-01,499.0,UPI
PAY005541,I006445,C0510,2026-09-20,499.0,Bank Transfer
PAY005542,I006446,C0511,2025-04-01,29.0,Credit Card
PAY005543,I006447,C0511,2025-04-18,29.0,Debit Card
PAY005544,I006448,C0511,2025-05-16,29.0,Debit Card
PAY005545,I006449,C0511,2025-06-23,29.0,Credit Card
PAY005546,I006450,C0511,2025-07-30,29.0,Debit Card
PAY005547,I006451,C0511,2025-08-31,29.0,Debit Card
PAY005548,I006452,C0511,2025-10-03,29.0,Bank Transfer
PAY005549,I006453,C0511,2025-10-24,29.0,Bank Transfer
PAY005550,I006454,C0511,2025-11-16,29.0,UPI
PAY005551,I006455,C0511,2026-01-02,29.0,UPI
PAY005552,I006456,C0511,2026-01-23,29.0,Credit Card
PAY005553,I006457,C0511,2026-02-24,29.0,Debit Card
PAY005554,I006458,C0511,2026-03-26,29.0,Debit Card
PAY005555,I006459,C0511,2026-04-15,29.0,Debit Card
PAY005556,I006460,C0511,2026-05-29,29.0,Debit Card
PAY005557,I006461,C0511,2026-06-15,29.0,UPI
PAY005558,I006464,C0511,2026-10-01,29.0,Credit Card
PAY005559,I006465,C0512,2025-03-13,948.0,Credit Card
PAY005560,I006466,C0512,2026-03-16,948.0,Debit Card
PAY005561,I006467,C0513,2024-09-28,199.0,Debit Card
PAY005562,I006468,C0513,2024-10-21,199.0,Debit Card
PAY005563,I006470,C0513,2025-01-05,199.0,Credit Card
PAY005564,I006473,C0513,2025-03-03,29.0,Credit Card
PAY005565,I006474,C0513,2025-04-09,29.0,Credit Card
PAY005566,I006475,C0513,2025-04-28,29.0,Bank Transfer
PAY005567,I006476,C0513,2025-05-28,29.0,Credit Card
PAY005568,I006478,C0513,2025-08-04,29.0,UPI
PAY005569,I006479,C0513,2025-09-05,29.0,UPI
PAY005570,I006480,C0513,2025-10-05,29.0,UPI
PAY005571,I006482,C0513,2025-11-27,29.0,UPI
PAY005572,I006483,C0513,2026-01-05,29.0,Bank Transfer
PAY005573,I006484,C0513,2026-02-08,29.0,Credit Card
PAY005574,I006485,C0513,2026-03-13,29.0,UPI
PAY005575,I006486,C0513,2026-04-02,29.0,UPI
PAY005576,I006487,C0513,2026-05-06,29.0,Debit Card
PAY005577,I006488,C0513,2026-06-11,29.0,Bank Transfer
PAY005578,I006489,C0513,2026-07-11,29.0,Credit Card
PAY005579,I006490,C0513,2026-08-05,29.0,Debit Card
PAY005580,I006491,C0513,2026-09-05,29.0,Credit Card
PAY005581,I006492,C0513,2026-10-07,29.0,Credit Card
PAY005582,I006493,C0514,2026-04-23,499.0,Bank Transfer
PAY005583,I006495,C0514,2026-06-20,499.0,Credit Card
PAY005584,I006496,C0514,2026-07-28,499.0,Bank Transfer
PAY005585,I006497,C0514,2026-08-25,499.0,Debit Card
PAY005586,I006499,C0515,2023-03-25,79.0,UPI
PAY005587,I006500,C0515,2023-05-02,79.0,Debit Card
PAY005588,I006501,C0515,2023-05-23,79.0,UPI
PAY005589,I006502,C0515,2023-07-03,79.0,Credit Card
PAY005590,I006503,C0516,2025-07-30,348.0,Credit Card
PAY005591,I006504,C0516,2026-07-25,348.0,Debit Card
PAY005592,I006505,C0516,2026-07-07,199.0,Debit Card
PAY005593,I006506,C0516,2026-08-09,199.0,Debit Card
PAY005594,I006507,C0516,2026-09-16,199.0,Credit Card
PAY005595,I006508,C0517,2024-02-06,199.0,Bank Transfer
PAY005596,I006509,C0517,2024-03-11,199.0,UPI
PAY005597,I006510,C0517,2024-04-13,199.0,Debit Card
PAY005598,I006511,C0517,2024-05-17,199.0,Debit Card
PAY005599,I006512,C0517,2024-06-12,199.0,UPI
PAY005600,I006513,C0517,2024-07-15,199.0,Credit Card
PAY005601,I006514,C0517,2024-08-16,199.0,UPI
PAY005602,I006515,C0517,2024-09-17,199.0,Debit Card
PAY005603,I006516,C0517,2025-02-02,29.0,Credit Card
PAY005604,I006517,C0517,2025-03-02,29.0,UPI
PAY005605,I006518,C0517,2025-04-06,29.0,Credit Card
PAY005606,I006519,C0517,2025-05-03,29.0,Credit Card
PAY005607,I006520,C0517,2025-05-31,29.0,Debit Card
PAY005608,I006521,C0517,2025-07-11,29.0,Debit Card
PAY005609,I006522,C0517,2025-07-28,29.0,Debit Card
PAY005610,I006524,C0517,2025-10-03,29.0,Bank Transfer
PAY005611,I006525,C0517,2025-10-23,29.0,Debit Card
PAY005612,I006526,C0517,2025-12-05,29.0,Debit Card
PAY005613,I006528,C0517,2026-02-05,29.0,Bank Transfer
PAY005614,I006529,C0517,2026-03-01,29.0,Bank Transfer
PAY005615,I006530,C0517,2026-03-28,29.0,Credit Card
PAY005616,I006531,C0517,2026-05-10,29.0,Credit Card
PAY005617,I006533,C0517,2026-07-04,29.0,Bank Transfer
PAY005618,I006534,C0517,2026-07-22,29.0,Credit Card
PAY005619,I006535,C0517,2026-08-25,29.0,UPI
PAY005620,I006536,C0517,2026-09-27,29.0,UPI
PAY005621,I006538,C0518,2025-10-03,199.0,UPI
PAY005622,I006539,C0518,2025-11-14,199.0,Credit Card
PAY005623,I006540,C0518,2025-12-12,199.0,UPI
PAY005624,I006541,C0518,2026-01-14,199.0,Credit Card
PAY005625,I006542,C0518,2026-01-29,199.0,Debit Card
PAY005626,I006544,C0518,2026-04-09,199.0,Debit Card
PAY005627,I006545,C0518,2026-05-09,199.0,Credit Card
PAY005628,I006546,C0518,2026-05-31,199.0,Credit Card
PAY005629,I006547,C0518,2026-06-29,199.0,Credit Card
PAY005630,I006548,C0518,2026-08-03,199.0,Debit Card
PAY005631,I006549,C0518,2026-08-29,199.0,Credit Card
PAY005632,I006551,C0519,2026-01-10,29.0,UPI
PAY005633,I006553,C0519,2026-03-13,29.0,Credit Card
PAY005634,I006555,C0519,2026-05-15,29.0,Debit Card
PAY005635,I006556,C0519,2026-06-09,29.0,Credit Card
PAY005636,I006557,C0519,2026-07-11,29.0,Bank Transfer
PAY005637,I006558,C0519,2026-08-03,29.0,UPI
PAY005638,I006560,C0519,2026-10-14,29.0,Bank Transfer
PAY005639,I006562,C0520,2026-04-02,29.0,Bank Transfer
PAY005640,I006563,C0520,2026-04-24,29.0,Debit Card
PAY005641,I006564,C0520,2026-06-04,29.0,UPI
PAY005642,I006565,C0520,2026-07-06,29.0,Credit Card
PAY005643,I006566,C0520,2026-08-06,29.0,Bank Transfer
PAY005644,I006567,C0520,2026-09-02,29.0,Credit Card
PAY005645,I006568,C0520,2026-09-29,29.0,UPI
PAY005646,I006569,C0521,2025-03-20,948.0,Credit Card
PAY005647,I006570,C0521,2025-08-09,79.0,Bank Transfer
PAY005648,I006571,C0521,2025-09-20,79.0,Credit Card
PAY005649,I006572,C0521,2025-10-27,79.0,Credit Card
PAY005650,I006573,C0521,2025-11-27,79.0,Debit Card
PAY005651,I006574,C0521,2025-12-20,79.0,Credit Card
PAY005652,I006575,C0521,2026-01-23,79.0,Credit Card
PAY005653,I006576,C0521,2026-02-24,79.0,Credit Card
PAY005654,I006577,C0521,2026-03-20,79.0,UPI
PAY005655,I006578,C0522,2023-07-27,79.0,Credit Card
PAY005656,I006579,C0522,2023-09-02,79.0,Bank Transfer
PAY005657,I006580,C0522,2023-09-25,79.0,Bank Transfer
PAY005658,I006581,C0522,2023-10-24,79.0,UPI
PAY005659,I006582,C0522,2023-11-28,79.0,Credit Card
PAY005660,I006583,C0522,2023-12-28,79.0,Debit Card
PAY005661,I006584,C0522,2024-01-25,79.0,Bank Transfer
PAY005662,I006585,C0522,2024-02-29,79.0,UPI
PAY005663,I006586,C0522,2024-03-19,79.0,Credit Card
PAY005664,I006587,C0522,2024-04-24,79.0,UPI
PAY005665,I006588,C0523,2023-09-03,79.0,Credit Card
PAY005666,I006589,C0523,2023-09-21,79.0,UPI
PAY005667,I006590,C0523,2023-11-02,79.0,Credit Card
PAY005668,I006593,C0523,2024-01-19,79.0,Debit Card
PAY005669,I006595,C0523,2024-06-09,199.0,Debit Card
PAY005670,I006596,C0523,2024-07-01,199.0,UPI
PAY005671,I006597,C0523,2024-07-26,199.0,Credit Card
PAY005672,I006598,C0523,2024-09-05,199.0,Bank Transfer
PAY005673,I006599,C0523,2024-09-30,199.0,Credit Card
PAY005674,I006600,C0523,2024-11-12,199.0,Debit Card
PAY005675,I006601,C0523,2024-12-11,199.0,UPI
PAY005676,I006602,C0523,2025-01-09,199.0,Bank Transfer
PAY005677,I006603,C0524,2024-04-14,948.0,Bank Transfer
PAY005678,I006605,C0524,2025-06-18,79.0,UPI
PAY005679,I006606,C0524,2025-07-11,79.0,Bank Transfer
PAY005680,I006607,C0524,2025-08-17,79.0,Bank Transfer
PAY005681,I006608,C0524,2025-09-15,79.0,Bank Transfer
PAY005682,I006609,C0524,2025-10-07,79.0,Bank Transfer
PAY005683,I006611,C0524,2025-12-12,79.0,Bank Transfer
PAY005684,I006612,C0524,2025-12-30,79.0,Debit Card
PAY005685,I006613,C0524,2026-02-16,79.0,Bank Transfer
PAY005686,I006614,C0524,2026-03-14,79.0,Debit Card
PAY005687,I006615,C0524,2026-04-03,79.0,UPI
PAY005688,I006616,C0524,2026-05-07,79.0,Debit Card
PAY005689,I006617,C0524,2026-06-14,79.0,Credit Card
PAY005690,I006618,C0524,2026-07-12,79.0,Bank Transfer
PAY005691,I006619,C0524,2026-08-09,79.0,Debit Card
PAY005692,I006620,C0524,2026-09-02,79.0,UPI
PAY005693,I006621,C0524,2026-10-10,79.0,UPI
PAY005694,I006622,C0525,2024-09-26,29.0,UPI
PAY005695,I006623,C0525,2024-10-17,29.0,Bank Transfer
PAY005696,I006625,C0525,2024-12-22,29.0,Bank Transfer
PAY005697,I006626,C0525,2025-01-25,29.0,Credit Card
PAY005698,I006627,C0525,2025-02-26,29.0,Credit Card
PAY005699,I006632,C0525,2025-07-13,29.0,UPI
PAY005700,I006633,C0525,2025-08-17,29.0,Credit Card
PAY005701,I006634,C0525,2025-09-19,29.0,Debit Card
PAY005702,I006635,C0525,2025-10-27,29.0,Bank Transfer
PAY005703,I006636,C0525,2025-11-28,29.0,Credit Card
PAY005704,I006637,C0525,2025-12-20,29.0,UPI
PAY005705,I006638,C0525,2026-01-25,29.0,UPI
PAY005706,I006639,C0525,2026-02-26,29.0,Debit Card
PAY005707,I006640,C0525,2026-03-13,29.0,Bank Transfer
PAY005708,I006641,C0525,2026-04-24,29.0,Debit Card
PAY005709,I006642,C0525,2026-05-16,29.0,Bank Transfer
PAY005710,I006643,C0525,2026-06-13,29.0,Debit Card
PAY005711,I006644,C0525,2026-07-28,29.0,Bank Transfer
PAY005712,I006645,C0525,2026-08-21,29.0,Debit Card
PAY005713,I006646,C0526,2025-11-25,948.0,Credit Card
PAY005714,I006647,C0527,2023-03-09,29.0,UPI
PAY005715,I006648,C0527,2023-04-23,29.0,UPI
PAY005716,I006649,C0527,2023-05-14,29.0,UPI
PAY005717,I006650,C0527,2023-06-20,29.0,UPI
PAY005718,I006651,C0527,2023-07-16,29.0,Credit Card
PAY005719,I006652,C0527,2023-08-24,29.0,UPI
PAY005720,I006653,C0527,2023-09-22,29.0,Debit Card
PAY005721,I006654,C0527,2023-10-20,29.0,Debit Card
PAY005722,I006655,C0527,2023-11-20,29.0,Debit Card
PAY005723,I006656,C0527,2023-12-07,29.0,UPI
PAY005724,I006657,C0527,2024-01-21,29.0,UPI
PAY005725,I006658,C0527,2024-02-17,29.0,Debit Card
PAY005726,I006659,C0527,2024-03-17,29.0,Bank Transfer
PAY005727,I006660,C0527,2024-04-05,29.0,Bank Transfer
PAY005728,I006661,C0527,2024-05-06,29.0,Credit Card
PAY005729,I006662,C0527,2024-06-22,29.0,UPI
PAY005730,I006663,C0527,2024-07-13,29.0,Bank Transfer
PAY005731,I006666,C0527,2024-10-24,29.0,Debit Card
PAY005732,I006667,C0527,2024-11-06,29.0,UPI
PAY005733,I006668,C0527,2024-12-05,29.0,Bank Transfer
PAY005734,I006669,C0527,2025-01-23,29.0,Bank Transfer
PAY005735,I006670,C0527,2025-02-17,29.0,Credit Card
PAY005736,I006671,C0528,2023-06-24,199.0,Debit Card
PAY005737,I006672,C0528,2023-07-29,199.0,Credit Card
PAY005738,I006673,C0528,2023-08-14,199.0,Debit Card
PAY005739,I006674,C0528,2023-09-19,199.0,Credit Card
PAY005740,I006675,C0528,2023-10-26,199.0,Credit Card
PAY005741,I006676,C0528,2023-11-27,199.0,Bank Transfer
PAY005742,I006677,C0528,2023-12-23,199.0,Credit Card
PAY005743,I006678,C0528,2024-01-28,199.0,Bank Transfer
PAY005744,I006679,C0528,2024-02-19,199.0,UPI
PAY005745,I006680,C0528,2024-04-02,199.0,Debit Card
PAY005746,I006681,C0528,2024-04-15,199.0,UPI
PAY005747,I006683,C0528,2024-06-30,199.0,Debit Card
PAY005748,I006684,C0528,2024-07-23,199.0,Bank Transfer
PAY005749,I006685,C0528,2024-08-26,199.0,Bank Transfer
PAY005750,I006686,C0528,2024-09-25,199.0,UPI
PAY005751,I006688,C0528,2024-11-30,199.0,Bank Transfer
PAY005752,I006689,C0528,2024-12-22,199.0,Bank Transfer
PAY005753,I006690,C0528,2025-01-23,199.0,UPI
PAY005754,I006691,C0528,2025-02-17,199.0,Debit Card
PAY005755,I006692,C0528,2025-03-19,199.0,Credit Card
PAY005756,I006693,C0528,2025-04-25,199.0,UPI
PAY005757,I006694,C0528,2025-05-22,199.0,Credit Card
PAY005758,I006695,C0529,2023-02-09,29.0,Bank Transfer
PAY005759,I006696,C0529,2023-03-18,29.0,UPI
PAY005760,I006697,C0529,2023-04-07,29.0,Credit Card
PAY005761,I006698,C0529,2023-05-04,29.0,Debit Card
PAY005762,I006699,C0529,2023-05-29,29.0,Credit Card
PAY005763,I006700,C0529,2023-07-16,29.0,Credit Card
PAY005764,I006703,C0529,2023-10-12,29.0,Credit Card
PAY005765,I006705,C0529,2023-11-27,29.0,Bank Transfer
PAY005766,I006706,C0529,2024-01-14,29.0,UPI
PAY005767,I006707,C0529,2024-02-13,29.0,Bank Transfer
PAY005768,I006708,C0529,2024-03-13,29.0,UPI
PAY005769,I006709,C0529,2024-04-06,29.0,Bank Transfer
PAY005770,I006710,C0529,2024-04-27,29.0,Debit Card
PAY005771,I006712,C0529,2024-06-30,29.0,Bank Transfer
PAY005772,I006713,C0529,2024-08-10,29.0,Credit Card
PAY005773,I006715,C0529,2024-10-06,29.0,Debit Card
PAY005774,I006716,C0529,2024-11-01,29.0,Bank Transfer
PAY005775,I006718,C0529,2025-01-07,29.0,Credit Card
PAY005776,I006719,C0530,2025-10-11,948.0,UPI
PAY005777,I006720,C0531,2023-10-16,79.0,UPI
PAY005778,I006721,C0531,2023-11-22,79.0,Debit Card
PAY005779,I006722,C0531,2023-12-15,79.0,UPI
PAY005780,I006723,C0531,2024-01-26,79.0,UPI
PAY005781,I006726,C0531,2024-04-28,79.0,UPI
PAY005782,I006727,C0531,2024-05-19,79.0,Debit Card
PAY005783,I006728,C0531,2024-06-18,79.0,Debit Card
PAY005784,I006729,C0531,2024-07-23,79.0,Debit Card
PAY005785,I006730,C0531,2024-08-16,79.0,Bank Transfer
PAY005786,I006731,C0531,2024-09-20,79.0,Credit Card
PAY005787,I006732,C0531,2024-10-21,79.0,Bank Transfer
PAY005788,I006733,C0531,2024-11-29,79.0,Credit Card
PAY005789,I006734,C0531,2024-12-24,79.0,Debit Card
PAY005790,I006735,C0531,2025-01-29,79.0,Debit Card
PAY005791,I006736,C0531,2025-02-14,79.0,UPI
PAY005792,I006737,C0531,2025-03-29,79.0,UPI
PAY005793,I006738,C0531,2025-04-29,79.0,UPI
PAY005794,I006739,C0531,2025-05-28,79.0,Credit Card
PAY005795,I006740,C0531,2025-06-26,79.0,UPI
PAY005796,I006741,C0531,2025-07-18,79.0,UPI
PAY005797,I006742,C0531,2025-08-23,79.0,Bank Transfer
PAY005798,I006743,C0531,2025-09-26,79.0,UPI
PAY005799,I006744,C0532,2023-10-16,2388.0,Credit Card
PAY005800,I006745,C0533,2025-05-02,79.0,Debit Card
PAY005801,I006746,C0533,2025-05-26,79.0,UPI
PAY005802,I006747,C0533,2025-06-18,79.0,UPI
PAY005803,I006748,C0533,2025-07-19,79.0,Credit Card
PAY005804,I006749,C0533,2025-08-26,79.0,Credit Card
PAY005805,I006750,C0533,2025-09-30,79.0,UPI
PAY005806,I006751,C0533,2025-10-22,79.0,Debit Card
PAY005807,I006752,C0533,2025-12-06,79.0,Credit Card
PAY005808,I006753,C0533,2025-12-26,79.0,Debit Card
PAY005809,I006754,C0533,2026-01-26,79.0,Debit Card
PAY005810,I006755,C0533,2026-03-02,79.0,Bank Transfer
PAY005811,I006756,C0533,2026-04-02,79.0,Debit Card
PAY005812,I006757,C0533,2026-04-19,79.0,Debit Card
PAY005813,I006758,C0533,2026-05-19,79.0,Credit Card
PAY005814,I006759,C0533,2026-06-19,79.0,UPI
PAY005815,I006760,C0533,2026-07-25,79.0,Bank Transfer
PAY005816,I006761,C0533,2026-08-18,79.0,Credit Card
PAY005817,I006763,C0534,2025-04-28,29.0,Debit Card
PAY005818,I006764,C0534,2025-05-24,29.0,Debit Card
PAY005819,I006766,C0534,2025-07-29,29.0,Debit Card
PAY005820,I006767,C0534,2025-08-23,29.0,Credit Card
PAY005821,I006768,C0534,2025-09-29,29.0,Debit Card
PAY005822,I006770,C0534,2025-11-19,29.0,Debit Card
PAY005823,I006771,C0534,2025-12-10,29.0,Credit Card
PAY005824,I006772,C0534,2026-01-24,29.0,UPI
PAY005825,I006773,C0534,2026-02-22,29.0,Credit Card
PAY005826,I006774,C0534,2026-03-26,29.0,Bank Transfer
PAY005827,I006775,C0534,2026-04-23,29.0,Debit Card
PAY005828,I006776,C0534,2026-05-23,29.0,Debit Card
PAY005829,I006778,C0534,2026-07-26,29.0,UPI
PAY005830,I006779,C0534,2026-08-22,29.0,UPI
PAY005831,I006780,C0534,2026-09-27,29.0,Debit Card
PAY005832,I006781,C0535,2026-04-07,948.0,Bank Transfer
PAY005833,I006782,C0536,2025-07-20,79.0,Debit Card
PAY005834,I006784,C0536,2025-09-08,79.0,UPI
PAY005835,I006786,C0536,2025-11-14,79.0,Bank Transfer
PAY005836,I006787,C0536,2025-12-13,79.0,Credit Card
PAY005837,I006788,C0536,2026-01-25,79.0,UPI
PAY005838,I006789,C0536,2026-02-16,79.0,UPI
PAY005839,I006790,C0536,2026-03-13,79.0,Debit Card
PAY005840,I006791,C0536,2026-04-15,79.0,Credit Card
PAY005841,I006792,C0537,2023-08-16,499.0,Bank Transfer
PAY005842,I006793,C0537,2023-09-30,499.0,Bank Transfer
PAY005843,I006794,C0537,2023-10-13,499.0,Debit Card
PAY005844,I006795,C0537,2023-11-12,499.0,Bank Transfer
PAY005845,I006796,C0537,2023-12-25,499.0,Credit Card
PAY005846,I006797,C0537,2024-01-19,499.0,UPI
PAY005847,I006799,C0537,2024-03-30,499.0,UPI
PAY005848,I006800,C0537,2024-04-16,499.0,Bank Transfer
PAY005849,I006801,C0537,2024-05-13,499.0,UPI
PAY005850,I006802,C0537,2024-06-30,499.0,Bank Transfer
PAY005851,I006803,C0537,2024-07-26,499.0,Debit Card
PAY005852,I006804,C0537,2024-08-12,499.0,Credit Card
PAY005853,I006805,C0537,2024-09-27,499.0,UPI
PAY005854,I006806,C0537,2024-10-17,499.0,Bank Transfer
PAY005855,I006807,C0537,2024-11-14,499.0,Debit Card
PAY005856,I006808,C0537,2024-12-22,499.0,Debit Card
PAY005857,I006809,C0538,2025-02-27,2388.0,UPI
PAY005858,I006810,C0538,2026-03-04,2388.0,Bank Transfer
PAY005859,I006811,C0539,2026-04-03,948.0,Debit Card
PAY005860,I006812,C0540,2025-09-01,79.0,Credit Card
PAY005861,I006813,C0540,2025-10-05,79.0,Credit Card
PAY005862,I006814,C0540,2025-11-03,79.0,UPI
PAY005863,I006815,C0540,2025-12-02,79.0,Debit Card
PAY005864,I006816,C0540,2026-01-02,79.0,UPI
PAY005865,I006817,C0540,2026-01-23,79.0,Credit Card
PAY005866,I006818,C0540,2026-02-25,79.0,Credit Card
PAY005867,I006819,C0540,2026-03-27,79.0,UPI
PAY005868,I006820,C0540,2026-04-22,79.0,UPI
PAY005869,I006821,C0540,2026-06-07,79.0,UPI
PAY005870,I006823,C0541,2025-08-10,79.0,UPI
PAY005871,I006824,C0541,2025-09-07,79.0,Credit Card
PAY005872,I006825,C0541,2025-10-14,79.0,Debit Card
PAY005873,I006827,C0541,2025-12-26,79.0,Bank Transfer
PAY005874,I006829,C0541,2026-02-13,79.0,Bank Transfer
PAY005875,I006830,C0541,2026-03-19,79.0,Debit Card
PAY005876,I006831,C0541,2026-04-19,79.0,Bank Transfer
PAY005877,I006832,C0541,2026-05-16,79.0,UPI
PAY005878,I006833,C0541,2026-06-07,79.0,Debit Card
PAY005879,I006834,C0541,2026-07-12,79.0,Credit Card
PAY005880,I006835,C0541,2026-08-26,79.0,Debit Card
PAY005881,I006836,C0541,2026-09-24,79.0,Credit Card
PAY005882,I006837,C0542,2025-12-02,5988.0,Credit Card
PAY005883,I006838,C0543,2023-02-17,29.0,Debit Card
PAY005884,I006839,C0543,2023-04-02,29.0,Debit Card
PAY005885,I006840,C0543,2023-04-22,29.0,Credit Card
PAY005886,I006841,C0543,2023-06-02,29.0,Credit Card
PAY005887,I006842,C0543,2023-07-01,29.0,Debit Card
PAY005888,I006843,C0543,2023-07-23,29.0,UPI
PAY005889,I006844,C0543,2023-09-02,29.0,UPI
PAY005890,I006845,C0543,2023-09-30,29.0,Credit Card
PAY005891,I006846,C0543,2023-10-20,29.0,Debit Card
PAY005892,I006847,C0543,2023-11-28,29.0,Bank Transfer
PAY005893,I006850,C0543,2024-02-21,29.0,Debit Card
PAY005894,I006851,C0543,2024-03-27,29.0,Bank Transfer
PAY005895,I006852,C0543,2024-04-30,29.0,Bank Transfer
PAY005896,I006853,C0543,2024-05-15,29.0,UPI
PAY005897,I006854,C0543,2024-06-27,29.0,UPI
PAY005898,I006855,C0543,2024-08-02,29.0,Credit Card
PAY005899,I006856,C0543,2024-08-23,29.0,Credit Card
PAY005900,I006857,C0543,2024-09-20,29.0,Debit Card
PAY005901,I006858,C0543,2024-10-19,29.0,UPI
PAY005902,I006859,C0543,2024-11-22,29.0,Debit Card
PAY005903,I006860,C0543,2024-12-21,29.0,Credit Card
PAY005904,I006861,C0543,2025-01-28,29.0,Bank Transfer
PAY005905,I006862,C0544,2024-04-28,2388.0,UPI
PAY005906,I006863,C0544,2025-05-02,2388.0,Bank Transfer
PAY005907,I006864,C0545,2023-02-03,348.0,Debit Card
PAY005908,I006865,C0545,2023-10-21,29.0,Debit Card
PAY005909,I006866,C0545,2023-11-11,29.0,UPI
PAY005910,I006867,C0545,2023-12-19,29.0,Debit Card
PAY005911,I006869,C0545,2024-02-11,29.0,Credit Card
PAY005912,I006870,C0545,2024-03-13,29.0,Bank Transfer
PAY005913,I006871,C0545,2024-04-10,29.0,Debit Card
PAY005914,I006873,C0545,2024-06-18,29.0,Bank Transfer
PAY005915,I006874,C0545,2024-07-23,29.0,Credit Card
PAY005916,I006876,C0545,2024-09-17,29.0,UPI
PAY005917,I006877,C0545,2024-10-27,29.0,UPI
PAY005918,I006878,C0545,2024-11-14,29.0,Credit Card
PAY005919,I006879,C0545,2024-12-25,29.0,Debit Card
PAY005920,I006880,C0545,2025-01-15,29.0,Bank Transfer
PAY005921,I006881,C0545,2025-02-12,29.0,Credit Card
PAY005922,I006882,C0545,2025-03-19,29.0,Debit Card
PAY005923,I006883,C0545,2025-04-11,29.0,Debit Card
PAY005924,I006884,C0545,2025-05-25,29.0,Credit Card
PAY005925,I006885,C0545,2025-06-22,29.0,UPI
PAY005926,I006886,C0545,2025-07-26,29.0,Debit Card
PAY005927,I006887,C0545,2025-08-20,29.0,Debit Card
PAY005928,I006888,C0545,2025-09-20,29.0,Debit Card
PAY005929,I006890,C0546,2024-11-26,499.0,UPI
PAY005930,I006891,C0546,2025-01-02,499.0,Bank Transfer
PAY005931,I006893,C0546,2025-02-16,499.0,Debit Card
PAY005932,I006894,C0546,2025-04-01,499.0,Credit Card
PAY005933,I006895,C0546,2025-04-25,499.0,Debit Card
PAY005934,I006896,C0546,2025-05-20,499.0,Bank Transfer
PAY005935,I006897,C0546,2025-06-25,499.0,Bank Transfer
PAY005936,I006899,C0546,2025-08-22,499.0,Debit Card
PAY005937,I006902,C0546,2025-12-01,499.0,Debit Card
PAY005938,I006903,C0546,2025-12-31,499.0,UPI
PAY005939,I006905,C0546,2026-02-22,499.0,Debit Card
PAY005940,I006906,C0546,2026-03-27,499.0,UPI
PAY005941,I006907,C0546,2026-04-16,499.0,Bank Transfer
PAY005942,I006908,C0546,2026-05-15,499.0,Debit Card
PAY005943,I006909,C0546,2026-06-30,499.0,Credit Card
PAY005944,I006910,C0546,2026-07-17,499.0,Debit Card
PAY005945,I006911,C0546,2026-08-30,499.0,Bank Transfer
PAY005946,I006912,C0546,2026-10-02,499.0,Bank Transfer
PAY005947,I006913,C0547,2025-04-26,79.0,Bank Transfer
PAY005948,I006914,C0547,2025-05-27,79.0,Debit Card
PAY005949,I006915,C0547,2025-06-09,79.0,Debit Card
PAY005950,I006916,C0547,2025-07-19,79.0,Debit Card
PAY005951,I006917,C0547,2025-08-12,79.0,UPI
PAY005952,I006918,C0547,2025-09-14,79.0,Bank Transfer
PAY005953,I006919,C0547,2025-10-17,79.0,Debit Card
PAY005954,I006920,C0547,2025-11-18,79.0,Credit Card
PAY005955,I006921,C0547,2025-12-20,79.0,UPI
PAY005956,I006922,C0547,2026-01-27,79.0,Debit Card
PAY005957,I006923,C0547,2026-02-20,79.0,Bank Transfer
PAY005958,I006924,C0547,2026-03-21,79.0,Bank Transfer
PAY005959,I006925,C0547,2026-04-14,79.0,Debit Card
PAY005960,I006926,C0547,2026-05-10,79.0,UPI
PAY005961,I006927,C0547,2026-06-27,79.0,UPI
PAY005962,I006928,C0547,2026-07-16,79.0,Credit Card
PAY005963,I006929,C0548,2023-08-25,29.0,Debit Card
PAY005964,I006930,C0548,2023-09-15,29.0,Credit Card
PAY005965,I006931,C0548,2023-10-15,29.0,Credit Card
PAY005966,I006932,C0548,2023-11-09,29.0,UPI
PAY005967,I006933,C0548,2023-12-21,29.0,Credit Card
PAY005968,I006934,C0548,2024-01-19,29.0,Credit Card
PAY005969,I006935,C0548,2024-02-27,29.0,Credit Card
PAY005970,I006937,C0548,2024-04-18,29.0,UPI
PAY005971,I006938,C0548,2024-05-26,29.0,Credit Card
PAY005972,I006939,C0548,2024-06-18,29.0,Credit Card
PAY005973,I006940,C0548,2024-07-26,29.0,UPI
PAY005974,I006941,C0548,2024-08-14,29.0,Bank Transfer
PAY005975,I006942,C0548,2024-09-24,29.0,UPI
PAY005976,I006943,C0548,2024-10-23,29.0,Debit Card
PAY005977,I006944,C0548,2024-11-28,29.0,UPI
PAY005978,I006946,C0548,2025-01-21,29.0,Bank Transfer
PAY005979,I006947,C0548,2025-02-28,29.0,Bank Transfer
PAY005980,I006948,C0548,2025-03-28,29.0,Debit Card
PAY005981,I006949,C0548,2025-04-24,29.0,Debit Card
PAY005982,I006950,C0548,2025-05-20,29.0,Debit Card
PAY005983,I006951,C0548,2025-06-11,29.0,Bank Transfer
PAY005984,I006952,C0548,2025-07-19,29.0,UPI
PAY005985,I006954,C0549,2024-07-25,79.0,UPI
PAY005986,I006955,C0549,2024-09-04,79.0,Credit Card
PAY005987,I006956,C0549,2024-10-01,79.0,Bank Transfer
PAY005988,I006957,C0549,2024-10-24,79.0,UPI
PAY005989,I006958,C0549,2024-11-23,79.0,Credit Card
PAY005990,I006959,C0549,2024-12-26,79.0,Bank Transfer
PAY005991,I006960,C0549,2025-01-17,79.0,Credit Card
PAY005992,I006961,C0549,2025-02-25,79.0,UPI
PAY005993,I006962,C0549,2025-04-02,79.0,Bank Transfer
PAY005994,I006963,C0549,2025-04-21,79.0,Credit Card
PAY005995,I006965,C0549,2025-06-26,79.0,UPI
PAY005996,I006966,C0549,2025-07-29,79.0,Credit Card
PAY005997,I006967,C0549,2025-09-03,79.0,UPI
PAY005998,I006969,C0549,2025-10-22,79.0,Credit Card
PAY005999,I006970,C0549,2025-12-06,79.0,UPI
PAY006000,I006971,C0549,2025-12-27,79.0,Credit Card
PAY006001,I006972,C0549,2026-01-18,79.0,Bank Transfer
PAY006002,I006973,C0549,2026-03-07,79.0,Credit Card
PAY006003,I006975,C0549,2026-04-18,79.0,Credit Card
PAY006004,I006976,C0549,2026-06-01,79.0,Credit Card
PAY006005,I006977,C0550,2024-12-03,79.0,Bank Transfer
PAY006006,I006979,C0550,2025-02-06,79.0,Debit Card
PAY006007,I006982,C0550,2025-05-01,79.0,Bank Transfer
PAY006008,I006983,C0550,2025-05-22,79.0,UPI
PAY006009,I006984,C0550,2025-10-20,948.0,Credit Card
PAY006010,I006985,C0551,2025-07-20,2388.0,Credit Card
PAY006011,I006986,C0551,2026-07-22,2388.0,UPI
PAY006012,I006987,C0552,2025-04-23,79.0,Bank Transfer
PAY006013,I006988,C0552,2025-06-05,79.0,Credit Card
PAY006014,I006989,C0552,2025-07-04,79.0,UPI
PAY006015,I006990,C0552,2025-07-21,79.0,Bank Transfer
PAY006016,I006991,C0552,2025-09-02,79.0,Credit Card
PAY006017,I006992,C0552,2025-10-09,79.0,UPI
PAY006018,I006993,C0552,2025-10-25,79.0,Bank Transfer
PAY006019,I006994,C0552,2025-12-08,79.0,Credit Card
PAY006020,I006995,C0552,2025-12-29,79.0,UPI
PAY006021,I006996,C0552,2026-02-08,79.0,Debit Card
PAY006022,I006997,C0552,2026-03-08,79.0,Credit Card
PAY006023,I006999,C0553,2025-10-12,199.0,Bank Transfer
PAY006024,I007000,C0553,2025-11-14,199.0,Debit Card
PAY006025,I007002,C0553,2026-01-12,199.0,Debit Card
PAY006026,I007003,C0553,2026-02-11,199.0,UPI
PAY006027,I007004,C0553,2026-03-16,199.0,Debit Card
PAY006028,I007005,C0553,2026-04-14,199.0,UPI
PAY006029,I007006,C0553,2026-05-26,199.0,Debit Card
PAY006030,I007007,C0553,2026-07-03,79.0,Debit Card
PAY006031,I007008,C0553,2026-08-01,79.0,UPI
PAY006032,I007010,C0553,2026-09-28,79.0,Debit Card
PAY006033,I007011,C0554,2024-08-13,199.0,Debit Card
PAY006034,I007012,C0554,2024-09-08,199.0,Credit Card
PAY006035,I007013,C0554,2024-10-13,199.0,Debit Card
PAY006036,I007014,C0554,2024-11-12,199.0,UPI
PAY006037,I007015,C0554,2024-12-10,199.0,Credit Card
PAY006038,I007016,C0554,2025-01-05,199.0,Bank Transfer
PAY006039,I007017,C0554,2025-02-09,199.0,Credit Card
PAY006040,I007018,C0554,2025-03-18,199.0,UPI
PAY006041,I007019,C0554,2025-04-14,199.0,UPI
PAY006042,I007020,C0554,2025-05-09,199.0,Bank Transfer
PAY006043,I007021,C0554,2025-06-21,199.0,Bank Transfer
PAY006044,I007022,C0554,2025-07-05,199.0,UPI
PAY006045,I007023,C0554,2025-08-12,199.0,UPI
PAY006046,I007024,C0554,2025-09-11,199.0,UPI
PAY006047,I007025,C0554,2025-10-17,199.0,Credit Card
PAY006048,I007026,C0554,2025-11-14,199.0,Bank Transfer
PAY006049,I007028,C0554,2026-01-19,199.0,UPI
PAY006050,I007029,C0554,2026-02-22,199.0,UPI
PAY006051,I007030,C0554,2026-03-13,199.0,Debit Card
PAY006052,I007031,C0554,2026-04-11,199.0,Bank Transfer
PAY006053,I007032,C0554,2026-05-15,199.0,Credit Card
PAY006054,I007033,C0554,2026-06-07,199.0,UPI
PAY006055,I007035,C0555,2026-02-23,948.0,UPI
PAY006056,I007036,C0556,2023-09-06,948.0,Credit Card
PAY006057,I007037,C0556,2024-09-11,948.0,Credit Card
PAY006058,I007038,C0557,2024-03-16,348.0,Bank Transfer
PAY006059,I007040,C0558,2023-06-14,199.0,UPI
PAY006060,I007041,C0558,2023-07-07,199.0,Credit Card
PAY006061,I007042,C0558,2023-08-15,199.0,Credit Card
PAY006062,I007043,C0558,2023-09-05,199.0,UPI
PAY006063,I007044,C0558,2023-09-30,199.0,Debit Card
PAY006064,I007046,C0558,2023-12-13,199.0,UPI
PAY006065,I007048,C0558,2024-02-09,199.0,Debit Card
PAY006066,I007049,C0558,2024-03-12,199.0,Bank Transfer
PAY006067,I007050,C0558,2024-04-03,199.0,Bank Transfer
PAY006068,I007051,C0558,2024-05-06,199.0,Bank Transfer
PAY006069,I007053,C0558,2024-07-04,199.0,Debit Card
PAY006070,I007054,C0558,2024-08-08,199.0,Bank Transfer
PAY006071,I007056,C0558,2024-10-17,199.0,Bank Transfer
PAY006072,I007057,C0558,2024-11-02,199.0,Credit Card
PAY006073,I007058,C0558,2024-12-02,199.0,Bank Transfer
PAY006074,I007059,C0558,2025-01-05,199.0,Debit Card
PAY006075,I007060,C0558,2025-02-05,199.0,Debit Card
PAY006076,I007061,C0558,2025-03-09,199.0,Bank Transfer
PAY006077,I007064,C0559,2025-11-01,199.0,Credit Card
PAY006078,I007066,C0559,2025-12-31,199.0,UPI
PAY006079,I007067,C0559,2026-02-10,199.0,Credit Card
PAY006080,I007068,C0559,2026-03-19,199.0,UPI
PAY006081,I007069,C0559,2026-04-13,199.0,Bank Transfer
PAY006082,I007070,C0559,2026-05-04,199.0,Credit Card
PAY006083,I007071,C0559,2026-05-29,199.0,Debit Card
PAY006084,I007072,C0559,2026-07-07,199.0,Credit Card
PAY006085,I007073,C0559,2026-08-16,199.0,Credit Card
PAY006086,I007074,C0559,2026-09-10,199.0,Credit Card
PAY006087,I007075,C0559,2026-10-06,199.0,Bank Transfer
PAY006088,I007076,C0560,2024-01-31,348.0,UPI
PAY006089,I007077,C0560,2025-01-25,348.0,Debit Card
PAY006090,I007078,C0561,2025-12-10,2388.0,UPI
PAY006091,I007079,C0562,2025-07-15,79.0,UPI
PAY006092,I007080,C0562,2025-08-12,79.0,UPI
PAY006093,I007081,C0562,2025-09-07,79.0,Bank Transfer
PAY006094,I007082,C0562,2025-10-07,79.0,Credit Card
PAY006095,I007083,C0562,2025-11-11,79.0,Debit Card
PAY006096,I007084,C0562,2025-12-16,79.0,Bank Transfer
PAY006097,I007085,C0563,2024-10-05,499.0,Bank Transfer
PAY006098,I007086,C0563,2024-11-15,499.0,Credit Card
PAY006099,I007087,C0563,2024-12-17,499.0,Credit Card
PAY006100,I007088,C0563,2025-01-03,499.0,Debit Card
PAY006101,I007089,C0563,2025-02-01,499.0,Credit Card
PAY006102,I007090,C0563,2025-03-16,499.0,Debit Card
PAY006103,I007092,C0563,2025-05-05,499.0,Credit Card
PAY006104,I007093,C0563,2025-05-31,499.0,Bank Transfer
PAY006105,I007094,C0563,2025-07-02,499.0,Bank Transfer
PAY006106,I007095,C0563,2025-08-07,499.0,Bank Transfer
PAY006107,I007096,C0563,2025-09-01,499.0,Debit Card
PAY006108,I007097,C0563,2025-10-08,499.0,Debit Card
PAY006109,I007098,C0563,2025-11-16,499.0,UPI
PAY006110,I007100,C0563,2026-01-01,499.0,UPI
PAY006111,I007101,C0563,2026-02-11,499.0,Bank Transfer
PAY006112,I007102,C0563,2026-03-12,499.0,Credit Card
PAY006113,I007103,C0563,2026-04-14,499.0,Debit Card
PAY006114,I007104,C0563,2026-05-08,499.0,Debit Card
PAY006115,I007105,C0563,2026-06-05,499.0,Bank Transfer
PAY006116,I007106,C0563,2026-06-29,499.0,UPI
PAY006117,I007107,C0563,2026-07-29,499.0,Bank Transfer
PAY006118,I007108,C0563,2026-09-03,499.0,UPI
PAY006119,I007109,C0564,2023-10-08,79.0,UPI
PAY006120,I007110,C0564,2023-11-08,79.0,UPI
PAY006121,I007111,C0564,2023-12-13,79.0,Debit Card
PAY006122,I007112,C0564,2024-01-24,79.0,Bank Transfer
PAY006123,I007113,C0564,2024-02-13,79.0,Debit Card
PAY006124,I007114,C0564,2024-03-13,79.0,Bank Transfer
PAY006125,I007116,C0564,2024-05-05,79.0,Bank Transfer
PAY006126,I007117,C0564,2024-06-09,79.0,Bank Transfer
PAY006127,I007119,C0564,2024-08-14,79.0,Bank Transfer
PAY006128,I007120,C0564,2024-09-07,79.0,Credit Card
PAY006129,I007122,C0564,2024-11-24,79.0,Debit Card
PAY006130,I007123,C0564,2024-12-17,79.0,Credit Card
PAY006131,I007124,C0564,2025-01-18,79.0,Debit Card
PAY006132,I007125,C0564,2025-02-10,79.0,UPI
PAY006133,I007127,C0564,2025-04-20,79.0,UPI
PAY006134,I007128,C0564,2025-05-11,79.0,Bank Transfer
PAY006135,I007129,C0564,2025-06-18,79.0,Debit Card
PAY006136,I007130,C0564,2025-07-22,79.0,UPI
PAY006137,I007135,C0565,2025-11-15,29.0,UPI
PAY006138,I007136,C0565,2025-12-16,29.0,Debit Card
PAY006139,I007137,C0565,2026-01-26,29.0,UPI
PAY006140,I007138,C0565,2026-02-26,29.0,Debit Card
PAY006141,I007139,C0565,2026-03-17,29.0,UPI
PAY006142,I007140,C0565,2026-05-04,29.0,Debit Card
PAY006143,I007141,C0565,2026-05-21,29.0,Credit Card
PAY006144,I007142,C0565,2026-06-16,29.0,Credit Card
PAY006145,I007143,C0565,2026-07-21,29.0,Bank Transfer
PAY006146,I007144,C0565,2026-08-19,29.0,Credit Card
PAY006147,I007145,C0565,2026-09-16,29.0,UPI
PAY006148,I007146,C0566,2024-08-13,79.0,Credit Card
PAY006149,I007147,C0566,2024-09-20,79.0,UPI
PAY006150,I007148,C0566,2024-10-14,79.0,UPI
PAY006151,I007149,C0566,2024-11-24,79.0,Bank Transfer
PAY006152,I007150,C0566,2024-12-26,79.0,Debit Card
PAY006153,I007151,C0566,2025-01-13,79.0,UPI
PAY006154,I007152,C0566,2025-02-19,79.0,UPI
PAY006155,I007153,C0566,2025-03-13,79.0,Bank Transfer
PAY006156,I007154,C0566,2025-04-23,79.0,UPI
PAY006157,I007155,C0566,2025-05-22,79.0,UPI
PAY006158,I007156,C0566,2025-06-26,79.0,Debit Card
PAY006159,I007157,C0566,2025-07-14,79.0,Debit Card
PAY006160,I007158,C0566,2025-08-26,79.0,Credit Card
PAY006161,I007159,C0566,2025-09-23,79.0,UPI
PAY006162,I007161,C0566,2025-11-15,79.0,Credit Card
PAY006163,I007162,C0566,2025-12-12,79.0,Bank Transfer
PAY006164,I007163,C0566,2026-01-27,79.0,Bank Transfer
PAY006165,I007164,C0566,2026-03-02,79.0,Bank Transfer
PAY006166,I007165,C0566,2026-03-30,79.0,Debit Card
PAY006167,I007166,C0566,2026-04-15,79.0,Credit Card
PAY006168,I007167,C0566,2026-05-14,79.0,Debit Card
PAY006169,I007168,C0566,2026-06-26,79.0,Bank Transfer
PAY006170,I007169,C0566,2026-07-25,79.0,UPI
PAY006171,I007171,C0567,2025-10-12,2388.0,Debit Card
PAY006172,I007172,C0568,2024-09-23,199.0,Debit Card
PAY006173,I007173,C0568,2024-10-23,199.0,Bank Transfer
PAY006174,I007174,C0568,2024-11-22,199.0,Debit Card
PAY006175,I007175,C0568,2024-12-18,199.0,Bank Transfer
PAY006176,I007176,C0568,2025-01-15,199.0,Debit Card
PAY006177,I007177,C0568,2025-02-23,199.0,Debit Card
PAY006178,I007179,C0568,2025-04-28,199.0,Debit Card
PAY006179,I007180,C0568,2025-05-26,199.0,UPI
PAY006180,I007181,C0568,2025-06-09,199.0,Bank Transfer
PAY006181,I007182,C0568,2025-07-27,199.0,UPI
PAY006182,I007183,C0568,2025-08-09,199.0,UPI
PAY006183,I007185,C0568,2025-10-28,199.0,UPI
PAY006184,I007186,C0568,2025-11-16,199.0,Credit Card
PAY006185,I007187,C0568,2025-12-12,199.0,Debit Card
PAY006186,I007188,C0568,2025-03-30,79.0,Credit Card
PAY006187,I007189,C0568,2025-04-16,79.0,Bank Transfer
PAY006188,I007190,C0568,2025-05-27,79.0,Bank Transfer
PAY006189,I007191,C0568,2025-06-29,79.0,Bank Transfer
PAY006190,I007192,C0568,2025-07-21,79.0,Debit Card
PAY006191,I007193,C0568,2025-08-28,79.0,Credit Card
PAY006192,I007194,C0568,2025-10-04,79.0,Debit Card
PAY006193,I007195,C0568,2025-10-24,79.0,Bank Transfer
PAY006194,I007197,C0568,2025-12-29,79.0,UPI
PAY006195,I007198,C0568,2026-01-31,79.0,Bank Transfer
PAY006196,I007199,C0568,2026-03-03,79.0,Bank Transfer
PAY006197,I007201,C0568,2026-04-16,79.0,Credit Card
PAY006198,I007202,C0568,2026-05-29,79.0,UPI
PAY006199,I007203,C0568,2026-06-30,79.0,Debit Card
PAY006200,I007205,C0568,2026-08-26,79.0,Credit Card
PAY006201,I007206,C0568,2026-09-26,79.0,Credit Card
PAY006202,I007207,C0569,2023-05-26,199.0,Bank Transfer
PAY006203,I007209,C0569,2023-08-03,199.0,Bank Transfer
PAY006204,I007210,C0569,2023-08-29,199.0,UPI
PAY006205,I007211,C0569,2023-09-20,199.0,Bank Transfer
PAY006206,I007212,C0569,2023-11-02,199.0,Credit Card
PAY006207,I007213,C0569,2023-11-16,199.0,Debit Card
PAY006208,I007214,C0569,2024-01-03,199.0,Bank Transfer
PAY006209,I007215,C0569,2024-01-26,199.0,UPI
PAY006210,I007216,C0569,2024-02-28,199.0,Bank Transfer
PAY006211,I007217,C0569,2024-03-25,199.0,Debit Card
PAY006212,I007218,C0569,2024-04-21,199.0,Credit Card
PAY006213,I007219,C0569,2024-06-03,199.0,UPI
PAY006214,I007220,C0569,2024-06-23,199.0,Debit Card
PAY006215,I007221,C0569,2024-07-18,199.0,Credit Card
PAY006216,I007222,C0569,2024-08-23,199.0,Debit Card
PAY006217,I007223,C0569,2024-10-02,199.0,Bank Transfer
PAY006218,I007224,C0569,2024-10-26,199.0,UPI
PAY006219,I007225,C0569,2024-11-28,199.0,Bank Transfer
PAY006220,I007226,C0569,2024-12-31,199.0,Debit Card
PAY006221,I007227,C0569,2025-01-27,199.0,Bank Transfer
PAY006222,I007228,C0569,2025-03-01,199.0,Bank Transfer
PAY006223,I007230,C0569,2025-04-18,199.0,Debit Card
PAY006224,I007231,C0570,2024-08-17,2388.0,Debit Card
PAY006225,I007232,C0570,2025-08-03,2388.0,Credit Card
PAY006226,I007233,C0571,2026-03-19,79.0,Bank Transfer
PAY006227,I007234,C0571,2026-05-03,79.0,Debit Card
PAY006228,I007235,C0571,2026-05-26,79.0,UPI
PAY006229,I007236,C0571,2026-06-23,79.0,Credit Card
PAY006230,I007237,C0571,2026-07-18,79.0,UPI
PAY006231,I007238,C0571,2026-08-28,79.0,Debit Card
PAY006232,I007239,C0571,2026-09-24,79.0,UPI
PAY006233,I007240,C0572,2024-05-08,79.0,UPI
PAY006234,I007241,C0572,2024-06-09,79.0,UPI
PAY006235,I007243,C0572,2024-08-18,79.0,Debit Card
PAY006236,I007244,C0572,2024-09-22,79.0,Debit Card
PAY006237,I007245,C0572,2024-10-20,79.0,Debit Card
PAY006238,I007247,C0572,2024-12-13,79.0,UPI
PAY006239,I007248,C0572,2025-01-18,79.0,Bank Transfer
PAY006240,I007249,C0572,2025-02-07,79.0,Debit Card
PAY006241,I007250,C0572,2025-03-04,79.0,Bank Transfer
PAY006242,I007251,C0572,2025-04-09,79.0,Bank Transfer
PAY006243,I007252,C0572,2025-05-22,79.0,Credit Card
PAY006244,I007253,C0572,2025-06-20,79.0,Credit Card
PAY006245,I007254,C0572,2025-07-15,79.0,UPI
PAY006246,I007255,C0572,2025-08-10,79.0,UPI
PAY006247,I007256,C0572,2025-09-17,79.0,Debit Card
PAY006248,I007257,C0572,2025-10-16,79.0,Bank Transfer
PAY006249,I007259,C0572,2025-12-12,79.0,Bank Transfer
PAY006250,I007260,C0572,2026-01-22,79.0,UPI
PAY006251,I007261,C0572,2026-02-09,79.0,UPI
PAY006252,I007262,C0572,2026-03-20,79.0,Debit Card
PAY006253,I007263,C0572,2026-04-20,79.0,Credit Card
PAY006254,I007264,C0573,2024-04-28,79.0,UPI
PAY006255,I007265,C0573,2024-06-05,79.0,Bank Transfer
PAY006256,I007266,C0573,2024-07-04,79.0,UPI
PAY006257,I007267,C0573,2024-08-03,79.0,Bank Transfer
PAY006258,I007268,C0573,2024-08-27,79.0,Credit Card
PAY006259,I007269,C0573,2024-10-02,79.0,Credit Card
PAY006260,I007270,C0573,2024-11-02,79.0,Bank Transfer
PAY006261,I007271,C0573,2024-11-28,79.0,Debit Card
PAY006262,I007272,C0573,2024-12-23,79.0,Debit Card
PAY006263,I007273,C0573,2025-02-03,79.0,Bank Transfer
PAY006264,I007274,C0573,2025-03-05,79.0,UPI
PAY006265,I007275,C0573,2025-03-24,79.0,Debit Card
PAY006266,I007276,C0573,2025-04-29,79.0,Credit Card
PAY006267,I007277,C0573,2025-05-27,79.0,Bank Transfer
PAY006268,I007278,C0573,2025-07-06,79.0,Debit Card
PAY006269,I007279,C0573,2025-08-02,79.0,UPI
PAY006270,I007280,C0573,2025-08-27,79.0,Bank Transfer
PAY006271,I007282,C0573,2025-10-31,79.0,Credit Card
PAY006272,I007283,C0573,2025-12-03,79.0,UPI
PAY006273,I007284,C0573,2026-01-06,79.0,Credit Card
PAY006274,I007286,C0573,2026-02-28,79.0,Credit Card
PAY006275,I007287,C0573,2026-03-30,79.0,Credit Card
PAY006276,I007288,C0574,2026-03-31,29.0,Bank Transfer
PAY006277,I007289,C0574,2026-05-05,29.0,Bank Transfer
PAY006278,I007291,C0574,2026-07-12,29.0,Credit Card
PAY006279,I007292,C0574,2026-07-29,29.0,UPI
PAY006280,I007293,C0574,2026-09-05,29.0,Credit Card
PAY006281,I007294,C0574,2026-10-11,29.0,Credit Card
PAY006282,I007295,C0575,2024-02-02,5988.0,Bank Transfer
PAY006283,I007296,C0576,2023-06-24,499.0,UPI
PAY006284,I007297,C0576,2023-07-23,499.0,Credit Card
PAY006285,I007298,C0576,2023-08-18,499.0,UPI
PAY006286,I007299,C0576,2023-09-26,499.0,Debit Card
PAY006287,I007300,C0576,2023-10-22,499.0,Bank Transfer
PAY006288,I007301,C0576,2023-11-30,499.0,Debit Card
PAY006289,I007302,C0576,2023-12-24,499.0,UPI
PAY006290,I007303,C0576,2024-01-29,499.0,Credit Card
PAY006291,I007304,C0576,2024-02-27,499.0,Debit Card
PAY006292,I007305,C0576,2024-03-18,499.0,Credit Card
PAY006293,I007306,C0576,2024-04-18,499.0,UPI
PAY006294,I007307,C0576,2024-05-24,499.0,UPI
PAY006295,I007308,C0576,2024-06-28,499.0,Debit Card
PAY006296,I007309,C0576,2024-07-26,499.0,Debit Card
PAY006297,I007311,C0576,2024-09-28,499.0,Bank Transfer
PAY006298,I007312,C0576,2024-10-18,499.0,UPI
PAY006299,I007314,C0576,2024-12-21,499.0,Bank Transfer
PAY006300,I007315,C0576,2025-01-13,499.0,UPI
PAY006301,I007316,C0576,2025-02-16,499.0,Credit Card
PAY006302,I007317,C0576,2025-03-17,499.0,Bank Transfer
PAY006303,I007318,C0576,2025-04-17,499.0,UPI
PAY006304,I007319,C0576,2025-05-14,499.0,Bank Transfer
PAY006305,I007321,C0577,2025-03-17,948.0,Credit Card
PAY006306,I007322,C0578,2024-03-04,79.0,UPI
PAY006307,I007323,C0578,2024-04-05,79.0,UPI
PAY006308,I007324,C0578,2024-05-08,79.0,Bank Transfer
PAY006309,I007326,C0578,2024-06-24,79.0,UPI
PAY006310,I007327,C0578,2024-07-24,79.0,Debit Card
PAY006311,I007328,C0579,2023-10-21,79.0,Debit Card
PAY006312,I007329,C0579,2023-11-22,79.0,Credit Card
PAY006313,I007331,C0579,2024-01-23,79.0,Bank Transfer
PAY006314,I007332,C0579,2024-03-04,79.0,Credit Card
PAY006315,I007333,C0579,2024-03-18,79.0,Credit Card
PAY006316,I007334,C0579,2024-05-01,79.0,Credit Card
PAY006317,I007335,C0579,2024-05-30,79.0,UPI
PAY006318,I007336,C0579,2024-07-03,79.0,UPI
PAY006319,I007337,C0579,2024-07-21,79.0,Credit Card
PAY006320,I007338,C0579,2024-12-25,348.0,Bank Transfer
PAY006321,I007339,C0579,2025-12-19,348.0,Debit Card
PAY006322,I007340,C0580,2023-07-07,79.0,UPI
PAY006323,I007341,C0580,2023-08-21,79.0,Debit Card
PAY006324,I007342,C0580,2023-09-21,79.0,Credit Card
PAY006325,I007343,C0580,2023-10-23,79.0,Credit Card
PAY006326,I007345,C0581,2026-03-11,948.0,Bank Transfer
PAY006327,I007346,C0582,2023-05-22,79.0,UPI
PAY006328,I007347,C0582,2023-06-21,79.0,Bank Transfer
PAY006329,I007348,C0582,2023-07-18,79.0,Debit Card
PAY006330,I007349,C0582,2023-08-28,79.0,Credit Card
PAY006331,I007350,C0582,2023-09-13,79.0,Debit Card
PAY006332,I007351,C0582,2023-10-20,79.0,Credit Card
PAY006333,I007352,C0582,2023-11-14,79.0,Credit Card
PAY006334,I007354,C0582,2024-01-21,79.0,Debit Card
PAY006335,I007355,C0582,2024-02-20,79.0,Credit Card
PAY006336,I007356,C0582,2024-03-26,79.0,Credit Card
PAY006337,I007358,C0582,2024-05-25,79.0,Debit Card
PAY006338,I007359,C0582,2024-06-28,79.0,Debit Card
PAY006339,I007361,C0582,2024-08-10,199.0,UPI
PAY006340,I007363,C0582,2024-10-02,199.0,Credit Card
PAY006341,I007364,C0582,2024-11-04,199.0,Bank Transfer
PAY006342,I007365,C0582,2024-12-08,199.0,Debit Card
PAY006343,I007366,C0582,2024-12-28,199.0,Bank Transfer
PAY006344,I007367,C0582,2025-02-01,199.0,UPI
PAY006345,I007368,C0582,2025-03-13,199.0,Bank Transfer
PAY006346,I007369,C0582,2025-03-29,199.0,Credit Card
PAY006347,I007370,C0582,2025-04-27,199.0,Debit Card
PAY006348,I007371,C0582,2025-05-25,199.0,Credit Card
PAY006349,I007372,C0582,2025-06-24,199.0,Credit Card
PAY006350,I007373,C0582,2025-08-07,199.0,Debit Card
PAY006351,I007374,C0582,2025-08-24,199.0,Bank Transfer
PAY006352,I007375,C0582,2025-10-09,199.0,UPI
PAY006353,I007376,C0582,2025-10-24,199.0,Credit Card
PAY006354,I007377,C0582,2025-12-02,199.0,Bank Transfer
PAY006355,I007378,C0582,2026-01-05,199.0,Credit Card
PAY006356,I007379,C0582,2026-02-04,199.0,Bank Transfer
PAY006357,I007380,C0582,2026-03-02,199.0,UPI
PAY006358,I007381,C0582,2026-04-03,199.0,UPI
PAY006359,I007382,C0582,2026-05-08,199.0,Credit Card
PAY006360,I007383,C0582,2026-06-08,199.0,Credit Card
PAY006361,I007385,C0583,2023-07-16,499.0,Debit Card
PAY006362,I007386,C0583,2023-08-27,499.0,Credit Card
PAY006363,I007387,C0583,2023-09-15,499.0,Credit Card
PAY006364,I007388,C0583,2023-10-27,499.0,Credit Card
PAY006365,I007389,C0583,2023-11-14,499.0,UPI
PAY006366,I007390,C0583,2023-12-18,499.0,Debit Card
PAY006367,I007391,C0583,2024-02-01,499.0,UPI
PAY006368,I007392,C0583,2024-02-17,499.0,Debit Card
PAY006369,I007394,C0583,2024-04-26,499.0,Credit Card
PAY006370,I007395,C0583,2024-05-23,499.0,Bank Transfer
PAY006371,I007396,C0583,2024-06-21,499.0,Credit Card
PAY006372,I007399,C0583,2024-09-18,499.0,Bank Transfer
PAY006373,I007400,C0583,2024-10-23,499.0,Debit Card
PAY006374,I007401,C0583,2024-11-30,499.0,Bank Transfer
PAY006375,I007402,C0583,2024-12-28,499.0,UPI
PAY006376,I007403,C0583,2025-01-24,499.0,Credit Card
PAY006377,I007404,C0583,2025-02-19,499.0,Credit Card
PAY006378,I007405,C0583,2025-03-22,499.0,Debit Card
PAY006379,I007406,C0583,2025-05-01,499.0,UPI
PAY006380,I007407,C0583,2025-05-18,499.0,Bank Transfer
PAY006381,I007408,C0583,2025-06-20,499.0,UPI
PAY006382,I007409,C0584,2023-11-13,29.0,Bank Transfer
PAY006383,I007410,C0584,2023-12-13,29.0,Debit Card
PAY006384,I007411,C0584,2024-01-13,29.0,Credit Card
PAY006385,I007413,C0584,2024-03-16,29.0,Bank Transfer
PAY006386,I007414,C0584,2024-04-25,29.0,UPI
PAY006387,I007418,C0584,2024-08-23,29.0,Credit Card
PAY006388,I007419,C0584,2024-09-17,29.0,Debit Card
PAY006389,I007420,C0584,2024-10-27,29.0,UPI
PAY006390,I007421,C0584,2024-11-30,29.0,Debit Card
PAY006391,I007422,C0584,2024-12-26,29.0,Bank Transfer
PAY006392,I007423,C0584,2025-01-14,29.0,UPI
PAY006393,I007424,C0584,2025-02-20,29.0,Credit Card
PAY006394,I007425,C0584,2025-03-28,29.0,Bank Transfer
PAY006395,I007426,C0584,2025-05-01,29.0,Debit Card
PAY006396,I007427,C0584,2025-05-18,29.0,Credit Card
PAY006397,I007428,C0584,2025-06-23,29.0,Bank Transfer
PAY006398,I007429,C0584,2025-07-25,29.0,UPI
PAY006399,I007430,C0584,2025-08-22,29.0,Bank Transfer
PAY006400,I007431,C0584,2025-09-27,29.0,UPI
PAY006401,I007432,C0584,2025-10-29,29.0,Credit Card
PAY006402,I007433,C0585,2023-05-24,79.0,Debit Card
PAY006403,I007434,C0585,2023-06-30,79.0,Credit Card
PAY006404,I007437,C0585,2023-10-10,79.0,Debit Card
PAY006405,I007438,C0585,2023-10-28,79.0,UPI
PAY006406,I007439,C0585,2023-11-30,79.0,Credit Card
PAY006407,I007440,C0585,2023-12-26,79.0,Bank Transfer
PAY006408,I007441,C0585,2024-02-10,79.0,Bank Transfer
PAY006409,I007442,C0585,2024-02-29,79.0,Credit Card
PAY006410,I007443,C0585,2024-04-05,79.0,UPI
PAY006411,I007444,C0585,2024-05-06,79.0,Bank Transfer
PAY006412,I007445,C0585,2024-06-11,79.0,UPI
PAY006413,I007447,C0585,2024-08-07,79.0,Debit Card
PAY006414,I007448,C0585,2024-08-26,79.0,Bank Transfer
PAY006415,I007449,C0585,2024-10-07,79.0,Credit Card
PAY006416,I007450,C0585,2024-11-03,79.0,Credit Card
PAY006417,I007451,C0585,2024-11-25,79.0,UPI
PAY006418,I007452,C0585,2025-01-08,79.0,UPI
PAY006419,I007456,C0585,2025-05-05,79.0,UPI
PAY006420,I007457,C0586,2023-01-19,199.0,Debit Card
PAY006421,I007458,C0586,2023-02-27,199.0,UPI
PAY006422,I007460,C0586,2023-04-28,199.0,UPI
PAY006423,I007461,C0586,2023-06-03,199.0,Bank Transfer
PAY006424,I007462,C0586,2023-06-24,199.0,Credit Card
PAY006425,I007463,C0586,2023-07-25,199.0,Credit Card
PAY006426,I007464,C0586,2023-08-26,199.0,Bank Transfer
PAY006427,I007465,C0586,2023-09-25,199.0,UPI
PAY006428,I007466,C0586,2023-11-01,199.0,UPI
PAY006429,I007467,C0586,2023-12-05,199.0,Debit Card
PAY006430,I007468,C0586,2023-12-24,199.0,Debit Card
PAY006431,I007469,C0586,2024-01-30,199.0,Bank Transfer
PAY006432,I007470,C0586,2024-02-20,199.0,Credit Card
PAY006433,I007471,C0586,2024-03-24,199.0,Bank Transfer
PAY006434,I007472,C0586,2024-04-16,199.0,Bank Transfer
PAY006435,I007473,C0586,2024-05-25,199.0,Credit Card
PAY006436,I007474,C0586,2024-07-04,199.0,UPI
PAY006437,I007475,C0586,2024-07-24,199.0,Debit Card
PAY006438,I007476,C0586,2024-09-01,199.0,UPI
PAY006439,I007477,C0586,2024-09-22,199.0,UPI
PAY006440,I007478,C0586,2024-11-02,199.0,UPI
PAY006441,I007479,C0586,2024-12-05,199.0,UPI
PAY006442,I007480,C0586,2024-12-24,199.0,UPI
PAY006443,I007481,C0587,2024-03-17,948.0,Debit Card
PAY006444,I007483,C0588,2023-09-17,79.0,Debit Card
PAY006445,I007484,C0588,2023-10-21,79.0,Credit Card
PAY006446,I007485,C0588,2023-11-10,79.0,UPI
PAY006447,I007487,C0588,2024-01-04,79.0,Credit Card
PAY006448,I007488,C0588,2024-02-14,79.0,UPI
PAY006449,I007489,C0588,2024-03-21,79.0,Debit Card
PAY006450,I007490,C0588,2024-04-02,79.0,Debit Card
PAY006451,I007491,C0588,2024-05-20,79.0,Credit Card
PAY006452,I007492,C0588,2024-06-02,79.0,Credit Card
PAY006453,I007493,C0588,2024-07-19,79.0,UPI
PAY006454,I007494,C0588,2024-08-11,79.0,Credit Card
PAY006455,I007495,C0588,2024-09-12,79.0,Credit Card
PAY006456,I007496,C0588,2024-10-13,79.0,UPI
PAY006457,I007497,C0588,2024-11-04,79.0,Credit Card
PAY006458,I007498,C0588,2024-12-02,79.0,UPI
PAY006459,I007499,C0588,2025-01-05,79.0,Credit Card
PAY006460,I007500,C0588,2025-02-13,79.0,UPI
PAY006461,I007501,C0588,2025-03-21,79.0,Credit Card
PAY006462,I007502,C0588,2025-04-08,79.0,UPI
PAY006463,I007503,C0588,2025-05-15,79.0,UPI
PAY006464,I007504,C0588,2025-06-20,79.0,Bank Transfer
PAY006465,I007506,C0588,2025-08-20,79.0,UPI
PAY006466,I007508,C0589,2025-08-30,29.0,Debit Card
PAY006467,I007509,C0589,2025-09-16,29.0,Debit Card
PAY006468,I007510,C0589,2025-11-02,29.0,Credit Card
PAY006469,I007511,C0589,2025-11-17,29.0,Bank Transfer
PAY006470,I007512,C0589,2025-12-18,29.0,UPI
PAY006471,I007514,C0589,2026-02-26,29.0,UPI
PAY006472,I007515,C0589,2026-03-30,29.0,Bank Transfer
PAY006473,I007516,C0589,2026-04-19,29.0,Bank Transfer
PAY006474,I007517,C0589,2026-05-29,29.0,Credit Card
PAY006475,I007518,C0589,2026-06-24,29.0,Bank Transfer
PAY006476,I007519,C0589,2026-07-18,29.0,Credit Card
PAY006477,I007520,C0589,2026-08-19,29.0,Credit Card
PAY006478,I007521,C0589,2026-09-25,29.0,Credit Card
PAY006479,I007522,C0589,2026-06-10,2388.0,Bank Transfer
PAY006480,I007523,C0590,2026-02-20,348.0,UPI
PAY006481,I007525,C0591,2026-01-31,79.0,Debit Card
PAY006482,I007526,C0591,2026-02-20,79.0,Bank Transfer
PAY006483,I007527,C0591,2026-03-28,79.0,Credit Card
PAY006484,I007528,C0591,2026-04-29,79.0,Debit Card
PAY006485,I007529,C0591,2026-05-23,79.0,Bank Transfer
PAY006486,I007531,C0591,2026-07-24,79.0,Credit Card
PAY006487,I007533,C0591,2026-09-20,79.0,Bank Transfer
PAY006488,I007534,C0592,2023-05-13,79.0,UPI
PAY006489,I007535,C0592,2023-06-16,79.0,UPI
PAY006490,I007536,C0592,2023-07-19,79.0,Credit Card
PAY006491,I007537,C0592,2023-08-11,79.0,Bank Transfer
PAY006492,I007538,C0592,2023-09-11,79.0,Bank Transfer
PAY006493,I007539,C0592,2023-10-27,79.0,Credit Card
PAY006494,I007540,C0592,2023-11-11,79.0,UPI
PAY006495,I007541,C0592,2023-12-19,79.0,Credit Card
PAY006496,I007543,C0592,2024-02-24,79.0,UPI
PAY006497,I007544,C0592,2024-03-26,79.0,Bank Transfer
PAY006498,I007545,C0592,2024-04-13,79.0,Debit Card
PAY006499,I007546,C0592,2024-05-10,79.0,Bank Transfer
PAY006500,I007547,C0592,2024-06-19,79.0,Bank Transfer
PAY006501,I007548,C0592,2024-07-28,79.0,Debit Card
PAY006502,I007549,C0592,2024-08-26,79.0,UPI
PAY006503,I007550,C0592,2024-09-23,79.0,UPI
PAY006504,I007551,C0592,2024-10-12,79.0,Debit Card
PAY006505,I007552,C0592,2024-11-20,79.0,Credit Card
PAY006506,I007553,C0592,2024-12-28,79.0,UPI
PAY006507,I007555,C0592,2025-02-11,79.0,Debit Card
PAY006508,I007556,C0592,2025-03-15,79.0,Credit Card
PAY006509,I007557,C0592,2025-04-10,79.0,Debit Card
PAY006510,I007558,C0593,2025-07-08,79.0,Debit Card
PAY006511,I007559,C0593,2025-08-01,79.0,Bank Transfer
PAY006512,I007560,C0593,2025-09-04,79.0,Bank Transfer
PAY006513,I007561,C0593,2025-10-07,79.0,UPI
PAY006514,I007562,C0593,2025-11-03,79.0,Debit Card
PAY006515,I007563,C0593,2025-12-07,79.0,UPI
PAY006516,I007564,C0593,2026-01-09,79.0,UPI
PAY006517,I007565,C0593,2026-02-07,79.0,Debit Card
PAY006518,I007566,C0593,2026-02-26,79.0,Debit Card
PAY006519,I007567,C0593,2026-04-02,79.0,Debit Card
PAY006520,I007568,C0593,2026-05-04,79.0,Bank Transfer
PAY006521,I007569,C0593,2026-05-25,79.0,Bank Transfer
PAY006522,I007570,C0593,2026-06-28,79.0,Credit Card
PAY006523,I007571,C0593,2026-07-30,79.0,Credit Card
PAY006524,I007572,C0593,2026-09-11,79.0,UPI
PAY006525,I007573,C0593,2026-09-27,79.0,Debit Card
PAY006526,I007574,C0594,2025-06-15,29.0,UPI
PAY006527,I007575,C0594,2025-07-19,29.0,Credit Card
PAY006528,I007576,C0594,2025-08-12,29.0,Debit Card
PAY006529,I007577,C0594,2025-09-19,29.0,Bank Transfer
PAY006530,I007578,C0594,2025-10-21,29.0,Credit Card
PAY006531,I007579,C0594,2025-11-05,29.0,Bank Transfer
PAY006532,I007580,C0594,2025-12-07,29.0,Credit Card
PAY006533,I007581,C0594,2026-01-09,29.0,UPI
PAY006534,I007582,C0594,2026-02-24,29.0,Bank Transfer
PAY006535,I007583,C0594,2026-03-19,29.0,Debit Card
PAY006536,I007584,C0594,2026-04-14,29.0,Debit Card
PAY006537,I007585,C0594,2026-05-09,29.0,Credit Card
PAY006538,I007586,C0594,2026-06-12,29.0,Bank Transfer
PAY006539,I007587,C0594,2026-07-21,29.0,Debit Card
PAY006540,I007588,C0594,2026-08-08,29.0,Bank Transfer
PAY006541,I007590,C0595,2023-12-13,199.0,UPI
PAY006542,I007591,C0595,2024-01-10,199.0,Credit Card
PAY006543,I007592,C0595,2024-02-09,199.0,Debit Card
PAY006544,I007593,C0595,2024-03-11,199.0,UPI
PAY006545,I007594,C0595,2024-04-11,199.0,Debit Card
PAY006546,I007595,C0595,2024-05-23,199.0,Debit Card
PAY006547,I007596,C0595,2024-06-11,199.0,Bank Transfer
PAY006548,I007597,C0595,2024-07-15,199.0,Credit Card
PAY006549,I007598,C0595,2024-08-19,199.0,Credit Card
PAY006550,I007599,C0595,2024-09-07,199.0,UPI
PAY006551,I007600,C0595,2024-10-09,199.0,Bank Transfer
PAY006552,I007601,C0595,2024-11-17,199.0,Debit Card
PAY006553,I007602,C0595,2024-12-25,199.0,Bank Transfer
PAY006554,I007603,C0595,2025-01-21,199.0,UPI
PAY006555,I007604,C0595,2025-02-16,199.0,UPI
PAY006556,I007605,C0595,2025-03-11,199.0,Credit Card
PAY006557,I007606,C0595,2025-04-09,199.0,Debit Card
PAY006558,I007607,C0595,2025-05-13,199.0,Debit Card
PAY006559,I007608,C0595,2025-06-18,199.0,UPI
PAY006560,I007609,C0595,2025-07-13,199.0,Bank Transfer
PAY006561,I007610,C0595,2025-08-08,199.0,UPI
PAY006562,I007611,C0595,2025-09-26,199.0,Bank Transfer
PAY006563,I007612,C0595,2025-10-13,199.0,Credit Card
PAY006564,I007613,C0595,2025-11-07,199.0,Credit Card
PAY006565,I007615,C0596,2023-02-17,29.0,UPI
PAY006566,I007616,C0596,2023-03-16,29.0,Debit Card
PAY006567,I007617,C0596,2023-04-05,29.0,UPI
PAY006568,I007618,C0596,2023-05-10,29.0,Credit Card
PAY006569,I007619,C0596,2023-06-18,29.0,Bank Transfer
PAY006570,I007621,C0596,2023-08-10,29.0,Credit Card
PAY006571,I007622,C0596,2023-09-07,29.0,Debit Card
PAY006572,I007623,C0596,2023-10-23,29.0,Debit Card
PAY006573,I007624,C0596,2023-11-08,29.0,Credit Card
PAY006574,I007626,C0596,2024-01-23,29.0,Credit Card
PAY006575,I007628,C0596,2024-03-09,29.0,Bank Transfer
PAY006576,I007629,C0596,2024-04-22,29.0,Bank Transfer
PAY006577,I007630,C0596,2024-05-18,29.0,UPI
PAY006578,I007631,C0596,2024-06-06,29.0,Credit Card
PAY006579,I007632,C0596,2024-07-17,29.0,Debit Card
PAY006580,I007634,C0596,2024-09-09,29.0,Debit Card
PAY006581,I007635,C0596,2024-10-11,29.0,Credit Card
PAY006582,I007636,C0596,2024-11-07,29.0,Bank Transfer
PAY006583,I007637,C0596,2024-12-07,29.0,Credit Card
PAY006584,I007638,C0597,2023-11-09,29.0,UPI
PAY006585,I007639,C0597,2023-12-14,29.0,Debit Card
PAY006586,I007641,C0597,2024-02-21,29.0,UPI
PAY006587,I007643,C0597,2024-04-20,29.0,Bank Transfer
PAY006588,I007644,C0597,2024-05-12,29.0,Credit Card
PAY006589,I007645,C0597,2024-06-10,29.0,Bank Transfer
PAY006590,I007646,C0597,2024-07-14,29.0,Bank Transfer
PAY006591,I007648,C0598,2025-08-01,29.0,Credit Card
PAY006592,I007649,C0598,2025-08-27,29.0,Bank Transfer
PAY006593,I007651,C0598,2025-11-05,29.0,UPI
PAY006594,I007652,C0598,2025-12-03,29.0,Bank Transfer
PAY006595,I007653,C0598,2026-01-11,29.0,Credit Card
PAY006596,I007655,C0598,2026-03-04,29.0,Bank Transfer
PAY006597,I007656,C0598,2026-03-29,29.0,Debit Card
PAY006598,I007657,C0598,2026-05-06,29.0,Debit Card
PAY006599,I007658,C0598,2026-06-09,29.0,UPI
PAY006600,I007659,C0598,2026-07-07,29.0,Debit Card
PAY006601,I007660,C0598,2026-07-31,29.0,Credit Card
PAY006602,I007661,C0598,2026-08-26,29.0,Credit Card
PAY006603,I007662,C0598,2026-10-02,29.0,Credit Card
PAY006604,I007664,C0599,2024-10-07,79.0,Debit Card
PAY006605,I007665,C0599,2024-11-15,79.0,UPI
PAY006606,I007666,C0599,2024-12-03,79.0,Credit Card
PAY006607,I007667,C0599,2025-01-06,79.0,Debit Card
PAY006608,I007668,C0599,2025-02-05,79.0,Debit Card
PAY006609,I007669,C0599,2025-03-05,79.0,Credit Card
PAY006610,I007670,C0600,2025-09-28,79.0,UPI
PAY006611,I007671,C0600,2025-10-26,79.0,Credit Card
PAY006612,I007672,C0600,2025-12-04,79.0,Bank Transfer
PAY006613,I007673,C0600,2025-12-25,79.0,Debit Card
PAY006614,I007674,C0600,2026-01-28,79.0,Debit Card
PAY006615,I007675,C0600,2026-02-19,79.0,UPI
PAY006616,I007676,C0600,2026-03-22,79.0,Debit Card
PAY006617,I007677,C0600,2026-04-26,79.0,UPI
PAY006618,I007678,C0600,2026-06-05,79.0,Debit Card
PAY006619,I007680,C0600,2026-07-22,79.0,Credit Card
PAY006620,I007681,C0600,2026-09-06,79.0,UPI
PAY006621,I007682,C0600,2026-09-26,79.0,UPI
PAY006622,I007683,C0601,2023-11-21,79.0,Bank Transfer
PAY006623,I007684,C0601,2023-12-23,79.0,UPI
PAY006624,I007685,C0601,2024-01-19,79.0,UPI
PAY006625,I007686,C0601,2024-02-17,79.0,Credit Card
PAY006626,I007687,C0601,2024-03-27,79.0,Bank Transfer
PAY006627,I007688,C0601,2024-04-18,79.0,Debit Card
PAY006628,I007689,C0601,2024-05-27,79.0,Bank Transfer
PAY006629,I007690,C0601,2024-07-02,79.0,Credit Card
PAY006630,I007691,C0601,2024-07-22,79.0,Bank Transfer
PAY006631,I007692,C0601,2024-09-05,79.0,Debit Card
PAY006632,I007693,C0601,2025-03-03,348.0,Credit Card
PAY006633,I007694,C0602,2024-07-25,948.0,Debit Card
PAY006634,I007697,C0603,2024-11-16,29.0,Debit Card
PAY006635,I007698,C0603,2024-12-20,29.0,Bank Transfer
PAY006636,I007699,C0603,2025-01-27,29.0,Bank Transfer
PAY006637,I007701,C0603,2025-03-17,29.0,UPI
PAY006638,I007702,C0603,2025-04-21,29.0,Bank Transfer
PAY006639,I007703,C0603,2025-05-13,29.0,Debit Card
PAY006640,I007705,C0603,2025-07-14,29.0,UPI
PAY006641,I007707,C0603,2025-09-24,29.0,Debit Card
PAY006642,I007708,C0603,2025-10-12,29.0,Debit Card
PAY006643,I007709,C0603,2025-11-15,29.0,UPI
PAY006644,I007710,C0603,2025-12-16,29.0,Credit Card
PAY006645,I007711,C0603,2026-01-14,29.0,Bank Transfer
PAY006646,I007713,C0603,2026-03-20,29.0,Debit Card
PAY006647,I007714,C0603,2026-04-26,29.0,UPI
PAY006648,I007715,C0603,2026-05-26,29.0,Bank Transfer
PAY006649,I007716,C0603,2026-06-26,29.0,UPI
PAY006650,I007717,C0603,2026-07-11,29.0,Bank Transfer
PAY006651,I007718,C0603,2026-08-09,29.0,UPI
PAY006652,I007719,C0604,2024-12-30,5988.0,UPI
PAY006653,I007720,C0604,2025-12-24,5988.0,Bank Transfer
PAY006654,I007722,C0606,2024-06-23,79.0,Credit Card
PAY006655,I007723,C0606,2024-07-21,79.0,UPI
PAY006656,I007724,C0606,2024-08-30,79.0,Debit Card
PAY006657,I007725,C0606,2024-09-23,79.0,Bank Transfer
PAY006658,I007726,C0606,2024-10-20,79.0,Debit Card
PAY006659,I007729,C0606,2025-02-01,79.0,Credit Card
PAY006660,I007730,C0606,2025-02-26,79.0,Credit Card
PAY006661,I007731,C0606,2025-03-24,79.0,Debit Card
PAY006662,I007732,C0606,2025-04-25,79.0,UPI
PAY006663,I007733,C0606,2025-05-25,79.0,Debit Card
PAY006664,I007734,C0607,2024-02-20,948.0,UPI
PAY006665,I007735,C0607,2025-02-23,948.0,UPI
PAY006666,I007736,C0608,2025-03-28,2388.0,Debit Card
PAY006667,I007737,C0608,2026-07-10,79.0,Credit Card
PAY006668,I007738,C0608,2026-08-20,79.0,UPI
PAY006669,I007739,C0608,2026-09-13,79.0,Credit Card
PAY006670,I007740,C0609,2026-04-28,348.0,Bank Transfer
PAY006671,I007742,C0610,2024-06-19,199.0,UPI
PAY006672,I007743,C0610,2024-07-15,199.0,Credit Card
PAY006673,I007744,C0610,2024-08-12,199.0,Debit Card
PAY006674,I007745,C0610,2024-09-10,199.0,Bank Transfer
PAY006675,I007747,C0610,2025-03-16,29.0,Debit Card
PAY006676,I007748,C0610,2025-04-16,29.0,UPI
PAY006677,I007749,C0610,2025-05-05,29.0,UPI
PAY006678,I007750,C0610,2025-05-30,29.0,Credit Card
PAY006679,I007751,C0610,2025-07-08,29.0,Bank Transfer
PAY006680,I007752,C0610,2025-08-02,29.0,UPI
PAY006681,I007753,C0610,2025-09-01,29.0,UPI
PAY006682,I007754,C0610,2025-09-28,29.0,UPI
PAY006683,I007755,C0610,2025-11-09,29.0,Credit Card
PAY006684,I007756,C0610,2025-12-01,29.0,UPI
PAY006685,I007757,C0610,2026-01-05,29.0,UPI
PAY006686,I007758,C0610,2026-02-13,29.0,Bank Transfer
PAY006687,I007759,C0610,2026-03-05,29.0,Bank Transfer
PAY006688,I007760,C0610,2026-04-01,29.0,UPI
PAY006689,I007762,C0610,2026-06-04,29.0,Bank Transfer
PAY006690,I007764,C0610,2026-08-13,29.0,UPI
PAY006691,I007766,C0610,2026-10-11,29.0,Credit Card
PAY006692,I007767,C0611,2023-01-12,199.0,UPI
PAY006693,I007768,C0611,2023-02-19,199.0,Credit Card
PAY006694,I007769,C0611,2023-03-20,199.0,Bank Transfer
PAY006695,I007770,C0611,2023-04-13,199.0,UPI
PAY006696,I007771,C0611,2023-05-14,199.0,Debit Card
PAY006697,I007772,C0611,2023-06-28,199.0,Credit Card
PAY006698,I007774,C0611,2023-08-21,199.0,Debit Card
PAY006699,I007775,C0611,2023-09-27,199.0,Credit Card
PAY006700,I007776,C0611,2023-10-24,199.0,Debit Card
PAY006701,I007777,C0611,2023-11-18,199.0,Debit Card
PAY006702,I007778,C0611,2023-12-31,199.0,Credit Card
PAY006703,I007779,C0611,2024-01-25,199.0,Credit Card
PAY006704,I007780,C0611,2024-02-18,199.0,UPI
PAY006705,I007781,C0611,2024-03-16,199.0,UPI
PAY006706,I007782,C0611,2024-04-12,199.0,UPI
PAY006707,I007783,C0611,2024-05-25,199.0,Debit Card
PAY006708,I007784,C0611,2024-06-30,199.0,Credit Card
PAY006709,I007785,C0611,2024-07-16,199.0,Debit Card
PAY006710,I007786,C0611,2024-08-30,199.0,Credit Card
PAY006711,I007787,C0611,2024-09-26,199.0,Bank Transfer
PAY006712,I007788,C0611,2024-10-19,199.0,UPI
PAY006713,I007789,C0611,2024-11-25,199.0,Bank Transfer
PAY006714,I007790,C0611,2024-12-19,199.0,Debit Card
PAY006715,I007793,C0613,2024-06-10,199.0,UPI
PAY006716,I007794,C0613,2024-07-13,199.0,UPI
PAY006717,I007795,C0613,2024-08-09,199.0,UPI
PAY006718,I007797,C0613,2024-10-13,199.0,UPI
PAY006719,I007798,C0613,2024-11-22,199.0,Debit Card
PAY006720,I007799,C0613,2024-12-22,199.0,Credit Card
PAY006721,I007800,C0613,2025-01-14,199.0,Debit Card
PAY006722,I007801,C0613,2024-11-25,29.0,Credit Card
PAY006723,I007802,C0613,2024-12-30,29.0,Bank Transfer
PAY006724,I007803,C0613,2025-01-27,29.0,Debit Card
PAY006725,I007804,C0613,2025-02-22,29.0,Bank Transfer
PAY006726,I007805,C0613,2025-03-20,29.0,Credit Card
PAY006727,I007806,C0613,2025-04-24,29.0,UPI
PAY006728,I007808,C0613,2025-07-03,29.0,Bank Transfer
PAY006729,I007809,C0613,2025-07-20,29.0,UPI
PAY006730,I007810,C0613,2025-09-02,29.0,Debit Card
PAY006731,I007812,C0613,2025-11-03,29.0,Debit Card
PAY006732,I007813,C0613,2025-11-26,29.0,Debit Card
PAY006733,I007814,C0613,2025-12-25,29.0,Credit Card
PAY006734,I007815,C0613,2026-01-27,29.0,Bank Transfer
PAY006735,I007816,C0613,2026-02-20,29.0,Credit Card
PAY006736,I007817,C0613,2026-03-20,29.0,UPI
PAY006737,I007818,C0614,2025-03-09,199.0,Credit Card
PAY006738,I007819,C0614,2025-04-16,199.0,Debit Card
PAY006739,I007820,C0614,2025-05-17,199.0,Bank Transfer
PAY006740,I007821,C0614,2025-06-17,199.0,Debit Card
PAY006741,I007822,C0614,2025-07-10,199.0,UPI
PAY006742,I007823,C0614,2025-08-24,199.0,Bank Transfer
PAY006743,I007824,C0614,2025-09-13,199.0,UPI
PAY006744,I007825,C0614,2025-10-24,199.0,Credit Card
PAY006745,I007826,C0614,2025-11-19,199.0,Debit Card
PAY006746,I007827,C0614,2025-12-10,199.0,Bank Transfer
PAY006747,I007828,C0614,2026-01-11,199.0,Credit Card
PAY006748,I007829,C0614,2026-02-11,199.0,Credit Card
PAY006749,I007830,C0614,2026-03-13,199.0,UPI
PAY006750,I007832,C0614,2026-05-13,199.0,UPI
PAY006751,I007833,C0614,2026-06-20,199.0,Credit Card
PAY006752,I007834,C0614,2026-07-20,199.0,Debit Card
PAY006753,I007835,C0614,2026-08-21,199.0,Debit Card
PAY006754,I007836,C0614,2026-09-23,199.0,Bank Transfer
PAY006755,I007837,C0615,2025-06-09,948.0,Credit Card
PAY006756,I007839,C0616,2023-07-16,79.0,Credit Card
PAY006757,I007840,C0616,2023-08-11,79.0,Debit Card
PAY006758,I007841,C0616,2023-09-04,79.0,UPI
PAY006759,I007842,C0616,2023-10-13,79.0,Debit Card
PAY006760,I007843,C0616,2023-11-05,79.0,Debit Card
PAY006761,I007844,C0616,2023-12-10,79.0,Bank Transfer
PAY006762,I007845,C0616,2024-01-13,79.0,Debit Card
PAY006763,I007846,C0616,2024-02-11,79.0,Credit Card
PAY006764,I007848,C0616,2024-04-16,79.0,Credit Card
PAY006765,I007849,C0616,2024-05-20,79.0,Debit Card
PAY006766,I007851,C0616,2024-06-28,79.0,Debit Card
PAY006767,I007852,C0616,2024-08-06,79.0,Bank Transfer
PAY006768,I007853,C0616,2024-09-02,79.0,Bank Transfer
PAY006769,I007854,C0616,2024-09-24,79.0,Debit Card
PAY006770,I007855,C0616,2024-11-09,79.0,Debit Card
PAY006771,I007856,C0616,2024-11-23,79.0,Credit Card
PAY006772,I007857,C0616,2024-12-31,79.0,Credit Card
PAY006773,I007858,C0616,2025-01-25,79.0,UPI
PAY006774,I007859,C0616,2025-02-27,79.0,UPI
PAY006775,I007860,C0616,2025-03-23,79.0,Bank Transfer
PAY006776,I007861,C0616,2025-04-25,79.0,Bank Transfer
PAY006777,I007862,C0616,2025-05-31,79.0,Debit Card
PAY006778,I007863,C0616,2025-07-03,79.0,Credit Card
PAY006779,I007864,C0616,2025-08-10,79.0,UPI
PAY006780,I007866,C0616,2025-09-28,79.0,Bank Transfer
PAY006781,I007867,C0616,2025-11-03,79.0,Credit Card
PAY006782,I007868,C0616,2025-11-26,79.0,Bank Transfer
PAY006783,I007869,C0616,2025-12-31,79.0,Credit Card
PAY006784,I007870,C0616,2026-02-04,79.0,Credit Card
PAY006785,I007871,C0616,2026-03-06,79.0,UPI
PAY006786,I007872,C0616,2026-04-07,79.0,Debit Card
PAY006787,I007873,C0616,2026-05-09,79.0,Bank Transfer
PAY006788,I007874,C0617,2025-09-02,79.0,Bank Transfer
PAY006789,I007875,C0617,2025-10-05,79.0,Credit Card
PAY006790,I007876,C0617,2025-10-23,79.0,UPI
PAY006791,I007877,C0617,2025-11-29,79.0,Credit Card
PAY006792,I007878,C0617,2026-01-03,79.0,Debit Card
PAY006793,I007879,C0618,2024-10-29,948.0,UPI
PAY006794,I007880,C0618,2025-10-22,948.0,UPI
PAY006795,I007882,C0619,2025-12-03,5988.0,Credit Card
PAY006796,I007883,C0620,2023-02-16,199.0,Credit Card
PAY006797,I007884,C0620,2023-03-14,199.0,Bank Transfer
PAY006798,I007885,C0620,2023-04-07,199.0,Debit Card
PAY006799,I007886,C0620,2023-05-08,199.0,UPI
PAY006800,I007887,C0620,2023-05-30,199.0,Bank Transfer
PAY006801,I007888,C0620,2023-07-11,199.0,Credit Card
PAY006802,I007889,C0620,2023-08-14,199.0,Bank Transfer
PAY006803,I007890,C0620,2023-09-03,199.0,UPI
PAY006804,I007891,C0620,2024-01-22,499.0,Credit Card
PAY006805,I007892,C0620,2024-02-24,499.0,UPI
PAY006806,I007893,C0620,2024-03-14,499.0,Debit Card
PAY006807,I007894,C0620,2024-04-22,499.0,Bank Transfer
PAY006808,I007895,C0620,2024-05-19,499.0,Credit Card
PAY006809,I007896,C0620,2024-06-07,499.0,UPI
PAY006810,I007897,C0620,2024-07-18,499.0,Credit Card
PAY006811,I007900,C0620,2024-10-09,499.0,Debit Card
PAY006812,I007901,C0620,2024-11-22,499.0,Bank Transfer
PAY006813,I007902,C0620,2024-12-13,499.0,Debit Card
PAY006814,I007903,C0620,2025-01-08,499.0,Debit Card
PAY006815,I007904,C0620,2025-02-21,499.0,UPI
PAY006816,I007905,C0620,2025-03-11,499.0,Debit Card
PAY006817,I007906,C0620,2025-04-19,499.0,Debit Card
PAY006818,I007907,C0620,2025-05-08,499.0,Credit Card
PAY006819,I007908,C0620,2025-06-16,499.0,Credit Card
PAY006820,I007909,C0620,2025-07-21,499.0,UPI
PAY006821,I007910,C0620,2025-08-09,499.0,UPI
PAY006822,I007911,C0620,2025-09-17,499.0,Credit Card
PAY006823,I007913,C0620,2025-11-18,499.0,Credit Card
PAY006824,I007914,C0620,2025-12-14,499.0,Bank Transfer
PAY006825,I007915,C0621,2026-02-03,2388.0,Debit Card
PAY006826,I007916,C0621,2026-07-02,79.0,UPI
PAY006827,I007917,C0621,2026-08-17,79.0,Credit Card
PAY006828,I007918,C0621,2026-08-29,79.0,Credit Card
PAY006829,I007919,C0621,2026-09-30,79.0,Bank Transfer
PAY006830,I007920,C0622,2025-02-19,2388.0,UPI
PAY006831,I007921,C0622,2026-02-16,2388.0,Debit Card
PAY006832,I007922,C0623,2024-03-29,199.0,Bank Transfer
PAY006833,I007923,C0623,2024-05-05,199.0,Credit Card
PAY006834,I007924,C0623,2024-06-04,199.0,Credit Card
PAY006835,I007925,C0623,2024-07-05,199.0,Credit Card
PAY006836,I007926,C0623,2024-07-26,199.0,Debit Card
PAY006837,I007927,C0623,2024-08-25,199.0,UPI
PAY006838,I007928,C0623,2024-09-24,199.0,Bank Transfer
PAY006839,I007929,C0623,2024-10-25,199.0,Bank Transfer
PAY006840,I007931,C0623,2024-12-25,199.0,Bank Transfer
PAY006841,I007936,C0623,2025-03-10,199.0,Debit Card
PAY006842,I007937,C0623,2025-04-19,199.0,UPI
PAY006843,I007938,C0623,2025-05-10,199.0,Bank Transfer
PAY006844,I007939,C0623,2025-06-23,199.0,Bank Transfer
PAY006845,I007941,C0623,2025-08-10,199.0,Debit Card
PAY006846,I007943,C0623,2025-10-22,199.0,UPI
PAY006847,I007944,C0623,2025-11-14,199.0,Credit Card
PAY006848,I007945,C0623,2025-12-08,199.0,Debit Card
PAY006849,I007946,C0623,2026-01-11,199.0,Debit Card
PAY006850,I007947,C0623,2026-02-23,199.0,Credit Card
PAY006851,I007948,C0623,2026-03-23,199.0,Bank Transfer
PAY006852,I007949,C0623,2026-04-19,199.0,Bank Transfer
PAY006853,I007950,C0623,2026-05-24,199.0,Bank Transfer
PAY006854,I007951,C0623,2026-06-20,199.0,Bank Transfer
PAY006855,I007952,C0623,2026-07-21,199.0,Debit Card
PAY006856,I007953,C0623,2026-08-09,199.0,UPI
PAY006857,I007954,C0623,2026-09-09,199.0,Credit Card
PAY006858,I007955,C0624,2023-10-28,79.0,UPI
PAY006859,I007956,C0624,2023-12-08,79.0,UPI
PAY006860,I007957,C0624,2024-01-04,79.0,Bank Transfer
PAY006861,I007960,C0624,2024-03-30,79.0,Debit Card
PAY006862,I007961,C0624,2024-04-25,79.0,Debit Card
PAY006863,I007962,C0625,2025-03-22,499.0,UPI
PAY006864,I007963,C0625,2025-05-05,499.0,UPI
PAY006865,I007965,C0625,2025-06-26,499.0,Bank Transfer
PAY006866,I007966,C0625,2025-08-06,499.0,Bank Transfer
PAY006867,I007967,C0626,2025-05-05,79.0,Credit Card
PAY006868,I007968,C0626,2025-05-24,79.0,UPI
PAY006869,I007969,C0626,2025-06-24,79.0,UPI
PAY006870,I007970,C0626,2025-07-29,79.0,UPI
PAY006871,I007971,C0626,2025-08-27,79.0,UPI
PAY006872,I007972,C0626,2025-09-29,79.0,Credit Card
PAY006873,I007973,C0626,2025-10-24,79.0,Bank Transfer
PAY006874,I007975,C0626,2025-12-25,79.0,Bank Transfer
PAY006875,I007976,C0626,2026-01-30,79.0,Bank Transfer
PAY006876,I007977,C0626,2026-03-04,79.0,Bank Transfer
PAY006877,I007978,C0626,2026-03-25,79.0,Debit Card
PAY006878,I007979,C0626,2026-05-10,79.0,Bank Transfer
PAY006879,I007980,C0626,2026-06-03,79.0,Bank Transfer
PAY006880,I007981,C0626,2026-06-29,79.0,Credit Card
PAY006881,I007982,C0626,2026-08-07,79.0,Credit Card
PAY006882,I007983,C0626,2026-09-06,79.0,UPI
PAY006883,I007984,C0626,2026-09-24,79.0,Credit Card
PAY006884,I007985,C0627,2025-10-21,79.0,Bank Transfer
PAY006885,I007987,C0627,2025-12-23,79.0,Credit Card
PAY006886,I007988,C0627,2026-01-17,79.0,Debit Card
PAY006887,I007989,C0627,2026-02-20,79.0,Debit Card
PAY006888,I007990,C0627,2026-03-23,79.0,Credit Card
PAY006889,I007991,C0627,2026-04-15,79.0,UPI
PAY006890,I007992,C0627,2026-05-23,79.0,UPI
PAY006891,I007993,C0627,2026-06-13,79.0,UPI
PAY006892,I007994,C0627,2026-07-21,79.0,UPI
PAY006893,I007995,C0627,2026-08-24,79.0,Bank Transfer
PAY006894,I007996,C0627,2026-09-12,79.0,Credit Card
PAY006895,I007997,C0628,2024-07-19,348.0,UPI
PAY006896,I007998,C0628,2025-07-19,348.0,UPI
PAY006897,I008000,C0629,2024-11-08,2388.0,Credit Card
PAY006898,I008001,C0630,2024-02-29,499.0,Credit Card
PAY006899,I008002,C0630,2024-04-09,499.0,Credit Card
PAY006900,I008003,C0630,2024-05-14,499.0,Credit Card
PAY006901,I008004,C0630,2024-06-01,499.0,Credit Card
PAY006902,I008005,C0630,2024-06-27,499.0,Credit Card
PAY006903,I008006,C0630,2024-08-04,499.0,Bank Transfer
PAY006904,I008007,C0630,2024-09-07,499.0,Debit Card
PAY006905,I008008,C0630,2025-02-07,199.0,Credit Card
PAY006906,I008009,C0630,2025-03-02,199.0,Debit Card
PAY006907,I008010,C0630,2025-04-10,199.0,Debit Card
PAY006908,I008011,C0630,2025-04-29,199.0,UPI
PAY006909,I008012,C0630,2025-05-24,199.0,Bank Transfer
PAY006910,I008013,C0630,2025-06-24,199.0,Bank Transfer
PAY006911,I008014,C0630,2025-07-28,199.0,Debit Card
PAY006912,I008015,C0630,2025-08-30,199.0,Bank Transfer
PAY006913,I008016,C0630,2025-10-05,199.0,Debit Card
PAY006914,I008017,C0630,2025-11-06,199.0,Debit Card
PAY006915,I008018,C0630,2025-12-12,199.0,Debit Card
PAY006916,I008019,C0630,2026-01-02,199.0,UPI
PAY006917,I008020,C0630,2026-01-26,199.0,UPI
PAY006918,I008021,C0630,2026-03-11,199.0,Debit Card
PAY006919,I008024,C0630,2026-05-24,199.0,UPI
PAY006920,I008025,C0630,2026-07-03,199.0,UPI
PAY006921,I008026,C0630,2026-07-28,199.0,Bank Transfer
PAY006922,I008027,C0630,2026-09-04,199.0,Debit Card
PAY006923,I008028,C0630,2026-09-30,199.0,Bank Transfer
PAY006924,I008030,C0631,2023-08-11,79.0,Debit Card
PAY006925,I008031,C0631,2023-09-06,79.0,Debit Card
PAY006926,I008032,C0631,2023-10-08,79.0,Bank Transfer
PAY006927,I008033,C0631,2023-11-12,79.0,Credit Card
PAY006928,I008034,C0631,2023-12-13,79.0,Debit Card
PAY006929,I008035,C0631,2024-01-04,79.0,Credit Card
PAY006930,I008036,C0631,2024-02-17,79.0,Debit Card
PAY006931,I008037,C0631,2024-03-11,79.0,Credit Card
PAY006932,I008038,C0631,2024-04-10,79.0,Bank Transfer
PAY006933,I008039,C0631,2024-05-12,79.0,Debit Card
PAY006934,I008040,C0631,2024-06-10,79.0,UPI
PAY006935,I008041,C0631,2024-07-09,79.0,UPI
PAY006936,I008042,C0631,2024-08-09,79.0,Debit Card
PAY006937,I008043,C0631,2024-09-12,79.0,Debit Card
PAY006938,I008044,C0631,2024-10-09,79.0,Bank Transfer
PAY006939,I008045,C0631,2024-11-19,79.0,Debit Card
PAY006940,I008046,C0631,2024-12-07,79.0,Credit Card
PAY006941,I008047,C0631,2025-01-11,79.0,Credit Card
PAY006942,I008048,C0631,2025-02-11,79.0,Credit Card
PAY006943,I008052,C0631,2025-06-23,79.0,UPI
PAY006944,I008053,C0632,2024-04-17,29.0,Bank Transfer
PAY006945,I008054,C0632,2024-05-24,29.0,UPI
PAY006946,I008055,C0632,2024-07-01,29.0,Credit Card
PAY006947,I008056,C0632,2024-07-14,29.0,UPI
PAY006948,I008057,C0632,2024-08-31,29.0,UPI
PAY006949,I008058,C0632,2024-09-29,29.0,Bank Transfer
PAY006950,I008059,C0632,2024-10-18,29.0,Bank Transfer
PAY006951,I008060,C0632,2024-11-28,29.0,UPI
PAY006952,I008061,C0632,2024-12-20,29.0,Debit Card
PAY006953,I008062,C0632,2025-01-20,29.0,UPI
PAY006954,I008063,C0632,2025-02-21,29.0,Debit Card
PAY006955,I008064,C0632,2025-03-17,29.0,Debit Card
PAY006956,I008066,C0632,2025-05-24,29.0,Debit Card
PAY006957,I008067,C0632,2025-06-29,29.0,Debit Card
PAY006958,I008068,C0632,2025-07-19,29.0,Debit Card
PAY006959,I008070,C0632,2025-09-21,29.0,Debit Card
PAY006960,I008071,C0632,2025-10-31,29.0,Credit Card
PAY006961,I008072,C0632,2025-12-01,29.0,Debit Card
PAY006962,I008074,C0632,2026-01-13,29.0,UPI
PAY006963,I008075,C0632,2026-02-20,29.0,Bank Transfer
PAY006964,I008076,C0632,2026-03-14,29.0,Credit Card
PAY006965,I008077,C0633,2025-01-30,79.0,Bank Transfer
PAY006966,I008078,C0633,2025-03-11,79.0,UPI
PAY006967,I008079,C0633,2025-03-28,79.0,Credit Card
PAY006968,I008080,C0633,2025-05-06,79.0,Credit Card
PAY006969,I008081,C0633,2025-06-08,79.0,Debit Card
PAY006970,I008082,C0633,2025-07-08,79.0,Credit Card
PAY006971,I008083,C0633,2025-07-28,79.0,Credit Card
PAY006972,I008084,C0633,2025-09-05,79.0,Credit Card
PAY006973,I008086,C0633,2025-11-07,79.0,Credit Card
PAY006974,I008087,C0633,2025-12-11,79.0,Credit Card
PAY006975,I008088,C0633,2026-01-09,79.0,Debit Card
PAY006976,I008090,C0633,2026-03-01,79.0,UPI
PAY006977,I008091,C0633,2026-03-25,79.0,Credit Card
PAY006978,I008092,C0633,2026-04-26,79.0,Credit Card
PAY006979,I008093,C0633,2026-06-08,79.0,UPI
PAY006980,I008096,C0633,2026-09-08,79.0,UPI
PAY006981,I008097,C0633,2026-09-30,79.0,Debit Card
PAY006982,I008098,C0634,2024-01-09,79.0,UPI
PAY006983,I008099,C0634,2024-02-06,79.0,Debit Card
PAY006984,I008100,C0634,2024-03-01,79.0,Bank Transfer
PAY006985,I008101,C0634,2024-03-31,79.0,Bank Transfer
PAY006986,I008102,C0634,2024-05-05,79.0,Credit Card
PAY006987,I008103,C0634,2024-06-01,79.0,Debit Card
PAY006988,I008104,C0634,2024-07-01,79.0,Debit Card
PAY006989,I008105,C0634,2024-08-03,79.0,UPI
PAY006990,I008106,C0634,2024-09-13,79.0,Debit Card
PAY006991,I008107,C0634,2024-10-04,79.0,Bank Transfer
PAY006992,I008109,C0634,2024-12-17,79.0,Credit Card
PAY006993,I008110,C0634,2025-01-08,79.0,Debit Card
PAY006994,I008111,C0634,2025-01-29,79.0,Debit Card
PAY006995,I008112,C0634,2025-03-09,79.0,Credit Card
PAY006996,I008113,C0634,2025-04-14,79.0,UPI
PAY006997,I008115,C0634,2025-06-08,79.0,UPI
PAY006998,I008116,C0634,2025-07-16,79.0,Bank Transfer
PAY006999,I008118,C0634,2025-09-05,79.0,Credit Card
PAY007000,I008119,C0634,2025-10-18,79.0,Debit Card
PAY007001,I008120,C0634,2025-11-10,79.0,Debit Card
PAY007002,I008121,C0634,2025-12-17,79.0,Credit Card
PAY007003,I008122,C0635,2023-12-05,199.0,UPI
PAY007004,I008123,C0635,2024-01-19,199.0,Bank Transfer
PAY007005,I008124,C0635,2024-02-11,199.0,Credit Card
PAY007006,I008125,C0635,2024-03-15,199.0,Credit Card
PAY007007,I008126,C0635,2024-04-10,199.0,Credit Card
PAY007008,I008127,C0635,2024-05-04,199.0,Bank Transfer
PAY007009,I008128,C0635,2024-06-12,199.0,Credit Card
PAY007010,I008129,C0635,2024-07-15,199.0,Credit Card
PAY007011,I008130,C0635,2024-08-14,199.0,Credit Card
PAY007012,I008131,C0635,2024-09-02,199.0,Debit Card
PAY007013,I008132,C0635,2024-10-12,199.0,UPI
PAY007014,I008133,C0635,2024-11-17,199.0,Debit Card
PAY007015,I008134,C0635,2024-12-18,199.0,Credit Card
PAY007016,I008135,C0635,2025-01-04,199.0,Debit Card
PAY007017,I008136,C0635,2025-02-13,199.0,Debit Card
PAY007018,I008138,C0635,2025-04-20,199.0,Debit Card
PAY007019,I008140,C0635,2025-06-13,199.0,Credit Card
PAY007020,I008141,C0635,2025-07-11,199.0,UPI
PAY007021,I008142,C0635,2025-08-08,199.0,Debit Card
PAY007022,I008143,C0635,2025-09-12,199.0,Credit Card
PAY007023,I008146,C0636,2023-06-21,29.0,UPI
PAY007024,I008147,C0636,2023-07-26,29.0,Credit Card
PAY007025,I008148,C0636,2023-08-18,29.0,Debit Card
PAY007026,I008149,C0636,2023-09-30,29.0,Bank Transfer
PAY007027,I008150,C0636,2023-10-29,29.0,Credit Card
PAY007028,I008151,C0636,2023-11-12,29.0,Credit Card
PAY007029,I008152,C0637,2026-04-10,79.0,Bank Transfer
PAY007030,I008153,C0637,2026-05-07,79.0,Credit Card
PAY007031,I008155,C0637,2026-07-06,79.0,Debit Card
PAY007032,I008156,C0637,2026-08-10,79.0,Bank Transfer
PAY007033,I008158,C0637,2026-10-14,79.0,Bank Transfer
PAY007034,I008159,C0637,2026-05-20,348.0,Credit Card
PAY007035,I008160,C0638,2023-01-28,29.0,Credit Card
PAY007036,I008161,C0638,2023-03-02,29.0,Bank Transfer
PAY007037,I008162,C0638,2023-03-13,29.0,Debit Card
PAY007038,I008163,C0638,2023-04-23,29.0,Credit Card
PAY007039,I008164,C0638,2023-05-20,29.0,Credit Card
PAY007040,I008165,C0638,2023-06-25,29.0,Credit Card
PAY007041,I008166,C0638,2023-07-29,29.0,Bank Transfer
PAY007042,I008167,C0638,2023-08-30,29.0,Debit Card
PAY007043,I008168,C0638,2023-09-18,29.0,Bank Transfer
PAY007044,I008169,C0638,2023-10-30,29.0,Debit Card
PAY007045,I008171,C0638,2023-12-18,29.0,Debit Card
PAY007046,I008172,C0638,2024-01-24,29.0,Credit Card
PAY007047,I008173,C0638,2024-02-15,29.0,Bank Transfer
PAY007048,I008174,C0638,2024-03-12,29.0,Bank Transfer
PAY007049,I008175,C0638,2024-04-15,29.0,Credit Card
PAY007050,I008176,C0638,2024-05-20,29.0,Debit Card
PAY007051,I008177,C0638,2024-06-15,29.0,Bank Transfer
PAY007052,I008178,C0638,2024-07-16,29.0,Bank Transfer
PAY007053,I008179,C0638,2024-08-19,29.0,Bank Transfer
PAY007054,I008180,C0638,2024-09-13,29.0,Bank Transfer
PAY007055,I008181,C0638,2024-10-13,29.0,Debit Card
PAY007056,I008182,C0638,2024-11-22,29.0,Debit Card
PAY007057,I008183,C0638,2024-12-12,29.0,Bank Transfer
PAY007058,I008184,C0639,2026-01-16,2388.0,Bank Transfer
PAY007059,I008185,C0639,2026-07-13,79.0,Credit Card
PAY007060,I008186,C0639,2026-08-26,79.0,Credit Card
PAY007061,I008187,C0639,2026-09-08,79.0,UPI
PAY007062,I008188,C0640,2024-08-18,2388.0,Debit Card
PAY007063,I008189,C0640,2025-08-10,2388.0,UPI
PAY007064,I008191,C0641,2024-08-08,2388.0,UPI
PAY007065,I008192,C0642,2024-06-21,199.0,Credit Card
PAY007066,I008194,C0642,2024-08-18,199.0,Bank Transfer
PAY007067,I008196,C0642,2024-10-08,199.0,Bank Transfer
PAY007068,I008197,C0643,2024-06-05,5988.0,Debit Card
PAY007069,I008198,C0643,2025-06-05,5988.0,Debit Card
PAY007070,I008200,C0644,2025-03-28,79.0,UPI
PAY007071,I008201,C0644,2025-05-01,79.0,Credit Card
PAY007072,I008202,C0644,2025-06-06,79.0,UPI
PAY007073,I008203,C0644,2025-07-09,79.0,Bank Transfer
PAY007074,I008204,C0644,2025-07-30,79.0,UPI
PAY007075,I008206,C0644,2025-10-14,79.0,Bank Transfer
PAY007076,I008208,C0644,2025-12-01,79.0,UPI
PAY007077,I008209,C0644,2025-12-30,79.0,Bank Transfer
PAY007078,I008210,C0644,2026-02-04,79.0,Debit Card
PAY007079,I008211,C0645,2025-12-10,79.0,Debit Card
PAY007080,I008212,C0645,2026-01-14,79.0,UPI
PAY007081,I008213,C0645,2026-02-12,79.0,Debit Card
PAY007082,I008215,C0645,2026-04-11,79.0,Bank Transfer
PAY007083,I008216,C0645,2026-05-01,79.0,Debit Card
PAY007084,I008217,C0645,2026-05-31,79.0,Credit Card
PAY007085,I008218,C0645,2026-06-29,79.0,UPI
PAY007086,I008219,C0645,2026-08-04,79.0,Bank Transfer
PAY007087,I008220,C0645,2026-09-14,79.0,Credit Card
PAY007088,I008221,C0645,2026-10-08,79.0,Debit Card
PAY007089,I008222,C0646,2023-03-07,948.0,Bank Transfer
PAY007090,I008224,C0646,2023-08-31,29.0,Bank Transfer
PAY007091,I008226,C0646,2023-10-22,29.0,Credit Card
PAY007092,I008227,C0646,2023-11-20,29.0,Debit Card
PAY007093,I008228,C0646,2023-12-20,29.0,UPI
PAY007094,I008229,C0646,2024-01-31,29.0,Debit Card
PAY007095,I008230,C0646,2024-02-26,29.0,Bank Transfer
PAY007096,I008231,C0646,2024-03-13,29.0,Bank Transfer
PAY007097,I008232,C0646,2024-04-13,29.0,Credit Card
PAY007098,I008233,C0646,2024-05-19,29.0,Bank Transfer
PAY007099,I008234,C0646,2024-06-28,29.0,UPI
PAY007100,I008235,C0646,2024-07-22,29.0,Bank Transfer
PAY007101,I008236,C0646,2024-08-25,29.0,UPI
PAY007102,I008238,C0646,2024-10-13,29.0,Debit Card
PAY007103,I008239,C0646,2024-12-01,29.0,Bank Transfer
PAY007104,I008240,C0646,2024-12-22,29.0,Debit Card
PAY007105,I008243,C0646,2025-03-26,29.0,Credit Card
PAY007106,I008244,C0646,2025-04-15,29.0,UPI
PAY007107,I008245,C0646,2025-05-17,29.0,UPI
PAY007108,I008246,C0646,2025-06-27,29.0,UPI
PAY007109,I008247,C0647,2024-08-17,948.0,Debit Card
PAY007110,I008248,C0647,2025-08-07,948.0,Bank Transfer
PAY007111,I008249,C0648,2023-11-27,79.0,Bank Transfer
PAY007112,I008251,C0648,2024-01-18,79.0,Bank Transfer
PAY007113,I008252,C0648,2024-02-18,79.0,UPI
PAY007114,I008254,C0648,2024-04-22,79.0,Bank Transfer
PAY007115,I008255,C0648,2024-05-31,79.0,Debit Card
PAY007116,I008256,C0648,2024-06-20,79.0,UPI
PAY007117,I008257,C0648,2024-08-05,79.0,UPI
PAY007118,I008258,C0648,2024-09-04,79.0,Credit Card
PAY007119,I008259,C0649,2025-07-11,348.0,Credit Card
PAY007120,I008260,C0649,2026-04-08,948.0,Credit Card
PAY007121,I008261,C0650,2024-07-30,2388.0,Debit Card
PAY007122,I008262,C0650,2025-07-24,2388.0,UPI
PAY007123,I008263,C0651,2026-01-18,348.0,Credit Card
PAY007124,I008264,C0652,2024-06-14,199.0,Debit Card
PAY007125,I008265,C0652,2024-07-21,199.0,Credit Card
PAY007126,I008266,C0652,2024-08-23,199.0,Bank Transfer
PAY007127,I008267,C0652,2024-09-19,199.0,Credit Card
PAY007128,I008268,C0652,2024-10-18,199.0,Credit Card
PAY007129,I008269,C0652,2024-11-16,199.0,UPI
PAY007130,I008270,C0652,2024-12-29,199.0,Bank Transfer
PAY007131,I008271,C0652,2025-01-13,199.0,UPI
PAY007132,I008272,C0652,2025-02-15,199.0,UPI
PAY007133,I008273,C0652,2025-03-12,199.0,UPI
PAY007134,I008274,C0652,2025-04-24,199.0,Bank Transfer
PAY007135,I008275,C0652,2025-05-24,199.0,UPI
PAY007136,I008276,C0652,2025-06-13,199.0,Credit Card
PAY007137,I008277,C0652,2025-07-27,199.0,Bank Transfer
PAY007138,I008278,C0652,2025-08-19,199.0,Bank Transfer
PAY007139,I008279,C0652,2025-09-25,199.0,Credit Card
PAY007140,I008281,C0652,2025-11-20,199.0,Credit Card
PAY007141,I008282,C0652,2025-12-28,199.0,Bank Transfer
PAY007142,I008284,C0652,2026-02-25,199.0,Debit Card
PAY007143,I008285,C0652,2026-03-16,199.0,Credit Card
PAY007144,I008286,C0652,2026-04-21,199.0,UPI
PAY007145,I008287,C0652,2026-05-10,199.0,UPI
PAY007146,I008288,C0653,2024-06-14,348.0,Bank Transfer
PAY007147,I008289,C0653,2025-06-14,348.0,Bank Transfer
PAY007148,I008290,C0654,2024-09-06,29.0,Credit Card
PAY007149,I008291,C0654,2024-10-23,29.0,Debit Card
PAY007150,I008292,C0654,2024-11-09,29.0,Bank Transfer
PAY007151,I008293,C0654,2024-12-23,29.0,Bank Transfer
PAY007152,I008294,C0654,2025-01-14,29.0,UPI
PAY007153,I008295,C0654,2025-02-10,29.0,Debit Card
PAY007154,I008296,C0654,2025-03-18,29.0,UPI
PAY007155,I008297,C0654,2025-04-18,29.0,Bank Transfer
PAY007156,I008298,C0654,2025-05-22,29.0,UPI
PAY007157,I008299,C0654,2025-06-13,29.0,UPI
PAY007158,I008300,C0654,2025-07-07,29.0,Bank Transfer
PAY007159,I008301,C0654,2025-08-09,29.0,Credit Card
PAY007160,I008302,C0654,2025-09-14,29.0,Debit Card
PAY007161,I008305,C0654,2025-12-07,29.0,UPI
PAY007162,I008307,C0654,2026-02-21,29.0,Bank Transfer
PAY007163,I008308,C0654,2026-03-21,29.0,Bank Transfer
PAY007164,I008309,C0654,2026-04-17,29.0,UPI
PAY007165,I008310,C0654,2026-05-19,29.0,Bank Transfer
PAY007166,I008311,C0654,2026-06-12,29.0,Debit Card
PAY007167,I008312,C0654,2026-07-20,29.0,Credit Card
PAY007168,I008313,C0654,2026-08-10,29.0,Debit Card
PAY007169,I008314,C0655,2026-04-09,948.0,UPI
PAY007170,I008315,C0656,2023-05-07,948.0,Debit Card
PAY007171,I008316,C0656,2024-05-09,948.0,UPI
PAY007172,I008318,C0657,2025-10-25,499.0,Bank Transfer
PAY007173,I008320,C0657,2025-12-24,499.0,Credit Card
PAY007174,I008321,C0657,2026-01-18,499.0,UPI
PAY007175,I008322,C0657,2026-02-25,499.0,Bank Transfer
PAY007176,I008323,C0657,2026-03-28,499.0,Credit Card
PAY007177,I008324,C0657,2026-04-29,499.0,Bank Transfer
PAY007178,I008325,C0657,2026-05-23,499.0,UPI
PAY007179,I008326,C0657,2026-06-17,499.0,Bank Transfer
PAY007180,I008327,C0657,2026-07-29,499.0,Debit Card
PAY007181,I008328,C0657,2026-08-16,499.0,Bank Transfer
PAY007182,I008329,C0657,2026-09-19,499.0,Credit Card
PAY007183,I008330,C0658,2023-10-07,2388.0,Credit Card
PAY007184,I008331,C0658,2024-10-16,2388.0,Credit Card
PAY007185,I008333,C0659,2025-08-12,79.0,Debit Card
PAY007186,I008334,C0659,2025-09-15,79.0,Debit Card
PAY007187,I008335,C0659,2025-10-15,79.0,UPI
PAY007188,I008336,C0659,2025-11-11,79.0,UPI
PAY007189,I008337,C0659,2025-12-22,79.0,Credit Card
PAY007190,I008338,C0659,2026-01-22,79.0,UPI
PAY007191,I008339,C0659,2026-02-13,79.0,Credit Card
PAY007192,I008340,C0659,2026-03-18,79.0,Debit Card
PAY007193,I008341,C0659,2026-04-14,79.0,Bank Transfer
PAY007194,I008342,C0659,2026-05-14,79.0,UPI
PAY007195,I008344,C0659,2026-07-22,79.0,Credit Card
PAY007196,I008345,C0659,2026-08-12,79.0,Credit Card
PAY007197,I008346,C0659,2026-09-17,79.0,Credit Card
PAY007198,I008347,C0660,2024-09-13,2388.0,Credit Card
PAY007199,I008348,C0660,2025-09-25,2388.0,Debit Card
PAY007200,I008350,C0660,2025-07-05,79.0,Debit Card
PAY007201,I008351,C0660,2025-08-15,79.0,Bank Transfer
PAY007202,I008352,C0660,2025-09-03,79.0,Debit Card
PAY007203,I008353,C0660,2025-10-19,79.0,Bank Transfer
PAY007204,I008354,C0660,2025-11-04,79.0,Bank Transfer
PAY007205,I008355,C0660,2025-12-17,79.0,Credit Card
PAY007206,I008356,C0660,2026-01-10,79.0,Bank Transfer
PAY007207,I008357,C0660,2026-02-15,79.0,UPI
PAY007208,I008358,C0660,2026-03-11,79.0,Debit Card
PAY007209,I008359,C0660,2026-04-17,79.0,Debit Card
PAY007210,I008360,C0660,2026-05-02,79.0,Debit Card
PAY007211,I008363,C0660,2026-08-21,79.0,Credit Card
PAY007212,I008364,C0660,2026-09-02,79.0,Bank Transfer
PAY007213,I008365,C0661,2025-04-26,79.0,Bank Transfer
PAY007214,I008366,C0661,2025-06-10,79.0,UPI
PAY007215,I008367,C0661,2025-07-13,79.0,Bank Transfer
PAY007216,I008368,C0661,2025-08-12,79.0,Debit Card
PAY007217,I008369,C0661,2025-09-10,79.0,Credit Card
PAY007218,I008370,C0661,2025-10-03,79.0,Credit Card
PAY007219,I008371,C0661,2025-10-29,79.0,Bank Transfer
PAY007220,I008372,C0661,2025-11-28,79.0,Bank Transfer
PAY007221,I008373,C0661,2026-01-11,79.0,Bank Transfer
PAY007222,I008374,C0661,2026-01-28,79.0,UPI
PAY007223,I008375,C0661,2026-03-07,79.0,Bank Transfer
PAY007224,I008376,C0661,2026-04-05,79.0,Credit Card
PAY007225,I008377,C0661,2026-05-03,79.0,Credit Card
PAY007226,I008378,C0661,2026-06-09,79.0,Credit Card
PAY007227,I008379,C0661,2026-06-30,79.0,Bank Transfer
PAY007228,I008380,C0661,2026-08-11,79.0,UPI
PAY007229,I008381,C0661,2026-09-13,79.0,UPI
PAY007230,I008382,C0661,2026-10-05,79.0,UPI
PAY007231,I008383,C0662,2024-11-09,948.0,Credit Card
PAY007232,I008384,C0662,2025-11-16,948.0,Credit Card
PAY007233,I008386,C0663,2026-04-08,79.0,Debit Card
PAY007234,I008387,C0663,2026-05-11,79.0,Credit Card
PAY007235,I008388,C0663,2026-05-26,79.0,UPI
PAY007236,I008389,C0663,2026-07-14,79.0,UPI
PAY007237,I008390,C0663,2026-07-25,79.0,Debit Card
PAY007238,I008391,C0663,2026-09-09,79.0,Bank Transfer
PAY007239,I008392,C0663,2026-10-08,79.0,Bank Transfer
PAY007240,I008393,C0664,2023-11-25,199.0,UPI
PAY007241,I008395,C0664,2024-01-26,199.0,Debit Card
PAY007242,I008397,C0664,2024-03-29,199.0,Credit Card
PAY007243,I008398,C0664,2024-04-18,199.0,Bank Transfer
PAY007244,I008399,C0664,2024-05-22,199.0,Bank Transfer
PAY007245,I008400,C0664,2024-06-22,199.0,Debit Card
PAY007246,I008401,C0664,2024-07-11,199.0,Bank Transfer
PAY007247,I008402,C0664,2024-08-26,199.0,Bank Transfer
PAY007248,I008403,C0664,2024-09-29,199.0,Credit Card
PAY007249,I008405,C0665,2023-12-07,5988.0,UPI
PAY007250,I008406,C0665,2024-12-13,5988.0,Bank Transfer
PAY007251,I008407,C0666,2026-03-25,2388.0,UPI
PAY007252,I008408,C0667,2023-02-06,29.0,Credit Card
PAY007253,I008409,C0667,2023-03-24,29.0,Bank Transfer
PAY007254,I008410,C0667,2023-04-08,29.0,Bank Transfer
PAY007255,I008411,C0667,2023-05-22,29.0,Credit Card
PAY007256,I008412,C0667,2023-06-14,29.0,UPI
PAY007257,I008413,C0667,2023-07-22,29.0,Bank Transfer
PAY007258,I008415,C0667,2023-09-16,29.0,Bank Transfer
PAY007259,I008416,C0667,2023-10-05,29.0,Debit Card
PAY007260,I008417,C0667,2023-11-11,29.0,UPI
PAY007261,I008418,C0667,2023-12-16,29.0,UPI
PAY007262,I008420,C0667,2024-02-07,29.0,Bank Transfer
PAY007263,I008421,C0667,2024-03-08,29.0,Debit Card
PAY007264,I008422,C0667,2024-04-11,29.0,UPI
PAY007265,I008423,C0667,2024-05-20,29.0,Debit Card
PAY007266,I008424,C0667,2024-06-18,29.0,UPI
PAY007267,I008425,C0667,2024-07-14,29.0,Bank Transfer
PAY007268,I008427,C0667,2024-09-22,29.0,Credit Card
PAY007269,I008428,C0667,2024-10-21,29.0,Bank Transfer
PAY007270,I008429,C0667,2024-11-23,29.0,Credit Card
PAY007271,I008430,C0667,2024-12-17,29.0,Credit Card
PAY007272,I008431,C0667,2025-01-11,29.0,Bank Transfer
PAY007273,I008432,C0668,2025-11-22,79.0,Debit Card
PAY007274,I008433,C0668,2025-12-19,79.0,Credit Card
PAY007275,I008434,C0668,2026-01-18,79.0,Credit Card
PAY007276,I008435,C0668,2026-02-13,79.0,Bank Transfer
PAY007277,I008436,C0668,2026-03-21,79.0,Credit Card
PAY007278,I008437,C0668,2026-04-19,79.0,UPI
PAY007279,I008438,C0668,2026-05-22,79.0,UPI
PAY007280,I008439,C0668,2026-06-13,79.0,Bank Transfer
PAY007281,I008440,C0668,2026-07-12,79.0,Bank Transfer
PAY007282,I008441,C0668,2026-08-24,79.0,Debit Card
PAY007283,I008442,C0668,2026-09-22,79.0,UPI
PAY007284,I008443,C0669,2023-07-26,199.0,UPI
PAY007285,I008445,C0669,2023-10-04,199.0,Credit Card
PAY007286,I008446,C0669,2023-10-25,199.0,UPI
PAY007287,I008447,C0669,2023-12-05,199.0,Bank Transfer
PAY007288,I008448,C0669,2024-01-08,199.0,Credit Card
PAY007289,I008449,C0669,2024-01-25,199.0,Credit Card
PAY007290,I008450,C0669,2024-02-27,199.0,Credit Card
PAY007291,I008451,C0669,2024-03-30,199.0,Bank Transfer
PAY007292,I008452,C0669,2024-05-09,199.0,UPI
PAY007293,I008453,C0669,2024-06-02,199.0,Bank Transfer
PAY007294,I008454,C0669,2024-06-25,199.0,Credit Card
PAY007295,I008455,C0669,2024-08-02,199.0,Credit Card
PAY007296,I008456,C0669,2024-09-07,199.0,Credit Card
PAY007297,I008457,C0669,2024-10-08,199.0,Debit Card
PAY007298,I008458,C0669,2024-11-03,199.0,Bank Transfer
PAY007299,I008461,C0669,2025-01-30,199.0,Debit Card
PAY007300,I008462,C0669,2025-03-13,199.0,Bank Transfer
PAY007301,I008463,C0669,2025-03-31,199.0,Bank Transfer
PAY007302,I008465,C0669,2025-06-04,199.0,Bank Transfer
PAY007303,I008466,C0669,2025-07-13,199.0,UPI
PAY007304,I008467,C0670,2024-10-12,79.0,Bank Transfer
PAY007305,I008468,C0670,2024-11-14,79.0,Credit Card
PAY007306,I008469,C0670,2024-12-17,79.0,UPI
PAY007307,I008470,C0670,2025-01-17,79.0,Credit Card
PAY007308,I008471,C0670,2025-02-02,79.0,Bank Transfer
PAY007309,I008473,C0670,2025-04-12,79.0,Credit Card
PAY007310,I008474,C0670,2025-05-13,79.0,Bank Transfer
PAY007311,I008475,C0670,2025-06-05,79.0,Bank Transfer
PAY007312,I008476,C0670,2025-07-11,79.0,Credit Card
PAY007313,I008477,C0670,2025-08-18,79.0,Debit Card
PAY007314,I008479,C0670,2025-10-02,79.0,UPI
PAY007315,I008480,C0670,2025-11-10,79.0,Debit Card
PAY007316,I008481,C0670,2025-12-18,79.0,UPI
PAY007317,I008482,C0670,2026-01-11,79.0,Debit Card
PAY007318,I008483,C0670,2026-01-31,79.0,Credit Card
PAY007319,I008484,C0670,2026-03-15,79.0,UPI
PAY007320,I008485,C0670,2026-03-30,79.0,Credit Card
PAY007321,I008487,C0670,2026-06-07,79.0,Bank Transfer
PAY007322,I008488,C0670,2026-07-02,79.0,Credit Card
PAY007323,I008489,C0670,2026-08-07,79.0,UPI
PAY007324,I008490,C0670,2026-09-14,79.0,Debit Card
PAY007325,I008491,C0671,2025-05-01,29.0,Credit Card
PAY007326,I008493,C0671,2025-07-05,29.0,UPI
PAY007327,I008494,C0671,2025-08-14,29.0,Credit Card
PAY007328,I008495,C0671,2025-09-13,29.0,Credit Card
PAY007329,I008496,C0671,2025-10-06,29.0,Debit Card
PAY007330,I008498,C0671,2025-11-27,29.0,Debit Card
PAY007331,I008499,C0671,2026-01-11,29.0,Debit Card
PAY007332,I008500,C0671,2026-02-01,29.0,UPI
PAY007333,I008501,C0671,2026-03-03,29.0,Bank Transfer
PAY007334,I008502,C0671,2026-03-27,29.0,UPI
PAY007335,I008504,C0671,2026-06-03,29.0,UPI
PAY007336,I008507,C0671,2026-09-04,29.0,Debit Card
PAY007337,I008508,C0671,2026-10-04,29.0,UPI
PAY007338,I008509,C0672,2024-03-18,79.0,Bank Transfer
PAY007339,I008510,C0672,2024-04-15,79.0,Credit Card
PAY007340,I008511,C0672,2024-05-25,79.0,UPI
PAY007341,I008513,C0672,2024-07-19,79.0,Credit Card
PAY007342,I008514,C0672,2024-08-27,79.0,Bank Transfer
PAY007343,I008515,C0672,2024-09-16,79.0,Bank Transfer
PAY007344,I008516,C0672,2024-10-29,79.0,Bank Transfer
PAY007345,I008517,C0672,2024-11-20,79.0,Debit Card
PAY007346,I008518,C0672,2024-12-31,79.0,Bank Transfer
PAY007347,I008519,C0672,2025-02-03,79.0,UPI
PAY007348,I008520,C0672,2025-02-16,79.0,Credit Card
PAY007349,I008522,C0672,2025-05-04,79.0,UPI
PAY007350,I008524,C0672,2025-06-24,79.0,Debit Card
PAY007351,I008525,C0672,2025-07-26,79.0,UPI
PAY007352,I008526,C0672,2025-08-31,79.0,Debit Card
PAY007353,I008527,C0672,2025-09-28,79.0,Bank Transfer
PAY007354,I008528,C0672,2025-10-29,79.0,UPI
PAY007355,I008529,C0672,2025-12-03,79.0,Bank Transfer
PAY007356,I008530,C0672,2026-01-03,79.0,Credit Card
PAY007357,I008531,C0672,2026-01-18,79.0,UPI
PAY007358,I008532,C0672,2026-02-21,79.0,Credit Card
PAY007359,I008533,C0673,2025-01-02,948.0,Credit Card
PAY007360,I008534,C0673,2026-01-06,948.0,Debit Card
PAY007361,I008535,C0674,2026-02-10,199.0,Bank Transfer
PAY007362,I008536,C0674,2026-03-08,199.0,Debit Card
PAY007363,I008538,C0674,2026-05-11,199.0,Bank Transfer
PAY007364,I008539,C0674,2026-06-07,199.0,Debit Card
PAY007365,I008540,C0674,2026-07-12,199.0,Credit Card
PAY007366,I008542,C0674,2026-08-31,199.0,Bank Transfer
PAY007367,I008543,C0674,2026-10-04,199.0,Bank Transfer
PAY007368,I008544,C0675,2025-08-04,348.0,Bank Transfer
PAY007369,I008545,C0675,2026-08-17,348.0,UPI
PAY007370,I008546,C0676,2023-06-27,29.0,UPI
PAY007371,I008547,C0676,2023-08-01,29.0,Credit Card
PAY007372,I008548,C0676,2023-08-15,29.0,Bank Transfer
PAY007373,I008550,C0676,2023-10-23,29.0,Debit Card
PAY007374,I008551,C0676,2023-11-21,29.0,Credit Card
PAY007375,I008552,C0676,2023-12-20,29.0,Bank Transfer
PAY007376,I008553,C0676,2024-01-31,29.0,Credit Card
PAY007377,I008554,C0676,2024-03-02,29.0,Debit Card
PAY007378,I008555,C0676,2024-03-24,29.0,Credit Card
PAY007379,I008556,C0676,2024-04-13,29.0,Credit Card
PAY007380,I008557,C0676,2024-05-25,29.0,UPI
PAY007381,I008558,C0676,2024-06-19,29.0,Credit Card
PAY007382,I008559,C0676,2024-07-26,29.0,UPI
PAY007383,I008560,C0676,2024-08-22,29.0,Bank Transfer
PAY007384,I008561,C0676,2024-09-19,29.0,UPI
PAY007385,I008563,C0676,2024-11-19,29.0,Credit Card
PAY007386,I008565,C0676,2025-01-23,29.0,Debit Card
PAY007387,I008566,C0676,2025-02-16,29.0,UPI
PAY007388,I008567,C0676,2025-03-21,29.0,Bank Transfer
PAY007389,I008568,C0676,2025-04-28,29.0,Debit Card
PAY007390,I008569,C0676,2025-05-18,29.0,Debit Card
PAY007391,I008570,C0677,2023-06-09,948.0,Credit Card
PAY007392,I008571,C0677,2024-06-07,948.0,Debit Card
PAY007393,I008572,C0678,2023-10-30,199.0,UPI
PAY007394,I008573,C0678,2023-11-28,199.0,Bank Transfer
PAY007395,I008574,C0678,2024-01-06,199.0,UPI
PAY007396,I008575,C0678,2024-01-27,199.0,UPI
PAY007397,I008576,C0678,2024-02-23,199.0,Bank Transfer
PAY007398,I008577,C0678,2024-04-06,199.0,UPI
PAY007399,I008578,C0678,2024-04-28,199.0,Debit Card
PAY007400,I008579,C0678,2024-05-24,199.0,Bank Transfer
PAY007401,I008580,C0678,2024-07-08,199.0,Bank Transfer
PAY007402,I008581,C0678,2024-07-25,199.0,Bank Transfer
PAY007403,I008582,C0678,2024-08-25,199.0,Bank Transfer
PAY007404,I008583,C0678,2024-09-26,199.0,Credit Card
PAY007405,I008584,C0678,2024-10-21,199.0,Bank Transfer
PAY007406,I008585,C0678,2024-12-10,199.0,Credit Card
PAY007407,I008586,C0678,2025-01-01,199.0,UPI
PAY007408,I008587,C0678,2025-02-07,199.0,Credit Card
PAY007409,I008588,C0678,2025-03-04,199.0,Bank Transfer
PAY007410,I008589,C0678,2025-03-25,199.0,Credit Card
PAY007411,I008591,C0678,2025-05-25,199.0,Credit Card
PAY007412,I008592,C0678,2025-06-26,199.0,Bank Transfer
PAY007413,I008593,C0678,2025-07-27,199.0,Credit Card
PAY007414,I008594,C0678,2025-09-03,199.0,Bank Transfer
PAY007415,I008595,C0678,2025-10-10,199.0,Credit Card
PAY007416,I008596,C0679,2023-07-24,29.0,Credit Card
PAY007417,I008597,C0679,2023-08-17,29.0,UPI
PAY007418,I008598,C0679,2023-09-16,29.0,Bank Transfer
PAY007419,I008599,C0679,2023-11-01,29.0,Debit Card
PAY007420,I008600,C0679,2023-12-03,29.0,UPI
PAY007421,I008601,C0679,2023-12-28,29.0,Bank Transfer
PAY007422,I008603,C0679,2024-02-28,29.0,Bank Transfer
PAY007423,I008604,C0679,2024-03-22,29.0,Debit Card
PAY007424,I008605,C0679,2024-05-03,29.0,Credit Card
PAY007425,I008606,C0679,2024-05-17,29.0,UPI
PAY007426,I008607,C0679,2024-06-22,29.0,Bank Transfer
PAY007427,I008608,C0679,2024-07-15,29.0,UPI
PAY007428,I008610,C0679,2024-09-28,29.0,Debit Card
PAY007429,I008611,C0679,2024-10-24,29.0,Credit Card
PAY007430,I008612,C0679,2024-11-23,29.0,Bank Transfer
PAY007431,I008614,C0679,2025-01-26,29.0,UPI
PAY007432,I008615,C0679,2025-02-23,29.0,UPI
PAY007433,I008616,C0679,2025-03-16,29.0,Debit Card
PAY007434,I008617,C0679,2025-04-22,29.0,UPI
PAY007435,I008618,C0679,2025-06-02,29.0,Debit Card
PAY007436,I008619,C0679,2025-06-22,29.0,Credit Card
PAY007437,I008620,C0680,2024-10-24,499.0,Bank Transfer
PAY007438,I008621,C0680,2024-12-13,499.0,UPI
PAY007439,I008622,C0680,2025-01-09,499.0,Debit Card
PAY007440,I008624,C0680,2025-03-08,499.0,Credit Card
PAY007441,I008625,C0680,2025-04-07,499.0,Bank Transfer
PAY007442,I008626,C0680,2025-05-01,499.0,UPI
PAY007443,I008627,C0680,2025-05-30,499.0,UPI
PAY007444,I008628,C0680,2025-07-06,499.0,Credit Card
PAY007445,I008629,C0680,2025-08-06,499.0,UPI
PAY007446,I008630,C0680,2025-08-29,499.0,Debit Card
PAY007447,I008632,C0680,2025-10-30,499.0,Credit Card
PAY007448,I008633,C0680,2025-12-11,499.0,Debit Card
PAY007449,I008634,C0680,2025-12-29,499.0,UPI
PAY007450,I008635,C0680,2026-02-09,499.0,Debit Card
PAY007451,I008636,C0680,2026-02-26,499.0,Debit Card
PAY007452,I008638,C0680,2026-05-11,499.0,Bank Transfer
PAY007453,I008639,C0680,2026-05-25,499.0,Debit Card
PAY007454,I008640,C0680,2026-06-27,499.0,Credit Card
PAY007455,I008641,C0680,2026-08-12,499.0,Bank Transfer
PAY007456,I008642,C0680,2026-08-27,499.0,Credit Card
PAY007457,I008644,C0681,2024-04-28,79.0,Credit Card
PAY007458,I008645,C0681,2024-06-12,79.0,Debit Card
PAY007459,I008646,C0681,2024-07-04,79.0,UPI
PAY007460,I008647,C0681,2024-08-11,79.0,Debit Card
PAY007461,I008648,C0681,2024-09-02,79.0,Debit Card
PAY007462,I008649,C0682,2023-05-06,199.0,UPI
PAY007463,I008654,C0682,2023-10-04,199.0,UPI
PAY007464,I008655,C0682,2023-11-21,199.0,UPI
PAY007465,I008656,C0682,2023-12-17,199.0,Debit Card
PAY007466,I008658,C0682,2024-02-08,199.0,Bank Transfer
PAY007467,I008659,C0682,2024-03-17,199.0,UPI
PAY007468,I008660,C0682,2024-04-07,199.0,UPI
PAY007469,I008662,C0682,2024-06-16,199.0,Credit Card
PAY007470,I008664,C0682,2024-08-17,199.0,Bank Transfer
PAY007471,I008665,C0682,2024-09-08,199.0,Credit Card
PAY007472,I008666,C0682,2024-10-13,199.0,UPI
PAY007473,I008667,C0682,2024-11-16,199.0,UPI
PAY007474,I008668,C0682,2024-12-04,199.0,UPI
PAY007475,I008669,C0682,2025-01-13,199.0,Credit Card
PAY007476,I008670,C0682,2025-02-07,199.0,Credit Card
PAY007477,I008671,C0682,2025-03-18,199.0,UPI
PAY007478,I008672,C0682,2025-04-22,199.0,Bank Transfer
PAY007479,I008673,C0683,2024-12-16,79.0,Bank Transfer
PAY007480,I008674,C0683,2025-01-02,79.0,Credit Card
PAY007481,I008675,C0683,2025-02-15,79.0,UPI
PAY007482,I008676,C0683,2025-03-14,79.0,UPI
PAY007483,I008677,C0683,2025-03-29,79.0,UPI
PAY007484,I008678,C0683,2025-05-11,79.0,Bank Transfer
PAY007485,I008679,C0683,2025-05-29,79.0,Debit Card
PAY007486,I008681,C0683,2025-08-13,79.0,Debit Card
PAY007487,I008683,C0683,2025-10-07,79.0,UPI
PAY007488,I008684,C0683,2025-10-29,79.0,UPI
PAY007489,I008685,C0683,2025-12-18,79.0,UPI
PAY007490,I008686,C0683,2026-01-02,79.0,Bank Transfer
PAY007491,I008687,C0683,2026-02-05,79.0,UPI
PAY007492,I008688,C0684,2025-08-26,79.0,Credit Card
PAY007493,I008689,C0684,2025-09-27,79.0,Credit Card
PAY007494,I008690,C0684,2025-10-31,79.0,Bank Transfer
PAY007495,I008691,C0684,2025-11-22,79.0,Debit Card
PAY007496,I008692,C0684,2026-01-02,79.0,UPI
PAY007497,I008693,C0684,2026-01-27,79.0,Debit Card
PAY007498,I008694,C0684,2026-03-05,79.0,UPI
PAY007499,I008695,C0684,2026-03-23,79.0,Credit Card
PAY007500,I008696,C0684,2026-04-26,79.0,Credit Card
PAY007501,I008697,C0684,2026-05-26,79.0,Credit Card
PAY007502,I008698,C0684,2026-07-01,79.0,Bank Transfer
PAY007503,I008700,C0684,2026-08-26,79.0,UPI
PAY007504,I008701,C0684,2026-10-11,79.0,Credit Card
PAY007505,I008702,C0685,2024-10-29,348.0,Bank Transfer
PAY007506,I008703,C0686,2026-02-20,199.0,Debit Card
PAY007507,I008704,C0686,2026-03-09,199.0,Bank Transfer
PAY007508,I008705,C0686,2026-04-03,199.0,Credit Card
PAY007509,I008706,C0686,2026-05-19,199.0,Bank Transfer
PAY007510,I008707,C0686,2026-06-09,199.0,Debit Card
PAY007511,I008708,C0686,2026-07-09,199.0,Bank Transfer
PAY007512,I008709,C0686,2026-08-16,199.0,Bank Transfer
PAY007513,I008710,C0686,2026-09-10,199.0,Credit Card
PAY007514,I008711,C0687,2024-12-13,29.0,Bank Transfer
PAY007515,I008713,C0687,2025-02-23,29.0,Bank Transfer
PAY007516,I008714,C0687,2025-03-16,29.0,Debit Card
PAY007517,I008715,C0687,2025-04-15,29.0,Debit Card
PAY007518,I008716,C0687,2025-05-13,29.0,Debit Card
PAY007519,I008717,C0687,2025-06-11,29.0,Debit Card
PAY007520,I008718,C0687,2025-07-23,29.0,Debit Card
PAY007521,I008719,C0687,2025-08-14,29.0,Bank Transfer
PAY007522,I008720,C0687,2025-09-26,29.0,Bank Transfer
PAY007523,I008721,C0687,2025-10-29,29.0,UPI
PAY007524,I008722,C0687,2025-11-13,29.0,Bank Transfer
PAY007525,I008723,C0687,2025-12-10,29.0,Credit Card
PAY007526,I008724,C0687,2026-01-13,29.0,UPI
PAY007527,I008725,C0687,2026-02-14,29.0,Credit Card
PAY007528,I008726,C0687,2026-03-16,29.0,Bank Transfer
PAY007529,I008728,C0687,2026-05-12,29.0,Bank Transfer
PAY007530,I008729,C0687,2026-06-25,29.0,UPI
PAY007531,I008730,C0687,2026-07-20,29.0,Bank Transfer
PAY007532,I008731,C0687,2026-08-29,29.0,UPI
PAY007533,I008732,C0687,2026-09-29,29.0,Debit Card
PAY007534,I008733,C0688,2024-02-05,348.0,Debit Card
PAY007535,I008734,C0688,2025-02-13,348.0,UPI
PAY007536,I008736,C0689,2025-08-15,79.0,Credit Card
PAY007537,I008737,C0689,2025-09-06,79.0,Credit Card
PAY007538,I008738,C0689,2025-10-12,79.0,Bank Transfer
PAY007539,I008741,C0689,2026-01-03,79.0,Debit Card
PAY007540,I008742,C0689,2026-02-02,79.0,Debit Card
PAY007541,I008743,C0689,2026-03-03,79.0,UPI
PAY007542,I008744,C0689,2026-04-15,79.0,Credit Card
PAY007543,I008747,C0689,2026-07-03,79.0,Debit Card
PAY007544,I008748,C0689,2026-08-05,79.0,UPI
PAY007545,I008749,C0689,2026-09-09,79.0,Bank Transfer
PAY007546,I008750,C0689,2026-10-08,79.0,Credit Card
PAY007547,I008751,C0690,2025-10-03,948.0,Bank Transfer
PAY007548,I008752,C0691,2026-03-18,499.0,Credit Card
PAY007549,I008753,C0691,2026-04-20,499.0,Credit Card
PAY007550,I008754,C0691,2026-05-21,499.0,UPI
PAY007551,I008755,C0691,2026-06-24,499.0,Debit Card
PAY007552,I008756,C0691,2026-07-30,499.0,Bank Transfer
PAY007553,I008758,C0691,2026-09-29,499.0,Debit Card
PAY007554,I008761,C0692,2024-01-18,79.0,Bank Transfer
PAY007555,I008762,C0692,2024-02-28,79.0,Debit Card
PAY007556,I008763,C0692,2024-03-28,79.0,Bank Transfer
PAY007557,I008764,C0692,2024-04-23,79.0,Debit Card
PAY007558,I008765,C0692,2024-05-17,79.0,Bank Transfer
PAY007559,I008767,C0692,2024-07-31,79.0,Credit Card
PAY007560,I008768,C0692,2024-08-22,79.0,Credit Card
PAY007561,I008769,C0692,2024-09-17,79.0,Debit Card
PAY007562,I008770,C0692,2024-10-18,79.0,Debit Card
PAY007563,I008772,C0692,2024-12-29,79.0,Credit Card
PAY007564,I008773,C0692,2025-01-17,79.0,UPI
PAY007565,I008774,C0692,2025-03-03,79.0,Credit Card
PAY007566,I008775,C0692,2025-04-01,79.0,UPI
PAY007567,I008776,C0692,2025-04-21,79.0,Credit Card
PAY007568,I008778,C0692,2025-06-19,79.0,Debit Card
PAY007569,I008780,C0692,2025-08-28,79.0,Credit Card
PAY007570,I008781,C0692,2025-09-15,79.0,Debit Card
PAY007571,I008782,C0692,2025-10-28,79.0,Debit Card
PAY007572,I008783,C0693,2024-11-29,79.0,UPI
PAY007573,I008785,C0693,2025-01-18,79.0,Credit Card
PAY007574,I008786,C0693,2025-02-27,79.0,Bank Transfer
PAY007575,I008787,C0693,2025-03-22,79.0,UPI
PAY007576,I008788,C0693,2025-04-22,79.0,Debit Card
PAY007577,I008789,C0693,2025-05-18,79.0,Debit Card
PAY007578,I008790,C0693,2025-06-16,79.0,UPI
PAY007579,I008791,C0693,2025-07-15,79.0,UPI
PAY007580,I008792,C0693,2025-08-13,79.0,Bank Transfer
PAY007581,I008793,C0693,2025-09-26,79.0,Debit Card
PAY007582,I008794,C0694,2024-05-17,199.0,Bank Transfer
PAY007583,I008795,C0694,2024-06-23,199.0,Debit Card
PAY007584,I008796,C0694,2024-07-25,199.0,UPI
PAY007585,I008797,C0694,2024-08-24,199.0,UPI
PAY007586,I008798,C0694,2024-09-12,199.0,Bank Transfer
PAY007587,I008799,C0694,2024-10-17,199.0,Credit Card
PAY007588,I008800,C0694,2024-11-22,199.0,Bank Transfer
PAY007589,I008801,C0694,2024-12-09,199.0,Credit Card
PAY007590,I008802,C0694,2025-01-12,199.0,UPI
PAY007591,I008803,C0694,2025-02-16,199.0,Debit Card
PAY007592,I008804,C0694,2025-03-23,199.0,Bank Transfer
PAY007593,I008805,C0694,2025-04-20,199.0,Debit Card
PAY007594,I008806,C0694,2025-05-24,199.0,Bank Transfer
PAY007595,I008808,C0694,2025-07-14,199.0,Credit Card
PAY007596,I008809,C0694,2025-08-17,199.0,Bank Transfer
PAY007597,I008810,C0694,2025-09-24,199.0,Debit Card
PAY007598,I008811,C0694,2025-10-23,199.0,Credit Card
PAY007599,I008812,C0694,2025-11-19,199.0,Credit Card
PAY007600,I008813,C0694,2025-12-26,199.0,Credit Card
PAY007601,I008814,C0694,2026-01-13,199.0,Bank Transfer
PAY007602,I008815,C0694,2026-02-16,199.0,Debit Card
PAY007603,I008817,C0694,2026-04-20,199.0,Debit Card
PAY007604,I008818,C0695,2024-07-15,79.0,Bank Transfer
PAY007605,I008819,C0695,2024-08-27,79.0,Debit Card
PAY007606,I008820,C0695,2024-09-26,79.0,Debit Card
PAY007607,I008821,C0695,2024-10-25,79.0,Bank Transfer
PAY007608,I008823,C0695,2024-12-12,79.0,UPI
PAY007609,I008824,C0695,2025-01-25,79.0,Debit Card
PAY007610,I008825,C0695,2025-02-23,79.0,Bank Transfer
PAY007611,I008827,C0695,2025-04-15,79.0,Debit Card
PAY007612,I008828,C0695,2025-05-19,79.0,Bank Transfer
PAY007613,I008829,C0695,2025-06-12,79.0,Credit Card
PAY007614,I008830,C0695,2025-07-25,79.0,Debit Card
PAY007615,I008831,C0695,2025-08-14,79.0,Credit Card
PAY007616,I008832,C0696,2024-09-15,199.0,UPI
PAY007617,I008833,C0696,2024-10-12,199.0,Bank Transfer
PAY007618,I008834,C0696,2024-11-01,199.0,UPI
PAY007619,I008835,C0696,2024-12-20,199.0,UPI
PAY007620,I008836,C0696,2025-01-06,199.0,Debit Card
PAY007621,I008838,C0696,2025-03-02,199.0,Bank Transfer
PAY007622,I008839,C0696,2025-04-14,199.0,Debit Card
PAY007623,I008840,C0696,2025-05-11,199.0,Bank Transfer
PAY007624,I008841,C0696,2025-06-04,199.0,Bank Transfer
PAY007625,I008842,C0696,2025-07-02,199.0,UPI
PAY007626,I008843,C0696,2025-08-20,199.0,UPI
PAY007627,I008844,C0696,2025-09-04,199.0,UPI
PAY007628,I008845,C0696,2025-10-19,199.0,Credit Card
PAY007629,I008846,C0696,2025-11-03,199.0,UPI
PAY007630,I008847,C0696,2025-12-10,199.0,Bank Transfer
PAY007631,I008849,C0696,2026-02-19,199.0,Credit Card
PAY007632,I008850,C0696,2026-03-05,199.0,Bank Transfer
PAY007633,I008852,C0696,2026-05-13,199.0,UPI
PAY007634,I008853,C0696,2026-06-15,199.0,Credit Card
PAY007635,I008854,C0696,2026-07-18,199.0,UPI
PAY007636,I008855,C0696,2026-08-16,199.0,Debit Card
PAY007637,I008857,C0697,2023-06-01,29.0,Debit Card
PAY007638,I008858,C0697,2023-06-28,29.0,Bank Transfer
PAY007639,I008859,C0697,2023-08-04,29.0,Bank Transfer
PAY007640,I008860,C0697,2023-09-04,29.0,Bank Transfer
PAY007641,I008861,C0697,2023-09-28,29.0,Credit Card
PAY007642,I008862,C0697,2023-11-03,29.0,Debit Card
PAY007643,I008863,C0697,2023-11-22,29.0,Credit Card
PAY007644,I008864,C0697,2024-01-04,29.0,Bank Transfer
PAY007645,I008865,C0697,2024-01-19,29.0,Debit Card
PAY007646,I008866,C0697,2024-02-23,29.0,UPI
PAY007647,I008867,C0697,2024-03-31,29.0,Debit Card
PAY007648,I008869,C0697,2024-05-31,29.0,Debit Card
PAY007649,I008870,C0697,2024-06-25,29.0,Debit Card
PAY007650,I008871,C0697,2024-08-01,29.0,UPI
PAY007651,I008872,C0697,2024-08-27,29.0,Credit Card
PAY007652,I008874,C0697,2024-11-03,29.0,UPI
PAY007653,I008875,C0697,2024-12-03,29.0,Debit Card
PAY007654,I008876,C0697,2024-12-25,29.0,Debit Card
PAY007655,I008877,C0697,2025-01-27,29.0,Bank Transfer
PAY007656,I008878,C0697,2025-02-25,29.0,UPI
PAY007657,I008879,C0697,2025-03-29,29.0,UPI
PAY007658,I008880,C0698,2024-01-19,948.0,UPI
PAY007659,I008881,C0698,2025-01-25,948.0,Debit Card
PAY007660,I008882,C0699,2025-05-13,79.0,Credit Card
PAY007661,I008883,C0699,2025-06-22,79.0,Debit Card
PAY007662,I008884,C0699,2025-07-05,79.0,Bank Transfer
PAY007663,I008886,C0699,2025-09-10,79.0,Debit Card
PAY007664,I008887,C0699,2025-10-19,79.0,UPI
PAY007665,I008889,C0699,2025-12-23,79.0,UPI
PAY007666,I008890,C0699,2026-01-12,79.0,UPI
PAY007667,I008891,C0699,2026-02-05,79.0,UPI
PAY007668,I008892,C0699,2026-03-10,79.0,Credit Card
PAY007669,I008893,C0699,2026-04-08,79.0,Debit Card
PAY007670,I008894,C0699,2026-05-20,79.0,Credit Card
PAY007671,I008895,C0699,2026-06-15,79.0,Debit Card
PAY007672,I008896,C0699,2026-07-22,79.0,Debit Card
PAY007673,I008897,C0699,2026-08-10,79.0,Credit Card
PAY007674,I008898,C0699,2026-09-11,79.0,Debit Card
PAY007675,I008900,C0700,2024-10-23,499.0,Bank Transfer
PAY007676,I008901,C0700,2024-11-17,499.0,UPI
PAY007677,I008902,C0700,2024-12-20,499.0,Bank Transfer
PAY007678,I008903,C0700,2025-01-07,499.0,Bank Transfer
PAY007679,I008904,C0700,2025-02-22,499.0,Debit Card
PAY007680,I008905,C0700,2025-03-12,499.0,Credit Card
PAY007681,I008906,C0700,2025-04-26,499.0,Bank Transfer
PAY007682,I008909,C0700,2025-07-26,499.0,Credit Card
PAY007683,I008910,C0700,2025-08-15,499.0,Debit Card
PAY007684,I008911,C0700,2025-09-15,499.0,Debit Card
PAY007685,I008912,C0700,2025-10-19,499.0,Credit Card
PAY007686,I008913,C0700,2025-11-09,499.0,Debit Card
PAY007687,I008914,C0700,2025-12-17,499.0,Credit Card
PAY007688,I008915,C0700,2026-01-12,499.0,Bank Transfer
PAY007689,I008916,C0700,2026-02-21,499.0,Bank Transfer
PAY007690,I008917,C0700,2026-03-12,499.0,Debit Card
PAY007691,I008918,C0700,2026-04-26,499.0,Bank Transfer
PAY007692,I008920,C0700,2026-06-11,499.0,Debit Card
PAY007693,I008921,C0700,2026-07-07,499.0,Debit Card
PAY007694,I008922,C0700,2026-08-13,499.0,Bank Transfer
PAY007695,I008924,C0701,2025-03-20,199.0,Credit Card
PAY007696,I008925,C0701,2025-04-21,199.0,Debit Card
PAY007697,I008926,C0701,2025-05-16,199.0,UPI
PAY007698,I008928,C0701,2025-07-25,199.0,Debit Card
PAY007699,I008929,C0701,2025-08-07,199.0,UPI
PAY007700,I008930,C0701,2025-09-22,199.0,Bank Transfer
PAY007701,I008931,C0701,2025-10-20,199.0,UPI
PAY007702,I008934,C0701,2026-01-06,199.0,Bank Transfer
PAY007703,I008935,C0701,2026-02-23,199.0,Credit Card
PAY007704,I008936,C0701,2026-03-23,199.0,UPI
PAY007705,I008938,C0701,2026-05-12,199.0,Credit Card
PAY007706,I008939,C0701,2026-06-23,199.0,UPI
PAY007707,I008940,C0701,2026-07-07,199.0,Bank Transfer
PAY007708,I008941,C0701,2026-08-13,199.0,UPI
PAY007709,I008942,C0701,2026-09-22,199.0,Bank Transfer
PAY007710,I008943,C0702,2023-08-09,199.0,UPI
PAY007711,I008944,C0702,2023-09-01,199.0,UPI
PAY007712,I008946,C0702,2023-10-30,199.0,Credit Card
PAY007713,I008947,C0702,2023-12-06,199.0,Debit Card
PAY007714,I008949,C0702,2024-02-12,199.0,Credit Card
PAY007715,I008952,C0702,2024-04-26,199.0,Bank Transfer
PAY007716,I008953,C0702,2024-06-13,199.0,Debit Card
PAY007717,I008954,C0702,2024-06-30,199.0,Credit Card
PAY007718,I008955,C0702,2024-08-08,199.0,Debit Card
PAY007719,I008956,C0702,2024-08-29,199.0,Debit Card
PAY007720,I008957,C0702,2024-10-01,199.0,Credit Card
PAY007721,I008958,C0702,2024-11-01,199.0,Debit Card
PAY007722,I008959,C0702,2024-11-30,199.0,Credit Card
PAY007723,I008960,C0702,2025-01-12,199.0,Credit Card
PAY007724,I008961,C0702,2025-02-13,199.0,Debit Card
PAY007725,I008964,C0702,2025-05-09,199.0,Credit Card
PAY007726,I008965,C0702,2025-06-08,199.0,Bank Transfer
PAY007727,I008966,C0702,2025-07-03,199.0,Credit Card
PAY007728,I008967,C0703,2025-05-02,5988.0,Debit Card
PAY007729,I008968,C0703,2026-05-06,5988.0,Bank Transfer
PAY007730,I008969,C0704,2023-02-17,348.0,Debit Card
PAY007731,I008970,C0704,2024-02-20,348.0,Credit Card
PAY007732,I008972,C0705,2025-06-17,79.0,Credit Card
PAY007733,I008973,C0705,2025-07-23,79.0,Credit Card
PAY007734,I008974,C0705,2025-08-31,79.0,Bank Transfer
PAY007735,I008975,C0705,2025-10-03,79.0,Credit Card
PAY007736,I008976,C0705,2025-10-18,79.0,Bank Transfer
PAY007737,I008977,C0705,2025-11-19,79.0,Debit Card
PAY007738,I008978,C0705,2025-12-21,79.0,Credit Card
PAY007739,I008979,C0705,2026-01-23,79.0,Debit Card
PAY007740,I008980,C0705,2026-02-16,79.0,Debit Card
PAY007741,I008982,C0705,2026-04-27,79.0,Credit Card
PAY007742,I008984,C0705,2026-06-25,79.0,Credit Card
PAY007743,I008985,C0705,2026-08-01,79.0,Credit Card
PAY007744,I008986,C0705,2026-08-30,79.0,Debit Card
PAY007745,I008987,C0705,2026-09-19,79.0,UPI
PAY007746,I008989,C0706,2026-03-09,2388.0,Credit Card
PAY007747,I008990,C0707,2024-05-01,199.0,Credit Card
PAY007748,I008991,C0707,2024-05-27,199.0,Debit Card
PAY007749,I008992,C0707,2024-06-23,199.0,Credit Card
PAY007750,I008993,C0707,2024-07-27,199.0,Bank Transfer
PAY007751,I008995,C0707,2024-09-29,199.0,Credit Card
PAY007752,I008996,C0707,2024-11-06,199.0,UPI
PAY007753,I008997,C0707,2024-11-26,199.0,UPI
PAY007754,I008998,C0707,2024-12-28,199.0,Debit Card
PAY007755,I008999,C0707,2025-02-07,199.0,UPI
PAY007756,I009000,C0707,2025-03-11,199.0,Credit Card
PAY007757,I009001,C0707,2025-04-03,199.0,Bank Transfer
PAY007758,I009002,C0707,2025-05-09,199.0,Bank Transfer
PAY007759,I009003,C0707,2025-06-06,199.0,Bank Transfer
PAY007760,I009004,C0707,2025-07-02,199.0,Bank Transfer
PAY007761,I009005,C0707,2025-08-07,199.0,Credit Card
PAY007762,I009006,C0707,2025-09-05,199.0,Bank Transfer
PAY007763,I009008,C0707,2025-10-20,199.0,Credit Card
PAY007764,I009009,C0707,2025-12-03,199.0,Bank Transfer
PAY007765,I009012,C0707,2026-03-10,199.0,UPI
PAY007766,I009013,C0707,2026-04-04,199.0,Credit Card
PAY007767,I009014,C0708,2023-03-31,199.0,Credit Card
PAY007768,I009015,C0708,2023-05-08,199.0,UPI
PAY007769,I009016,C0708,2023-05-28,199.0,UPI
PAY007770,I009017,C0708,2023-06-29,199.0,Bank Transfer
PAY007771,I009021,C0708,2023-11-10,199.0,Credit Card
PAY007772,I009022,C0708,2023-12-05,199.0,Bank Transfer
PAY007773,I009024,C0708,2024-01-30,199.0,Credit Card
PAY007774,I009025,C0708,2024-02-29,199.0,Bank Transfer
PAY007775,I009026,C0708,2024-03-31,199.0,UPI
PAY007776,I009027,C0708,2024-04-25,199.0,Bank Transfer
PAY007777,I009028,C0708,2024-05-25,199.0,UPI
PAY007778,I009029,C0708,2024-06-27,199.0,Bank Transfer
PAY007779,I009030,C0708,2024-08-09,199.0,UPI
PAY007780,I009032,C0708,2024-10-13,199.0,Bank Transfer
PAY007781,I009033,C0708,2024-11-02,199.0,Credit Card
PAY007782,I009034,C0708,2024-11-25,199.0,Debit Card
PAY007783,I009035,C0708,2024-12-29,199.0,Bank Transfer
PAY007784,I009036,C0708,2025-01-27,199.0,Debit Card
PAY007785,I009037,C0708,2025-03-14,199.0,Debit Card
PAY007786,I009038,C0709,2026-02-12,348.0,Bank Transfer
PAY007787,I009039,C0710,2023-07-13,5988.0,Debit Card
PAY007788,I009040,C0710,2024-07-10,5988.0,UPI
PAY007789,I009041,C0710,2024-10-15,948.0,UPI
PAY007790,I009042,C0710,2025-10-14,948.0,Debit Card
PAY007791,I009043,C0711,2025-03-12,199.0,Bank Transfer
PAY007792,I009044,C0711,2025-04-20,199.0,Bank Transfer
PAY007793,I009046,C0711,2025-06-17,199.0,UPI
PAY007794,I009047,C0711,2025-07-25,199.0,Credit Card
PAY007795,I009048,C0711,2025-08-29,199.0,Debit Card
PAY007796,I009050,C0712,2025-08-11,79.0,Credit Card
PAY007797,I009051,C0712,2025-08-24,79.0,UPI
PAY007798,I009052,C0712,2025-09-28,79.0,Bank Transfer
PAY007799,I009055,C0712,2026-01-02,79.0,Debit Card
PAY007800,I009056,C0712,2026-01-29,79.0,UPI
PAY007801,I009057,C0712,2026-03-13,79.0,Bank Transfer
PAY007802,I009059,C0712,2026-05-03,79.0,Bank Transfer
PAY007803,I009060,C0712,2026-06-07,79.0,UPI
PAY007804,I009062,C0712,2026-08-03,79.0,Bank Transfer
PAY007805,I009063,C0712,2026-09-08,79.0,Debit Card
PAY007806,I009064,C0712,2026-10-05,79.0,Credit Card
PAY007807,I009065,C0713,2023-09-22,79.0,UPI
PAY007808,I009066,C0713,2023-10-19,79.0,Bank Transfer
PAY007809,I009067,C0713,2023-11-12,79.0,Credit Card
PAY007810,I009070,C0713,2024-02-19,79.0,Credit Card
PAY007811,I009071,C0713,2024-04-03,79.0,Bank Transfer
PAY007812,I009072,C0713,2024-04-23,79.0,UPI
PAY007813,I009073,C0713,2024-06-06,79.0,UPI
PAY007814,I009074,C0713,2024-07-05,79.0,Bank Transfer
PAY007815,I009075,C0713,2024-08-03,79.0,Bank Transfer
PAY007816,I009076,C0713,2024-08-28,79.0,Debit Card
PAY007817,I009079,C0713,2024-12-04,79.0,Debit Card
PAY007818,I009080,C0713,2025-01-09,79.0,Bank Transfer
PAY007819,I009081,C0713,2025-02-07,79.0,Debit Card
PAY007820,I009082,C0713,2025-03-10,79.0,Bank Transfer
PAY007821,I009083,C0713,2025-04-04,79.0,UPI
PAY007822,I009084,C0713,2025-05-10,79.0,UPI
PAY007823,I009085,C0713,2025-06-09,79.0,UPI
PAY007824,I009087,C0713,2025-07-31,79.0,UPI
PAY007825,I009088,C0713,2025-08-30,79.0,Debit Card
PAY007826,I009089,C0713,2025-10-01,79.0,Bank Transfer
PAY007827,I009090,C0713,2025-11-05,79.0,Bank Transfer
PAY007828,I009091,C0713,2025-12-09,79.0,Debit Card
PAY007829,I009092,C0713,2025-12-24,79.0,UPI
PAY007830,I009094,C0713,2026-03-04,79.0,Debit Card
PAY007831,I009096,C0714,2023-11-18,199.0,Credit Card
PAY007832,I009097,C0714,2023-12-20,199.0,UPI
PAY007833,I009098,C0714,2024-01-29,199.0,Credit Card
PAY007834,I009099,C0714,2024-02-22,199.0,UPI
PAY007835,I009100,C0714,2024-03-24,199.0,UPI
PAY007836,I009101,C0714,2024-04-19,199.0,Credit Card
PAY007837,I009102,C0714,2024-05-30,199.0,Bank Transfer
PAY007838,I009103,C0714,2024-06-28,199.0,Credit Card
PAY007839,I009104,C0714,2024-07-18,199.0,Bank Transfer
PAY007840,I009105,C0714,2024-08-22,199.0,Credit Card
PAY007841,I009106,C0714,2024-10-05,199.0,Credit Card
PAY007842,I009107,C0714,2024-10-28,199.0,Debit Card
PAY007843,I009108,C0714,2024-11-06,948.0,Bank Transfer
PAY007844,I009109,C0714,2025-11-05,948.0,Credit Card
PAY007845,I009111,C0716,2025-04-23,29.0,Credit Card
PAY007846,I009112,C0716,2025-05-22,29.0,Debit Card
PAY007847,I009114,C0716,2025-07-22,29.0,UPI
PAY007848,I009115,C0716,2025-08-24,29.0,Debit Card
PAY007849,I009116,C0716,2025-09-23,29.0,Bank Transfer
PAY007850,I009117,C0716,2025-11-04,29.0,UPI
PAY007851,I009118,C0716,2025-11-19,29.0,Bank Transfer
PAY007852,I009119,C0716,2025-12-23,29.0,UPI
PAY007853,I009120,C0716,2026-01-16,29.0,UPI
PAY007854,I009121,C0716,2026-03-02,29.0,Debit Card
PAY007855,I009122,C0716,2026-03-24,29.0,UPI
PAY007856,I009125,C0716,2026-06-20,29.0,Bank Transfer
PAY007857,I009126,C0716,2026-07-17,29.0,Credit Card
PAY007858,I009128,C0716,2026-09-25,29.0,Bank Transfer
PAY007859,I009129,C0717,2024-06-04,79.0,Debit Card
PAY007860,I009130,C0717,2024-06-27,79.0,UPI
PAY007861,I009131,C0717,2024-07-23,79.0,Credit Card
PAY007862,I009132,C0717,2024-08-31,79.0,Debit Card
PAY007863,I009133,C0717,2024-10-01,79.0,Debit Card
PAY007864,I009134,C0717,2024-10-23,79.0,Credit Card
PAY007865,I009135,C0717,2024-12-01,79.0,UPI
PAY007866,I009136,C0717,2025-01-02,79.0,Debit Card
PAY007867,I009137,C0717,2025-01-25,79.0,UPI
PAY007868,I009138,C0717,2025-02-22,79.0,UPI
PAY007869,I009139,C0717,2025-04-03,79.0,Credit Card
PAY007870,I009140,C0717,2025-04-26,79.0,Debit Card
PAY007871,I009141,C0717,2025-05-22,79.0,UPI
PAY007872,I009142,C0717,2025-07-09,79.0,UPI
PAY007873,I009143,C0717,2025-07-28,79.0,Bank Transfer
PAY007874,I009145,C0717,2025-10-07,79.0,Credit Card
PAY007875,I009146,C0717,2025-06-09,348.0,UPI
PAY007876,I009148,C0718,2025-01-02,948.0,Debit Card
PAY007877,I009149,C0718,2026-01-05,948.0,Credit Card
PAY007878,I009150,C0719,2023-03-18,2388.0,Credit Card
PAY007879,I009151,C0719,2023-10-03,79.0,Bank Transfer
PAY007880,I009152,C0719,2023-11-03,79.0,Debit Card
PAY007881,I009153,C0719,2023-12-11,79.0,UPI
PAY007882,I009154,C0719,2024-01-09,79.0,UPI
PAY007883,I009155,C0719,2024-02-03,79.0,Debit Card
PAY007884,I009157,C0719,2024-04-12,79.0,UPI
PAY007885,I009158,C0719,2024-05-12,79.0,Credit Card
PAY007886,I009159,C0719,2024-06-20,79.0,UPI
PAY007887,I009160,C0719,2024-07-05,79.0,Debit Card
PAY007888,I009162,C0719,2024-09-02,79.0,Credit Card
PAY007889,I009163,C0719,2024-10-07,79.0,Debit Card
PAY007890,I009164,C0719,2024-11-20,79.0,UPI
PAY007891,I009165,C0719,2024-12-08,79.0,UPI
PAY007892,I009166,C0719,2025-01-05,79.0,Bank Transfer
PAY007893,I009167,C0719,2025-02-04,79.0,Credit Card
PAY007894,I009169,C0719,2025-04-10,79.0,Credit Card
PAY007895,I009170,C0719,2025-05-04,79.0,Debit Card
PAY007896,I009171,C0719,2025-06-14,79.0,Bank Transfer
PAY007897,I009172,C0719,2025-07-10,79.0,Credit Card
PAY007898,I009174,C0719,2025-09-13,79.0,Debit Card
PAY007899,I009175,C0720,2024-10-11,79.0,Debit Card
PAY007900,I009176,C0720,2024-11-08,79.0,Credit Card
PAY007901,I009177,C0720,2024-12-14,79.0,Debit Card
PAY007902,I009178,C0720,2025-01-17,79.0,Debit Card
PAY007903,I009179,C0720,2025-02-08,79.0,Debit Card
PAY007904,I009180,C0720,2025-03-18,79.0,Debit Card
PAY007905,I009181,C0720,2025-04-03,79.0,UPI
PAY007906,I009182,C0720,2025-05-04,79.0,Credit Card
PAY007907,I009184,C0720,2025-07-04,79.0,Bank Transfer
PAY007908,I009185,C0720,2025-08-07,79.0,Debit Card
PAY007909,I009186,C0720,2025-09-08,79.0,UPI
PAY007910,I009187,C0720,2025-10-04,79.0,UPI
PAY007911,I009188,C0720,2025-11-15,79.0,Debit Card
PAY007912,I009189,C0720,2025-12-03,79.0,Bank Transfer
PAY007913,I009190,C0720,2026-01-12,79.0,Credit Card
PAY007914,I009191,C0720,2026-02-12,79.0,Bank Transfer
PAY007915,I009192,C0720,2026-03-03,79.0,Debit Card
PAY007916,I009193,C0720,2026-04-14,79.0,Bank Transfer
PAY007917,I009194,C0720,2026-05-09,79.0,Bank Transfer
PAY007918,I009195,C0720,2026-06-11,79.0,Debit Card
PAY007919,I009196,C0720,2026-07-06,79.0,Credit Card
PAY007920,I009197,C0720,2026-08-21,79.0,Debit Card
PAY007921,I009198,C0720,2026-09-02,79.0,UPI
PAY007922,I009199,C0721,2025-08-02,29.0,UPI
PAY007923,I009200,C0721,2025-08-28,29.0,Bank Transfer
PAY007924,I009201,C0721,2025-10-05,29.0,UPI
PAY007925,I009202,C0721,2025-11-04,29.0,Credit Card
PAY007926,I009203,C0721,2025-11-28,29.0,Credit Card
PAY007927,I009204,C0721,2026-01-16,29.0,Credit Card
PAY007928,I009206,C0721,2026-03-02,29.0,Credit Card
PAY007929,I009207,C0721,2026-04-01,29.0,Bank Transfer
PAY007930,I009210,C0721,2026-07-06,29.0,UPI
PAY007931,I009211,C0721,2026-07-31,29.0,Bank Transfer
PAY007932,I009212,C0721,2026-03-19,79.0,UPI
PAY007933,I009213,C0721,2026-04-13,79.0,Credit Card
PAY007934,I009214,C0721,2026-05-29,79.0,Bank Transfer
PAY007935,I009215,C0721,2026-06-29,79.0,Bank Transfer
PAY007936,I009217,C0721,2026-08-18,79.0,Credit Card
PAY007937,I009218,C0721,2026-09-20,79.0,UPI
PAY007938,I009219,C0722,2024-09-01,948.0,Bank Transfer
PAY007939,I009221,C0723,2024-07-20,79.0,Bank Transfer
PAY007940,I009222,C0723,2024-08-20,79.0,Credit Card
PAY007941,I009224,C0723,2024-11-07,79.0,Debit Card
PAY007942,I009225,C0723,2024-11-25,79.0,Debit Card
PAY007943,I009226,C0723,2025-01-02,79.0,UPI
PAY007944,I009227,C0723,2025-01-19,79.0,Debit Card
PAY007945,I009228,C0723,2025-02-23,79.0,Credit Card
PAY007946,I009229,C0723,2025-03-31,79.0,Debit Card
PAY007947,I009230,C0723,2025-05-01,79.0,Bank Transfer
PAY007948,I009231,C0723,2025-05-30,79.0,Debit Card
PAY007949,I009233,C0723,2025-07-26,79.0,Debit Card
PAY007950,I009235,C0724,2023-03-13,348.0,Debit Card
PAY007951,I009236,C0724,2024-03-07,348.0,Credit Card
PAY007952,I009237,C0725,2024-06-26,348.0,UPI
PAY007953,I009238,C0725,2025-06-22,348.0,Credit Card
PAY007954,I009239,C0726,2024-09-19,79.0,Credit Card
PAY007955,I009240,C0726,2024-10-06,79.0,Debit Card
PAY007956,I009241,C0726,2024-11-17,79.0,Credit Card
PAY007957,I009242,C0726,2024-12-20,79.0,Bank Transfer
PAY007958,I009243,C0726,2025-01-21,79.0,Bank Transfer
PAY007959,I009244,C0726,2025-02-21,79.0,Bank Transfer
PAY007960,I009245,C0726,2025-03-11,79.0,Bank Transfer
PAY007961,I009247,C0726,2025-05-17,79.0,UPI
PAY007962,I009248,C0726,2025-06-10,79.0,Credit Card
PAY007963,I009250,C0726,2025-08-09,79.0,UPI
PAY007964,I009251,C0726,2025-09-05,79.0,Debit Card
PAY007965,I009253,C0726,2025-11-09,79.0,Bank Transfer
PAY007966,I009254,C0726,2025-12-17,79.0,Bank Transfer
PAY007967,I009255,C0726,2026-01-16,79.0,UPI
PAY007968,I009256,C0726,2026-02-02,79.0,Bank Transfer
PAY007969,I009257,C0726,2026-03-06,79.0,Debit Card
PAY007970,I009258,C0726,2026-04-17,79.0,Bank Transfer
PAY007971,I009259,C0726,2026-05-19,79.0,Debit Card
PAY007972,I009260,C0726,2026-06-21,79.0,Debit Card
PAY007973,I009261,C0726,2026-07-03,79.0,UPI
PAY007974,I009262,C0726,2026-08-02,79.0,Bank Transfer
PAY007975,I009263,C0727,2023-07-30,79.0,Credit Card
PAY007976,I009265,C0727,2023-09-20,79.0,UPI
PAY007977,I009266,C0727,2023-10-25,79.0,Debit Card
PAY007978,I009267,C0727,2023-11-13,79.0,Debit Card
PAY007979,I009268,C0727,2023-12-12,79.0,UPI
PAY007980,I009269,C0727,2024-01-24,79.0,Bank Transfer
PAY007981,I009270,C0727,2024-02-14,79.0,Credit Card
PAY007982,I009271,C0727,2024-03-26,79.0,Bank Transfer
PAY007983,I009272,C0727,2024-04-21,79.0,UPI
PAY007984,I009273,C0727,2024-05-28,79.0,UPI
PAY007985,I009274,C0727,2024-06-20,79.0,UPI
PAY007986,I009275,C0727,2024-07-13,79.0,Bank Transfer
PAY007987,I009276,C0727,2024-08-17,79.0,Credit Card
PAY007988,I009277,C0727,2024-09-29,79.0,Credit Card
PAY007989,I009278,C0727,2024-10-29,79.0,UPI
PAY007990,I009279,C0727,2024-11-21,79.0,UPI
PAY007991,I009280,C0727,2024-12-17,79.0,Bank Transfer
PAY007992,I009281,C0727,2025-01-31,79.0,Bank Transfer
PAY007993,I009283,C0727,2025-03-22,79.0,UPI
PAY007994,I009284,C0727,2025-04-28,79.0,Debit Card
PAY007995,I009286,C0727,2025-06-13,79.0,UPI
PAY007996,I009287,C0728,2023-03-01,79.0,UPI
PAY007997,I009288,C0728,2023-04-01,79.0,Credit Card
PAY007998,I009289,C0728,2023-05-01,79.0,Debit Card
PAY007999,I009290,C0728,2023-06-07,79.0,UPI
PAY008000,I009291,C0728,2023-06-28,79.0,UPI
PAY008001,I009292,C0728,2023-08-14,79.0,Debit Card
PAY008002,I009293,C0728,2023-08-30,79.0,Credit Card
PAY008003,I009294,C0728,2023-10-14,79.0,Credit Card
PAY008004,I009295,C0728,2023-11-07,79.0,Bank Transfer
PAY008005,I009296,C0728,2023-12-16,79.0,UPI
PAY008006,I009297,C0728,2024-01-12,79.0,Credit Card
PAY008007,I009298,C0728,2024-01-28,79.0,Credit Card
PAY008008,I009299,C0728,2024-03-10,79.0,UPI
PAY008009,I009300,C0728,2024-04-13,79.0,Debit Card
PAY008010,I009302,C0728,2024-06-01,79.0,Credit Card
PAY008011,I009303,C0728,2024-07-02,79.0,UPI
PAY008012,I009304,C0728,2024-08-11,79.0,Bank Transfer
PAY008013,I009305,C0728,2024-09-08,79.0,Debit Card
PAY008014,I009306,C0728,2024-10-13,79.0,UPI
PAY008015,I009307,C0728,2024-10-27,79.0,UPI
PAY008016,I009308,C0728,2024-12-14,79.0,Credit Card
PAY008017,I009309,C0728,2025-01-10,79.0,Bank Transfer
PAY008018,I009310,C0728,2025-02-06,79.0,Bank Transfer
PAY008019,I009311,C0729,2026-02-15,948.0,UPI
PAY008020,I009312,C0730,2023-05-14,2388.0,Bank Transfer
PAY008021,I009313,C0731,2024-12-08,79.0,UPI
PAY008022,I009314,C0731,2025-01-24,79.0,Debit Card
PAY008023,I009315,C0731,2025-02-07,79.0,Credit Card
PAY008024,I009317,C0731,2025-04-10,79.0,Bank Transfer
PAY008025,I009318,C0731,2025-05-15,79.0,UPI
PAY008026,I009319,C0731,2025-06-11,79.0,Credit Card
PAY008027,I009320,C0731,2025-07-18,79.0,UPI
PAY008028,I009321,C0731,2025-08-23,79.0,Bank Transfer
PAY008029,I009322,C0731,2025-09-23,79.0,Debit Card
PAY008030,I009323,C0732,2025-05-17,199.0,UPI
PAY008031,I009324,C0732,2025-06-16,199.0,Bank Transfer
PAY008032,I009325,C0732,2025-07-01,199.0,Credit Card
PAY008033,I009326,C0732,2025-08-18,199.0,Debit Card
PAY008034,I009328,C0732,2025-10-06,199.0,UPI
PAY008035,I009329,C0732,2025-11-04,199.0,UPI
PAY008036,I009330,C0732,2025-12-08,199.0,UPI
PAY008037,I009331,C0732,2026-01-11,199.0,Debit Card
PAY008038,I009332,C0732,2026-02-03,199.0,UPI
PAY008039,I009333,C0732,2026-03-19,199.0,Bank Transfer
PAY008040,I009334,C0732,2026-04-04,199.0,Bank Transfer
PAY008041,I009335,C0732,2026-05-01,199.0,Credit Card
PAY008042,I009336,C0732,2026-06-13,199.0,Credit Card
PAY008043,I009337,C0732,2026-07-08,199.0,Credit Card
PAY008044,I009338,C0732,2026-08-12,199.0,Debit Card
PAY008045,I009339,C0732,2026-09-15,199.0,Debit Card
PAY008046,I009340,C0733,2023-01-24,948.0,Debit Card
PAY008047,I009341,C0733,2024-01-10,948.0,UPI
PAY008048,I009342,C0734,2023-02-06,948.0,Credit Card
PAY008049,I009343,C0734,2024-01-30,948.0,UPI
PAY008050,I009344,C0735,2026-02-18,79.0,Credit Card
PAY008051,I009345,C0735,2026-03-21,79.0,UPI
PAY008052,I009346,C0735,2026-04-12,79.0,Bank Transfer
PAY008053,I009348,C0735,2026-06-13,79.0,Bank Transfer
PAY008054,I009349,C0735,2026-07-27,79.0,Credit Card
PAY008055,I009350,C0735,2026-08-27,79.0,Bank Transfer
PAY008056,I009352,C0736,2025-08-17,29.0,UPI
PAY008057,I009354,C0736,2025-10-07,29.0,UPI
PAY008058,I009355,C0736,2025-11-18,29.0,Bank Transfer
PAY008059,I009356,C0736,2025-12-04,29.0,Credit Card
PAY008060,I009357,C0736,2026-01-16,29.0,Debit Card
PAY008061,I009358,C0736,2026-02-19,29.0,Bank Transfer
PAY008062,I009360,C0736,2026-04-08,29.0,Debit Card
PAY008063,I009361,C0736,2026-05-20,29.0,UPI
PAY008064,I009362,C0736,2026-06-21,29.0,Bank Transfer
PAY008065,I009363,C0736,2026-07-07,29.0,Debit Card
PAY008066,I009364,C0736,2026-08-05,29.0,Credit Card
PAY008067,I009365,C0736,2026-09-17,29.0,Credit Card
PAY008068,I009366,C0737,2023-05-18,79.0,Credit Card
PAY008069,I009368,C0737,2023-07-21,79.0,Credit Card
PAY008070,I009369,C0737,2023-08-15,79.0,Debit Card
PAY008071,I009371,C0737,2023-10-30,79.0,Bank Transfer
PAY008072,I009373,C0737,2023-12-24,79.0,Debit Card
PAY008073,I009374,C0737,2024-01-22,79.0,Bank Transfer
PAY008074,I009375,C0737,2024-02-16,79.0,Bank Transfer
PAY008075,I009376,C0737,2024-03-15,79.0,Bank Transfer
PAY008076,I009377,C0737,2024-04-24,79.0,Bank Transfer
PAY008077,I009378,C0737,2024-05-27,79.0,Debit Card
PAY008078,I009380,C0737,2024-07-14,79.0,Bank Transfer
PAY008079,I009381,C0737,2024-08-11,79.0,Debit Card
PAY008080,I009384,C0737,2024-11-23,79.0,Debit Card
PAY008081,I009385,C0737,2024-12-21,79.0,UPI
PAY008082,I009386,C0737,2025-01-14,79.0,Bank Transfer
PAY008083,I009387,C0737,2025-02-22,79.0,Credit Card
PAY008084,I009388,C0737,2025-03-25,79.0,Debit Card
PAY008085,I009389,C0737,2025-04-13,79.0,Debit Card
PAY008086,I009390,C0738,2023-07-16,199.0,Debit Card
PAY008087,I009391,C0738,2023-08-17,199.0,Credit Card
PAY008088,I009392,C0738,2023-09-13,199.0,Credit Card
PAY008089,I009393,C0738,2023-10-25,199.0,UPI
PAY008090,I009394,C0738,2023-11-14,199.0,Bank Transfer
PAY008091,I009395,C0738,2023-12-22,199.0,Credit Card
PAY008092,I009396,C0738,2024-01-08,199.0,Debit Card
PAY008093,I009397,C0738,2024-02-15,199.0,Bank Transfer
PAY008094,I009398,C0738,2024-03-20,199.0,Bank Transfer
PAY008095,I009400,C0738,2024-05-18,199.0,UPI
PAY008096,I009401,C0738,2024-06-08,199.0,Debit Card
PAY008097,I009402,C0738,2024-07-10,199.0,Bank Transfer
PAY008098,I009403,C0738,2024-08-21,199.0,Debit Card
PAY008099,I009404,C0738,2024-09-08,199.0,Debit Card
PAY008100,I009405,C0738,2024-10-19,199.0,Credit Card
PAY008101,I009406,C0738,2024-11-20,199.0,Bank Transfer
PAY008102,I009407,C0738,2024-12-19,199.0,Debit Card
PAY008103,I009408,C0738,2025-01-22,199.0,Debit Card
PAY008104,I009409,C0738,2025-02-12,199.0,UPI
PAY008105,I009410,C0738,2025-03-08,199.0,Credit Card
PAY008106,I009411,C0738,2025-04-21,199.0,Bank Transfer
PAY008107,I009412,C0738,2025-05-14,199.0,Bank Transfer
PAY008108,I009413,C0738,2025-06-23,199.0,Credit Card
PAY008109,I009414,C0739,2024-12-10,5988.0,UPI
PAY008110,I009415,C0739,2025-12-24,5988.0,Bank Transfer
PAY008111,I009416,C0740,2023-08-15,948.0,Credit Card
PAY008112,I009417,C0740,2024-08-17,948.0,Bank Transfer
PAY008113,I009418,C0741,2023-10-06,79.0,Bank Transfer
PAY008114,I009420,C0741,2023-12-13,79.0,UPI
PAY008115,I009421,C0741,2024-01-13,79.0,Bank Transfer
PAY008116,I009422,C0741,2024-02-13,79.0,Bank Transfer
PAY008117,I009423,C0741,2024-03-12,79.0,Credit Card
PAY008118,I009424,C0741,2024-04-09,79.0,Bank Transfer
PAY008119,I009426,C0741,2024-06-15,79.0,Credit Card
PAY008120,I009427,C0741,2024-07-07,79.0,UPI
PAY008121,I009428,C0741,2024-08-20,79.0,Bank Transfer
PAY008122,I009429,C0741,2024-09-03,79.0,Credit Card
PAY008123,I009430,C0741,2024-10-22,79.0,UPI
PAY008124,I009432,C0741,2024-12-07,79.0,Credit Card
PAY008125,I009433,C0741,2025-01-21,79.0,Credit Card
PAY008126,I009434,C0741,2025-02-12,79.0,UPI
PAY008127,I009435,C0741,2025-03-06,79.0,UPI
PAY008128,I009436,C0741,2025-04-18,79.0,Debit Card
PAY008129,I009437,C0741,2025-05-11,79.0,Credit Card
PAY008130,I009441,C0741,2025-09-16,79.0,Bank Transfer
PAY008131,I009442,C0742,2026-01-19,199.0,Credit Card
PAY008132,I009443,C0742,2026-02-06,199.0,UPI
PAY008133,I009444,C0742,2026-03-07,199.0,Debit Card
PAY008134,I009445,C0742,2026-04-18,199.0,Credit Card
PAY008135,I009446,C0742,2026-05-15,199.0,Bank Transfer
PAY008136,I009449,C0742,2026-08-09,199.0,Debit Card
PAY008137,I009450,C0742,2026-09-08,199.0,Bank Transfer
PAY008138,I009451,C0743,2023-09-12,2388.0,Credit Card
PAY008139,I009452,C0743,2024-09-15,2388.0,Debit Card
PAY008140,I009453,C0744,2026-02-02,29.0,Debit Card
PAY008141,I009454,C0744,2026-03-05,29.0,Credit Card
PAY008142,I009455,C0744,2026-03-30,29.0,UPI
PAY008143,I009456,C0744,2026-05-02,29.0,UPI
PAY008144,I009457,C0744,2026-06-08,29.0,UPI
PAY008145,I009458,C0744,2026-06-30,29.0,Credit Card
PAY008146,I009459,C0744,2026-08-04,29.0,UPI
PAY008147,I009460,C0744,2026-09-02,29.0,Bank Transfer
PAY008148,I009461,C0744,2026-10-03,29.0,UPI
PAY008149,I009462,C0745,2025-10-01,948.0,UPI
PAY008150,I009463,C0745,2026-10-02,948.0,Debit Card
PAY008151,I009465,C0746,2024-12-17,29.0,Bank Transfer
PAY008152,I009466,C0746,2025-01-19,29.0,Debit Card
PAY008153,I009467,C0746,2025-02-28,29.0,Credit Card
PAY008154,I009469,C0746,2025-05-04,29.0,Bank Transfer
PAY008155,I009470,C0746,2025-05-16,29.0,Debit Card
PAY008156,I009471,C0746,2025-06-22,29.0,UPI
PAY008157,I009472,C0746,2025-07-27,29.0,Credit Card
PAY008158,I009474,C0746,2025-10-02,29.0,UPI
PAY008159,I009476,C0746,2025-11-28,29.0,Credit Card
PAY008160,I009477,C0746,2026-01-02,29.0,Bank Transfer
PAY008161,I009478,C0746,2026-01-23,29.0,Credit Card
PAY008162,I009479,C0746,2026-02-17,29.0,Credit Card
PAY008163,I009480,C0746,2026-03-17,29.0,Debit Card
PAY008164,I009481,C0746,2026-04-25,29.0,Bank Transfer
PAY008165,I009482,C0746,2026-05-21,29.0,Credit Card
PAY008166,I009483,C0746,2026-07-03,29.0,Credit Card
PAY008167,I009484,C0746,2026-07-24,29.0,Debit Card
PAY008168,I009485,C0746,2026-08-21,29.0,Credit Card
PAY008169,I009486,C0746,2026-09-23,29.0,Bank Transfer
PAY008170,I009487,C0747,2023-06-28,199.0,Bank Transfer
PAY008171,I009488,C0747,2023-07-21,199.0,Credit Card
PAY008172,I009489,C0747,2023-08-23,199.0,Bank Transfer
PAY008173,I009490,C0747,2023-10-07,199.0,Credit Card
PAY008174,I009491,C0747,2023-10-29,199.0,UPI
PAY008175,I009492,C0747,2023-12-02,199.0,Debit Card
PAY008176,I009493,C0747,2024-01-01,199.0,UPI
PAY008177,I009494,C0747,2024-01-21,199.0,Credit Card
PAY008178,I009495,C0747,2024-03-09,199.0,Credit Card
PAY008179,I009496,C0748,2024-11-02,79.0,Debit Card
PAY008180,I009497,C0748,2024-11-25,79.0,UPI
PAY008181,I009500,C0748,2025-02-21,79.0,UPI
PAY008182,I009501,C0748,2025-04-01,79.0,Credit Card
PAY008183,I009502,C0748,2025-04-21,79.0,Debit Card
PAY008184,I009503,C0748,2025-05-17,79.0,UPI
PAY008185,I009504,C0748,2025-06-22,79.0,Credit Card
PAY008186,I009506,C0749,2024-07-07,948.0,Bank Transfer
PAY008187,I009507,C0750,2026-01-26,2388.0,UPI
PAY008188,I009508,C0751,2023-03-01,29.0,Debit Card
PAY008189,I009509,C0751,2023-03-30,29.0,UPI
PAY008190,I009513,C0751,2023-08-01,29.0,Credit Card
PAY008191,I009514,C0751,2023-08-23,29.0,Credit Card
PAY008192,I009515,C0751,2023-09-29,29.0,Debit Card
PAY008193,I009516,C0751,2023-11-05,29.0,Debit Card
PAY008194,I009517,C0751,2023-11-23,29.0,Debit Card
PAY008195,I009518,C0751,2023-12-28,29.0,Debit Card
PAY008196,I009519,C0751,2024-02-08,29.0,Bank Transfer
PAY008197,I009520,C0751,2024-03-02,29.0,Credit Card
PAY008198,I009521,C0751,2024-04-03,29.0,UPI
PAY008199,I009522,C0751,2024-04-24,29.0,UPI
PAY008200,I009524,C0751,2024-07-10,29.0,Bank Transfer
PAY008201,I009525,C0751,2024-08-02,29.0,Debit Card
PAY008202,I009526,C0751,2024-09-02,29.0,Credit Card
PAY008203,I009527,C0751,2024-10-02,29.0,UPI
PAY008204,I009528,C0751,2024-10-28,29.0,Credit Card
PAY008205,I009529,C0751,2024-11-25,29.0,Credit Card
PAY008206,I009530,C0751,2025-01-02,29.0,UPI
PAY008207,I009531,C0751,2025-02-09,29.0,Debit Card
PAY008208,I009532,C0752,2023-05-06,5988.0,Credit Card
PAY008209,I009533,C0752,2024-04-30,5988.0,UPI
PAY008210,I009534,C0753,2025-05-29,948.0,Debit Card
PAY008211,I009535,C0753,2026-02-20,948.0,Credit Card
PAY008212,I009536,C0754,2025-12-17,79.0,UPI
PAY008213,I009537,C0754,2026-01-13,79.0,Bank Transfer
PAY008214,I009538,C0754,2026-02-03,79.0,Credit Card
PAY008215,I009539,C0754,2026-03-07,79.0,Credit Card
PAY008216,I009540,C0754,2026-04-14,79.0,Debit Card
PAY008217,I009541,C0754,2026-05-11,79.0,Credit Card
PAY008218,I009542,C0754,2026-06-05,79.0,Bank Transfer
PAY008219,I009543,C0754,2026-07-15,79.0,Debit Card
PAY008220,I009545,C0754,2026-09-17,79.0,Bank Transfer
PAY008221,I009547,C0755,2024-08-15,948.0,Bank Transfer
PAY008222,I009548,C0756,2025-05-25,348.0,Debit Card
PAY008223,I009549,C0756,2026-05-16,348.0,Credit Card
PAY008224,I009550,C0757,2024-09-29,79.0,UPI
PAY008225,I009551,C0757,2024-11-04,79.0,Bank Transfer
PAY008226,I009552,C0757,2024-11-25,79.0,Debit Card
PAY008227,I009553,C0757,2025-01-01,79.0,Bank Transfer
PAY008228,I009554,C0757,2025-01-22,79.0,Bank Transfer
PAY008229,I009557,C0757,2025-05-02,79.0,Debit Card
PAY008230,I009558,C0757,2025-05-29,79.0,UPI
PAY008231,I009559,C0757,2025-07-06,79.0,Debit Card
PAY008232,I009560,C0757,2025-08-04,79.0,Credit Card
PAY008233,I009561,C0757,2025-08-29,79.0,UPI
PAY008234,I009563,C0757,2025-11-02,79.0,UPI
PAY008235,I009564,C0757,2025-12-02,79.0,Bank Transfer
PAY008236,I009565,C0757,2025-12-24,79.0,Debit Card
PAY008237,I009566,C0757,2026-01-21,79.0,Bank Transfer
PAY008238,I009567,C0757,2026-03-03,79.0,UPI
PAY008239,I009568,C0757,2026-03-29,79.0,Credit Card
PAY008240,I009569,C0757,2026-05-06,79.0,Bank Transfer
PAY008241,I009570,C0757,2026-06-02,79.0,UPI
PAY008242,I009571,C0757,2026-06-23,79.0,Debit Card
PAY008243,I009572,C0757,2026-08-03,79.0,Debit Card
PAY008244,I009573,C0757,2026-09-04,79.0,Bank Transfer
PAY008245,I009574,C0758,2025-11-23,79.0,Bank Transfer
PAY008246,I009575,C0758,2025-12-25,79.0,Bank Transfer
PAY008247,I009576,C0758,2026-01-19,79.0,Bank Transfer
PAY008248,I009577,C0758,2026-02-26,79.0,Bank Transfer
PAY008249,I009578,C0758,2026-03-16,79.0,Bank Transfer
PAY008250,I009579,C0758,2026-04-21,79.0,Credit Card
PAY008251,I009580,C0758,2026-05-27,79.0,Bank Transfer
PAY008252,I009581,C0758,2026-06-27,79.0,Credit Card
PAY008253,I009582,C0758,2026-08-01,79.0,Credit Card
PAY008254,I009583,C0758,2026-08-27,79.0,Debit Card
PAY008255,I009585,C0759,2023-11-12,948.0,Credit Card
PAY008256,I009586,C0759,2024-10-29,948.0,Credit Card
PAY008257,I009587,C0760,2026-01-15,948.0,Bank Transfer
PAY008258,I009588,C0761,2025-07-15,29.0,Debit Card
PAY008259,I009590,C0761,2025-09-28,29.0,Credit Card
PAY008260,I009591,C0761,2025-10-19,29.0,UPI
PAY008261,I009592,C0761,2025-11-30,29.0,Debit Card
PAY008262,I009593,C0761,2025-12-12,29.0,UPI
PAY008263,I009594,C0761,2026-01-16,29.0,Bank Transfer
PAY008264,I009595,C0761,2026-02-14,29.0,UPI
PAY008265,I009598,C0761,2026-05-13,29.0,UPI
PAY008266,I009599,C0761,2026-06-23,29.0,Bank Transfer
PAY008267,I009600,C0761,2026-07-30,29.0,Credit Card
PAY008268,I009601,C0761,2026-08-24,29.0,UPI
PAY008269,I009603,C0762,2023-05-17,29.0,Debit Card
PAY008270,I009604,C0762,2023-07-02,29.0,Bank Transfer
PAY008271,I009605,C0762,2023-08-02,29.0,UPI
PAY008272,I009606,C0762,2023-08-20,29.0,Bank Transfer
PAY008273,I009607,C0762,2023-10-02,29.0,Debit Card
PAY008274,I009608,C0762,2023-10-18,29.0,UPI
PAY008275,I009609,C0762,2023-11-29,29.0,Debit Card
PAY008276,I009610,C0762,2023-12-20,29.0,UPI
PAY008277,I009611,C0762,2024-01-26,29.0,Credit Card
PAY008278,I009612,C0762,2024-02-19,29.0,Debit Card
PAY008279,I009613,C0762,2024-04-02,29.0,Debit Card
PAY008280,I009614,C0762,2024-04-27,29.0,UPI
PAY008281,I009615,C0762,2024-05-29,29.0,Credit Card
PAY008282,I009616,C0762,2024-06-27,29.0,UPI
PAY008283,I009617,C0762,2024-07-23,29.0,UPI
PAY008284,I009618,C0762,2024-08-20,29.0,Debit Card
PAY008285,I009619,C0763,2025-11-09,79.0,Credit Card
PAY008286,I009620,C0763,2025-12-25,79.0,Debit Card
PAY008287,I009621,C0763,2026-01-19,79.0,Bank Transfer
PAY008288,I009622,C0763,2026-02-21,79.0,Bank Transfer
PAY008289,I009623,C0763,2026-03-15,79.0,UPI
PAY008290,I009625,C0763,2026-05-26,79.0,Credit Card
PAY008291,I009626,C0763,2026-06-26,79.0,Bank Transfer
PAY008292,I009627,C0763,2026-07-16,79.0,Credit Card
PAY008293,I009628,C0763,2026-08-10,79.0,Bank Transfer
PAY008294,I009629,C0763,2026-09-17,79.0,Debit Card
PAY008295,I009630,C0763,2026-05-17,29.0,Debit Card
PAY008296,I009632,C0763,2026-07-30,29.0,Bank Transfer
PAY008297,I009633,C0763,2026-08-21,29.0,Debit Card
PAY008298,I009634,C0763,2026-09-18,29.0,UPI
PAY008299,I009635,C0764,2024-03-22,948.0,Debit Card
PAY008300,I009636,C0765,2023-08-15,199.0,Debit Card
PAY008301,I009637,C0765,2023-09-13,199.0,Bank Transfer
PAY008302,I009639,C0765,2023-11-12,199.0,Credit Card
PAY008303,I009640,C0765,2023-12-15,199.0,Debit Card
PAY008304,I009641,C0765,2024-01-11,199.0,Credit Card
PAY008305,I009642,C0765,2024-02-02,199.0,Bank Transfer
PAY008306,I009643,C0765,2024-03-07,199.0,Bank Transfer
PAY008307,I009644,C0765,2024-04-06,199.0,UPI
PAY008308,I009647,C0765,2024-07-09,199.0,Debit Card
PAY008309,I009648,C0765,2024-08-07,199.0,UPI
PAY008310,I009649,C0765,2024-08-31,199.0,Debit Card
PAY008311,I009650,C0765,2024-10-11,199.0,Debit Card
PAY008312,I009651,C0765,2024-11-14,199.0,Credit Card
PAY008313,I009653,C0765,2024-12-31,199.0,Credit Card
PAY008314,I009655,C0765,2025-03-09,199.0,UPI
PAY008315,I009656,C0765,2025-04-18,199.0,Debit Card
PAY008316,I009657,C0765,2025-05-02,199.0,Debit Card
PAY008317,I009658,C0765,2025-06-06,199.0,Debit Card
PAY008318,I009660,C0766,2025-02-02,199.0,UPI
PAY008319,I009661,C0766,2025-02-26,199.0,Debit Card
PAY008320,I009663,C0766,2025-04-21,199.0,Credit Card
PAY008321,I009664,C0766,2025-05-27,199.0,UPI
PAY008322,I009665,C0766,2025-06-30,199.0,UPI
PAY008323,I009666,C0766,2025-07-27,199.0,Credit Card
PAY008324,I009667,C0766,2025-08-27,199.0,Debit Card
PAY008325,I009669,C0766,2025-11-03,199.0,Credit Card
PAY008326,I009670,C0766,2025-11-26,199.0,UPI
PAY008327,I009671,C0766,2025-12-29,199.0,Credit Card
PAY008328,I009673,C0766,2026-02-28,199.0,UPI
PAY008329,I009675,C0766,2026-04-21,199.0,Credit Card
PAY008330,I009676,C0766,2026-06-06,199.0,Credit Card
PAY008331,I009677,C0766,2026-06-28,199.0,UPI
PAY008332,I009678,C0766,2026-08-03,199.0,Credit Card
PAY008333,I009679,C0766,2026-09-06,199.0,Bank Transfer
PAY008334,I009680,C0766,2026-09-25,199.0,Credit Card
PAY008335,I009681,C0767,2024-03-14,948.0,UPI
PAY008336,I009682,C0767,2025-03-10,948.0,Credit Card
PAY008337,I009683,C0768,2025-03-08,79.0,Debit Card
PAY008338,I009684,C0768,2025-03-23,79.0,Bank Transfer
PAY008339,I009685,C0768,2025-04-25,79.0,UPI
PAY008340,I009687,C0768,2025-06-27,79.0,Debit Card
PAY008341,I009688,C0768,2025-07-21,79.0,UPI
PAY008342,I009689,C0768,2025-08-18,79.0,Credit Card
PAY008343,I009691,C0768,2025-10-19,79.0,Bank Transfer
PAY008344,I009692,C0768,2025-12-06,79.0,Credit Card
PAY008345,I009693,C0768,2025-12-26,79.0,Bank Transfer
PAY008346,I009695,C0768,2026-03-09,79.0,UPI
PAY008347,I009696,C0768,2026-03-30,79.0,UPI
PAY008348,I009697,C0768,2026-04-30,79.0,Bank Transfer
PAY008349,I009698,C0768,2026-05-27,79.0,Bank Transfer
PAY008350,I009699,C0768,2026-07-07,79.0,UPI
PAY008351,I009700,C0768,2026-07-30,79.0,UPI
PAY008352,I009701,C0768,2026-08-21,79.0,Bank Transfer
PAY008353,I009703,C0769,2024-03-17,948.0,Credit Card
PAY008354,I009704,C0769,2025-03-31,948.0,Credit Card
PAY008355,I009705,C0770,2024-11-04,79.0,Bank Transfer
PAY008356,I009706,C0770,2024-12-10,79.0,UPI
PAY008357,I009707,C0770,2025-01-09,79.0,Debit Card
PAY008358,I009708,C0770,2025-02-09,79.0,Debit Card
PAY008359,I009710,C0770,2025-03-31,79.0,UPI
PAY008360,I009711,C0770,2025-05-12,79.0,Debit Card
PAY008361,I009712,C0770,2025-06-02,79.0,Debit Card
PAY008362,I009713,C0770,2026-01-28,29.0,Bank Transfer
PAY008363,I009714,C0770,2026-02-25,29.0,Credit Card
PAY008364,I009715,C0770,2026-03-16,29.0,Bank Transfer
PAY008365,I009716,C0770,2026-04-19,29.0,Debit Card
PAY008366,I009717,C0770,2026-05-16,29.0,UPI
PAY008367,I009718,C0770,2026-07-03,29.0,UPI
PAY008368,I009719,C0770,2026-07-16,29.0,UPI
PAY008369,I009721,C0770,2026-09-28,29.0,UPI
PAY008370,I009722,C0771,2025-12-09,199.0,Debit Card
PAY008371,I009723,C0771,2026-01-14,199.0,Debit Card
PAY008372,I009724,C0771,2026-02-19,199.0,Bank Transfer
PAY008373,I009725,C0771,2026-03-05,199.0,UPI
PAY008374,I009726,C0771,2026-04-19,199.0,Credit Card
PAY008375,I009727,C0771,2026-05-11,199.0,Bank Transfer
PAY008376,I009729,C0771,2026-07-13,199.0,Debit Card
PAY008377,I009730,C0771,2026-08-09,199.0,Debit Card
PAY008378,I009731,C0771,2026-09-06,199.0,UPI
PAY008379,I009732,C0772,2024-02-17,948.0,Bank Transfer
PAY008380,I009733,C0772,2025-02-18,948.0,UPI
PAY008381,I009734,C0773,2025-04-04,29.0,Debit Card
PAY008382,I009735,C0773,2025-04-28,29.0,Bank Transfer
PAY008383,I009737,C0773,2025-07-01,29.0,Credit Card
PAY008384,I009738,C0773,2025-08-04,29.0,UPI
PAY008385,I009739,C0773,2025-08-25,29.0,UPI
PAY008386,I009740,C0773,2025-10-01,29.0,Debit Card
PAY008387,I009741,C0773,2025-10-27,29.0,Credit Card
PAY008388,I009742,C0773,2025-11-27,29.0,Credit Card
PAY008389,I009743,C0773,2025-12-31,29.0,Debit Card
PAY008390,I009744,C0773,2026-01-31,29.0,Credit Card
PAY008391,I009745,C0773,2026-02-27,29.0,Credit Card
PAY008392,I009746,C0773,2026-03-30,29.0,Debit Card
PAY008393,I009747,C0773,2026-04-19,29.0,Debit Card
PAY008394,I009748,C0773,2026-06-03,29.0,Debit Card
PAY008395,I009749,C0773,2026-06-29,29.0,Credit Card
PAY008396,I009750,C0773,2026-07-26,29.0,Credit Card
PAY008397,I009751,C0773,2026-08-23,29.0,Debit Card
PAY008398,I009754,C0774,2024-10-11,79.0,Debit Card
PAY008399,I009755,C0774,2024-11-03,79.0,Bank Transfer
PAY008400,I009756,C0774,2024-12-17,79.0,Credit Card
PAY008401,I009757,C0774,2025-01-20,79.0,Credit Card
PAY008402,I009758,C0774,2025-02-12,79.0,Bank Transfer
PAY008403,I009759,C0774,2025-03-10,79.0,Debit Card
PAY008404,I009760,C0774,2025-04-10,79.0,Debit Card
PAY008405,I009761,C0774,2025-05-14,79.0,Bank Transfer
PAY008406,I009763,C0774,2025-07-01,79.0,Debit Card
PAY008407,I009764,C0774,2025-08-18,79.0,Debit Card
PAY008408,I009765,C0774,2025-09-18,79.0,Credit Card
PAY008409,I009766,C0774,2025-10-20,79.0,Credit Card
PAY008410,I009767,C0774,2025-11-02,79.0,Credit Card
PAY008411,I009768,C0774,2025-12-02,79.0,Debit Card
PAY008412,I009770,C0774,2026-02-06,79.0,Credit Card
PAY008413,I009771,C0774,2026-03-01,79.0,Credit Card
PAY008414,I009772,C0774,2026-04-18,79.0,Bank Transfer
PAY008415,I009773,C0774,2026-05-04,79.0,Debit Card
PAY008416,I009774,C0774,2026-06-09,79.0,Bank Transfer
PAY008417,I009775,C0774,2026-07-04,79.0,Debit Card
PAY008418,I009776,C0774,2026-08-05,79.0,Credit Card
PAY008419,I009777,C0775,2024-03-09,948.0,Bank Transfer
PAY008420,I009778,C0775,2025-03-02,948.0,Credit Card
PAY008421,I009779,C0776,2025-07-03,29.0,UPI
PAY008422,I009780,C0776,2025-07-29,29.0,Debit Card
PAY008423,I009781,C0776,2025-08-22,29.0,UPI
PAY008424,I009782,C0776,2025-10-04,29.0,Bank Transfer
PAY008425,I009783,C0776,2025-11-06,29.0,Credit Card
PAY008426,I009784,C0776,2025-12-08,29.0,UPI
PAY008427,I009786,C0776,2026-01-24,29.0,Debit Card
PAY008428,I009787,C0776,2026-03-10,29.0,Bank Transfer
PAY008429,I009788,C0776,2026-03-27,29.0,Debit Card
PAY008430,I009789,C0776,2026-05-09,29.0,Debit Card
PAY008431,I009790,C0776,2026-06-07,29.0,Bank Transfer
PAY008432,I009791,C0776,2026-07-02,29.0,Debit Card
PAY008433,I009793,C0776,2026-08-23,29.0,Bank Transfer
PAY008434,I009794,C0776,2026-10-08,29.0,Credit Card
PAY008435,I009795,C0777,2025-08-02,29.0,Bank Transfer
PAY008436,I009796,C0777,2025-09-11,29.0,UPI
PAY008437,I009797,C0777,2025-10-06,29.0,Debit Card
PAY008438,I009798,C0777,2025-11-06,29.0,Bank Transfer
PAY008439,I009799,C0777,2025-12-08,29.0,UPI
PAY008440,I009800,C0777,2026-01-10,29.0,UPI
PAY008441,I009801,C0777,2026-02-12,29.0,UPI
PAY008442,I009802,C0777,2026-02-28,29.0,Credit Card
PAY008443,I009803,C0777,2026-04-01,29.0,Credit Card
PAY008444,I009804,C0777,2026-05-05,29.0,Bank Transfer
PAY008445,I009805,C0777,2026-06-08,29.0,UPI
PAY008446,I009806,C0777,2026-07-03,29.0,UPI
PAY008447,I009807,C0777,2026-08-01,29.0,UPI
PAY008448,I009808,C0777,2026-09-12,29.0,Debit Card
PAY008449,I009809,C0778,2025-01-24,948.0,Credit Card
PAY008450,I009810,C0778,2026-01-12,948.0,UPI
PAY008451,I009812,C0779,2024-12-09,948.0,Credit Card
PAY008452,I009813,C0780,2023-02-23,948.0,Debit Card
PAY008453,I009814,C0780,2024-03-09,948.0,Bank Transfer
PAY008454,I009815,C0781,2024-01-26,948.0,UPI
PAY008455,I009816,C0781,2025-01-12,948.0,Credit Card
PAY008456,I009817,C0782,2023-10-06,499.0,Debit Card
PAY008457,I009818,C0782,2023-11-01,499.0,UPI
PAY008458,I009819,C0782,2023-12-08,499.0,Debit Card
PAY008459,I009820,C0782,2024-01-01,499.0,Credit Card
PAY008460,I009821,C0782,2024-01-31,499.0,Debit Card
PAY008461,I009822,C0782,2024-02-24,499.0,Bank Transfer
PAY008462,I009824,C0782,2024-04-28,499.0,Bank Transfer
PAY008463,I009825,C0782,2024-05-30,499.0,Credit Card
PAY008464,I009826,C0782,2024-06-30,499.0,UPI
PAY008465,I009827,C0782,2024-08-04,499.0,Debit Card
PAY008466,I009829,C0782,2024-09-23,499.0,Credit Card
PAY008467,I009830,C0782,2024-11-01,499.0,Debit Card
PAY008468,I009832,C0782,2024-12-28,499.0,Bank Transfer
PAY008469,I009833,C0782,2025-01-29,499.0,Credit Card
PAY008470,I009834,C0782,2025-03-10,499.0,Credit Card
PAY008471,I009835,C0782,2025-03-30,499.0,Credit Card
PAY008472,I009836,C0782,2025-04-29,499.0,Bank Transfer
PAY008473,I009837,C0782,2025-05-30,499.0,UPI
PAY008474,I009838,C0782,2025-07-08,499.0,Debit Card
PAY008475,I009839,C0782,2025-07-30,499.0,Debit Card
PAY008476,I009840,C0782,2025-08-29,499.0,Credit Card
PAY008477,I009841,C0783,2023-10-09,948.0,Credit Card
PAY008478,I009842,C0783,2024-10-08,948.0,Credit Card
PAY008479,I009843,C0784,2024-01-01,199.0,Bank Transfer
PAY008480,I009844,C0784,2024-02-11,199.0,Credit Card
PAY008481,I009845,C0784,2024-03-11,199.0,Credit Card
PAY008482,I009846,C0784,2024-03-30,199.0,UPI
PAY008483,I009847,C0784,2024-05-01,199.0,UPI
PAY008484,I009848,C0784,2024-06-01,199.0,Debit Card
PAY008485,I009849,C0784,2024-07-04,199.0,Debit Card
PAY008486,I009850,C0784,2024-08-13,199.0,UPI
PAY008487,I009851,C0784,2024-09-03,199.0,UPI
PAY008488,I009852,C0784,2024-10-13,199.0,Bank Transfer
PAY008489,I009853,C0784,2024-11-09,199.0,Debit Card
PAY008490,I009854,C0784,2024-12-06,199.0,Credit Card
PAY008491,I009856,C0784,2025-02-05,199.0,Credit Card
PAY008492,I009857,C0784,2025-03-04,199.0,Bank Transfer
PAY008493,I009858,C0784,2025-03-27,199.0,Bank Transfer
PAY008494,I009859,C0784,2025-05-11,199.0,Bank Transfer
PAY008495,I009860,C0784,2025-05-31,199.0,Bank Transfer
PAY008496,I009862,C0784,2025-07-31,199.0,Credit Card
PAY008497,I009863,C0784,2025-08-31,199.0,UPI
PAY008498,I009864,C0784,2025-10-11,199.0,UPI
PAY008499,I009865,C0784,2025-10-26,199.0,Credit Card
PAY008500,I009866,C0784,2025-12-03,199.0,Bank Transfer
PAY008501,I009868,C0785,2024-11-20,499.0,Credit Card
PAY008502,I009869,C0785,2024-12-30,499.0,Debit Card
PAY008503,I009870,C0785,2025-01-23,499.0,UPI
PAY008504,I009872,C0785,2025-03-24,499.0,Bank Transfer
PAY008505,I009873,C0785,2025-04-19,499.0,Debit Card
PAY008506,I009874,C0785,2025-05-31,499.0,Credit Card
PAY008507,I009875,C0785,2025-06-22,499.0,Credit Card
PAY008508,I009876,C0785,2025-07-21,499.0,Credit Card
PAY008509,I009877,C0785,2025-08-13,499.0,Debit Card
PAY008510,I009878,C0785,2025-09-21,499.0,Debit Card
PAY008511,I009879,C0785,2025-11-26,79.0,Credit Card
PAY008512,I009880,C0785,2025-12-14,79.0,UPI
PAY008513,I009881,C0785,2026-01-30,79.0,UPI
PAY008514,I009882,C0785,2026-02-25,79.0,UPI
PAY008515,I009883,C0785,2026-03-22,79.0,Bank Transfer
PAY008516,I009884,C0785,2026-04-22,79.0,Credit Card
PAY008517,I009885,C0785,2026-05-17,79.0,Bank Transfer
PAY008518,I009886,C0785,2026-06-25,79.0,Bank Transfer
PAY008519,I009887,C0785,2026-07-24,79.0,UPI
PAY008520,I009888,C0785,2026-08-22,79.0,Credit Card
PAY008521,I009890,C0786,2023-02-26,29.0,Bank Transfer
PAY008522,I009891,C0786,2023-03-18,29.0,Debit Card
PAY008523,I009892,C0786,2023-04-22,29.0,Credit Card
PAY008524,I009893,C0786,2023-05-16,29.0,Credit Card
PAY008525,I009894,C0786,2023-06-21,29.0,Bank Transfer
PAY008526,I009896,C0786,2023-08-26,29.0,Credit Card
PAY008527,I009898,C0786,2023-10-30,29.0,Credit Card
PAY008528,I009899,C0786,2023-11-20,29.0,UPI
PAY008529,I009900,C0786,2023-12-31,29.0,Debit Card
PAY008530,I009901,C0786,2024-02-01,29.0,Bank Transfer
PAY008531,I009902,C0786,2024-03-03,29.0,Debit Card
PAY008532,I009903,C0786,2024-03-25,29.0,Bank Transfer
PAY008533,I009904,C0786,2024-04-18,29.0,UPI
PAY008534,I009905,C0786,2024-06-03,29.0,Bank Transfer
PAY008535,I009906,C0786,2024-06-23,29.0,Credit Card
PAY008536,I009908,C0786,2024-09-01,29.0,Debit Card
PAY008537,I009909,C0786,2024-10-02,29.0,Credit Card
PAY008538,I009911,C0786,2024-11-29,29.0,UPI
PAY008539,I009912,C0786,2024-12-26,29.0,Debit Card
PAY008540,I009913,C0786,2025-01-21,29.0,Bank Transfer
PAY008541,I009915,C0787,2024-10-06,29.0,Bank Transfer
PAY008542,I009916,C0787,2024-11-07,29.0,Credit Card
PAY008543,I009917,C0787,2024-11-29,29.0,UPI
PAY008544,I009918,C0787,2025-01-10,29.0,Bank Transfer
PAY008545,I009919,C0787,2025-01-31,29.0,UPI
PAY008546,I009920,C0787,2025-03-09,29.0,Credit Card
PAY008547,I009921,C0787,2025-04-10,29.0,Debit Card
PAY008548,I009923,C0787,2025-06-04,29.0,Bank Transfer
PAY008549,I009924,C0787,2025-07-02,29.0,Debit Card
PAY008550,I009925,C0787,2025-07-28,29.0,UPI
PAY008551,I009927,C0787,2025-09-25,29.0,Debit Card
PAY008552,I009928,C0787,2025-10-23,29.0,Credit Card
PAY008553,I009929,C0787,2025-11-23,29.0,Bank Transfer
PAY008554,I009930,C0787,2026-01-04,29.0,Debit Card
PAY008555,I009931,C0787,2026-01-31,29.0,Credit Card
PAY008556,I009932,C0787,2026-03-13,29.0,Debit Card
PAY008557,I009933,C0787,2026-04-10,29.0,UPI
PAY008558,I009934,C0787,2026-04-28,29.0,UPI
PAY008559,I009935,C0787,2026-05-31,29.0,Credit Card
PAY008560,I009936,C0787,2026-07-04,29.0,Credit Card
PAY008561,I009937,C0787,2026-08-02,29.0,Bank Transfer
PAY008562,I009938,C0788,2024-12-21,29.0,Bank Transfer
PAY008563,I009939,C0788,2025-01-27,29.0,Debit Card
PAY008564,I009940,C0788,2025-03-04,29.0,Credit Card
PAY008565,I009942,C0788,2025-05-02,29.0,Debit Card
PAY008566,I009943,C0788,2025-06-07,29.0,Bank Transfer
PAY008567,I009944,C0788,2025-06-21,29.0,Bank Transfer
PAY008568,I009945,C0788,2025-07-31,29.0,Credit Card
PAY008569,I009946,C0788,2025-08-31,29.0,Bank Transfer
PAY008570,I009947,C0788,2025-09-27,29.0,Debit Card
PAY008571,I009948,C0788,2025-10-26,29.0,UPI
PAY008572,I009949,C0788,2025-11-24,29.0,Bank Transfer
PAY008573,I009951,C0788,2026-01-29,29.0,UPI
PAY008574,I009952,C0788,2026-02-22,29.0,UPI
PAY008575,I009953,C0788,2026-04-07,29.0,Bank Transfer
PAY008576,I009955,C0788,2026-05-21,29.0,Debit Card
PAY008577,I009957,C0788,2026-07-29,29.0,UPI
PAY008578,I009958,C0788,2026-09-08,29.0,Credit Card
PAY008579,I009959,C0788,2026-10-08,29.0,UPI
PAY008580,I009960,C0789,2024-09-03,948.0,Debit Card
PAY008581,I009962,C0790,2024-02-02,79.0,Bank Transfer
PAY008582,I009963,C0790,2024-02-25,79.0,Credit Card
PAY008583,I009964,C0790,2024-03-27,79.0,Credit Card
PAY008584,I009965,C0790,2024-04-20,79.0,Bank Transfer
PAY008585,I009966,C0790,2024-05-30,79.0,Credit Card
PAY008586,I009967,C0790,2024-06-18,79.0,Credit Card
PAY008587,I009969,C0790,2024-09-04,79.0,Bank Transfer
PAY008588,I009970,C0790,2024-09-19,79.0,Debit Card
PAY008589,I009971,C0790,2024-10-26,79.0,Credit Card
PAY008590,I009972,C0790,2024-12-01,79.0,Credit Card
PAY008591,I009973,C0790,2024-12-22,79.0,UPI
PAY008592,I009974,C0790,2025-01-31,79.0,Credit Card
PAY008593,I009975,C0790,2025-02-16,79.0,Bank Transfer
PAY008594,I009976,C0790,2025-03-31,79.0,Bank Transfer
PAY008595,I009977,C0790,2025-04-27,79.0,Bank Transfer
PAY008596,I009978,C0790,2025-06-02,79.0,Bank Transfer
PAY008597,I009979,C0790,2025-07-02,79.0,Credit Card
PAY008598,I009980,C0790,2025-07-24,79.0,Credit Card
PAY008599,I009981,C0790,2025-08-26,79.0,UPI
PAY008600,I009982,C0790,2025-09-25,79.0,Debit Card
PAY008601,I009983,C0790,2025-10-18,79.0,UPI
PAY008602,I009984,C0790,2025-11-26,79.0,UPI
PAY008603,I009988,C0792,2023-05-15,199.0,Bank Transfer
PAY008604,I009990,C0792,2023-07-14,199.0,Debit Card
PAY008605,I009991,C0792,2023-07-28,199.0,UPI
PAY008606,I009992,C0792,2023-09-08,199.0,Debit Card
PAY008607,I009993,C0792,2023-10-13,199.0,Debit Card
PAY008608,I009994,C0792,2023-11-03,199.0,Debit Card
PAY008609,I009995,C0792,2023-12-15,199.0,UPI
PAY008610,I009996,C0792,2023-12-30,199.0,UPI
PAY008611,I009997,C0792,2024-02-06,199.0,Bank Transfer
PAY008612,I009999,C0792,2024-04-13,199.0,Credit Card
PAY008613,I010000,C0792,2024-05-06,199.0,Debit Card
PAY008614,I010001,C0792,2024-06-14,199.0,Credit Card
PAY008615,I010002,C0792,2024-07-07,199.0,UPI
PAY008616,I010003,C0792,2024-08-11,199.0,Credit Card
PAY008617,I010004,C0792,2024-09-06,199.0,Bank Transfer
PAY008618,I010005,C0792,2024-10-15,199.0,Credit Card
PAY008619,I010006,C0792,2024-11-09,199.0,Credit Card
PAY008620,I010007,C0792,2024-12-03,199.0,Debit Card
PAY008621,I010008,C0792,2025-01-04,199.0,Credit Card
PAY008622,I010010,C0792,2025-03-10,199.0,UPI
PAY008623,I010011,C0792,2025-03-26,199.0,Credit Card
PAY008624,I010012,C0793,2023-09-21,199.0,Debit Card
PAY008625,I010013,C0793,2023-10-31,199.0,UPI
PAY008626,I010014,C0793,2023-11-22,199.0,Credit Card
PAY008627,I010015,C0793,2023-12-28,199.0,Debit Card
PAY008628,I010016,C0793,2024-01-22,199.0,Bank Transfer
PAY008629,I010017,C0793,2024-02-23,199.0,UPI
PAY008630,I010018,C0793,2024-04-05,199.0,Credit Card
PAY008631,I010019,C0793,2024-04-22,199.0,Debit Card
PAY008632,I010020,C0793,2024-05-21,199.0,Debit Card
PAY008633,I010024,C0793,2024-10-01,199.0,Bank Transfer
PAY008634,I010025,C0793,2024-11-01,199.0,Debit Card
PAY008635,I010026,C0793,2024-12-01,199.0,UPI
PAY008636,I010027,C0793,2024-12-19,199.0,Debit Card
PAY008637,I010028,C0793,2025-01-17,199.0,UPI
PAY008638,I010029,C0793,2025-02-18,199.0,Credit Card
PAY008639,I010030,C0793,2025-04-03,199.0,Bank Transfer
PAY008640,I010032,C0793,2025-05-18,199.0,UPI
PAY008641,I010033,C0793,2025-06-19,199.0,Credit Card
PAY008642,I010036,C0794,2026-01-09,199.0,UPI
PAY008643,I010038,C0794,2026-03-07,199.0,Bank Transfer
PAY008644,I010039,C0794,2026-04-22,199.0,Bank Transfer
PAY008645,I010040,C0794,2026-05-06,199.0,Bank Transfer
PAY008646,I010042,C0794,2026-07-20,199.0,Bank Transfer
PAY008647,I010043,C0794,2026-08-13,199.0,UPI
PAY008648,I010044,C0794,2026-09-22,199.0,Credit Card
PAY008649,I010045,C0795,2023-11-05,79.0,UPI
PAY008650,I010046,C0795,2023-12-04,79.0,Bank Transfer
PAY008651,I010047,C0795,2024-01-01,79.0,UPI
PAY008652,I010048,C0795,2024-02-20,79.0,Debit Card
PAY008653,I010049,C0795,2024-03-20,79.0,Bank Transfer
PAY008654,I010050,C0795,2024-04-01,79.0,Bank Transfer
PAY008655,I010051,C0795,2024-05-09,79.0,UPI
PAY008656,I010053,C0795,2024-07-12,79.0,Bank Transfer
PAY008657,I010055,C0795,2024-09-15,79.0,Credit Card
PAY008658,I010056,C0795,2024-10-02,79.0,Bank Transfer
PAY008659,I010057,C0795,2024-11-05,79.0,Debit Card
PAY008660,I010058,C0795,2024-12-03,79.0,Bank Transfer
PAY008661,I010059,C0795,2025-01-13,79.0,Bank Transfer
PAY008662,I010061,C0795,2025-03-18,79.0,UPI
PAY008663,I010062,C0795,2025-04-07,79.0,Bank Transfer
PAY008664,I010063,C0795,2025-05-12,79.0,Credit Card
PAY008665,I010064,C0795,2025-06-08,79.0,Debit Card
PAY008666,I010065,C0795,2025-07-10,79.0,Bank Transfer
PAY008667,I010066,C0795,2025-08-20,79.0,Bank Transfer
PAY008668,I010067,C0795,2025-09-20,79.0,Credit Card
PAY008669,I010068,C0795,2025-10-16,79.0,Bank Transfer
PAY008670,I010069,C0796,2023-01-25,199.0,UPI
PAY008671,I010070,C0796,2023-02-20,199.0,Credit Card
PAY008672,I010071,C0796,2023-03-26,199.0,Debit Card
PAY008673,I010072,C0796,2023-04-24,199.0,Credit Card
PAY008674,I010073,C0796,2023-05-16,199.0,Bank Transfer
PAY008675,I010074,C0796,2023-06-16,199.0,Debit Card
PAY008676,I010076,C0796,2024-01-16,29.0,Debit Card
PAY008677,I010078,C0796,2024-03-19,29.0,Bank Transfer
PAY008678,I010079,C0796,2024-04-07,29.0,Debit Card
PAY008679,I010080,C0796,2024-05-25,29.0,UPI
PAY008680,I010081,C0796,2024-06-19,29.0,UPI
PAY008681,I010082,C0796,2024-07-21,29.0,Credit Card
PAY008682,I010084,C0796,2024-09-26,29.0,Debit Card
PAY008683,I010085,C0796,2024-10-25,29.0,Credit Card
PAY008684,I010086,C0796,2024-11-26,29.0,Credit Card
PAY008685,I010087,C0796,2024-12-23,29.0,Debit Card
PAY008686,I010088,C0796,2025-01-12,29.0,Bank Transfer
PAY008687,I010089,C0796,2025-02-14,29.0,Debit Card
PAY008688,I010090,C0796,2025-03-09,29.0,Bank Transfer
PAY008689,I010091,C0796,2025-04-21,29.0,Debit Card
PAY008690,I010092,C0796,2025-05-09,29.0,Debit Card
PAY008691,I010093,C0796,2025-06-16,29.0,Bank Transfer
PAY008692,I010094,C0796,2025-07-20,29.0,Bank Transfer
PAY008693,I010095,C0796,2025-08-25,29.0,Credit Card
PAY008694,I010096,C0796,2025-09-13,29.0,Bank Transfer
PAY008695,I010097,C0796,2025-10-24,29.0,UPI
PAY008696,I010098,C0796,2025-11-25,29.0,Credit Card
PAY008697,I010099,C0796,2025-12-25,29.0,Bank Transfer
PAY008698,I010100,C0797,2024-01-15,199.0,UPI
PAY008699,I010101,C0797,2024-02-13,199.0,UPI
PAY008700,I010102,C0797,2024-03-17,199.0,Credit Card
PAY008701,I010103,C0797,2024-04-12,199.0,Credit Card
PAY008702,I010105,C0797,2024-06-12,199.0,UPI
PAY008703,I010106,C0797,2024-07-17,199.0,Bank Transfer
PAY008704,I010108,C0797,2024-09-05,199.0,Bank Transfer
PAY008705,I010109,C0797,2024-10-03,199.0,UPI
PAY008706,I010110,C0797,2024-11-19,199.0,Credit Card
PAY008707,I010111,C0797,2024-12-13,199.0,Debit Card
PAY008708,I010112,C0797,2025-01-20,199.0,Bank Transfer
PAY008709,I010113,C0797,2025-02-11,199.0,UPI
PAY008710,I010114,C0797,2025-01-20,29.0,UPI
PAY008711,I010115,C0797,2025-02-24,29.0,Debit Card
PAY008712,I010116,C0797,2025-04-04,29.0,UPI
PAY008713,I010117,C0797,2025-05-02,29.0,Debit Card
PAY008714,I010118,C0797,2025-05-20,29.0,Bank Transfer
PAY008715,I010121,C0797,2025-08-18,29.0,Debit Card
PAY008716,I010122,C0797,2025-10-05,29.0,Credit Card
PAY008717,I010123,C0797,2025-10-20,29.0,Debit Card
PAY008718,I010124,C0797,2025-12-03,29.0,UPI
PAY008719,I010125,C0797,2025-12-30,29.0,Bank Transfer
PAY008720,I010126,C0797,2026-01-21,29.0,Bank Transfer
PAY008721,I010127,C0797,2026-02-22,29.0,Credit Card
PAY008722,I010128,C0797,2026-04-06,29.0,UPI
PAY008723,I010129,C0797,2026-05-06,29.0,Debit Card
PAY008724,I010130,C0797,2026-06-01,29.0,Debit Card
PAY008725,I010131,C0797,2026-06-29,29.0,UPI
PAY008726,I010133,C0797,2026-08-30,29.0,Bank Transfer
PAY008727,I010134,C0797,2026-10-02,29.0,Bank Transfer
PAY008728,I010135,C0798,2024-06-06,79.0,UPI
PAY008729,I010136,C0798,2024-07-08,79.0,Credit Card
PAY008730,I010137,C0798,2024-08-24,79.0,Bank Transfer
PAY008731,I010140,C0798,2024-11-20,79.0,Bank Transfer
PAY008732,I010141,C0799,2024-03-05,199.0,Credit Card
PAY008733,I010142,C0799,2024-04-19,199.0,Bank Transfer
PAY008734,I010143,C0799,2024-05-08,199.0,Debit Card
PAY008735,I010145,C0799,2024-07-08,199.0,Bank Transfer
PAY008736,I010146,C0799,2024-08-22,199.0,UPI
PAY008737,I010147,C0799,2024-09-11,199.0,Bank Transfer
PAY008738,I010148,C0799,2024-10-04,199.0,Bank Transfer
PAY008739,I010149,C0799,2024-11-16,199.0,Debit Card
PAY008740,I010150,C0799,2024-12-09,199.0,UPI
PAY008741,I010151,C0799,2025-01-21,199.0,Debit Card
PAY008742,I010154,C0799,2025-04-16,199.0,Debit Card
PAY008743,I010155,C0799,2025-05-12,199.0,Debit Card
PAY008744,I010157,C0799,2025-07-12,199.0,Credit Card
PAY008745,I010159,C0799,2025-09-14,199.0,UPI
PAY008746,I010160,C0799,2025-10-10,199.0,Bank Transfer
PAY008747,I010161,C0799,2025-11-09,199.0,Credit Card
PAY008748,I010162,C0799,2025-12-17,199.0,Debit Card
PAY008749,I010163,C0799,2026-01-09,199.0,Credit Card
PAY008750,I010164,C0799,2026-02-12,199.0,Bank Transfer
PAY008751,I010165,C0800,2025-03-11,79.0,Bank Transfer
PAY008752,I010166,C0800,2025-04-19,79.0,Credit Card
PAY008753,I010170,C0800,2025-08-20,79.0,Credit Card
PAY008754,I010171,C0800,2025-09-10,79.0,Debit Card
PAY008755,I010173,C0800,2025-11-13,79.0,Credit Card
PAY008756,I010174,C0800,2025-12-16,79.0,Credit Card
PAY008757,I010175,C0800,2026-01-20,79.0,UPI
PAY008758,I010177,C0800,2026-03-01,79.0,Debit Card
PAY008759,I010178,C0800,2026-04-05,79.0,Credit Card
PAY008760,I010179,C0800,2026-05-03,79.0,UPI
PAY008761,I010180,C0800,2026-06-13,79.0,UPI
PAY008762,I010181,C0800,2026-07-07,79.0,Credit Card
PAY008763,I010182,C0800,2026-08-18,79.0,Credit Card
PAY008764,I010183,C0800,2026-09-03,79.0,Bank Transfer
PAY008765,I010184,C0801,2025-01-17,348.0,UPI
PAY008766,I010185,C0802,2024-01-20,2388.0,Bank Transfer
PAY008767,I010187,C0803,2023-11-24,29.0,Credit Card
PAY008768,I010188,C0803,2023-12-19,29.0,UPI
PAY008769,I010189,C0803,2024-01-11,29.0,Debit Card
PAY008770,I010190,C0803,2024-02-11,29.0,Debit Card
PAY008771,I010191,C0803,2024-03-21,29.0,Debit Card
PAY008772,I010192,C0803,2024-04-14,29.0,Debit Card
PAY008773,I010193,C0803,2024-05-19,29.0,Credit Card
PAY008774,I010194,C0803,2024-06-26,29.0,Debit Card
PAY008775,I010195,C0803,2024-07-17,29.0,Debit Card
PAY008776,I010196,C0803,2024-08-28,29.0,Debit Card
PAY008777,I010197,C0803,2024-09-23,29.0,Credit Card
PAY008778,I010199,C0803,2024-11-13,29.0,Debit Card
PAY008779,I010200,C0803,2024-12-22,29.0,Debit Card
PAY008780,I010201,C0803,2025-01-25,29.0,Bank Transfer
PAY008781,I010202,C0803,2025-02-18,29.0,Bank Transfer
PAY008782,I010203,C0803,2025-03-12,29.0,UPI
PAY008783,I010205,C0803,2025-05-11,29.0,Bank Transfer
PAY008784,I010206,C0803,2025-06-10,29.0,UPI
PAY008785,I010207,C0803,2025-07-21,29.0,Credit Card
PAY008786,I010208,C0803,2025-08-12,29.0,Bank Transfer
PAY008787,I010209,C0803,2025-09-15,29.0,Bank Transfer
PAY008788,I010210,C0803,2025-10-15,29.0,UPI
PAY008789,I010211,C0804,2024-06-30,79.0,UPI
PAY008790,I010212,C0804,2024-07-30,79.0,UPI
PAY008791,I010213,C0804,2024-09-03,79.0,Debit Card
PAY008792,I010214,C0804,2024-09-22,79.0,Debit Card
PAY008793,I010216,C0804,2024-12-09,79.0,Debit Card
PAY008794,I010217,C0804,2025-01-04,79.0,Bank Transfer
PAY008795,I010218,C0804,2025-01-26,79.0,Debit Card
PAY008796,I010219,C0804,2025-03-01,79.0,Credit Card
PAY008797,I010220,C0804,2025-03-23,79.0,Debit Card
PAY008798,I010221,C0804,2025-05-04,79.0,Debit Card
PAY008799,I010222,C0804,2025-05-24,79.0,Credit Card
PAY008800,I010223,C0804,2025-07-01,79.0,Bank Transfer
PAY008801,I010225,C0804,2025-08-30,79.0,UPI
PAY008802,I010226,C0804,2025-10-03,79.0,Credit Card
PAY008803,I010227,C0804,2025-10-21,79.0,Bank Transfer
PAY008804,I010228,C0804,2025-11-21,79.0,Credit Card
PAY008805,I010229,C0804,2025-12-30,79.0,UPI
PAY008806,I010230,C0804,2026-01-25,79.0,Credit Card
PAY008807,I010231,C0804,2026-02-23,79.0,Credit Card
PAY008808,I010232,C0804,2026-04-07,79.0,Debit Card
PAY008809,I010233,C0804,2026-04-22,79.0,UPI
PAY008810,I010234,C0804,2026-06-05,79.0,Debit Card
PAY008811,I010235,C0805,2025-07-12,79.0,UPI
PAY008812,I010236,C0805,2025-08-18,79.0,UPI
PAY008813,I010237,C0805,2025-09-23,79.0,UPI
PAY008814,I010238,C0805,2025-10-22,79.0,Credit Card
PAY008815,I010239,C0805,2025-11-20,79.0,Bank Transfer
PAY008816,I010240,C0805,2025-12-21,79.0,UPI
PAY008817,I010241,C0805,2026-01-15,79.0,Credit Card
PAY008818,I010242,C0805,2026-02-28,79.0,Bank Transfer
PAY008819,I010243,C0805,2026-03-21,79.0,UPI
PAY008820,I010244,C0806,2025-12-28,29.0,Bank Transfer
PAY008821,I010245,C0806,2026-01-31,29.0,Debit Card
PAY008822,I010246,C0806,2026-02-25,29.0,Debit Card
PAY008823,I010248,C0806,2026-04-26,29.0,Bank Transfer
PAY008824,I010249,C0806,2026-05-20,29.0,Credit Card
PAY008825,I010250,C0806,2026-07-01,29.0,Credit Card
PAY008826,I010251,C0806,2026-07-22,29.0,Credit Card
PAY008827,I010252,C0806,2026-08-19,29.0,Debit Card
PAY008828,I010253,C0806,2026-09-23,29.0,Credit Card
PAY008829,I010254,C0806,2026-05-21,199.0,Debit Card
PAY008830,I010255,C0806,2026-06-26,199.0,UPI
PAY008831,I010256,C0806,2026-07-24,199.0,Debit Card
PAY008832,I010257,C0806,2026-08-19,199.0,Debit Card
PAY008833,I010258,C0806,2026-09-23,199.0,Debit Card
PAY008834,I010259,C0807,2025-05-22,29.0,Bank Transfer
PAY008835,I010260,C0807,2025-06-20,29.0,Bank Transfer
PAY008836,I010261,C0807,2025-07-22,29.0,Bank Transfer
PAY008837,I010262,C0807,2025-08-27,29.0,Debit Card
PAY008838,I010264,C0807,2025-10-20,29.0,Credit Card
PAY008839,I010265,C0807,2025-11-16,29.0,UPI
PAY008840,I010266,C0807,2025-12-24,29.0,UPI
PAY008841,I010268,C0807,2026-03-03,29.0,Bank Transfer
PAY008842,I010269,C0807,2026-03-15,29.0,Bank Transfer
PAY008843,I010270,C0807,2026-04-14,29.0,Bank Transfer
PAY008844,I010271,C0807,2026-05-30,29.0,Debit Card
PAY008845,I010272,C0807,2026-06-22,29.0,Credit Card
PAY008846,I010273,C0807,2026-07-30,29.0,Debit Card
PAY008847,I010275,C0807,2026-10-02,29.0,Bank Transfer
PAY008848,I010276,C0808,2026-04-07,948.0,UPI
PAY008849,I010277,C0809,2025-02-21,199.0,Bank Transfer
PAY008850,I010278,C0809,2025-03-25,199.0,UPI
PAY008851,I010279,C0809,2025-04-27,199.0,Credit Card
PAY008852,I010280,C0809,2025-06-07,199.0,UPI
PAY008853,I010281,C0809,2025-07-09,199.0,Bank Transfer
PAY008854,I010282,C0809,2025-08-06,199.0,Debit Card
PAY008855,I010283,C0809,2025-09-07,199.0,UPI
PAY008856,I010284,C0809,2025-10-02,199.0,UPI
PAY008857,I010285,C0809,2025-10-22,199.0,UPI
PAY008858,I010287,C0809,2026-01-01,199.0,Bank Transfer
PAY008859,I010288,C0809,2026-01-24,199.0,Debit Card
PAY008860,I010289,C0809,2026-03-01,199.0,Credit Card
PAY008861,I010290,C0809,2026-04-02,199.0,Bank Transfer
PAY008862,I010291,C0809,2026-05-08,199.0,UPI
PAY008863,I010292,C0809,2026-05-20,199.0,Bank Transfer
PAY008864,I010293,C0809,2026-07-02,199.0,UPI
PAY008865,I010294,C0809,2026-08-03,199.0,Credit Card
PAY008866,I010296,C0809,2026-09-28,199.0,Debit Card
PAY008867,I010297,C0810,2023-12-18,948.0,Debit Card
PAY008868,I010298,C0810,2025-04-16,199.0,Debit Card
PAY008869,I010299,C0810,2025-05-05,199.0,UPI
PAY008870,I010300,C0810,2025-06-19,199.0,Debit Card
PAY008871,I010301,C0810,2025-07-08,199.0,Credit Card
PAY008872,I010302,C0810,2025-08-02,199.0,Credit Card
PAY008873,I010303,C0810,2025-09-09,199.0,Debit Card
PAY008874,I010304,C0810,2025-10-04,199.0,Debit Card
PAY008875,I010305,C0810,2025-10-31,199.0,Debit Card
PAY008876,I010306,C0810,2025-12-09,199.0,UPI
PAY008877,I010307,C0810,2026-01-11,199.0,Debit Card
PAY008878,I010308,C0810,2026-02-08,199.0,UPI
PAY008879,I010309,C0810,2026-03-01,199.0,UPI
PAY008880,I010310,C0810,2026-04-03,199.0,Credit Card
PAY008881,I010311,C0810,2026-05-17,199.0,Debit Card
PAY008882,I010313,C0810,2026-07-07,199.0,Debit Card
PAY008883,I010314,C0810,2026-08-03,199.0,Credit Card
PAY008884,I010315,C0810,2026-09-16,199.0,Bank Transfer
PAY008885,I010316,C0810,2026-10-07,199.0,Bank Transfer
PAY008886,I010317,C0811,2025-03-14,948.0,UPI
PAY008887,I010318,C0811,2026-03-24,948.0,Debit Card
PAY008888,I010319,C0812,2023-12-18,79.0,UPI
PAY008889,I010320,C0812,2024-01-25,79.0,UPI
PAY008890,I010321,C0812,2024-03-01,79.0,UPI
PAY008891,I010322,C0812,2024-04-02,79.0,UPI
PAY008892,I010323,C0812,2024-04-17,79.0,Debit Card
PAY008893,I010325,C0812,2024-07-01,79.0,Bank Transfer
PAY008894,I010326,C0813,2023-10-11,79.0,Credit Card
PAY008895,I010327,C0813,2023-11-06,79.0,Bank Transfer
PAY008896,I010328,C0813,2023-12-01,79.0,Credit Card
PAY008897,I010330,C0813,2024-02-05,79.0,UPI
PAY008898,I010331,C0813,2024-03-15,79.0,Bank Transfer
PAY008899,I010332,C0813,2024-04-02,79.0,Bank Transfer
PAY008900,I010333,C0813,2024-05-07,79.0,UPI
PAY008901,I010334,C0813,2024-06-07,79.0,Bank Transfer
PAY008902,I010335,C0813,2024-07-03,79.0,Debit Card
PAY008903,I010337,C0813,2024-09-02,79.0,Credit Card
PAY008904,I010338,C0813,2024-10-18,79.0,Debit Card
PAY008905,I010339,C0813,2024-11-02,79.0,Debit Card
PAY008906,I010340,C0813,2024-12-09,79.0,Credit Card
PAY008907,I010341,C0813,2025-01-14,79.0,Credit Card
PAY008908,I010342,C0813,2025-02-05,79.0,Debit Card
PAY008909,I010343,C0813,2025-03-17,79.0,UPI
PAY008910,I010344,C0813,2025-04-12,79.0,UPI
PAY008911,I010345,C0813,2025-05-19,79.0,Credit Card
PAY008912,I010346,C0813,2025-06-10,79.0,Bank Transfer
PAY008913,I010347,C0813,2025-07-06,79.0,Debit Card
PAY008914,I010348,C0813,2025-08-02,79.0,Credit Card
PAY008915,I010349,C0813,2025-08-31,79.0,Debit Card
PAY008916,I010350,C0814,2025-09-03,948.0,Debit Card
PAY008917,I010351,C0814,2026-08-31,948.0,Credit Card
PAY008918,I010352,C0815,2025-01-03,79.0,Bank Transfer
PAY008919,I010353,C0815,2025-01-30,79.0,UPI
PAY008920,I010354,C0815,2025-02-20,79.0,Bank Transfer
PAY008921,I010355,C0815,2025-04-03,79.0,UPI
PAY008922,I010356,C0815,2025-04-29,79.0,Bank Transfer
PAY008923,I010357,C0815,2025-06-01,79.0,Bank Transfer
PAY008924,I010359,C0815,2025-07-28,79.0,Credit Card
PAY008925,I010360,C0815,2025-08-28,79.0,Bank Transfer
PAY008926,I010361,C0815,2025-09-28,79.0,UPI
PAY008927,I010363,C0815,2025-12-09,79.0,UPI
PAY008928,I010364,C0815,2025-12-26,79.0,UPI
PAY008929,I010365,C0815,2026-02-01,79.0,Credit Card
PAY008930,I010366,C0815,2026-03-02,79.0,Credit Card
PAY008931,I010367,C0815,2026-04-02,79.0,Bank Transfer
PAY008932,I010368,C0815,2026-04-29,79.0,Credit Card
PAY008933,I010369,C0816,2024-05-29,199.0,UPI
PAY008934,I010370,C0816,2024-06-17,199.0,UPI
PAY008935,I010371,C0816,2024-07-26,199.0,Debit Card
PAY008936,I010372,C0816,2024-08-19,199.0,Credit Card
PAY008937,I010373,C0816,2024-09-17,199.0,UPI
PAY008938,I010375,C0816,2024-11-17,199.0,Bank Transfer
PAY008939,I010376,C0816,2024-12-20,199.0,UPI
PAY008940,I010378,C0816,2025-02-20,199.0,Bank Transfer
PAY008941,I010379,C0816,2025-03-30,199.0,Credit Card
PAY008942,I010380,C0816,2025-04-30,199.0,Credit Card
PAY008943,I010381,C0816,2025-05-30,199.0,Debit Card
PAY008944,I010382,C0816,2025-06-26,199.0,UPI
PAY008945,I010383,C0816,2025-07-25,199.0,Debit Card
PAY008946,I010384,C0816,2025-08-20,199.0,Debit Card
PAY008947,I010385,C0816,2025-09-29,199.0,Bank Transfer
PAY008948,I010386,C0816,2025-11-01,199.0,Credit Card
PAY008949,I010387,C0816,2025-11-20,199.0,UPI
PAY008950,I010388,C0816,2025-12-26,199.0,Bank Transfer
PAY008951,I010389,C0816,2026-01-20,199.0,Credit Card
PAY008952,I010392,C0816,2026-04-27,199.0,Debit Card
PAY008953,I010393,C0817,2026-01-25,199.0,UPI
PAY008954,I010394,C0817,2026-03-12,199.0,Credit Card
PAY008955,I010395,C0817,2026-04-09,199.0,Debit Card
PAY008956,I010396,C0817,2026-04-26,199.0,Credit Card
PAY008957,I010397,C0817,2026-06-03,199.0,Bank Transfer
PAY008958,I010398,C0817,2026-06-28,199.0,Debit Card
PAY008959,I010399,C0817,2026-08-05,199.0,Debit Card
PAY008960,I010400,C0817,2026-08-23,199.0,Credit Card
PAY008961,I010401,C0817,2026-09-28,199.0,Bank Transfer
PAY008962,I010402,C0817,2026-07-01,199.0,Debit Card
PAY008963,I010403,C0817,2026-08-09,199.0,Credit Card
PAY008964,I010404,C0817,2026-09-14,199.0,UPI
PAY008965,I010406,C0818,2024-11-29,29.0,Debit Card
PAY008966,I010407,C0818,2024-12-21,29.0,Debit Card
PAY008967,I010408,C0818,2025-01-15,29.0,Debit Card
PAY008968,I010409,C0818,2025-02-24,29.0,Bank Transfer
PAY008969,I010410,C0818,2025-03-15,29.0,Bank Transfer
PAY008970,I010411,C0818,2025-04-16,29.0,UPI
PAY008971,I010412,C0818,2025-05-20,29.0,Debit Card
PAY008972,I010413,C0818,2025-06-25,29.0,UPI
PAY008973,I010414,C0818,2025-07-19,29.0,Debit Card
PAY008974,I010415,C0818,2025-08-17,29.0,UPI
PAY008975,I010416,C0818,2025-09-27,29.0,Bank Transfer
PAY008976,I010417,C0818,2025-10-17,29.0,Credit Card
PAY008977,I010418,C0818,2025-11-27,29.0,UPI
PAY008978,I010419,C0818,2025-12-23,29.0,Debit Card
PAY008979,I010420,C0818,2026-01-25,29.0,UPI
PAY008980,I010421,C0818,2026-03-01,29.0,UPI
PAY008981,I010422,C0818,2026-03-18,29.0,Debit Card
PAY008982,I010423,C0818,2026-04-15,29.0,Bank Transfer
PAY008983,I010424,C0818,2026-05-29,29.0,UPI
PAY008984,I010425,C0818,2026-06-30,29.0,UPI
PAY008985,I010426,C0818,2026-07-20,29.0,Debit Card
PAY008986,I010427,C0818,2026-08-17,29.0,Debit Card
PAY008987,I010428,C0818,2026-09-27,29.0,Debit Card
PAY008988,I010429,C0819,2023-04-02,79.0,Credit Card
PAY008989,I010431,C0819,2023-05-30,79.0,Credit Card
PAY008990,I010432,C0819,2023-06-20,79.0,Bank Transfer
PAY008991,I010434,C0819,2023-08-21,79.0,Credit Card
PAY008992,I010435,C0819,2023-09-26,79.0,UPI
PAY008993,I010436,C0819,2023-11-03,79.0,Debit Card
PAY008994,I010437,C0819,2023-12-06,79.0,Debit Card
PAY008995,I010438,C0819,2023-12-21,79.0,Bank Transfer
PAY008996,I010439,C0819,2024-02-05,79.0,Bank Transfer
PAY008997,I010442,C0820,2024-11-17,29.0,UPI
PAY008998,I010443,C0820,2024-12-19,29.0,Debit Card
PAY008999,I010444,C0820,2025-01-19,29.0,Debit Card
PAY009000,I010445,C0820,2025-02-18,29.0,Debit Card
PAY009001,I010446,C0820,2025-03-27,29.0,Bank Transfer
PAY009002,I010447,C0820,2025-05-01,29.0,UPI
PAY009003,I010448,C0820,2025-05-28,29.0,UPI
PAY009004,I010449,C0820,2025-06-21,29.0,Credit Card
PAY009005,I010450,C0820,2025-07-23,29.0,Credit Card
PAY009006,I010451,C0820,2025-08-17,29.0,Debit Card
PAY009007,I010452,C0820,2025-09-23,29.0,Debit Card
PAY009008,I010453,C0820,2025-10-15,29.0,Credit Card
PAY009009,I010454,C0821,2025-08-21,79.0,Debit Card
PAY009010,I010455,C0821,2025-09-16,79.0,Credit Card
PAY009011,I010456,C0821,2025-10-13,79.0,UPI
PAY009012,I010457,C0821,2025-11-07,79.0,Credit Card
PAY009013,I010458,C0821,2025-12-16,79.0,Bank Transfer
PAY009014,I010459,C0821,2026-01-05,79.0,Credit Card
PAY009015,I010460,C0821,2026-02-15,79.0,UPI
PAY009016,I010461,C0821,2026-03-07,79.0,UPI
PAY009017,I010464,C0821,2026-06-16,79.0,Credit Card
PAY009018,I010466,C0821,2026-08-17,79.0,Bank Transfer
PAY009019,I010468,C0822,2024-01-31,499.0,Credit Card
PAY009020,I010469,C0822,2024-03-07,499.0,UPI
PAY009021,I010470,C0822,2024-04-03,499.0,UPI
PAY009022,I010471,C0822,2024-05-03,499.0,Credit Card
PAY009023,I010472,C0822,2024-06-06,499.0,Credit Card
PAY009024,I010473,C0822,2024-07-01,499.0,Credit Card
PAY009025,I010474,C0822,2024-07-31,499.0,Bank Transfer
PAY009026,I010475,C0822,2024-08-26,499.0,UPI
PAY009027,I010476,C0822,2024-10-07,499.0,Debit Card
PAY009028,I010478,C0822,2024-12-03,499.0,Credit Card
PAY009029,I010479,C0822,2024-12-31,499.0,Credit Card
PAY009030,I010480,C0822,2025-02-03,499.0,Debit Card
PAY009031,I010481,C0822,2025-02-28,499.0,Credit Card
PAY009032,I010482,C0822,2025-03-30,499.0,UPI
PAY009033,I010483,C0822,2025-05-05,499.0,UPI
PAY009034,I010484,C0822,2025-05-27,499.0,Credit Card
PAY009035,I010486,C0822,2025-07-24,499.0,UPI
PAY009036,I010487,C0822,2025-08-24,499.0,UPI
PAY009037,I010488,C0822,2025-09-27,499.0,UPI
PAY009038,I010489,C0822,2025-10-25,499.0,Credit Card
PAY009039,I010490,C0822,2025-12-08,499.0,Credit Card
PAY009040,I010491,C0823,2024-09-19,79.0,Debit Card
PAY009041,I010493,C0823,2024-11-23,79.0,Debit Card
PAY009042,I010494,C0823,2024-12-18,79.0,Bank Transfer
PAY009043,I010495,C0823,2025-01-09,79.0,Credit Card
PAY009044,I010496,C0823,2025-02-18,79.0,Credit Card
PAY009045,I010497,C0823,2025-03-10,79.0,Bank Transfer
PAY009046,I010498,C0824,2024-05-31,79.0,Credit Card
PAY009047,I010499,C0824,2024-06-28,79.0,UPI
PAY009048,I010500,C0824,2024-08-08,79.0,UPI
PAY009049,I010501,C0824,2024-08-23,79.0,UPI
PAY009050,I010502,C0824,2024-09-23,79.0,UPI
PAY009051,I010503,C0824,2024-11-01,79.0,Bank Transfer
PAY009052,I010504,C0824,2024-11-28,79.0,Debit Card
PAY009053,I010505,C0824,2024-12-31,79.0,Credit Card
PAY009054,I010506,C0824,2025-01-25,79.0,Bank Transfer
PAY009055,I010508,C0824,2025-03-30,79.0,Bank Transfer
PAY009056,I010509,C0824,2024-10-10,29.0,Debit Card
PAY009057,I010510,C0824,2024-11-01,29.0,Credit Card
PAY009058,I010512,C0824,2024-12-29,29.0,Bank Transfer
PAY009059,I010513,C0824,2025-01-29,29.0,Bank Transfer
PAY009060,I010514,C0824,2025-03-06,29.0,Debit Card
PAY009061,I010515,C0824,2025-04-05,29.0,Debit Card
PAY009062,I010516,C0824,2025-05-02,29.0,Debit Card
PAY009063,I010517,C0824,2025-06-07,29.0,UPI
PAY009064,I010518,C0824,2025-06-30,29.0,Bank Transfer
PAY009065,I010520,C0824,2025-09-13,29.0,Bank Transfer
PAY009066,I010521,C0824,2025-10-09,29.0,UPI
PAY009067,I010522,C0824,2025-10-29,29.0,UPI
PAY009068,I010523,C0824,2025-11-28,29.0,Debit Card
PAY009069,I010525,C0824,2026-01-27,29.0,Debit Card
PAY009070,I010526,C0824,2026-03-07,29.0,Bank Transfer
PAY009071,I010527,C0824,2026-04-10,29.0,UPI
PAY009072,I010528,C0824,2026-05-04,29.0,Debit Card
PAY009073,I010529,C0824,2026-05-29,29.0,UPI
PAY009074,I010530,C0824,2026-07-02,29.0,Debit Card
PAY009075,I010531,C0824,2026-07-30,29.0,Credit Card
PAY009076,I010532,C0824,2026-09-07,29.0,Bank Transfer
PAY009077,I010533,C0825,2024-07-31,5988.0,Credit Card
PAY009078,I010534,C0825,2025-08-14,5988.0,Credit Card
PAY009079,I010535,C0826,2023-09-18,499.0,Bank Transfer
PAY009080,I010536,C0826,2023-10-17,499.0,Debit Card
PAY009081,I010538,C0826,2023-12-15,499.0,Bank Transfer
PAY009082,I010540,C0826,2024-02-14,499.0,Debit Card
PAY009083,I010541,C0826,2024-03-16,499.0,Credit Card
PAY009084,I010542,C0826,2024-04-08,499.0,Bank Transfer
PAY009085,I010543,C0826,2024-05-13,499.0,Bank Transfer
PAY009086,I010544,C0826,2024-06-17,499.0,Bank Transfer
PAY009087,I010545,C0826,2024-07-06,499.0,UPI
PAY009088,I010546,C0826,2024-08-15,499.0,Credit Card
PAY009089,I010547,C0826,2024-09-18,499.0,Credit Card
PAY009090,I010548,C0826,2024-10-08,499.0,Debit Card
PAY009091,I010549,C0826,2024-11-09,499.0,Debit Card
PAY009092,I010550,C0826,2024-12-08,499.0,UPI
PAY009093,I010552,C0826,2025-02-05,499.0,Bank Transfer
PAY009094,I010553,C0826,2025-03-13,499.0,Bank Transfer
PAY009095,I010554,C0826,2025-04-11,499.0,Debit Card
PAY009096,I010555,C0826,2025-05-17,499.0,Debit Card
PAY009097,I010556,C0826,2025-06-12,499.0,Bank Transfer
PAY009098,I010557,C0826,2025-07-16,499.0,Debit Card
PAY009099,I010559,C0827,2024-05-27,948.0,Debit Card
PAY009100,I010560,C0828,2024-03-13,79.0,Debit Card
PAY009101,I010561,C0828,2024-03-26,79.0,Debit Card
PAY009102,I010562,C0828,2024-05-09,79.0,Bank Transfer
PAY009103,I010563,C0828,2024-05-28,79.0,Bank Transfer
PAY009104,I010564,C0828,2024-06-26,79.0,UPI
PAY009105,I010565,C0828,2024-08-01,79.0,UPI
PAY009106,I010566,C0828,2024-08-26,79.0,Bank Transfer
PAY009107,I010567,C0828,2024-09-28,79.0,Credit Card
PAY009108,I010568,C0828,2024-11-08,79.0,UPI
PAY009109,I010569,C0828,2024-12-08,79.0,Bank Transfer
PAY009110,I010570,C0828,2025-01-03,79.0,Bank Transfer
PAY009111,I010571,C0828,2025-02-02,79.0,Bank Transfer
PAY009112,I010573,C0828,2025-04-01,79.0,UPI
PAY009113,I010574,C0828,2025-05-12,79.0,Bank Transfer
PAY009114,I010577,C0828,2025-08-02,79.0,UPI
PAY009115,I010578,C0828,2025-08-29,79.0,Debit Card
PAY009116,I010579,C0828,2025-09-26,79.0,Debit Card
PAY009117,I010580,C0828,2025-10-27,79.0,Credit Card
PAY009118,I010581,C0828,2025-12-04,79.0,Debit Card
PAY009119,I010582,C0828,2025-12-27,79.0,Credit Card
PAY009120,I010583,C0828,2026-02-08,79.0,Debit Card
PAY009121,I010584,C0829,2026-01-17,199.0,Credit Card
PAY009122,I010585,C0829,2026-03-02,199.0,UPI
PAY009123,I010587,C0829,2026-04-22,199.0,Debit Card
PAY009124,I010588,C0829,2026-05-24,199.0,UPI
PAY009125,I010589,C0829,2026-06-15,199.0,Credit Card
PAY009126,I010590,C0829,2026-08-02,199.0,UPI
PAY009127,I010591,C0829,2026-08-17,199.0,UPI
PAY009128,I010592,C0829,2026-09-22,199.0,Bank Transfer
PAY009129,I010593,C0830,2023-08-21,948.0,UPI
PAY009130,I010594,C0830,2024-08-06,948.0,UPI
PAY009131,I010595,C0831,2025-10-05,199.0,Debit Card
PAY009132,I010596,C0831,2025-11-09,199.0,Debit Card
PAY009133,I010597,C0831,2025-12-16,199.0,Bank Transfer
PAY009134,I010599,C0831,2026-02-08,199.0,Debit Card
PAY009135,I010600,C0831,2026-03-22,199.0,Bank Transfer
PAY009136,I010601,C0831,2026-04-16,199.0,UPI
PAY009137,I010602,C0831,2026-05-05,199.0,Debit Card
PAY009138,I010603,C0831,2026-06-09,199.0,UPI
PAY009139,I010604,C0831,2026-07-12,199.0,UPI
PAY009140,I010605,C0831,2026-08-07,199.0,Debit Card
PAY009141,I010606,C0831,2026-09-16,199.0,Bank Transfer
PAY009142,I010607,C0832,2026-04-24,29.0,Debit Card
PAY009143,I010608,C0832,2026-05-10,29.0,Credit Card
PAY009144,I010609,C0832,2026-06-08,29.0,UPI
PAY009145,I010610,C0832,2026-07-09,29.0,Debit Card
PAY009146,I010611,C0832,2026-08-09,29.0,UPI
PAY009147,I010612,C0832,2026-09-17,29.0,Debit Card
PAY009148,I010613,C0833,2023-12-07,348.0,Debit Card
PAY009149,I010614,C0833,2024-12-11,348.0,Credit Card
PAY009150,I010615,C0834,2024-10-23,948.0,Credit Card
PAY009151,I010616,C0834,2025-10-20,948.0,Bank Transfer
PAY009152,I010617,C0835,2024-01-28,199.0,UPI
PAY009153,I010619,C0835,2024-04-07,199.0,Debit Card
PAY009154,I010620,C0835,2024-04-28,199.0,Debit Card
PAY009155,I010622,C0835,2024-07-01,199.0,Credit Card
PAY009156,I010623,C0835,2024-07-30,199.0,UPI
PAY009157,I010624,C0835,2024-09-09,199.0,Debit Card
PAY009158,I010626,C0835,2024-11-11,199.0,Debit Card
PAY009159,I010628,C0835,2025-01-03,199.0,Bank Transfer
PAY009160,I010629,C0835,2025-02-12,199.0,UPI
PAY009161,I010630,C0835,2025-02-26,199.0,Bank Transfer
PAY009162,I010631,C0835,2025-03-31,199.0,Credit Card
PAY009163,I010632,C0835,2025-04-30,199.0,Debit Card
PAY009164,I010633,C0835,2025-06-04,199.0,UPI
PAY009165,I010634,C0835,2025-06-29,199.0,Bank Transfer
PAY009166,I010635,C0835,2025-08-02,199.0,Credit Card
PAY009167,I010637,C0835,2025-10-01,199.0,UPI
PAY009168,I010640,C0835,2026-01-05,199.0,Bank Transfer
PAY009169,I010641,C0836,2024-01-21,948.0,UPI
PAY009170,I010642,C0836,2025-01-23,948.0,Bank Transfer
PAY009171,I010643,C0837,2025-01-23,79.0,Credit Card
PAY009172,I010644,C0837,2025-02-14,79.0,Bank Transfer
PAY009173,I010645,C0837,2025-03-12,79.0,UPI
PAY009174,I010646,C0837,2025-04-15,79.0,Bank Transfer
PAY009175,I010647,C0837,2025-05-29,79.0,UPI
PAY009176,I010649,C0837,2025-07-25,79.0,Credit Card
PAY009177,I010650,C0838,2025-04-14,29.0,UPI
PAY009178,I010651,C0838,2025-05-19,29.0,Debit Card
PAY009179,I010652,C0838,2025-06-02,29.0,Credit Card
PAY009180,I010653,C0838,2025-07-02,29.0,Bank Transfer
PAY009181,I010654,C0838,2025-08-03,29.0,Credit Card
PAY009182,I010655,C0838,2025-09-05,29.0,UPI
PAY009183,I010656,C0838,2025-10-09,29.0,Debit Card
PAY009184,I010657,C0838,2025-11-04,29.0,Credit Card
PAY009185,I010658,C0838,2025-12-05,29.0,Bank Transfer
PAY009186,I010659,C0838,2026-01-12,29.0,Credit Card
PAY009187,I010660,C0838,2026-02-17,29.0,Credit Card
PAY009188,I010661,C0838,2026-03-09,29.0,Credit Card
PAY009189,I010662,C0838,2026-04-09,29.0,UPI
PAY009190,I010663,C0838,2026-05-17,29.0,Debit Card
PAY009191,I010664,C0838,2026-06-01,29.0,Debit Card
PAY009192,I010665,C0838,2026-07-03,29.0,Debit Card
PAY009193,I010666,C0838,2026-08-16,29.0,Debit Card
PAY009194,I010667,C0838,2026-09-12,29.0,Bank Transfer
PAY009195,I010668,C0838,2026-10-11,29.0,Credit Card
PAY009196,I010669,C0839,2024-11-07,79.0,Debit Card
PAY009197,I010670,C0839,2024-12-12,79.0,Debit Card
PAY009198,I010671,C0839,2025-01-17,79.0,Debit Card
PAY009199,I010672,C0839,2025-02-07,79.0,Credit Card
PAY009200,I010673,C0839,2025-03-22,79.0,Credit Card
PAY009201,I010674,C0839,2025-04-03,79.0,Bank Transfer
PAY009202,I010675,C0839,2025-05-11,79.0,Debit Card
PAY009203,I010676,C0839,2025-06-05,79.0,Debit Card
PAY009204,I010677,C0839,2025-07-04,79.0,Debit Card
PAY009205,I010678,C0839,2025-08-13,79.0,Debit Card
PAY009206,I010679,C0839,2025-09-11,79.0,Credit Card
PAY009207,I010680,C0839,2025-10-13,79.0,Bank Transfer
PAY009208,I010682,C0839,2025-12-21,79.0,UPI
PAY009209,I010683,C0839,2026-01-18,79.0,Credit Card
PAY009210,I010685,C0839,2026-03-22,79.0,UPI
PAY009211,I010686,C0839,2026-04-12,79.0,Bank Transfer
PAY009212,I010687,C0839,2026-05-08,79.0,Bank Transfer
PAY009213,I010688,C0839,2026-06-10,79.0,Credit Card
PAY009214,I010689,C0839,2026-07-16,79.0,Credit Card
PAY009215,I010691,C0839,2026-09-17,79.0,Credit Card
PAY009216,I010692,C0840,2024-06-11,79.0,Credit Card
PAY009217,I010693,C0840,2024-06-29,79.0,Credit Card
PAY009218,I010694,C0840,2024-07-29,79.0,Debit Card
PAY009219,I010695,C0840,2024-09-10,79.0,UPI
PAY009220,I010696,C0840,2024-09-28,79.0,Debit Card
PAY009221,I010697,C0840,2024-11-01,79.0,Credit Card
PAY009222,I010698,C0840,2024-11-29,79.0,Bank Transfer
PAY009223,I010700,C0840,2025-02-15,79.0,Bank Transfer
PAY009224,I010702,C0840,2025-03-30,79.0,Debit Card
PAY009225,I010703,C0840,2025-05-12,79.0,Bank Transfer
PAY009226,I010704,C0840,2025-06-12,79.0,Credit Card
PAY009227,I010705,C0840,2025-07-14,79.0,Debit Card
PAY009228,I010706,C0840,2025-07-28,79.0,Credit Card
PAY009229,I010708,C0840,2025-09-27,79.0,UPI
PAY009230,I010709,C0840,2025-11-03,79.0,Bank Transfer
PAY009231,I010710,C0840,2025-12-03,79.0,Bank Transfer
PAY009232,I010711,C0840,2026-01-13,79.0,Credit Card
PAY009233,I010712,C0840,2026-01-30,79.0,Debit Card
PAY009234,I010713,C0840,2026-03-11,79.0,Credit Card
PAY009235,I010714,C0840,2026-04-11,79.0,Bank Transfer
PAY009236,I010715,C0840,2026-05-05,79.0,Debit Card
PAY009237,I010716,C0841,2025-08-25,948.0,Debit Card
PAY009238,I010717,C0842,2025-08-05,199.0,UPI
PAY009239,I010718,C0842,2025-08-22,199.0,Credit Card
PAY009240,I010719,C0842,2025-09-23,199.0,Credit Card
PAY009241,I010720,C0842,2025-11-02,199.0,Bank Transfer
PAY009242,I010722,C0842,2025-12-20,199.0,Credit Card
PAY009243,I010723,C0842,2026-01-21,199.0,Credit Card
PAY009244,I010724,C0842,2026-02-20,199.0,UPI
PAY009245,I010725,C0842,2026-03-20,199.0,Credit Card
PAY009246,I010726,C0842,2026-04-26,199.0,Debit Card
PAY009247,I010727,C0842,2026-05-22,199.0,UPI
PAY009248,I010728,C0842,2026-06-20,199.0,UPI
PAY009249,I010729,C0842,2026-07-20,199.0,Debit Card
PAY009250,I010730,C0842,2026-08-23,199.0,Bank Transfer
PAY009251,I010731,C0842,2026-10-02,199.0,Credit Card
PAY009252,I010732,C0843,2025-07-05,79.0,Bank Transfer
PAY009253,I010733,C0843,2025-08-06,79.0,Debit Card
PAY009254,I010734,C0843,2025-09-10,79.0,Debit Card
PAY009255,I010736,C0843,2025-11-04,79.0,Credit Card
PAY009256,I010738,C0843,2026-01-01,79.0,Bank Transfer
PAY009257,I010740,C0843,2026-03-13,79.0,Bank Transfer
PAY009258,I010741,C0843,2026-04-04,79.0,Credit Card
PAY009259,I010743,C0843,2026-06-20,79.0,Debit Card
PAY009260,I010744,C0843,2026-07-13,79.0,UPI
PAY009261,I010746,C0843,2026-09-13,79.0,Debit Card
PAY009262,I010747,C0844,2024-10-08,199.0,Debit Card
PAY009263,I010748,C0844,2024-11-20,199.0,UPI
PAY009264,I010749,C0844,2024-12-19,199.0,Bank Transfer
PAY009265,I010750,C0844,2025-01-09,199.0,Debit Card
PAY009266,I010751,C0844,2025-02-15,199.0,Bank Transfer
PAY009267,I010753,C0844,2025-04-15,199.0,UPI
PAY009268,I010754,C0844,2025-05-05,199.0,UPI
PAY009269,I010755,C0844,2025-06-21,199.0,Bank Transfer
PAY009270,I010756,C0844,2025-07-09,199.0,Debit Card
PAY009271,I010757,C0844,2025-08-24,199.0,UPI
PAY009272,I010758,C0844,2025-09-18,199.0,UPI
PAY009273,I010759,C0844,2025-10-13,199.0,Debit Card
PAY009274,I010760,C0844,2025-11-08,199.0,Bank Transfer
PAY009275,I010761,C0844,2025-12-09,199.0,Credit Card
PAY009276,I010762,C0844,2025-11-22,29.0,Credit Card
PAY009277,I010763,C0844,2025-12-29,29.0,UPI
PAY009278,I010764,C0844,2026-01-12,29.0,Debit Card
PAY009279,I010765,C0844,2026-02-24,29.0,Bank Transfer
PAY009280,I010766,C0844,2026-03-13,29.0,Debit Card
PAY009281,I010767,C0844,2026-04-13,29.0,Credit Card
PAY009282,I010769,C0844,2026-06-10,29.0,UPI
PAY009283,I010770,C0844,2026-07-12,29.0,UPI
PAY009284,I010771,C0844,2026-08-12,29.0,Bank Transfer
PAY009285,I010772,C0844,2026-09-22,29.0,UPI
PAY009286,I010773,C0845,2024-03-03,79.0,Credit Card
PAY009287,I010774,C0845,2024-04-16,79.0,Debit Card
PAY009288,I010775,C0845,2024-05-20,79.0,Debit Card
PAY009289,I010776,C0845,2024-06-04,79.0,Bank Transfer
PAY009290,I010777,C0845,2024-07-09,79.0,UPI
PAY009291,I010778,C0845,2024-08-07,79.0,UPI
PAY009292,I010779,C0845,2024-09-02,79.0,UPI
PAY009293,I010780,C0845,2024-10-06,79.0,Credit Card
PAY009294,I010781,C0845,2024-11-14,79.0,Bank Transfer
PAY009295,I010782,C0845,2024-12-10,79.0,UPI
PAY009296,I010783,C0845,2025-01-05,79.0,UPI
PAY009297,I010784,C0845,2025-02-08,79.0,UPI
PAY009298,I010785,C0845,2025-03-03,79.0,Credit Card
PAY009299,I010786,C0845,2025-04-06,79.0,UPI
PAY009300,I010787,C0845,2025-05-03,79.0,Debit Card
PAY009301,I010789,C0845,2025-07-13,79.0,Debit Card
PAY009302,I010790,C0845,2025-08-02,79.0,Bank Transfer
PAY009303,I010791,C0845,2025-09-18,79.0,UPI
PAY009304,I010792,C0845,2025-10-13,79.0,UPI
PAY009305,I010793,C0845,2025-11-03,79.0,Credit Card
PAY009306,I010794,C0845,2025-12-21,79.0,Debit Card
PAY009307,I010795,C0845,2026-01-11,79.0,Credit Card
PAY009308,I010797,C0846,2024-06-03,29.0,Credit Card
PAY009309,I010798,C0846,2024-06-20,29.0,UPI
PAY009310,I010799,C0846,2024-07-22,29.0,UPI
PAY009311,I010800,C0846,2024-09-03,29.0,Debit Card
PAY009312,I010801,C0846,2024-09-21,29.0,Debit Card
PAY009313,I010802,C0846,2024-10-19,29.0,Debit Card
PAY009314,I010803,C0846,2024-11-29,29.0,Debit Card
PAY009315,I010804,C0846,2024-12-29,29.0,Credit Card
PAY009316,I010805,C0846,2025-01-20,29.0,Debit Card
PAY009317,I010806,C0846,2025-03-04,29.0,Bank Transfer
PAY009318,I010807,C0846,2025-04-03,29.0,Credit Card
PAY009319,I010808,C0846,2025-05-02,29.0,UPI
PAY009320,I010809,C0846,2025-05-30,29.0,Bank Transfer
PAY009321,I010811,C0846,2025-08-02,29.0,UPI
PAY009322,I010812,C0846,2025-08-30,29.0,Bank Transfer
PAY009323,I010813,C0846,2025-09-28,29.0,UPI
PAY009324,I010814,C0846,2025-11-04,29.0,Bank Transfer
PAY009325,I010815,C0846,2025-11-22,29.0,UPI
PAY009326,I010816,C0846,2025-12-25,29.0,UPI
PAY009327,I010817,C0846,2026-01-30,29.0,Bank Transfer
PAY009328,I010818,C0846,2026-03-06,29.0,UPI
PAY009329,I010819,C0846,2026-03-25,29.0,Debit Card
PAY009330,I010820,C0846,2026-04-25,29.0,Credit Card
PAY009331,I010821,C0847,2025-01-05,348.0,Debit Card
PAY009332,I010823,C0848,2023-03-24,948.0,Credit Card
PAY009333,I010824,C0848,2024-03-18,948.0,Bank Transfer
PAY009334,I010825,C0849,2024-04-22,79.0,UPI
PAY009335,I010826,C0849,2024-05-25,79.0,UPI
PAY009336,I010827,C0849,2024-06-29,79.0,Debit Card
PAY009337,I010828,C0849,2024-07-31,79.0,Credit Card
PAY009338,I010829,C0849,2024-09-01,79.0,UPI
PAY009339,I010830,C0849,2024-10-05,79.0,Debit Card
PAY009340,I010831,C0849,2024-10-30,79.0,Bank Transfer
PAY009341,I010833,C0849,2024-12-24,79.0,Bank Transfer
PAY009342,I010835,C0849,2025-02-24,79.0,Credit Card
PAY009343,I010836,C0849,2025-03-31,79.0,Bank Transfer
PAY009344,I010839,C0849,2025-07-05,79.0,Credit Card
PAY009345,I010840,C0849,2025-07-23,79.0,Bank Transfer
PAY009346,I010841,C0849,2025-09-05,79.0,Debit Card
PAY009347,I010842,C0849,2025-10-06,79.0,Debit Card
PAY009348,I010843,C0849,2025-11-01,79.0,Bank Transfer
PAY009349,I010844,C0849,2025-11-28,79.0,Bank Transfer
PAY009350,I010845,C0849,2026-01-09,79.0,Credit Card
PAY009351,I010847,C0849,2026-03-01,79.0,UPI
PAY009352,I010848,C0849,2026-03-29,79.0,Credit Card
PAY009353,I010849,C0850,2024-04-02,2388.0,Debit Card
PAY009354,I010850,C0850,2025-04-15,2388.0,Debit Card
PAY009355,I010851,C0851,2023-07-25,499.0,Credit Card
PAY009356,I010852,C0851,2023-08-09,499.0,Bank Transfer
PAY009357,I010853,C0851,2023-09-22,499.0,Credit Card
PAY009358,I010854,C0851,2023-10-25,499.0,Debit Card
PAY009359,I010855,C0851,2023-11-19,499.0,Credit Card
PAY009360,I010856,C0851,2023-12-15,499.0,Credit Card
PAY009361,I010857,C0851,2024-01-22,499.0,Bank Transfer
PAY009362,I010858,C0851,2024-02-09,499.0,Debit Card
PAY009363,I010859,C0851,2024-03-08,499.0,Debit Card
PAY009364,I010861,C0851,2024-05-27,499.0,Bank Transfer
PAY009365,I010862,C0851,2024-06-11,499.0,Bank Transfer
PAY009366,I010863,C0851,2024-07-20,499.0,UPI
PAY009367,I010864,C0851,2024-08-14,499.0,Debit Card
PAY009368,I010865,C0851,2024-09-19,499.0,UPI
PAY009369,I010866,C0851,2024-10-23,499.0,Credit Card
PAY009370,I010867,C0851,2024-11-16,499.0,Bank Transfer
PAY009371,I010868,C0851,2024-12-12,499.0,Debit Card
PAY009372,I010869,C0851,2025-01-24,499.0,Credit Card
PAY009373,I010870,C0851,2025-02-22,499.0,Debit Card
PAY009374,I010871,C0851,2025-03-19,499.0,Bank Transfer
PAY009375,I010872,C0851,2025-04-10,499.0,Debit Card
PAY009376,I010873,C0851,2025-05-22,499.0,Debit Card
PAY009377,I010874,C0851,2025-06-08,499.0,Bank Transfer
PAY009378,I010875,C0852,2023-10-25,499.0,Bank Transfer
PAY009379,I010877,C0852,2023-12-18,499.0,Bank Transfer
PAY009380,I010878,C0852,2024-02-03,499.0,Credit Card
PAY009381,I010879,C0852,2024-02-21,499.0,Debit Card
PAY009382,I010880,C0852,2024-03-25,499.0,Credit Card
PAY009383,I010881,C0852,2024-05-02,499.0,Bank Transfer
PAY009384,I010882,C0852,2024-05-26,499.0,Bank Transfer
PAY009385,I010883,C0852,2024-06-22,499.0,UPI
PAY009386,I010884,C0852,2024-07-25,499.0,UPI
PAY009387,I010885,C0852,2024-08-25,499.0,Debit Card
PAY009388,I010886,C0852,2024-09-23,499.0,UPI
PAY009389,I010887,C0852,2024-10-20,499.0,UPI
PAY009390,I010888,C0852,2024-11-25,499.0,Debit Card
PAY009391,I010889,C0852,2024-12-30,499.0,Credit Card
PAY009392,I010890,C0852,2025-01-28,499.0,Bank Transfer
PAY009393,I010891,C0852,2025-03-05,499.0,Debit Card
PAY009394,I010892,C0852,2025-03-18,499.0,Debit Card
PAY009395,I010893,C0852,2025-05-03,499.0,Credit Card
PAY009396,I010895,C0852,2025-06-19,499.0,Credit Card
PAY009397,I010898,C0852,2025-10-07,499.0,Credit Card
PAY009398,I010899,C0853,2025-07-24,948.0,Debit Card
PAY009399,I010901,C0854,2023-10-31,199.0,Bank Transfer
PAY009400,I010902,C0854,2023-12-06,199.0,Debit Card
PAY009401,I010904,C0854,2024-01-29,199.0,Debit Card
PAY009402,I010905,C0854,2024-02-29,199.0,Bank Transfer
PAY009403,I010906,C0854,2024-03-30,199.0,UPI
PAY009404,I010911,C0854,2024-08-30,199.0,UPI
PAY009405,I010913,C0854,2024-11-07,199.0,Credit Card
PAY009406,I010914,C0854,2024-11-19,199.0,Debit Card
PAY009407,I010915,C0854,2024-12-21,199.0,Credit Card
PAY009408,I010916,C0854,2025-01-31,199.0,Debit Card
PAY009409,I010917,C0854,2025-03-02,199.0,Debit Card
PAY009410,I010918,C0854,2025-03-27,199.0,UPI
PAY009411,I010920,C0854,2025-05-21,199.0,Credit Card
PAY009412,I010921,C0854,2025-06-22,199.0,Bank Transfer
PAY009413,I010922,C0854,2025-07-23,199.0,Debit Card
PAY009414,I010925,C0855,2025-02-12,79.0,Credit Card
PAY009415,I010926,C0855,2025-03-10,79.0,Credit Card
PAY009416,I010927,C0855,2025-03-27,79.0,UPI
PAY009417,I010928,C0855,2025-05-10,79.0,Credit Card
PAY009418,I010929,C0855,2025-06-01,79.0,Debit Card
PAY009419,I010930,C0855,2025-06-30,79.0,Bank Transfer
PAY009420,I010932,C0855,2025-08-30,79.0,Bank Transfer
PAY009421,I010933,C0855,2025-10-01,79.0,Bank Transfer
PAY009422,I010934,C0855,2025-11-07,79.0,UPI
PAY009423,I010935,C0855,2025-11-29,79.0,UPI
PAY009424,I010936,C0855,2025-12-27,79.0,UPI
PAY009425,I010937,C0855,2026-01-28,79.0,Debit Card
PAY009426,I010938,C0855,2026-03-13,79.0,Credit Card
PAY009427,I010939,C0855,2026-04-10,79.0,Bank Transfer
PAY009428,I010941,C0855,2026-05-25,79.0,UPI
PAY009429,I010942,C0855,2026-07-06,79.0,Bank Transfer
PAY009430,I010943,C0855,2026-08-07,79.0,UPI
PAY009431,I010944,C0855,2026-09-09,79.0,Credit Card
PAY009432,I010945,C0855,2026-10-02,79.0,UPI
PAY009433,I010946,C0856,2024-01-18,79.0,Bank Transfer
PAY009434,I010947,C0856,2024-02-22,79.0,Debit Card
PAY009435,I010950,C0856,2024-05-21,79.0,Debit Card
PAY009436,I010951,C0856,2024-06-28,79.0,Bank Transfer
PAY009437,I010952,C0856,2024-07-20,79.0,Bank Transfer
PAY009438,I010953,C0856,2024-08-29,79.0,UPI
PAY009439,I010954,C0856,2024-10-01,79.0,Bank Transfer
PAY009440,I010955,C0856,2024-10-17,79.0,Debit Card
PAY009441,I010956,C0856,2024-11-19,79.0,UPI
PAY009442,I010957,C0856,2024-12-24,79.0,Bank Transfer
PAY009443,I010958,C0856,2025-01-18,79.0,Bank Transfer
PAY009444,I010959,C0856,2025-02-28,79.0,Debit Card
PAY009445,I010960,C0856,2025-03-28,79.0,Bank Transfer
PAY009446,I010961,C0856,2025-04-16,79.0,Bank Transfer
PAY009447,I010962,C0856,2025-05-22,79.0,Credit Card
PAY009448,I010963,C0856,2025-06-12,79.0,Debit Card
PAY009449,I010964,C0856,2025-07-29,79.0,UPI
PAY009450,I010965,C0856,2025-08-31,79.0,UPI
PAY009451,I010966,C0856,2025-09-22,79.0,Bank Transfer
PAY009452,I010967,C0856,2025-10-19,79.0,UPI
PAY009453,I010968,C0856,2025-11-24,79.0,Credit Card
PAY009454,I010969,C0856,2025-12-23,79.0,Bank Transfer
PAY009455,I010971,C0857,2026-05-10,79.0,Credit Card
PAY009456,I010972,C0857,2026-06-09,79.0,UPI
PAY009457,I010973,C0857,2026-06-28,79.0,UPI
PAY009458,I010974,C0857,2026-08-10,79.0,UPI
PAY009459,I010976,C0857,2026-09-26,79.0,UPI
PAY009460,I010978,C0858,2024-07-03,29.0,UPI
PAY009461,I010979,C0858,2024-08-02,29.0,UPI
PAY009462,I010980,C0858,2024-08-28,29.0,Debit Card
PAY009463,I010981,C0858,2024-09-28,29.0,Credit Card
PAY009464,I010983,C0858,2024-11-26,29.0,Bank Transfer
PAY009465,I010984,C0858,2025-01-10,29.0,Bank Transfer
PAY009466,I010985,C0858,2025-01-27,29.0,Bank Transfer
PAY009467,I010986,C0858,2025-03-02,29.0,Credit Card
PAY009468,I010987,C0858,2025-04-01,29.0,Debit Card
PAY009469,I010989,C0859,2025-06-29,948.0,Credit Card
PAY009470,I010990,C0859,2024-10-19,79.0,Bank Transfer
PAY009471,I010991,C0859,2024-11-18,79.0,Bank Transfer
PAY009472,I010992,C0859,2024-12-28,79.0,UPI
PAY009473,I010993,C0859,2025-01-16,79.0,Credit Card
PAY009474,I010996,C0859,2025-04-29,79.0,Debit Card
PAY009475,I010998,C0859,2025-06-16,79.0,Credit Card
PAY009476,I011000,C0859,2025-08-12,79.0,UPI
PAY009477,I011001,C0859,2025-09-11,79.0,Credit Card
PAY009478,I011002,C0859,2025-10-24,79.0,UPI
PAY009479,I011003,C0859,2025-11-25,79.0,UPI
PAY009480,I011004,C0859,2025-12-15,79.0,Debit Card
PAY009481,I011006,C0859,2026-03-02,79.0,Debit Card
PAY009482,I011008,C0859,2026-04-25,79.0,UPI
PAY009483,I011010,C0859,2026-06-19,79.0,Debit Card
PAY009484,I011013,C0859,2026-09-16,79.0,Bank Transfer
PAY009485,I011014,C0860,2024-07-25,948.0,UPI
PAY009486,I011016,C0861,2025-11-26,199.0,Debit Card
PAY009487,I011017,C0861,2026-01-01,199.0,Debit Card
PAY009488,I011018,C0861,2026-02-05,199.0,UPI
PAY009489,I011019,C0861,2026-02-26,199.0,Bank Transfer
PAY009490,I011020,C0861,2026-03-31,199.0,Debit Card
PAY009491,I011021,C0861,2026-04-27,199.0,Credit Card
PAY009492,I011022,C0861,2026-06-06,199.0,Debit Card
PAY009493,I011023,C0861,2026-07-05,199.0,Credit Card
PAY009494,I011024,C0861,2026-07-30,199.0,Debit Card
PAY009495,I011025,C0861,2026-08-29,199.0,Bank Transfer
PAY009496,I011026,C0861,2026-10-09,199.0,Debit Card
PAY009497,I011027,C0862,2023-09-20,29.0,Debit Card
PAY009498,I011029,C0862,2023-11-29,29.0,UPI
PAY009499,I011030,C0862,2023-12-23,29.0,Credit Card
PAY009500,I011031,C0862,2024-01-25,29.0,Credit Card
PAY009501,I011032,C0862,2024-03-04,29.0,UPI
PAY009502,I011033,C0862,2024-04-01,29.0,Debit Card
PAY009503,I011034,C0862,2024-05-04,29.0,Debit Card
PAY009504,I011036,C0862,2024-07-03,29.0,Bank Transfer
PAY009505,I011037,C0862,2024-07-20,29.0,UPI
PAY009506,I011040,C0862,2024-10-18,29.0,UPI
PAY009507,I011041,C0862,2024-11-21,29.0,UPI
PAY009508,I011042,C0862,2024-12-18,29.0,Credit Card
PAY009509,I011043,C0862,2025-01-21,29.0,Debit Card
PAY009510,I011044,C0862,2025-03-04,29.0,Debit Card
PAY009511,I011045,C0862,2025-04-04,29.0,UPI
PAY009512,I011046,C0862,2025-04-27,29.0,UPI
PAY009513,I011047,C0862,2025-05-24,29.0,Bank Transfer
PAY009514,I011049,C0862,2025-07-27,29.0,UPI
PAY009515,I011052,C0863,2024-03-30,29.0,Credit Card
PAY009516,I011053,C0863,2024-04-29,29.0,Bank Transfer
PAY009517,I011055,C0863,2024-07-06,29.0,Bank Transfer
PAY009518,I011056,C0864,2023-11-10,2388.0,Credit Card
PAY009519,I011057,C0864,2024-11-10,2388.0,Debit Card
PAY009520,I011058,C0865,2025-07-31,79.0,Credit Card
PAY009521,I011059,C0865,2025-09-08,79.0,Credit Card
PAY009522,I011060,C0865,2025-10-19,79.0,UPI
PAY009523,I011061,C0865,2025-10-31,79.0,Credit Card
PAY009524,I011062,C0865,2025-12-06,79.0,Debit Card
PAY009525,I011063,C0865,2026-01-01,79.0,UPI
PAY009526,I011065,C0865,2026-03-03,79.0,UPI
PAY009527,I011066,C0865,2026-04-15,79.0,Debit Card
PAY009528,I011067,C0865,2026-05-13,79.0,Credit Card
PAY009529,I011068,C0865,2026-05-31,79.0,Credit Card
PAY009530,I011069,C0865,2026-07-11,79.0,Credit Card
PAY009531,I011070,C0865,2026-08-03,79.0,Credit Card
PAY009532,I011071,C0865,2026-09-15,79.0,Debit Card
PAY009533,I011072,C0865,2026-10-16,79.0,Bank Transfer
PAY009534,I011074,C0867,2024-07-14,79.0,Bank Transfer
PAY009535,I011075,C0867,2024-08-02,79.0,Debit Card
PAY009536,I011076,C0867,2024-09-06,79.0,UPI
PAY009537,I011077,C0867,2024-09-26,79.0,Credit Card
PAY009538,I011078,C0867,2024-11-04,79.0,UPI
PAY009539,I011081,C0867,2025-01-31,79.0,Credit Card
PAY009540,I011082,C0867,2025-02-26,79.0,Debit Card
PAY009541,I011083,C0867,2025-03-25,79.0,Bank Transfer
PAY009542,I011084,C0867,2025-04-30,79.0,Credit Card
PAY009543,I011085,C0867,2025-05-29,79.0,Credit Card
PAY009544,I011086,C0867,2025-06-28,79.0,Debit Card
PAY009545,I011087,C0867,2025-08-08,79.0,Bank Transfer
PAY009546,I011088,C0867,2025-09-05,79.0,UPI
PAY009547,I011089,C0867,2025-10-01,79.0,Debit Card
PAY009548,I011090,C0867,2025-10-25,79.0,Bank Transfer
PAY009549,I011091,C0867,2025-11-26,79.0,Debit Card
PAY009550,I011092,C0867,2025-12-25,79.0,Bank Transfer
PAY009551,I011093,C0867,2026-01-26,79.0,Bank Transfer
PAY009552,I011094,C0867,2026-03-10,79.0,Credit Card
PAY009553,I011095,C0867,2026-03-29,79.0,UPI
PAY009554,I011096,C0867,2026-05-04,79.0,Credit Card
PAY009555,I011097,C0867,2026-06-10,79.0,Credit Card
PAY009556,I011098,C0868,2025-12-28,2388.0,UPI
PAY009557,I011099,C0869,2023-05-05,79.0,Debit Card
PAY009558,I011100,C0869,2023-06-02,79.0,Credit Card
PAY009559,I011101,C0869,2023-06-22,79.0,Bank Transfer
PAY009560,I011102,C0869,2023-08-05,79.0,Bank Transfer
PAY009561,I011103,C0869,2023-09-06,79.0,Debit Card
PAY009562,I011105,C0869,2023-11-04,79.0,Bank Transfer
PAY009563,I011107,C0869,2024-01-02,79.0,UPI
PAY009564,I011108,C0869,2024-01-30,79.0,UPI
PAY009565,I011110,C0869,2024-03-21,79.0,Bank Transfer
PAY009566,I011111,C0869,2024-04-20,79.0,Debit Card
PAY009567,I011112,C0869,2024-06-02,79.0,Debit Card
PAY009568,I011113,C0869,2024-06-27,79.0,UPI
PAY009569,I011114,C0869,2024-07-24,79.0,Credit Card
PAY009570,I011115,C0869,2024-08-28,79.0,UPI
PAY009571,I011116,C0869,2024-09-25,79.0,Credit Card
PAY009572,I011117,C0869,2024-10-22,79.0,Bank Transfer
PAY009573,I011118,C0869,2024-11-27,79.0,Credit Card
PAY009574,I011119,C0869,2024-12-28,79.0,Bank Transfer
PAY009575,I011120,C0869,2025-01-20,79.0,Credit Card
PAY009576,I011121,C0869,2025-03-06,79.0,Bank Transfer
PAY009577,I011122,C0869,2025-04-05,79.0,UPI
PAY009578,I011123,C0870,2023-10-05,948.0,Debit Card
PAY009579,I011124,C0870,2024-08-13,29.0,Bank Transfer
PAY009580,I011126,C0870,2024-10-22,29.0,Bank Transfer
PAY009581,I011127,C0870,2024-11-21,29.0,Bank Transfer
PAY009582,I011128,C0870,2024-12-13,29.0,Credit Card
PAY009583,I011129,C0870,2025-01-09,29.0,Credit Card
PAY009584,I011131,C0870,2025-03-11,29.0,Credit Card
PAY009585,I011132,C0870,2025-04-18,29.0,UPI
PAY009586,I011133,C0870,2025-05-05,29.0,Bank Transfer
PAY009587,I011134,C0870,2025-06-08,29.0,UPI
PAY009588,I011135,C0870,2025-07-23,29.0,Debit Card
PAY009589,I011137,C0870,2025-09-23,29.0,Bank Transfer
PAY009590,I011138,C0870,2025-10-17,29.0,Bank Transfer
PAY009591,I011140,C0870,2025-12-16,29.0,Debit Card
PAY009592,I011141,C0870,2026-01-07,29.0,Credit Card
PAY009593,I011142,C0870,2026-02-11,29.0,Debit Card
PAY009594,I011143,C0870,2026-03-16,29.0,Bank Transfer
PAY009595,I011144,C0870,2026-04-08,29.0,UPI
PAY009596,I011145,C0870,2026-05-06,29.0,UPI
PAY009597,I011146,C0870,2026-06-14,29.0,Credit Card
PAY009598,I011147,C0870,2026-07-09,29.0,UPI
PAY009599,I011148,C0871,2023-08-12,499.0,Debit Card
PAY009600,I011149,C0871,2023-09-24,499.0,Credit Card
PAY009601,I011150,C0871,2023-10-28,499.0,Bank Transfer
PAY009602,I011151,C0871,2023-11-20,499.0,Debit Card
PAY009603,I011152,C0871,2023-12-19,499.0,Debit Card
PAY009604,I011153,C0871,2024-01-11,499.0,Bank Transfer
PAY009605,I011154,C0871,2024-02-11,499.0,Credit Card
PAY009606,I011155,C0871,2024-03-13,499.0,Debit Card
PAY009607,I011156,C0871,2024-04-25,499.0,Debit Card
PAY009608,I011157,C0871,2024-05-29,499.0,Credit Card
PAY009609,I011159,C0871,2024-07-11,499.0,Bank Transfer
PAY009610,I011160,C0871,2024-08-23,499.0,UPI
PAY009611,I011162,C0871,2024-10-14,499.0,Bank Transfer
PAY009612,I011163,C0871,2024-11-12,499.0,Credit Card
PAY009613,I011165,C0871,2025-01-18,499.0,Debit Card
PAY009614,I011166,C0871,2025-02-14,499.0,Credit Card
PAY009615,I011167,C0871,2025-03-20,499.0,Credit Card
PAY009616,I011168,C0871,2025-04-16,499.0,Credit Card
PAY009617,I011169,C0871,2025-05-25,499.0,Credit Card
PAY009618,I011170,C0871,2025-06-12,499.0,UPI
PAY009619,I011171,C0871,2025-07-11,499.0,UPI
PAY009620,I011172,C0872,2026-01-25,199.0,UPI
PAY009621,I011173,C0872,2026-03-09,199.0,Bank Transfer
PAY009622,I011174,C0872,2026-03-22,199.0,Debit Card
PAY009623,I011176,C0872,2026-06-01,199.0,Bank Transfer
PAY009624,I011177,C0872,2026-06-22,199.0,UPI
PAY009625,I011178,C0872,2026-08-02,199.0,Credit Card
PAY009626,I011181,C0872,2026-06-25,948.0,Bank Transfer
PAY009627,I011182,C0873,2024-11-26,199.0,UPI
PAY009628,I011183,C0873,2025-01-03,199.0,Bank Transfer
PAY009629,I011184,C0873,2025-02-11,199.0,Bank Transfer
PAY009630,I011185,C0873,2025-03-01,199.0,Bank Transfer
PAY009631,I011186,C0873,2025-04-03,199.0,Credit Card
PAY009632,I011187,C0873,2025-04-30,199.0,Credit Card
PAY009633,I011188,C0873,2025-05-24,199.0,Credit Card
PAY009634,I011189,C0873,2025-06-26,199.0,Credit Card
PAY009635,I011190,C0873,2025-07-27,199.0,Credit Card
PAY009636,I011191,C0873,2025-09-07,199.0,Debit Card
PAY009637,I011192,C0873,2025-10-02,199.0,UPI
PAY009638,I011193,C0873,2025-11-08,199.0,Debit Card
PAY009639,I011194,C0873,2025-12-08,199.0,UPI
PAY009640,I011195,C0873,2025-12-24,199.0,UPI
PAY009641,I011196,C0873,2026-02-10,199.0,UPI
PAY009642,I011197,C0873,2026-02-24,199.0,UPI
PAY009643,I011199,C0873,2026-05-04,199.0,UPI
PAY009644,I011200,C0873,2026-05-28,199.0,UPI
PAY009645,I011201,C0873,2026-07-05,199.0,UPI
PAY009646,I011202,C0873,2026-08-05,199.0,Debit Card
PAY009647,I011203,C0873,2026-09-01,199.0,UPI
PAY009648,I011204,C0873,2026-10-07,199.0,Debit Card
PAY009649,I011205,C0874,2023-09-22,348.0,UPI
PAY009650,I011206,C0874,2024-09-15,348.0,Credit Card
PAY009651,I011207,C0875,2023-09-29,79.0,Credit Card
PAY009652,I011209,C0875,2023-11-18,79.0,Bank Transfer
PAY009653,I011212,C0875,2024-02-11,79.0,Debit Card
PAY009654,I011213,C0875,2024-03-26,79.0,Debit Card
PAY009655,I011214,C0875,2024-04-13,79.0,UPI
PAY009656,I011215,C0875,2024-05-13,79.0,Debit Card
PAY009657,I011216,C0875,2024-06-19,79.0,Credit Card
PAY009658,I011218,C0875,2024-08-17,79.0,UPI
PAY009659,I011219,C0875,2024-09-28,79.0,UPI
PAY009660,I011220,C0875,2024-10-15,79.0,Debit Card
PAY009661,I011221,C0875,2024-11-13,79.0,Debit Card
PAY009662,I011222,C0875,2024-12-24,79.0,Bank Transfer
PAY009663,I011223,C0875,2025-01-21,79.0,Bank Transfer
PAY009664,I011224,C0876,2023-09-25,79.0,Credit Card
PAY009665,I011225,C0876,2023-10-24,79.0,Debit Card
PAY009666,I011226,C0876,2023-11-28,79.0,Debit Card
PAY009667,I011227,C0876,2023-12-25,79.0,Credit Card
PAY009668,I011229,C0876,2024-02-16,79.0,UPI
PAY009669,I011230,C0876,2024-03-25,79.0,UPI
PAY009670,I011231,C0876,2024-04-20,79.0,Bank Transfer
PAY009671,I011232,C0876,2024-05-30,79.0,UPI
PAY009672,I011233,C0876,2024-06-28,79.0,Bank Transfer
PAY009673,I011234,C0876,2024-07-21,79.0,UPI
PAY009674,I011235,C0876,2024-08-23,79.0,Credit Card
PAY009675,I011236,C0876,2024-09-29,79.0,UPI
PAY009676,I011238,C0876,2024-11-15,79.0,UPI
PAY009677,I011239,C0877,2024-01-26,2388.0,Credit Card
PAY009678,I011240,C0877,2025-01-24,2388.0,Debit Card
PAY009679,I011241,C0878,2024-03-19,2388.0,Debit Card
PAY009680,I011242,C0878,2025-03-28,2388.0,Credit Card
PAY009681,I011243,C0879,2024-09-04,2388.0,Credit Card
PAY009682,I011244,C0879,2025-08-23,2388.0,Credit Card
PAY009683,I011245,C0880,2026-01-26,29.0,Credit Card
PAY009684,I011246,C0880,2026-02-18,29.0,Bank Transfer
PAY009685,I011247,C0880,2026-03-22,29.0,Bank Transfer
PAY009686,I011248,C0880,2026-04-22,29.0,Bank Transfer
PAY009687,I011249,C0880,2026-06-01,29.0,Bank Transfer
PAY009688,I011250,C0880,2026-07-01,29.0,Bank Transfer
PAY009689,I011252,C0880,2026-09-05,29.0,Bank Transfer
PAY009690,I011253,C0880,2026-10-06,29.0,Bank Transfer
PAY009691,I011254,C0881,2024-02-01,79.0,Credit Card
PAY009692,I011255,C0881,2024-02-25,79.0,Debit Card
PAY009693,I011256,C0881,2024-03-26,79.0,UPI
PAY009694,I011257,C0881,2024-05-08,79.0,Credit Card
PAY009695,I011258,C0881,2024-06-11,79.0,Bank Transfer
PAY009696,I011259,C0881,2024-06-25,79.0,Credit Card
PAY009697,I011260,C0881,2024-07-26,79.0,Debit Card
PAY009698,I011262,C0881,2024-09-30,79.0,Bank Transfer
PAY009699,I011263,C0881,2024-11-09,79.0,Debit Card
PAY009700,I011264,C0881,2024-11-30,79.0,Bank Transfer
PAY009701,I011265,C0881,2024-12-28,79.0,Bank Transfer
PAY009702,I011266,C0881,2025-01-30,79.0,Credit Card
PAY009703,I011267,C0881,2025-02-27,79.0,Debit Card
PAY009704,I011269,C0881,2025-05-02,79.0,UPI
PAY009705,I011271,C0881,2025-07-05,79.0,Bank Transfer
PAY009706,I011273,C0881,2025-08-28,79.0,UPI
PAY009707,I011274,C0881,2025-09-30,79.0,Credit Card
PAY009708,I011275,C0881,2025-11-07,79.0,Credit Card
PAY009709,I011276,C0881,2025-12-08,79.0,Debit Card
PAY009710,I011277,C0881,2026-01-04,79.0,Debit Card
PAY009711,I011278,C0882,2024-08-17,2388.0,Bank Transfer
PAY009712,I011280,C0883,2025-12-17,79.0,Credit Card
PAY009713,I011281,C0883,2026-01-15,79.0,Credit Card
PAY009714,I011282,C0883,2026-02-19,79.0,UPI
PAY009715,I011283,C0883,2026-03-12,79.0,Credit Card
PAY009716,I011284,C0883,2026-04-22,79.0,UPI
PAY009717,I011285,C0883,2026-05-03,79.0,UPI
PAY009718,I011286,C0883,2026-06-03,79.0,UPI
PAY009719,I011287,C0883,2026-07-13,79.0,Bank Transfer
PAY009720,I011288,C0883,2026-08-04,79.0,Credit Card
PAY009721,I011289,C0883,2026-09-17,79.0,UPI
PAY009722,I011290,C0884,2024-09-04,199.0,Credit Card
PAY009723,I011291,C0884,2024-09-29,199.0,Bank Transfer
PAY009724,I011292,C0884,2024-11-08,199.0,Bank Transfer
PAY009725,I011293,C0884,2024-12-03,199.0,Bank Transfer
PAY009726,I011294,C0884,2024-12-28,199.0,Debit Card
PAY009727,I011295,C0884,2025-02-08,199.0,UPI
PAY009728,I011296,C0884,2025-03-11,199.0,UPI
PAY009729,I011297,C0885,2023-02-04,348.0,UPI
PAY009730,I011299,C0885,2023-06-19,199.0,Credit Card
PAY009731,I011300,C0885,2023-08-03,199.0,Bank Transfer
PAY009732,I011301,C0885,2023-09-07,199.0,Credit Card
PAY009733,I011303,C0885,2023-10-27,199.0,Debit Card
PAY009734,I011305,C0885,2023-12-30,199.0,Debit Card
PAY009735,I011306,C0885,2024-01-21,199.0,Debit Card
PAY009736,I011307,C0885,2024-03-03,199.0,Bank Transfer
PAY009737,I011308,C0885,2024-04-01,199.0,Bank Transfer
PAY009738,I011309,C0885,2024-04-30,199.0,Debit Card
PAY009739,I011310,C0885,2024-05-29,199.0,Bank Transfer
PAY009740,I011311,C0885,2024-06-25,199.0,UPI
PAY009741,I011312,C0885,2024-07-28,199.0,Debit Card
PAY009742,I011313,C0885,2024-08-25,199.0,Debit Card
PAY009743,I011314,C0885,2024-09-30,199.0,Bank Transfer
PAY009744,I011316,C0885,2024-11-25,199.0,Bank Transfer
PAY009745,I011319,C0885,2025-03-03,199.0,Credit Card
PAY009746,I011320,C0885,2025-03-20,199.0,Credit Card
PAY009747,I011321,C0885,2025-05-08,199.0,Credit Card
PAY009748,I011322,C0885,2025-06-07,199.0,Credit Card
PAY009749,I011323,C0886,2026-02-02,199.0,Credit Card
PAY009750,I011324,C0886,2026-03-12,199.0,Debit Card
PAY009751,I011326,C0886,2026-05-05,199.0,UPI
PAY009752,I011328,C0886,2026-06-30,199.0,UPI
PAY009753,I011330,C0886,2026-08-30,199.0,UPI
PAY009754,I011331,C0886,2026-10-12,199.0,Credit Card
PAY009755,I011332,C0886,2026-05-22,948.0,UPI
PAY009756,I011333,C0887,2024-09-06,5988.0,UPI
PAY009757,I011334,C0887,2025-09-07,5988.0,Bank Transfer
PAY009758,I011335,C0888,2023-02-19,348.0,Credit Card
PAY009759,I011336,C0888,2024-02-02,348.0,Credit Card
PAY009760,I011337,C0889,2025-05-16,79.0,UPI
PAY009761,I011338,C0889,2025-06-27,79.0,Debit Card
PAY009762,I011339,C0889,2025-07-16,79.0,Debit Card
PAY009763,I011340,C0889,2025-08-21,79.0,Debit Card
PAY009764,I011341,C0889,2025-09-23,79.0,Debit Card
PAY009765,I011342,C0889,2025-10-13,79.0,Bank Transfer
PAY009766,I011343,C0889,2025-11-11,79.0,UPI
PAY009767,I011344,C0889,2025-12-17,79.0,Debit Card
PAY009768,I011345,C0889,2026-01-26,79.0,Bank Transfer
PAY009769,I011346,C0889,2026-03-01,79.0,Debit Card
PAY009770,I011348,C0889,2026-04-17,79.0,Credit Card
PAY009771,I011349,C0889,2026-05-21,79.0,UPI
PAY009772,I011350,C0889,2026-06-17,79.0,UPI
PAY009773,I011351,C0889,2026-07-17,79.0,UPI
PAY009774,I011352,C0889,2026-08-16,79.0,UPI
PAY009775,I011354,C0890,2023-06-16,199.0,Credit Card
PAY009776,I011355,C0890,2023-07-23,199.0,Credit Card
PAY009777,I011356,C0890,2023-08-22,199.0,Credit Card
PAY009778,I011357,C0890,2023-09-16,199.0,Bank Transfer
PAY009779,I011358,C0890,2023-10-12,199.0,UPI
PAY009780,I011360,C0890,2023-12-07,199.0,Bank Transfer
PAY009781,I011361,C0890,2024-01-19,199.0,UPI
PAY009782,I011362,C0890,2024-02-10,199.0,Credit Card
PAY009783,I011363,C0890,2024-03-22,199.0,Credit Card
PAY009784,I011364,C0890,2024-04-06,199.0,UPI
PAY009785,I011365,C0890,2024-05-08,199.0,Bank Transfer
PAY009786,I011367,C0891,2025-07-09,29.0,UPI
PAY009787,I011368,C0891,2025-07-25,29.0,UPI
PAY009788,I011369,C0891,2025-08-28,29.0,Credit Card
PAY009789,I011370,C0891,2025-10-09,29.0,UPI
PAY009790,I011371,C0891,2025-11-06,29.0,Credit Card
PAY009791,I011373,C0891,2026-01-09,29.0,Debit Card
PAY009792,I011374,C0891,2026-01-27,29.0,Debit Card
PAY009793,I011376,C0891,2026-03-26,29.0,Credit Card
PAY009794,I011377,C0891,2026-05-12,29.0,Bank Transfer
PAY009795,I011379,C0892,2024-03-13,199.0,Credit Card
PAY009796,I011380,C0892,2024-04-22,199.0,Bank Transfer
PAY009797,I011382,C0892,2024-06-23,199.0,Debit Card
PAY009798,I011383,C0892,2024-07-23,199.0,Credit Card
PAY009799,I011384,C0892,2024-08-20,199.0,Debit Card
PAY009800,I011385,C0892,2024-09-26,199.0,UPI
PAY009801,I011386,C0892,2024-10-27,199.0,Bank Transfer
PAY009802,I011387,C0892,2024-11-25,199.0,Credit Card
PAY009803,I011388,C0892,2024-12-20,199.0,Debit Card
PAY009804,I011389,C0892,2025-01-12,199.0,Bank Transfer
PAY009805,I011390,C0892,2025-02-26,199.0,Bank Transfer
PAY009806,I011391,C0892,2025-03-24,199.0,Credit Card
PAY009807,I011392,C0892,2025-04-09,199.0,Credit Card
PAY009808,I011393,C0892,2025-05-18,199.0,UPI
PAY009809,I011394,C0892,2025-06-28,199.0,Debit Card
PAY009810,I011395,C0892,2025-07-26,199.0,Debit Card
PAY009811,I011396,C0892,2025-08-09,199.0,Credit Card
PAY009812,I011397,C0892,2025-09-11,199.0,UPI
PAY009813,I011399,C0892,2025-11-20,199.0,UPI
PAY009814,I011400,C0892,2025-12-14,199.0,Bank Transfer
PAY009815,I011401,C0892,2026-01-10,199.0,Credit Card
PAY009816,I011402,C0893,2025-05-07,199.0,Bank Transfer
PAY009817,I011403,C0893,2025-06-07,199.0,UPI
PAY009818,I011404,C0893,2025-07-05,199.0,Debit Card
PAY009819,I011405,C0893,2025-08-01,199.0,Debit Card
PAY009820,I011406,C0893,2025-09-06,199.0,Bank Transfer
PAY009821,I011407,C0893,2025-11-24,5988.0,Credit Card
PAY009822,I011409,C0895,2025-02-01,79.0,Credit Card
PAY009823,I011410,C0895,2025-02-19,79.0,Debit Card
PAY009824,I011411,C0895,2025-04-03,79.0,Bank Transfer
PAY009825,I011412,C0895,2025-04-18,79.0,Debit Card
PAY009826,I011413,C0895,2025-05-29,79.0,UPI
PAY009827,I011414,C0895,2025-06-18,79.0,Debit Card
PAY009828,I011415,C0895,2025-07-16,79.0,Credit Card
PAY009829,I011417,C0895,2025-09-27,79.0,Credit Card
PAY009830,I011418,C0895,2025-10-31,79.0,UPI
PAY009831,I011420,C0895,2025-12-30,79.0,Credit Card
PAY009832,I011421,C0895,2026-01-17,79.0,Credit Card
PAY009833,I011423,C0895,2026-04-02,79.0,Debit Card
PAY009834,I011424,C0895,2026-04-28,79.0,Bank Transfer
PAY009835,I011425,C0895,2026-05-27,79.0,UPI
PAY009836,I011426,C0895,2026-06-21,79.0,Credit Card
PAY009837,I011427,C0895,2026-08-04,79.0,Debit Card
PAY009838,I011428,C0895,2026-08-31,79.0,Debit Card
PAY009839,I011430,C0896,2026-02-16,29.0,Credit Card
PAY009840,I011431,C0896,2026-04-01,29.0,Debit Card
PAY009841,I011432,C0896,2026-04-29,29.0,Bank Transfer
PAY009842,I011433,C0896,2026-05-26,29.0,Debit Card
PAY009843,I011434,C0896,2026-06-26,29.0,UPI
PAY009844,I011436,C0896,2026-05-08,199.0,Credit Card
PAY009845,I011437,C0896,2026-06-18,199.0,Credit Card
PAY009846,I011438,C0896,2026-07-15,199.0,Debit Card
PAY009847,I011439,C0896,2026-08-25,199.0,Credit Card
PAY009848,I011440,C0896,2026-09-15,199.0,Credit Card
PAY009849,I011441,C0897,2023-09-30,29.0,Bank Transfer
PAY009850,I011442,C0897,2023-11-13,29.0,Credit Card
PAY009851,I011444,C0897,2024-01-06,29.0,Bank Transfer
PAY009852,I011445,C0897,2024-02-03,29.0,Debit Card
PAY009853,I011446,C0897,2024-03-10,29.0,UPI
PAY009854,I011447,C0897,2024-04-03,29.0,Credit Card
PAY009855,I011448,C0897,2024-05-16,29.0,UPI
PAY009856,I011449,C0897,2024-06-14,29.0,UPI
PAY009857,I011451,C0897,2024-08-05,29.0,UPI
PAY009858,I011452,C0897,2024-09-02,29.0,UPI
PAY009859,I011453,C0897,2024-10-15,29.0,Bank Transfer
PAY009860,I011454,C0898,2025-02-11,79.0,UPI
PAY009861,I011456,C0898,2025-04-24,79.0,Debit Card
PAY009862,I011457,C0898,2025-05-17,79.0,Credit Card
PAY009863,I011458,C0898,2025-06-09,79.0,Bank Transfer
PAY009864,I011459,C0898,2025-07-27,79.0,UPI
PAY009865,I011460,C0898,2025-08-14,79.0,UPI
PAY009866,I011461,C0898,2025-09-15,79.0,Credit Card
PAY009867,I011462,C0898,2025-10-17,79.0,Debit Card
PAY009868,I011463,C0898,2025-11-11,79.0,UPI
PAY009869,I011464,C0898,2025-12-19,79.0,Debit Card
PAY009870,I011465,C0898,2026-01-08,79.0,UPI
PAY009871,I011466,C0898,2026-02-19,79.0,Debit Card
PAY009872,I011467,C0898,2026-03-22,79.0,Credit Card
PAY009873,I011468,C0898,2026-04-15,79.0,Credit Card
PAY009874,I011469,C0898,2026-05-25,79.0,Debit Card
PAY009875,I011470,C0898,2026-06-13,79.0,Bank Transfer
PAY009876,I011471,C0898,2026-07-23,79.0,UPI
PAY009877,I011472,C0898,2026-08-19,79.0,Bank Transfer
PAY009878,I011474,C0899,2023-07-10,948.0,UPI
PAY009879,I011475,C0899,2024-06-26,948.0,Credit Card
PAY009880,I011476,C0900,2023-10-03,29.0,Bank Transfer
PAY009881,I011477,C0900,2023-11-02,29.0,Credit Card
PAY009882,I011478,C0900,2023-12-05,29.0,Bank Transfer
PAY009883,I011479,C0900,2024-01-12,29.0,UPI
PAY009884,I011480,C0900,2024-02-01,29.0,UPI
PAY009885,I011481,C0900,2024-03-04,29.0,Bank Transfer
PAY009886,I011482,C0900,2024-04-17,29.0,Debit Card
PAY009887,I011483,C0900,2024-05-01,29.0,Debit Card
PAY009888,I011484,C0900,2024-06-05,29.0,UPI
PAY009889,I011485,C0900,2024-07-08,29.0,Debit Card
PAY009890,I011487,C0901,2024-10-03,348.0,Debit Card
PAY009891,I011488,C0902,2026-03-19,29.0,Debit Card
PAY009892,I011489,C0902,2026-04-11,29.0,Bank Transfer
PAY009893,I011490,C0902,2026-05-15,29.0,UPI
PAY009894,I011491,C0902,2026-06-22,29.0,Debit Card
PAY009895,I011492,C0902,2026-07-15,29.0,Credit Card
PAY009896,I011493,C0902,2026-08-20,29.0,Debit Card
PAY009897,I011494,C0902,2026-09-17,29.0,Debit Card
PAY009898,I011496,C0903,2024-03-27,79.0,Credit Card
PAY009899,I011497,C0903,2024-05-04,79.0,Debit Card
PAY009900,I011498,C0903,2024-06-10,79.0,UPI
PAY009901,I011499,C0903,2024-06-29,79.0,Bank Transfer
PAY009902,I011500,C0903,2024-08-02,79.0,UPI
PAY009903,I011501,C0903,2024-08-29,79.0,Debit Card
PAY009904,I011503,C0903,2024-11-07,79.0,Debit Card
PAY009905,I011505,C0903,2024-12-27,79.0,Bank Transfer
PAY009906,I011506,C0903,2025-02-07,79.0,Credit Card
PAY009907,I011507,C0903,2025-03-16,79.0,UPI
PAY009908,I011508,C0903,2025-04-10,79.0,Debit Card
PAY009909,I011509,C0903,2025-04-28,79.0,Credit Card
PAY009910,I011510,C0903,2025-06-03,79.0,Debit Card
PAY009911,I011511,C0903,2025-07-09,79.0,Bank Transfer
PAY009912,I011512,C0903,2025-08-12,79.0,Bank Transfer
PAY009913,I011513,C0903,2025-09-06,79.0,UPI
PAY009914,I011514,C0903,2025-09-27,79.0,UPI
PAY009915,I011515,C0903,2025-11-09,79.0,Bank Transfer
PAY009916,I011516,C0903,2025-12-10,79.0,Bank Transfer
PAY009917,I011517,C0903,2026-01-02,79.0,UPI
PAY009918,I011519,C0904,2024-01-03,29.0,UPI
PAY009919,I011520,C0904,2024-02-14,29.0,Debit Card
PAY009920,I011521,C0904,2024-03-14,29.0,Bank Transfer
PAY009921,I011522,C0904,2024-04-09,29.0,UPI
PAY009922,I011524,C0904,2024-06-01,29.0,Credit Card
PAY009923,I011525,C0904,2024-07-16,29.0,UPI
PAY009924,I011526,C0904,2024-07-31,29.0,Credit Card
PAY009925,I011527,C0904,2024-09-11,29.0,Bank Transfer
PAY009926,I011528,C0904,2024-10-12,29.0,UPI
PAY009927,I011530,C0904,2024-12-07,29.0,Credit Card
PAY009928,I011531,C0904,2024-12-31,29.0,UPI
PAY009929,I011532,C0904,2025-02-10,29.0,Credit Card
PAY009930,I011533,C0904,2025-03-05,29.0,Credit Card
PAY009931,I011534,C0904,2025-04-01,29.0,Credit Card
PAY009932,I011536,C0904,2025-06-14,29.0,UPI
PAY009933,I011537,C0904,2025-07-16,29.0,UPI
PAY009934,I011538,C0904,2025-08-05,29.0,UPI
PAY009935,I011539,C0904,2025-09-11,29.0,Debit Card
PAY009936,I011540,C0904,2025-10-16,29.0,Debit Card
PAY009937,I011543,C0905,2024-01-16,2388.0,Credit Card
PAY009938,I011544,C0905,2025-01-20,2388.0,UPI
PAY009939,I011546,C0906,2024-09-20,79.0,Credit Card
PAY009940,I011547,C0906,2024-10-17,79.0,UPI
PAY009941,I011548,C0906,2024-11-18,79.0,Bank Transfer
PAY009942,I011549,C0906,2024-12-15,79.0,UPI
PAY009943,I011550,C0906,2025-01-14,79.0,UPI
PAY009944,I011551,C0906,2025-02-09,79.0,Credit Card
PAY009945,I011552,C0906,2025-03-08,79.0,UPI
PAY009946,I011554,C0906,2025-05-04,79.0,Debit Card
PAY009947,I011555,C0906,2025-06-10,79.0,Bank Transfer
PAY009948,I011556,C0906,2025-07-20,79.0,Bank Transfer
PAY009949,I011557,C0906,2025-08-04,79.0,Bank Transfer
PAY009950,I011558,C0906,2025-09-03,79.0,Bank Transfer
PAY009951,I011559,C0906,2025-03-30,348.0,Bank Transfer
PAY009952,I011560,C0906,2026-04-11,348.0,Bank Transfer
PAY009953,I011561,C0907,2025-06-28,2388.0,Bank Transfer
PAY009954,I011562,C0907,2026-06-17,2388.0,Credit Card
PAY009955,I011565,C0909,2026-06-07,948.0,Bank Transfer
PAY009956,I011566,C0910,2026-02-10,348.0,Credit Card
PAY009957,I011567,C0910,2026-05-29,948.0,Credit Card
PAY009958,I011568,C0911,2024-09-06,499.0,UPI
PAY009959,I011569,C0911,2024-10-10,499.0,UPI
PAY009960,I011570,C0911,2024-11-02,499.0,Credit Card
PAY009961,I011571,C0911,2024-12-01,499.0,UPI
PAY009962,I011572,C0911,2025-01-10,499.0,UPI
PAY009963,I011573,C0911,2025-02-13,499.0,UPI
PAY009964,I011574,C0911,2025-03-06,499.0,Debit Card
PAY009965,I011575,C0911,2025-04-01,499.0,Credit Card
PAY009966,I011576,C0911,2025-05-06,499.0,Credit Card
PAY009967,I011577,C0911,2025-05-29,499.0,Credit Card
PAY009968,I011579,C0911,2025-07-28,499.0,Bank Transfer
PAY009969,I011580,C0911,2025-09-03,499.0,Debit Card
PAY009970,I011581,C0911,2025-10-16,499.0,UPI
PAY009971,I011582,C0911,2025-11-06,499.0,UPI
PAY009972,I011583,C0911,2025-12-16,499.0,UPI
PAY009973,I011584,C0911,2026-01-13,499.0,Bank Transfer
PAY009974,I011585,C0911,2026-01-30,499.0,Bank Transfer
PAY009975,I011586,C0911,2026-03-18,499.0,Debit Card
PAY009976,I011587,C0911,2026-04-07,499.0,UPI
PAY009977,I011588,C0911,2026-05-02,499.0,Credit Card
PAY009978,I011589,C0911,2026-06-14,499.0,Bank Transfer
PAY009979,I011590,C0911,2026-07-07,499.0,UPI
PAY009980,I011591,C0911,2026-08-07,499.0,Credit Card
PAY009981,I011593,C0912,2024-02-10,348.0,Debit Card
PAY009982,I011594,C0913,2026-04-18,29.0,Credit Card
PAY009983,I011595,C0913,2026-05-21,29.0,Bank Transfer
PAY009984,I011596,C0913,2026-06-11,29.0,Credit Card
PAY009985,I011597,C0913,2026-07-24,29.0,Bank Transfer
PAY009986,I011598,C0913,2026-08-20,29.0,Debit Card
PAY009987,I011599,C0913,2026-09-11,29.0,Credit Card
PAY009988,I011600,C0914,2024-01-23,199.0,Credit Card
PAY009989,I011601,C0914,2024-02-28,199.0,Bank Transfer
PAY009990,I011602,C0914,2024-03-31,199.0,Debit Card
PAY009991,I011603,C0914,2024-04-23,199.0,Bank Transfer
PAY009992,I011604,C0914,2024-05-31,199.0,UPI
PAY009993,I011605,C0914,2024-06-19,199.0,Debit Card
PAY009994,I011606,C0914,2024-07-25,199.0,Credit Card
PAY009995,I011607,C0914,2024-08-28,199.0,Bank Transfer
PAY009996,I011608,C0914,2024-10-04,199.0,Debit Card
PAY009997,I011609,C0914,2024-10-25,199.0,UPI
PAY009998,I011610,C0914,2024-11-20,199.0,Credit Card
PAY009999,I011611,C0914,2024-12-19,199.0,Debit Card
PAY010000,I011613,C0914,2025-02-22,199.0,UPI
PAY010001,I011614,C0914,2025-03-29,199.0,Debit Card
PAY010002,I011616,C0914,2025-05-23,199.0,Credit Card
PAY010003,I011617,C0914,2025-06-25,199.0,Credit Card
PAY010004,I011618,C0914,2025-07-29,199.0,Debit Card
PAY010005,I011619,C0914,2025-08-26,199.0,Debit Card
PAY010006,I011620,C0914,2025-09-26,199.0,Debit Card
PAY010007,I011621,C0914,2025-10-25,199.0,Bank Transfer
PAY010008,I011622,C0914,2025-12-02,199.0,Bank Transfer
PAY010009,I011623,C0914,2025-12-30,199.0,Credit Card
PAY010010,I011625,C0915,2023-06-16,79.0,Credit Card
PAY010011,I011626,C0915,2023-07-20,79.0,Bank Transfer
PAY010012,I011627,C0915,2023-08-21,79.0,Bank Transfer
PAY010013,I011628,C0915,2023-09-25,79.0,UPI
PAY010014,I011629,C0915,2023-10-25,79.0,UPI
PAY010015,I011630,C0915,2023-11-17,79.0,Debit Card
PAY010016,I011631,C0915,2023-12-14,79.0,Bank Transfer
PAY010017,I011633,C0915,2024-02-17,79.0,Credit Card
PAY010018,I011634,C0915,2024-03-14,79.0,Credit Card
PAY010019,I011635,C0915,2024-04-17,79.0,Debit Card
PAY010020,I011636,C0915,2024-05-20,79.0,Credit Card
PAY010021,I011637,C0915,2024-07-02,79.0,Bank Transfer
PAY010022,I011638,C0915,2024-07-30,79.0,Credit Card
PAY010023,I011639,C0915,2024-08-15,79.0,Bank Transfer
PAY010024,I011640,C0915,2024-10-01,79.0,Debit Card
PAY010025,I011641,C0915,2024-10-28,79.0,Debit Card
PAY010026,I011642,C0915,2024-11-14,79.0,Credit Card
PAY010027,I011643,C0915,2024-12-19,79.0,Credit Card
PAY010028,I011644,C0915,2025-01-27,79.0,UPI
PAY010029,I011645,C0915,2025-02-15,79.0,Credit Card
PAY010030,I011646,C0915,2025-03-26,79.0,Debit Card
PAY010031,I011647,C0915,2025-04-17,79.0,UPI
PAY010032,I011648,C0916,2025-12-02,29.0,Bank Transfer
PAY010033,I011649,C0916,2025-12-28,29.0,Debit Card
PAY010034,I011651,C0916,2026-02-20,29.0,Credit Card
PAY010035,I011652,C0916,2026-03-27,29.0,Credit Card
PAY010036,I011653,C0916,2026-05-03,29.0,Credit Card
PAY010037,I011654,C0916,2026-05-14,29.0,Debit Card
PAY010038,I011656,C0916,2026-07-29,29.0,Credit Card
PAY010039,I011657,C0916,2026-09-02,29.0,Debit Card
PAY010040,I011658,C0916,2026-09-28,29.0,UPI
PAY010041,I011659,C0917,2024-06-02,2388.0,Bank Transfer
PAY010042,I011660,C0917,2025-05-19,2388.0,Bank Transfer
PAY010043,I011661,C0917,2025-05-08,499.0,Credit Card
PAY010044,I011662,C0917,2025-06-07,499.0,UPI
PAY010045,I011663,C0917,2025-06-25,499.0,Bank Transfer
PAY010046,I011664,C0917,2025-07-20,499.0,Bank Transfer
PAY010047,I011665,C0917,2025-08-25,499.0,Bank Transfer
PAY010048,I011666,C0917,2025-10-01,499.0,Debit Card
PAY010049,I011668,C0917,2025-11-24,499.0,Debit Card
PAY010050,I011669,C0917,2026-01-06,499.0,Bank Transfer
PAY010051,I011670,C0917,2026-01-29,499.0,Debit Card
PAY010052,I011671,C0917,2026-02-21,499.0,Credit Card
PAY010053,I011672,C0917,2026-03-23,499.0,Debit Card
PAY010054,I011673,C0918,2026-01-29,29.0,Bank Transfer
PAY010055,I011674,C0918,2026-03-01,29.0,UPI
PAY010056,I011675,C0918,2026-03-27,29.0,Bank Transfer
PAY010057,I011677,C0918,2026-05-14,29.0,Bank Transfer
PAY010058,I011678,C0918,2026-06-13,29.0,UPI
PAY010059,I011679,C0918,2026-05-27,499.0,Debit Card
PAY010060,I011680,C0918,2026-07-06,499.0,Credit Card
PAY010061,I011681,C0918,2026-07-20,499.0,Bank Transfer
PAY010062,I011682,C0918,2026-08-24,499.0,Credit Card
PAY010063,I011683,C0918,2026-10-03,499.0,Credit Card
PAY010064,I011684,C0919,2023-05-27,79.0,Bank Transfer
PAY010065,I011686,C0919,2023-08-10,79.0,UPI
PAY010066,I011687,C0919,2023-09-06,79.0,UPI
PAY010067,I011688,C0919,2023-10-08,79.0,Credit Card
PAY010068,I011689,C0919,2023-10-31,79.0,Credit Card
PAY010069,I011690,C0919,2023-11-28,79.0,UPI
PAY010070,I011691,C0919,2023-12-28,79.0,Debit Card
PAY010071,I011692,C0919,2024-02-04,79.0,Debit Card
PAY010072,I011693,C0919,2024-03-06,79.0,UPI
PAY010073,I011694,C0919,2024-04-02,79.0,Bank Transfer
PAY010074,I011695,C0919,2024-05-07,79.0,UPI
PAY010075,I011696,C0919,2024-06-11,79.0,Bank Transfer
PAY010076,I011699,C0919,2024-08-31,79.0,Debit Card
PAY010077,I011701,C0919,2024-11-11,79.0,Bank Transfer
PAY010078,I011702,C0919,2024-12-09,79.0,Debit Card
PAY010079,I011704,C0919,2025-02-06,79.0,UPI
PAY010080,I011707,C0919,2025-05-01,79.0,Bank Transfer
PAY010081,I011708,C0920,2023-08-17,2388.0,Credit Card
PAY010082,I011709,C0920,2024-08-23,2388.0,Bank Transfer
PAY010083,I011710,C0921,2023-08-20,79.0,Credit Card
PAY010084,I011711,C0921,2023-09-25,79.0,Credit Card
PAY010085,I011712,C0921,2023-10-12,79.0,Debit Card
PAY010086,I011713,C0921,2023-11-16,79.0,UPI
PAY010087,I011716,C0921,2024-02-20,79.0,UPI
PAY010088,I011717,C0921,2024-03-09,79.0,Debit Card
PAY010089,I011718,C0921,2024-04-25,79.0,Debit Card
PAY010090,I011719,C0921,2024-05-21,79.0,Debit Card
PAY010091,I011720,C0921,2024-06-21,79.0,UPI
PAY010092,I011721,C0921,2024-07-26,79.0,Debit Card
PAY010093,I011722,C0921,2024-08-20,79.0,Debit Card
PAY010094,I011724,C0921,2024-10-16,79.0,Bank Transfer
PAY010095,I011725,C0921,2024-11-23,79.0,Debit Card
PAY010096,I011726,C0921,2024-12-08,79.0,Debit Card
PAY010097,I011727,C0921,2025-01-23,79.0,Credit Card
PAY010098,I011728,C0921,2025-02-15,79.0,Credit Card
PAY010099,I011729,C0921,2025-03-22,79.0,UPI
PAY010100,I011730,C0921,2025-04-14,79.0,UPI
PAY010101,I011731,C0921,2025-05-09,79.0,Bank Transfer
PAY010102,I011732,C0921,2025-06-20,79.0,UPI
PAY010103,I011737,C0922,2023-10-16,199.0,UPI
PAY010104,I011740,C0922,2024-01-12,199.0,UPI
PAY010105,I011741,C0922,2024-02-06,199.0,UPI
PAY010106,I011742,C0922,2024-03-01,199.0,Bank Transfer
PAY010107,I011743,C0922,2024-03-28,199.0,Debit Card
PAY010108,I011744,C0922,2024-05-09,199.0,Bank Transfer
PAY010109,I011745,C0922,2024-06-03,199.0,Bank Transfer
PAY010110,I011746,C0922,2024-07-13,199.0,Debit Card
PAY010111,I011747,C0922,2024-07-29,199.0,Credit Card
PAY010112,I011748,C0922,2024-08-29,199.0,UPI
PAY010113,I011749,C0922,2024-10-07,199.0,Credit Card
PAY010114,I011750,C0922,2024-11-10,199.0,UPI
PAY010115,I011751,C0922,2024-12-05,199.0,UPI
PAY010116,I011752,C0922,2025-01-08,199.0,Bank Transfer
PAY010117,I011753,C0922,2025-02-15,199.0,UPI
PAY010118,I011754,C0922,2025-03-03,199.0,Debit Card
PAY010119,I011755,C0922,2025-04-12,199.0,Bank Transfer
PAY010120,I011757,C0922,2025-06-08,199.0,Bank Transfer
PAY010121,I011758,C0923,2024-03-18,29.0,Bank Transfer
PAY010122,I011759,C0923,2024-04-20,29.0,Debit Card
PAY010123,I011760,C0923,2024-05-15,29.0,Credit Card
PAY010124,I011761,C0923,2024-06-08,29.0,UPI
PAY010125,I011762,C0923,2024-07-21,29.0,UPI
PAY010126,I011763,C0923,2024-08-13,29.0,UPI
PAY010127,I011764,C0923,2024-09-16,29.0,Bank Transfer
PAY010128,I011765,C0923,2024-10-20,29.0,Credit Card
PAY010129,I011766,C0923,2024-11-22,29.0,Credit Card
PAY010130,I011768,C0923,2025-01-12,29.0,Credit Card
PAY010131,I011769,C0923,2025-02-12,29.0,Debit Card
PAY010132,I011770,C0923,2025-03-21,29.0,UPI
PAY010133,I011772,C0923,2025-05-10,29.0,Debit Card
PAY010134,I011773,C0923,2025-06-18,29.0,UPI
PAY010135,I011774,C0923,2025-07-25,29.0,Credit Card
PAY010136,I011775,C0923,2025-08-23,29.0,UPI
PAY010137,I011776,C0923,2025-09-21,29.0,UPI
PAY010138,I011777,C0923,2025-10-15,29.0,Credit Card
PAY010139,I011780,C0923,2026-01-27,29.0,Credit Card
PAY010140,I011781,C0923,2026-02-20,29.0,Credit Card
PAY010141,I011782,C0924,2023-09-28,2388.0,UPI
PAY010142,I011783,C0924,2024-09-27,2388.0,Bank Transfer
PAY010143,I011784,C0925,2025-08-22,79.0,Credit Card
PAY010144,I011785,C0925,2025-09-30,79.0,Debit Card
PAY010145,I011786,C0925,2025-10-18,79.0,Bank Transfer
PAY010146,I011787,C0925,2025-11-25,79.0,Credit Card
PAY010147,I011788,C0926,2024-03-18,348.0,Debit Card
PAY010148,I011789,C0926,2025-03-05,348.0,UPI
PAY010149,I011790,C0927,2024-02-28,79.0,UPI
PAY010150,I011792,C0927,2024-05-03,79.0,Bank Transfer
PAY010151,I011793,C0927,2024-05-27,79.0,Credit Card
PAY010152,I011794,C0927,2024-06-28,79.0,Credit Card
PAY010153,I011795,C0927,2024-07-22,79.0,Bank Transfer
PAY010154,I011796,C0927,2024-09-04,79.0,Credit Card
PAY010155,I011797,C0927,2024-09-23,79.0,Debit Card
PAY010156,I011798,C0927,2024-10-23,79.0,Bank Transfer
PAY010157,I011800,C0927,2024-12-30,79.0,UPI
PAY010158,I011801,C0927,2025-01-30,79.0,Credit Card
PAY010159,I011803,C0927,2025-03-26,79.0,Debit Card
PAY010160,I011804,C0927,2025-04-24,79.0,Debit Card
PAY010161,I011805,C0927,2025-06-05,79.0,Bank Transfer
PAY010162,I011806,C0927,2025-07-06,79.0,UPI
PAY010163,I011807,C0927,2025-07-30,79.0,Credit Card
PAY010164,I011808,C0927,2025-08-21,79.0,Credit Card
PAY010165,I011809,C0927,2025-10-07,79.0,Bank Transfer
PAY010166,I011810,C0927,2025-11-01,79.0,Debit Card
PAY010167,I011811,C0927,2025-12-04,79.0,UPI
PAY010168,I011813,C0927,2026-01-20,79.0,Bank Transfer
PAY010169,I011815,C0928,2025-02-06,199.0,Debit Card
PAY010170,I011816,C0928,2025-03-09,199.0,Bank Transfer
PAY010171,I011817,C0928,2025-04-08,199.0,Bank Transfer
PAY010172,I011818,C0928,2025-05-07,199.0,Credit Card
PAY010173,I011819,C0928,2025-06-08,199.0,UPI
PAY010174,I011821,C0928,2025-08-11,199.0,Debit Card
PAY010175,I011822,C0928,2025-09-05,199.0,Credit Card
PAY010176,I011823,C0928,2025-09-30,199.0,Bank Transfer
PAY010177,I011825,C0928,2025-11-30,199.0,Bank Transfer
PAY010178,I011826,C0928,2026-01-10,199.0,Credit Card
PAY010179,I011827,C0928,2026-02-06,199.0,UPI
PAY010180,I011828,C0928,2026-03-06,199.0,Debit Card
PAY010181,I011829,C0928,2026-04-15,199.0,Credit Card
PAY010182,I011830,C0928,2026-05-03,199.0,Debit Card
PAY010183,I011831,C0928,2026-06-15,199.0,UPI
PAY010184,I011832,C0928,2026-07-12,199.0,Bank Transfer
PAY010185,I011834,C0928,2026-09-05,199.0,Credit Card
PAY010186,I011835,C0928,2026-10-11,199.0,Bank Transfer
PAY010187,I011836,C0929,2023-07-17,2388.0,Debit Card
PAY010188,I011837,C0929,2024-07-27,2388.0,UPI
PAY010189,I011838,C0930,2025-12-24,79.0,Debit Card
PAY010190,I011839,C0930,2026-01-14,79.0,UPI
PAY010191,I011840,C0930,2026-02-22,79.0,Debit Card
PAY010192,I011841,C0930,2026-03-28,79.0,Bank Transfer
PAY010193,I011842,C0930,2026-04-15,79.0,UPI
PAY010194,I011843,C0930,2026-05-16,79.0,UPI
PAY010195,I011844,C0930,2026-06-16,79.0,Debit Card
PAY010196,I011845,C0930,2026-07-21,79.0,Bank Transfer
PAY010197,I011846,C0930,2026-08-19,79.0,Credit Card
PAY010198,I011847,C0930,2026-09-27,79.0,Credit Card
PAY010199,I011848,C0931,2024-05-08,499.0,Credit Card
PAY010200,I011849,C0931,2024-05-25,499.0,UPI
PAY010201,I011850,C0931,2024-06-30,499.0,Debit Card
PAY010202,I011851,C0931,2024-07-27,499.0,UPI
PAY010203,I011852,C0931,2024-09-03,499.0,Debit Card
PAY010204,I011854,C0931,2024-11-03,499.0,Credit Card
PAY010205,I011856,C0931,2024-12-27,499.0,UPI
PAY010206,I011857,C0931,2025-02-04,499.0,Credit Card
PAY010207,I011858,C0931,2025-03-15,499.0,Bank Transfer
PAY010208,I011859,C0931,2025-04-11,499.0,Credit Card
PAY010209,I011860,C0931,2025-05-10,499.0,Debit Card
PAY010210,I011861,C0931,2025-06-04,499.0,Debit Card
PAY010211,I011862,C0931,2025-07-08,499.0,Bank Transfer
PAY010212,I011864,C0931,2025-09-03,499.0,Debit Card
PAY010213,I011865,C0931,2025-10-07,499.0,Debit Card
PAY010214,I011866,C0931,2025-11-02,499.0,UPI
PAY010215,I011867,C0931,2025-12-02,499.0,UPI
PAY010216,I011868,C0931,2026-01-02,499.0,UPI
PAY010217,I011869,C0931,2026-02-05,499.0,Bank Transfer
PAY010218,I011870,C0931,2026-03-02,499.0,Debit Card
PAY010219,I011871,C0931,2026-04-07,499.0,UPI
PAY010220,I011872,C0932,2025-06-18,948.0,Bank Transfer
PAY010221,I011873,C0932,2026-06-13,948.0,Credit Card
PAY010222,I011874,C0933,2025-08-01,348.0,UPI
PAY010223,I011875,C0933,2026-08-01,348.0,Debit Card
PAY010224,I011876,C0934,2023-05-03,948.0,UPI
PAY010225,I011877,C0934,2024-05-11,948.0,UPI
PAY010226,I011878,C0935,2025-02-20,348.0,Bank Transfer
PAY010227,I011879,C0935,2026-05-07,348.0,UPI
PAY010228,I011880,C0936,2023-12-20,29.0,Credit Card
PAY010229,I011881,C0936,2024-02-02,29.0,Credit Card
PAY010230,I011882,C0936,2024-02-23,29.0,Debit Card
PAY010231,I011883,C0936,2024-03-22,29.0,UPI
PAY010232,I011884,C0936,2024-04-14,29.0,Debit Card
PAY010233,I011885,C0936,2024-05-30,29.0,Bank Transfer
PAY010234,I011886,C0936,2024-06-19,29.0,Bank Transfer
PAY010235,I011887,C0936,2024-08-01,29.0,UPI
PAY010236,I011888,C0936,2024-08-23,29.0,Debit Card
PAY010237,I011889,C0936,2024-09-20,29.0,Debit Card
PAY010238,I011890,C0936,2024-10-29,29.0,UPI
PAY010239,I011891,C0936,2024-12-02,29.0,Bank Transfer
PAY010240,I011892,C0936,2024-12-25,29.0,Debit Card
PAY010241,I011893,C0936,2025-01-17,29.0,UPI
PAY010242,I011894,C0936,2025-03-03,29.0,Credit Card
PAY010243,I011895,C0936,2025-03-18,29.0,Credit Card
PAY010244,I011896,C0936,2025-04-26,29.0,UPI
PAY010245,I011897,C0936,2025-05-24,29.0,Bank Transfer
PAY010246,I011898,C0936,2025-06-28,29.0,UPI
PAY010247,I011900,C0936,2025-08-17,29.0,Bank Transfer
PAY010248,I011901,C0936,2025-09-27,29.0,Debit Card
PAY010249,I011903,C0936,2025-11-14,29.0,Bank Transfer
PAY010250,I011905,C0937,2023-03-16,79.0,UPI
PAY010251,I011907,C0937,2023-05-15,79.0,Bank Transfer
PAY010252,I011908,C0937,2023-06-17,79.0,Credit Card
PAY010253,I011909,C0937,2023-07-10,79.0,Bank Transfer
PAY010254,I011910,C0937,2023-08-14,79.0,Bank Transfer
PAY010255,I011911,C0937,2023-09-07,79.0,Credit Card
PAY010256,I011912,C0937,2023-10-03,79.0,Bank Transfer
PAY010257,I011913,C0937,2023-11-15,79.0,Credit Card
PAY010258,I011915,C0937,2024-01-02,79.0,Debit Card
PAY010259,I011917,C0937,2024-03-06,79.0,Credit Card
PAY010260,I011918,C0937,2024-03-29,79.0,Bank Transfer
PAY010261,I011919,C0937,2024-05-15,79.0,Debit Card
PAY010262,I011920,C0938,2025-09-14,499.0,Bank Transfer
PAY010263,I011921,C0938,2025-10-18,499.0,Debit Card
PAY010264,I011923,C0938,2025-12-14,499.0,Credit Card
PAY010265,I011924,C0938,2026-01-14,499.0,Credit Card
PAY010266,I011925,C0938,2026-02-09,499.0,UPI
PAY010267,I011926,C0938,2026-03-07,499.0,Debit Card
PAY010268,I011927,C0938,2026-04-04,499.0,Bank Transfer
PAY010269,I011929,C0938,2026-06-20,499.0,UPI
PAY010270,I011930,C0938,2026-07-06,499.0,Bank Transfer
PAY010271,I011931,C0938,2026-08-08,499.0,UPI
PAY010272,I011932,C0938,2026-09-18,499.0,UPI
PAY010273,I011933,C0939,2023-02-15,2388.0,Credit Card
PAY010274,I011934,C0939,2024-02-21,2388.0,Credit Card
PAY010275,I011937,C0940,2024-11-28,29.0,Bank Transfer
PAY010276,I011938,C0940,2024-12-16,29.0,UPI
PAY010277,I011940,C0940,2025-02-17,29.0,Credit Card
PAY010278,I011942,C0940,2025-05-05,29.0,Debit Card
PAY010279,I011945,C0940,2025-08-10,29.0,UPI
PAY010280,I011946,C0940,2025-08-24,29.0,Debit Card
PAY010281,I011947,C0940,2025-09-28,29.0,UPI
PAY010282,I011948,C0940,2025-11-06,29.0,Bank Transfer
PAY010283,I011949,C0940,2025-11-26,29.0,Debit Card
PAY010284,I011950,C0940,2026-01-04,29.0,Credit Card
PAY010285,I011951,C0940,2026-02-09,29.0,UPI
PAY010286,I011952,C0940,2026-03-13,29.0,UPI
PAY010287,I011953,C0940,2026-04-07,29.0,UPI
PAY010288,I011954,C0940,2026-05-03,29.0,UPI
PAY010289,I011955,C0940,2026-05-31,29.0,Credit Card
PAY010290,I011956,C0940,2026-07-03,29.0,Debit Card
PAY010291,I011957,C0940,2026-07-26,29.0,Credit Card
PAY010292,I011959,C0940,2026-10-12,29.0,Bank Transfer
PAY010293,I011960,C0941,2024-08-23,79.0,Bank Transfer
PAY010294,I011961,C0941,2024-09-30,79.0,Bank Transfer
PAY010295,I011962,C0941,2024-10-22,79.0,UPI
PAY010296,I011963,C0941,2024-11-28,79.0,Bank Transfer
PAY010297,I011964,C0941,2024-12-21,79.0,Debit Card
PAY010298,I011965,C0941,2025-01-27,79.0,Bank Transfer
PAY010299,I011966,C0941,2025-02-11,79.0,UPI
PAY010300,I011967,C0941,2025-03-28,79.0,UPI
PAY010301,I011968,C0941,2025-04-22,79.0,UPI
PAY010302,I011969,C0941,2025-05-17,79.0,Debit Card
PAY010303,I011970,C0941,2025-06-13,79.0,UPI
PAY010304,I011971,C0941,2025-07-21,79.0,Debit Card
PAY010305,I011972,C0941,2025-08-12,79.0,UPI
PAY010306,I011973,C0941,2025-09-24,79.0,Debit Card
PAY010307,I011974,C0941,2025-10-26,79.0,Credit Card
PAY010308,I011975,C0941,2025-11-12,79.0,Credit Card
PAY010309,I011976,C0941,2025-12-13,79.0,Credit Card
PAY010310,I011977,C0941,2026-01-18,79.0,Debit Card
PAY010311,I011978,C0941,2026-02-11,79.0,Credit Card
PAY010312,I011979,C0941,2026-03-12,79.0,Bank Transfer
PAY010313,I011980,C0941,2026-04-29,79.0,Debit Card
PAY010314,I011981,C0941,2026-05-13,79.0,UPI
PAY010315,I011982,C0941,2026-06-27,79.0,Debit Card
PAY010316,I011983,C0941,2026-07-27,79.0,Credit Card
PAY010317,I011984,C0942,2026-03-29,348.0,Debit Card
PAY010318,I011986,C0943,2026-01-26,79.0,Credit Card
PAY010319,I011987,C0943,2026-03-11,79.0,Debit Card
PAY010320,I011989,C0943,2026-05-01,79.0,UPI
PAY010321,I011990,C0943,2026-06-06,79.0,Bank Transfer
PAY010322,I011991,C0943,2026-07-15,79.0,Bank Transfer
PAY010323,I011992,C0943,2026-08-14,79.0,Credit Card
PAY010324,I011993,C0943,2026-09-02,79.0,Credit Card
PAY010325,I011994,C0943,2026-09-26,79.0,UPI
PAY010326,I011996,C0944,2025-07-25,199.0,Bank Transfer
PAY010327,I011997,C0944,2025-08-23,199.0,Credit Card
PAY010328,I011998,C0944,2025-09-29,199.0,Debit Card
PAY010329,I011999,C0944,2025-11-10,199.0,UPI
PAY010330,I012000,C0944,2025-11-28,199.0,UPI
PAY010331,I012001,C0944,2026-01-05,199.0,Credit Card
PAY010332,I012002,C0944,2026-02-07,199.0,Bank Transfer
PAY010333,I012003,C0944,2026-03-11,199.0,UPI
PAY010334,I012005,C0944,2026-04-25,199.0,UPI
PAY010335,I012006,C0944,2026-06-04,199.0,UPI
PAY010336,I012007,C0944,2026-07-08,199.0,UPI
PAY010337,I012008,C0944,2026-08-06,199.0,Debit Card
PAY010338,I012009,C0944,2026-09-04,199.0,Debit Card
PAY010339,I012010,C0944,2026-09-29,199.0,UPI
PAY010340,I012011,C0945,2024-06-16,2388.0,Debit Card
PAY010341,I012012,C0945,2025-06-14,2388.0,UPI
PAY010342,I012013,C0946,2023-05-13,199.0,Bank Transfer
PAY010343,I012014,C0946,2023-06-18,199.0,Bank Transfer
PAY010344,I012015,C0946,2023-07-06,199.0,Credit Card
PAY010345,I012016,C0946,2023-08-03,199.0,Debit Card
PAY010346,I012017,C0946,2023-09-04,199.0,UPI
PAY010347,I012018,C0946,2023-10-03,199.0,UPI
PAY010348,I012019,C0946,2023-11-15,199.0,UPI
PAY010349,I012021,C0946,2024-01-14,199.0,Bank Transfer
PAY010350,I012022,C0946,2024-02-17,199.0,Bank Transfer
PAY010351,I012024,C0946,2024-04-20,199.0,Bank Transfer
PAY010352,I012026,C0946,2024-06-09,199.0,Credit Card
PAY010353,I012028,C0946,2024-08-06,199.0,Credit Card
PAY010354,I012030,C0946,2024-10-11,199.0,Credit Card
PAY010355,I012031,C0946,2024-11-11,199.0,UPI
PAY010356,I012032,C0946,2024-12-07,199.0,Debit Card
PAY010357,I012033,C0946,2025-01-12,199.0,Bank Transfer
PAY010358,I012034,C0946,2025-02-15,199.0,Bank Transfer
PAY010359,I012035,C0946,2025-03-07,199.0,Credit Card
PAY010360,I012036,C0946,2025-04-05,199.0,Bank Transfer
PAY010361,I012037,C0947,2023-12-08,29.0,UPI
PAY010362,I012038,C0947,2024-01-18,29.0,Bank Transfer
PAY010363,I012039,C0947,2024-02-16,29.0,Bank Transfer
PAY010364,I012040,C0947,2024-03-12,29.0,Bank Transfer
PAY010365,I012042,C0947,2024-05-17,29.0,Debit Card
PAY010366,I012045,C0947,2024-08-19,29.0,UPI
PAY010367,I012046,C0947,2024-09-19,29.0,Bank Transfer
PAY010368,I012047,C0947,2024-10-20,29.0,Debit Card
PAY010369,I012048,C0947,2024-11-20,29.0,Debit Card
PAY010370,I012049,C0947,2024-12-10,29.0,Debit Card
PAY010371,I012051,C0947,2025-02-13,29.0,Debit Card
PAY010372,I012052,C0947,2025-03-17,29.0,Debit Card
PAY010373,I012055,C0947,2025-06-15,29.0,UPI
PAY010374,I012056,C0947,2025-07-16,29.0,Credit Card
PAY010375,I012057,C0947,2025-08-18,29.0,UPI
PAY010376,I012059,C0947,2025-10-15,29.0,UPI
PAY010377,I012060,C0947,2025-11-16,29.0,UPI
PAY010378,I012063,C0948,2023-09-05,79.0,Bank Transfer
PAY010379,I012064,C0948,2023-09-29,79.0,Debit Card
PAY010380,I012065,C0948,2023-11-08,79.0,UPI
PAY010381,I012066,C0948,2023-11-28,79.0,Credit Card
PAY010382,I012067,C0948,2024-01-08,79.0,Credit Card
PAY010383,I012068,C0948,2024-01-30,79.0,Debit Card
PAY010384,I012069,C0948,2024-03-10,79.0,UPI
PAY010385,I012070,C0948,2024-04-08,79.0,UPI
PAY010386,I012071,C0948,2024-04-30,79.0,Debit Card
PAY010387,I012073,C0948,2024-07-03,79.0,Debit Card
PAY010388,I012074,C0948,2024-07-25,79.0,Bank Transfer
PAY010389,I012076,C0948,2024-10-08,79.0,UPI
PAY010390,I012077,C0948,2024-11-11,79.0,UPI
PAY010391,I012078,C0948,2024-12-01,79.0,Credit Card
PAY010392,I012079,C0948,2025-01-09,79.0,Credit Card
PAY010393,I012080,C0948,2025-02-04,79.0,Debit Card
PAY010394,I012081,C0948,2025-03-02,79.0,Credit Card
PAY010395,I012082,C0948,2025-04-10,79.0,Debit Card
PAY010396,I012083,C0948,2025-05-01,79.0,Bank Transfer
PAY010397,I012084,C0948,2025-06-07,79.0,Debit Card
PAY010398,I012085,C0949,2024-08-19,199.0,Debit Card
PAY010399,I012086,C0949,2024-09-20,199.0,Credit Card
PAY010400,I012087,C0949,2024-11-03,199.0,Debit Card
PAY010401,I012089,C0949,2024-12-22,199.0,Debit Card
PAY010402,I012090,C0949,2025-02-06,199.0,UPI
PAY010403,I012092,C0949,2025-04-05,199.0,Debit Card
PAY010404,I012093,C0949,2025-05-06,199.0,Debit Card
PAY010405,I012094,C0949,2025-06-01,199.0,Debit Card
PAY010406,I012095,C0949,2025-06-19,199.0,Bank Transfer
PAY010407,I012096,C0949,2025-07-30,199.0,UPI
PAY010408,I012097,C0949,2025-09-07,199.0,Credit Card
PAY010409,I012099,C0949,2025-10-30,199.0,UPI
PAY010410,I012100,C0949,2025-11-21,199.0,UPI
PAY010411,I012101,C0949,2025-12-26,199.0,Bank Transfer
PAY010412,I012103,C0949,2026-03-09,199.0,Credit Card
PAY010413,I012104,C0949,2026-03-20,199.0,Debit Card
PAY010414,I012105,C0949,2026-04-27,199.0,Bank Transfer
PAY010415,I012106,C0949,2026-06-04,199.0,Debit Card
PAY010416,I012107,C0949,2026-07-04,199.0,UPI
PAY010417,I012108,C0949,2026-07-25,199.0,Debit Card
PAY010418,I012109,C0950,2024-04-10,79.0,UPI
PAY010419,I012110,C0950,2024-04-28,79.0,Debit Card
PAY010420,I012111,C0950,2024-06-12,79.0,Debit Card
PAY010421,I012114,C0950,2024-09-14,79.0,Credit Card
PAY010422,I012116,C0951,2024-08-13,199.0,Credit Card
PAY010423,I012117,C0951,2024-09-19,199.0,Debit Card
PAY010424,I012118,C0951,2024-10-27,199.0,Bank Transfer
PAY010425,I012119,C0951,2024-11-18,199.0,UPI
PAY010426,I012120,C0951,2024-12-25,199.0,UPI
PAY010427,I012121,C0951,2025-01-15,199.0,UPI
PAY010428,I012122,C0951,2025-02-17,199.0,UPI
PAY010429,I012123,C0951,2025-03-29,199.0,Bank Transfer
PAY010430,I012124,C0951,2025-04-10,199.0,Debit Card
PAY010431,I012125,C0951,2025-05-23,199.0,Debit Card
PAY010432,I012126,C0951,2025-06-11,199.0,Bank Transfer
PAY010433,I012127,C0951,2025-07-29,199.0,Debit Card
PAY010434,I012128,C0951,2025-08-17,199.0,Debit Card
PAY010435,I012129,C0951,2025-09-22,199.0,Credit Card
PAY010436,I012130,C0951,2025-10-23,199.0,UPI
PAY010437,I012131,C0951,2025-11-18,199.0,Bank Transfer
PAY010438,I012133,C0951,2026-01-17,199.0,Credit Card
PAY010439,I012134,C0951,2026-02-20,199.0,Debit Card
PAY010440,I012135,C0951,2026-03-16,199.0,Credit Card
PAY010441,I012136,C0951,2026-04-23,199.0,Debit Card
PAY010442,I012137,C0951,2026-05-29,199.0,UPI
PAY010443,I012138,C0951,2026-06-20,199.0,Debit Card
PAY010444,I012140,C0952,2026-04-08,29.0,Credit Card
PAY010445,I012141,C0952,2026-05-19,29.0,Bank Transfer
PAY010446,I012142,C0952,2026-06-15,29.0,Credit Card
PAY010447,I012143,C0952,2026-07-23,29.0,UPI
PAY010448,I012144,C0952,2026-08-17,29.0,UPI
PAY010449,I012145,C0952,2026-09-15,29.0,UPI
PAY010450,I012146,C0953,2025-11-12,79.0,Credit Card
PAY010451,I012147,C0953,2025-12-14,79.0,UPI
PAY010452,I012148,C0953,2026-01-16,79.0,Credit Card
PAY010453,I012149,C0953,2026-02-15,79.0,UPI
PAY010454,I012150,C0953,2026-03-10,79.0,Credit Card
PAY010455,I012151,C0953,2026-04-14,79.0,Credit Card
PAY010456,I012152,C0953,2026-05-21,79.0,UPI
PAY010457,I012153,C0953,2026-06-07,79.0,Debit Card
PAY010458,I012154,C0953,2026-07-23,79.0,Credit Card
PAY010459,I012155,C0953,2026-08-07,79.0,Debit Card
PAY010460,I012156,C0953,2026-09-19,79.0,UPI
PAY010461,I012157,C0953,2026-04-07,348.0,UPI
PAY010462,I012158,C0954,2023-01-16,199.0,Debit Card
PAY010463,I012159,C0954,2023-02-15,199.0,Debit Card
PAY010464,I012162,C0954,2023-05-12,199.0,Debit Card
PAY010465,I012165,C0954,2023-08-11,199.0,Debit Card
PAY010466,I012166,C0954,2023-09-19,199.0,Credit Card
PAY010467,I012167,C0954,2023-10-27,199.0,Credit Card
PAY010468,I012168,C0954,2023-11-09,199.0,Bank Transfer
PAY010469,I012169,C0954,2023-12-21,199.0,Debit Card
PAY010470,I012170,C0954,2024-01-26,199.0,Debit Card
PAY010471,I012171,C0954,2024-02-19,199.0,Credit Card
PAY010472,I012172,C0954,2024-03-09,199.0,Credit Card
PAY010473,I012173,C0954,2024-04-27,199.0,Bank Transfer
PAY010474,I012174,C0954,2023-09-04,79.0,Debit Card
PAY010475,I012175,C0954,2023-10-03,79.0,Bank Transfer
PAY010476,I012176,C0954,2023-11-05,79.0,Bank Transfer
PAY010477,I012177,C0954,2023-11-24,79.0,Debit Card
PAY010478,I012178,C0954,2023-12-30,79.0,Bank Transfer
PAY010479,I012180,C0954,2024-03-06,79.0,Bank Transfer
PAY010480,I012181,C0954,2024-04-02,79.0,Debit Card
PAY010481,I012182,C0954,2024-05-09,79.0,UPI
PAY010482,I012185,C0954,2024-07-27,79.0,Credit Card
PAY010483,I012187,C0954,2024-09-28,79.0,Credit Card
PAY010484,I012188,C0954,2024-11-01,79.0,Credit Card
PAY010485,I012189,C0954,2024-11-24,79.0,Debit Card
PAY010486,I012190,C0954,2024-12-29,79.0,Bank Transfer
PAY010487,I012191,C0954,2025-02-07,79.0,Credit Card
PAY010488,I012192,C0954,2025-03-14,79.0,Credit Card
PAY010489,I012196,C0954,2025-06-25,79.0,Debit Card
PAY010490,I012197,C0954,2025-08-03,79.0,Debit Card
PAY010491,I012198,C0955,2023-12-15,948.0,Bank Transfer
PAY010492,I012199,C0955,2024-12-02,948.0,Debit Card
PAY010493,I012200,C0956,2025-10-17,29.0,Bank Transfer
PAY010494,I012201,C0956,2025-12-02,29.0,Credit Card
PAY010495,I012202,C0956,2025-12-19,29.0,Credit Card
PAY010496,I012204,C0956,2026-02-14,29.0,UPI
PAY010497,I012207,C0957,2023-11-30,348.0,Bank Transfer
PAY010498,I012208,C0957,2024-12-12,348.0,UPI
PAY010499,I012209,C0958,2023-01-23,29.0,Credit Card
PAY010500,I012210,C0958,2023-03-05,29.0,Bank Transfer
PAY010501,I012211,C0958,2023-03-19,29.0,UPI
PAY010502,I012212,C0958,2023-04-15,29.0,Credit Card
PAY010503,I012215,C0958,2023-07-26,29.0,Credit Card
PAY010504,I012216,C0959,2025-04-24,348.0,Debit Card
PAY010505,I012217,C0959,2026-04-27,348.0,Debit Card
PAY010506,I012218,C0960,2023-08-17,948.0,Credit Card
PAY010507,I012219,C0961,2023-04-29,499.0,Bank Transfer
PAY010508,I012220,C0961,2023-05-25,499.0,Bank Transfer
PAY010509,I012221,C0961,2023-07-06,499.0,UPI
PAY010510,I012222,C0961,2023-08-11,499.0,UPI
PAY010511,I012223,C0961,2023-08-29,499.0,Bank Transfer
PAY010512,I012224,C0961,2023-09-28,499.0,Debit Card
PAY010513,I012226,C0961,2023-11-28,499.0,Debit Card
PAY010514,I012227,C0961,2024-01-02,499.0,Credit Card
PAY010515,I012228,C0961,2024-02-09,499.0,Debit Card
PAY010516,I012229,C0961,2023-11-30,948.0,UPI
PAY010517,I012230,C0961,2024-12-11,948.0,Debit Card
PAY010518,I012232,C0962,2023-02-09,29.0,UPI
PAY010519,I012233,C0962,2023-03-06,29.0,UPI
PAY010520,I012234,C0962,2023-04-19,29.0,Credit Card
PAY010521,I012235,C0962,2023-05-08,29.0,UPI
PAY010522,I012237,C0962,2023-07-15,29.0,Debit Card
PAY010523,I012238,C0963,2023-09-24,948.0,Bank Transfer
PAY010524,I012239,C0963,2024-10-08,948.0,Debit Card
PAY010525,I012240,C0964,2025-08-24,348.0,Debit Card
PAY010526,I012241,C0964,2026-08-16,348.0,Debit Card
PAY010527,I012242,C0964,2026-07-03,199.0,Debit Card
PAY010528,I012243,C0964,2026-08-13,199.0,UPI
PAY010529,I012244,C0964,2026-09-01,199.0,Bank Transfer
PAY010530,I012245,C0964,2026-09-30,199.0,Credit Card
PAY010531,I012246,C0965,2023-11-21,199.0,Credit Card
PAY010532,I012247,C0965,2023-12-19,199.0,Bank Transfer
PAY010533,I012248,C0965,2024-01-15,199.0,Credit Card
PAY010534,I012249,C0965,2024-02-20,199.0,Debit Card
PAY010535,I012250,C0965,2024-03-05,199.0,Debit Card
PAY010536,I012251,C0965,2024-04-21,199.0,Debit Card
PAY010537,I012252,C0965,2024-05-18,199.0,UPI
PAY010538,I012253,C0965,2024-06-10,199.0,Bank Transfer
PAY010539,I012254,C0965,2024-07-03,199.0,UPI
PAY010540,I012256,C0965,2024-09-17,199.0,Bank Transfer
PAY010541,I012257,C0965,2024-10-03,199.0,Credit Card
PAY010542,I012258,C0965,2024-11-13,199.0,Bank Transfer
PAY010543,I012259,C0965,2024-12-05,199.0,Debit Card
PAY010544,I012260,C0965,2025-01-04,199.0,Credit Card
PAY010545,I012261,C0965,2025-02-21,199.0,Debit Card
PAY010546,I012262,C0965,2025-03-20,199.0,Bank Transfer
PAY010547,I012263,C0965,2025-04-16,199.0,Bank Transfer
PAY010548,I012264,C0965,2025-05-15,199.0,Debit Card
PAY010549,I012265,C0965,2025-06-10,199.0,Credit Card
PAY010550,I012266,C0965,2025-07-03,199.0,Credit Card
PAY010551,I012267,C0965,2025-08-05,199.0,Bank Transfer
PAY010552,I012268,C0965,2025-09-19,199.0,Credit Card
PAY010553,I012269,C0965,2025-10-16,199.0,Debit Card
PAY010554,I012270,C0966,2023-01-30,199.0,Bank Transfer
PAY010555,I012271,C0966,2023-02-22,199.0,Bank Transfer
PAY010556,I012272,C0966,2023-03-22,199.0,Credit Card
PAY010557,I012273,C0966,2023-04-21,199.0,Credit Card
PAY010558,I012274,C0966,2023-05-13,199.0,UPI
PAY010559,I012275,C0966,2023-06-16,199.0,Bank Transfer
PAY010560,I012276,C0966,2023-07-17,199.0,UPI
PAY010561,I012277,C0966,2023-08-31,199.0,UPI
PAY010562,I012279,C0966,2023-10-16,199.0,Credit Card
PAY010563,I012280,C0966,2023-11-28,199.0,Debit Card
PAY010564,I012282,C0966,2024-01-24,199.0,Bank Transfer
PAY010565,I012283,C0966,2024-02-28,199.0,Credit Card
PAY010566,I012284,C0966,2024-03-12,199.0,Bank Transfer
PAY010567,I012285,C0966,2024-04-16,199.0,Credit Card
PAY010568,I012286,C0966,2024-05-29,199.0,Credit Card
PAY010569,I012287,C0966,2024-06-21,199.0,Bank Transfer
PAY010570,I012288,C0966,2024-07-30,199.0,Bank Transfer
PAY010571,I012289,C0966,2024-08-22,199.0,Debit Card
PAY010572,I012291,C0966,2024-10-29,199.0,Credit Card
PAY010573,I012292,C0966,2024-11-26,199.0,Credit Card
PAY010574,I012293,C0966,2024-12-21,199.0,Debit Card
PAY010575,I012294,C0967,2025-08-08,2388.0,Debit Card
PAY010576,I012295,C0967,2026-08-08,2388.0,Credit Card
PAY010577,I012296,C0968,2024-03-05,499.0,UPI
PAY010578,I012297,C0968,2024-04-06,499.0,Credit Card
PAY010579,I012298,C0968,2024-05-02,499.0,Debit Card
PAY010580,I012299,C0968,2024-05-28,499.0,Bank Transfer
PAY010581,I012300,C0968,2024-06-29,499.0,Credit Card
PAY010582,I012301,C0968,2024-07-25,499.0,UPI
PAY010583,I012302,C0968,2024-08-28,499.0,UPI
PAY010584,I012304,C0968,2024-10-27,499.0,Credit Card
PAY010585,I012305,C0968,2024-12-04,499.0,Bank Transfer
PAY010586,I012306,C0968,2025-01-08,499.0,Debit Card
PAY010587,I012307,C0968,2025-02-04,499.0,Credit Card
PAY010588,I012308,C0968,2025-02-28,499.0,Credit Card
PAY010589,I012309,C0968,2025-03-29,499.0,UPI
PAY010590,I012310,C0968,2025-05-13,499.0,Bank Transfer
PAY010591,I012311,C0968,2025-05-28,499.0,UPI
PAY010592,I012312,C0968,2025-07-06,499.0,Debit Card
PAY010593,I012313,C0968,2025-07-30,499.0,UPI
PAY010594,I012314,C0968,2025-09-10,499.0,Credit Card
PAY010595,I012315,C0968,2025-10-12,499.0,UPI
PAY010596,I012317,C0968,2025-12-11,499.0,Bank Transfer
PAY010597,I012319,C0968,2026-01-26,499.0,Bank Transfer
PAY010598,I012320,C0969,2025-06-11,79.0,Credit Card
PAY010599,I012321,C0969,2025-07-11,79.0,Debit Card
PAY010600,I012322,C0969,2025-08-11,79.0,Credit Card
PAY010601,I012323,C0969,2025-09-23,79.0,Credit Card
PAY010602,I012324,C0969,2025-10-24,79.0,UPI
PAY010603,I012325,C0969,2025-11-07,79.0,Credit Card
PAY010604,I012326,C0969,2025-12-13,79.0,Bank Transfer
PAY010605,I012327,C0969,2026-01-26,79.0,UPI
PAY010606,I012328,C0969,2026-02-08,79.0,Debit Card
PAY010607,I012329,C0969,2026-03-08,79.0,Debit Card
PAY010608,I012330,C0969,2026-04-26,79.0,UPI
PAY010609,I012332,C0969,2026-06-24,79.0,Credit Card
PAY010610,I012333,C0969,2026-07-21,79.0,UPI
PAY010611,I012334,C0969,2026-08-15,79.0,UPI
PAY010612,I012335,C0969,2026-09-15,79.0,Debit Card
PAY010613,I012336,C0969,2026-06-10,29.0,UPI
PAY010614,I012338,C0969,2026-08-15,29.0,Credit Card
PAY010615,I012339,C0969,2026-09-06,29.0,Bank Transfer
PAY010616,I012340,C0970,2023-06-27,2388.0,Bank Transfer
PAY010617,I012342,C0971,2023-06-01,948.0,Bank Transfer
PAY010618,I012343,C0971,2024-05-24,948.0,UPI
PAY010619,I012344,C0972,2025-08-27,79.0,Debit Card
PAY010620,I012345,C0972,2025-09-23,79.0,UPI
PAY010621,I012346,C0972,2025-10-25,79.0,UPI
PAY010622,I012347,C0972,2025-12-10,79.0,UPI
PAY010623,I012348,C0972,2026-01-06,79.0,Credit Card
PAY010624,I012349,C0972,2026-02-07,79.0,UPI
PAY010625,I012350,C0972,2026-02-23,79.0,UPI
PAY010626,I012351,C0972,2026-04-04,79.0,Debit Card
PAY010627,I012352,C0972,2026-05-08,79.0,Bank Transfer
PAY010628,I012353,C0972,2026-06-10,79.0,Credit Card
PAY010629,I012354,C0972,2026-07-07,79.0,Credit Card
PAY010630,I012355,C0972,2026-08-04,79.0,Bank Transfer
PAY010631,I012356,C0972,2026-09-05,79.0,UPI
PAY010632,I012357,C0972,2026-09-29,79.0,UPI
PAY010633,I012358,C0973,2025-11-23,79.0,Credit Card
PAY010634,I012359,C0973,2025-12-21,79.0,UPI
PAY010635,I012360,C0973,2026-01-28,79.0,Debit Card
PAY010636,I012361,C0973,2026-02-24,79.0,Credit Card
PAY010637,I012363,C0973,2026-04-23,79.0,Credit Card
PAY010638,I012365,C0973,2026-06-24,79.0,UPI
PAY010639,I012367,C0973,2026-08-21,79.0,UPI
PAY010640,I012368,C0973,2026-09-18,79.0,Credit Card
PAY010641,I012369,C0974,2026-03-23,2388.0,Credit Card
PAY010642,I012370,C0974,2026-06-22,499.0,Debit Card
PAY010643,I012371,C0974,2026-07-24,499.0,Debit Card
PAY010644,I012372,C0974,2026-08-19,499.0,UPI
PAY010645,I012373,C0974,2026-09-20,499.0,Debit Card
PAY010646,I012374,C0975,2024-11-04,199.0,Bank Transfer
PAY010647,I012375,C0975,2024-11-23,199.0,UPI
PAY010648,I012376,C0975,2024-12-27,199.0,Bank Transfer
PAY010649,I012377,C0975,2025-01-20,199.0,UPI
PAY010650,I012378,C0975,2025-03-06,199.0,Credit Card
PAY010651,I012379,C0975,2025-03-31,199.0,Bank Transfer
PAY010652,I012380,C0975,2025-04-20,199.0,Debit Card
PAY010653,I012381,C0975,2025-06-02,199.0,Bank Transfer
PAY010654,I012382,C0975,2025-06-25,199.0,Credit Card
PAY010655,I012384,C0975,2025-08-29,199.0,Bank Transfer
PAY010656,I012386,C0975,2025-11-04,199.0,Bank Transfer
PAY010657,I012387,C0975,2025-11-22,199.0,Bank Transfer
PAY010658,I012388,C0975,2025-12-28,199.0,Bank Transfer
PAY010659,I012389,C0975,2026-02-06,199.0,Bank Transfer
PAY010660,I012390,C0976,2026-01-30,79.0,Bank Transfer
PAY010661,I012391,C0976,2026-02-27,79.0,Bank Transfer
PAY010662,I012392,C0976,2026-03-24,79.0,UPI
PAY010663,I012394,C0976,2026-05-20,79.0,Debit Card
PAY010664,I012395,C0976,2026-07-03,79.0,Debit Card
PAY010665,I012396,C0976,2026-08-02,79.0,UPI
PAY010666,I012397,C0976,2026-09-03,79.0,Bank Transfer
PAY010667,I012398,C0976,2026-09-23,79.0,Bank Transfer
PAY010668,I012399,C0977,2023-07-07,29.0,Debit Card
PAY010669,I012400,C0977,2023-07-29,29.0,Debit Card
PAY010670,I012401,C0977,2023-09-11,29.0,Credit Card
PAY010671,I012402,C0977,2023-10-15,29.0,Debit Card
PAY010672,I012403,C0977,2023-11-10,29.0,Credit Card
PAY010673,I012404,C0977,2023-12-13,29.0,Bank Transfer
PAY010674,I012405,C0977,2024-01-13,29.0,Debit Card
PAY010675,I012406,C0977,2024-02-04,29.0,Credit Card
PAY010676,I012408,C0977,2024-04-12,29.0,Bank Transfer
PAY010677,I012410,C0978,2026-01-22,79.0,Credit Card
PAY010678,I012411,C0978,2026-02-24,79.0,Credit Card
PAY010679,I012413,C0978,2026-05-02,79.0,UPI
PAY010680,I012414,C0978,2026-05-15,79.0,UPI
PAY010681,I012415,C0978,2026-06-29,79.0,UPI
PAY010682,I012416,C0978,2026-07-23,79.0,UPI
PAY010683,I012417,C0978,2026-08-20,79.0,Credit Card
PAY010684,I012418,C0978,2026-09-27,79.0,Debit Card
PAY010685,I012419,C0979,2026-03-27,79.0,Credit Card
PAY010686,I012420,C0979,2026-05-04,79.0,Bank Transfer
PAY010687,I012422,C0979,2026-07-10,79.0,Debit Card
PAY010688,I012423,C0979,2026-07-27,79.0,Credit Card
PAY010689,I012424,C0979,2026-09-04,79.0,Bank Transfer
PAY010690,I012425,C0979,2026-10-09,79.0,Debit Card
PAY010691,I012426,C0979,2026-06-22,199.0,Credit Card
PAY010692,I012427,C0979,2026-07-21,199.0,UPI
PAY010693,I012428,C0979,2026-08-22,199.0,UPI
PAY010694,I012430,C0980,2023-04-23,199.0,Credit Card
PAY010695,I012431,C0980,2023-05-23,199.0,Credit Card
PAY010696,I012432,C0980,2023-06-23,199.0,UPI
PAY010697,I012433,C0980,2023-08-07,199.0,Debit Card
PAY010698,I012434,C0980,2023-08-22,199.0,UPI
PAY010699,I012435,C0980,2023-09-23,199.0,Debit Card
PAY010700,I012436,C0980,2023-10-21,199.0,Bank Transfer
PAY010701,I012438,C0980,2024-01-03,199.0,Bank Transfer
PAY010702,I012440,C0980,2024-01-06,79.0,UPI
PAY010703,I012441,C0980,2024-02-08,79.0,Bank Transfer
PAY010704,I012442,C0980,2024-02-29,79.0,Credit Card
PAY010705,I012443,C0980,2024-03-26,79.0,Credit Card
PAY010706,I012444,C0980,2024-04-27,79.0,Debit Card
PAY010707,I012445,C0980,2024-05-29,79.0,UPI
PAY010708,I012446,C0980,2024-07-08,79.0,Credit Card
PAY010709,I012447,C0980,2024-08-05,79.0,Credit Card
PAY010710,I012448,C0980,2024-08-28,79.0,UPI
PAY010711,I012449,C0980,2024-10-10,79.0,Credit Card
PAY010712,I012450,C0981,2023-05-20,79.0,Bank Transfer
PAY010713,I012451,C0981,2023-06-23,79.0,Credit Card
PAY010714,I012452,C0981,2023-07-30,79.0,UPI
PAY010715,I012453,C0981,2023-09-03,79.0,UPI
PAY010716,I012455,C0981,2023-11-05,79.0,Debit Card
PAY010717,I012459,C0981,2024-02-27,79.0,Credit Card
PAY010718,I012460,C0981,2024-03-29,79.0,Credit Card
PAY010719,I012462,C0981,2024-06-05,79.0,UPI
PAY010720,I012463,C0981,2024-06-18,79.0,Credit Card
PAY010721,I012464,C0981,2024-08-03,79.0,Credit Card
PAY010722,I012466,C0981,2024-10-06,79.0,Bank Transfer
PAY010723,I012467,C0981,2024-10-25,79.0,Credit Card
PAY010724,I012468,C0981,2024-11-18,79.0,UPI
PAY010725,I012470,C0981,2025-01-23,79.0,Credit Card
PAY010726,I012471,C0981,2025-03-05,79.0,UPI
PAY010727,I012472,C0981,2025-03-17,79.0,Bank Transfer
PAY010728,I012473,C0981,2025-04-24,79.0,Debit Card
PAY010729,I012474,C0982,2023-09-01,79.0,Credit Card
PAY010730,I012475,C0982,2023-09-22,79.0,Credit Card
PAY010731,I012477,C0982,2023-11-23,79.0,UPI
PAY010732,I012478,C0982,2023-12-28,79.0,Debit Card
PAY010733,I012479,C0982,2024-02-07,79.0,UPI
PAY010734,I012480,C0982,2024-03-10,79.0,UPI
PAY010735,I012481,C0982,2024-03-28,79.0,Credit Card
PAY010736,I012482,C0982,2024-05-04,79.0,Credit Card
PAY010737,I012484,C0982,2024-07-02,79.0,Debit Card
PAY010738,I012485,C0982,2024-07-29,79.0,UPI
PAY010739,I012486,C0982,2024-08-30,79.0,Bank Transfer
PAY010740,I012487,C0982,2024-10-02,79.0,Bank Transfer
PAY010741,I012488,C0982,2024-11-05,79.0,UPI
PAY010742,I012489,C0982,2024-11-28,79.0,Credit Card
PAY010743,I012492,C0982,2025-03-09,79.0,Debit Card
PAY010744,I012493,C0982,2025-04-01,79.0,Debit Card
PAY010745,I012494,C0982,2025-04-30,79.0,Debit Card
PAY010746,I012496,C0982,2025-07-05,79.0,Debit Card
PAY010747,I012497,C0982,2025-08-02,79.0,Debit Card
PAY010748,I012498,C0983,2025-09-30,29.0,Debit Card
PAY010749,I012500,C0983,2025-12-04,29.0,UPI
PAY010750,I012501,C0983,2025-12-23,29.0,Debit Card
PAY010751,I012502,C0983,2026-01-25,29.0,Credit Card
PAY010752,I012503,C0983,2026-03-09,29.0,Bank Transfer
PAY010753,I012504,C0983,2026-03-25,29.0,Credit Card
PAY010754,I012505,C0983,2026-04-24,29.0,Credit Card
PAY010755,I012506,C0983,2026-05-29,29.0,Debit Card
PAY010756,I012507,C0983,2026-07-06,29.0,Bank Transfer
PAY010757,I012509,C0983,2026-08-30,29.0,Bank Transfer
PAY010758,I012510,C0983,2026-09-27,29.0,UPI
PAY010759,I012511,C0984,2024-04-19,29.0,UPI
PAY010760,I012512,C0984,2024-05-14,29.0,UPI
PAY010761,I012513,C0984,2024-06-30,29.0,Bank Transfer
PAY010762,I012514,C0984,2024-07-18,29.0,UPI
PAY010763,I012515,C0984,2024-08-13,29.0,Credit Card
PAY010764,I012518,C0984,2025-02-11,199.0,Debit Card
PAY010765,I012519,C0984,2025-03-10,199.0,Debit Card
PAY010766,I012521,C0984,2025-04-28,199.0,Debit Card
PAY010767,I012522,C0984,2025-05-29,199.0,Debit Card
PAY010768,I012523,C0984,2025-06-25,199.0,Bank Transfer
PAY010769,I012524,C0984,2025-07-31,199.0,Credit Card
PAY010770,I012525,C0984,2025-08-26,199.0,Bank Transfer
PAY010771,I012526,C0984,2025-10-02,199.0,UPI
PAY010772,I012527,C0984,2025-11-11,199.0,Debit Card
PAY010773,I012529,C0984,2026-01-08,199.0,UPI
PAY010774,I012531,C0984,2026-03-06,199.0,UPI
PAY010775,I012533,C0984,2026-05-02,199.0,Bank Transfer
PAY010776,I012534,C0984,2026-06-13,199.0,Bank Transfer
PAY010777,I012535,C0984,2026-07-09,199.0,Credit Card
PAY010778,I012536,C0984,2026-07-31,199.0,Credit Card
PAY010779,I012537,C0984,2026-09-12,199.0,Debit Card
PAY010780,I012538,C0984,2026-10-13,199.0,Bank Transfer
PAY010781,I012539,C0985,2025-01-02,79.0,Debit Card
PAY010782,I012540,C0985,2025-02-20,79.0,UPI
PAY010783,I012541,C0985,2025-03-04,79.0,Debit Card
PAY010784,I012542,C0985,2025-04-15,79.0,UPI
PAY010785,I012543,C0985,2025-05-07,79.0,UPI
PAY010786,I012544,C0985,2025-06-05,79.0,UPI
PAY010787,I012545,C0985,2025-07-08,79.0,UPI
PAY010788,I012546,C0985,2025-08-08,79.0,UPI
PAY010789,I012547,C0985,2025-09-16,79.0,Credit Card
PAY010790,I012548,C0985,2025-10-07,79.0,Bank Transfer
PAY010791,I012549,C0985,2025-11-07,79.0,Credit Card
PAY010792,I012550,C0985,2025-12-07,79.0,Debit Card
PAY010793,I012551,C0985,2026-01-12,79.0,Debit Card
PAY010794,I012552,C0985,2026-02-07,79.0,Bank Transfer
PAY010795,I012553,C0985,2026-03-04,79.0,Debit Card
PAY010796,I012554,C0985,2026-04-09,79.0,UPI
PAY010797,I012556,C0986,2024-05-26,79.0,Debit Card
PAY010798,I012557,C0986,2024-07-13,79.0,Credit Card
PAY010799,I012558,C0986,2024-08-05,79.0,Debit Card
PAY010800,I012559,C0986,2024-09-10,79.0,Debit Card
PAY010801,I012560,C0986,2024-10-12,79.0,UPI
PAY010802,I012562,C0986,2024-12-07,79.0,UPI
PAY010803,I012563,C0986,2024-12-25,79.0,Debit Card
PAY010804,I012564,C0986,2025-02-11,79.0,UPI
PAY010805,I012565,C0986,2025-03-05,79.0,Bank Transfer
PAY010806,I012566,C0986,2025-04-04,79.0,Debit Card
PAY010807,I012567,C0986,2025-05-05,79.0,Credit Card
PAY010808,I012568,C0986,2025-06-12,79.0,UPI
PAY010809,I012569,C0986,2025-07-09,79.0,Bank Transfer
PAY010810,I012570,C0986,2025-07-28,79.0,Bank Transfer
PAY010811,I012571,C0986,2025-09-05,79.0,Bank Transfer
PAY010812,I012572,C0986,2025-09-25,79.0,Bank Transfer
PAY010813,I012573,C0986,2025-10-26,79.0,Credit Card
PAY010814,I012574,C0986,2025-12-10,79.0,Credit Card
PAY010815,I012577,C0986,2026-03-04,79.0,Credit Card
PAY010816,I012578,C0986,2026-04-08,79.0,Credit Card
PAY010817,I012579,C0987,2026-01-02,2388.0,Debit Card
PAY010818,I012581,C0988,2025-05-12,79.0,UPI
PAY010819,I012582,C0988,2025-05-31,79.0,Bank Transfer
PAY010820,I012583,C0988,2025-07-04,79.0,Debit Card
PAY010821,I012584,C0988,2025-07-25,79.0,UPI
PAY010822,I012586,C0988,2025-09-28,79.0,UPI
PAY010823,I012587,C0988,2025-11-06,79.0,Credit Card
PAY010824,I012588,C0988,2025-12-07,79.0,Bank Transfer
PAY010825,I012589,C0988,2026-01-12,79.0,Bank Transfer
PAY010826,I012590,C0988,2026-02-09,79.0,Bank Transfer
PAY010827,I012591,C0988,2026-03-02,79.0,Debit Card
PAY010828,I012592,C0988,2026-03-30,79.0,Bank Transfer
PAY010829,I012594,C0988,2026-06-10,79.0,Credit Card
PAY010830,I012595,C0989,2025-10-08,79.0,UPI
PAY010831,I012596,C0989,2025-10-23,79.0,UPI
PAY010832,I012598,C0989,2025-12-31,79.0,Credit Card
PAY010833,I012599,C0989,2026-01-22,79.0,UPI
PAY010834,I012600,C0989,2026-06-02,2388.0,Bank Transfer
PAY010835,I012601,C0990,2023-12-08,948.0,Bank Transfer
PAY010836,I012602,C0990,2024-11-25,948.0,UPI
PAY010837,I012604,C0991,2026-07-18,5988.0,Debit Card
PAY010838,I012605,C0992,2025-07-10,29.0,Credit Card
PAY010839,I012607,C0992,2025-09-01,29.0,Bank Transfer
PAY010840,I012608,C0992,2025-09-25,29.0,UPI
PAY010841,I012609,C0992,2025-11-08,29.0,Credit Card
PAY010842,I012610,C0992,2025-11-22,29.0,Credit Card
PAY010843,I012611,C0992,2026-01-10,29.0,Credit Card
PAY010844,I012612,C0992,2026-02-08,29.0,UPI
PAY010845,I012613,C0992,2026-03-07,29.0,Debit Card
PAY010846,I012614,C0992,2026-03-24,29.0,UPI
PAY010847,I012616,C0992,2026-05-31,29.0,Debit Card
PAY010848,I012617,C0992,2026-06-23,29.0,Bank Transfer
PAY010849,I012618,C0992,2026-07-28,29.0,Bank Transfer
PAY010850,I012620,C0992,2026-03-09,79.0,Credit Card
PAY010851,I012621,C0992,2026-04-23,79.0,Credit Card
PAY010852,I012622,C0992,2026-05-05,79.0,Debit Card
PAY010853,I012623,C0992,2026-06-07,79.0,Credit Card
PAY010854,I012624,C0992,2026-07-21,79.0,Bank Transfer
PAY010855,I012625,C0992,2026-08-11,79.0,UPI
PAY010856,I012628,C0993,2024-10-08,29.0,UPI
PAY010857,I012629,C0993,2024-11-13,29.0,Debit Card
PAY010858,I012630,C0993,2024-12-12,29.0,UPI
PAY010859,I012631,C0993,2025-01-13,29.0,Debit Card
PAY010860,I012632,C0993,2025-01-29,29.0,UPI
PAY010861,I012633,C0993,2025-03-15,29.0,Bank Transfer
PAY010862,I012635,C0994,2024-03-18,2388.0,Debit Card
PAY010863,I012636,C0994,2025-03-22,2388.0,Credit Card
PAY010864,I012637,C0995,2023-06-15,29.0,UPI
PAY010865,I012638,C0995,2023-07-08,29.0,UPI
PAY010866,I012639,C0995,2023-08-01,29.0,UPI
PAY010867,I012640,C0995,2023-09-04,29.0,Credit Card
PAY010868,I012641,C0995,2023-10-12,29.0,Debit Card
PAY010869,I012643,C0995,2023-12-05,29.0,Debit Card
PAY010870,I012646,C0995,2024-03-10,29.0,UPI
PAY010871,I012647,C0995,2024-04-14,29.0,Bank Transfer
PAY010872,I012648,C0995,2024-04-28,29.0,Credit Card
PAY010873,I012649,C0995,2024-06-11,29.0,UPI
PAY010874,I012650,C0995,2024-07-11,29.0,UPI
PAY010875,I012651,C0995,2024-08-08,29.0,Bank Transfer
PAY010876,I012652,C0995,2024-08-30,29.0,UPI
PAY010877,I012653,C0995,2024-10-16,29.0,UPI
PAY010878,I012654,C0995,2024-10-31,29.0,Bank Transfer
PAY010879,I012655,C0995,2024-12-02,29.0,Bank Transfer
PAY010880,I012656,C0995,2024-12-28,29.0,UPI
PAY010881,I012657,C0995,2025-02-14,29.0,Bank Transfer
PAY010882,I012658,C0995,2025-03-09,29.0,Bank Transfer
PAY010883,I012659,C0995,2025-04-09,29.0,Bank Transfer
PAY010884,I012660,C0995,2025-05-15,29.0,Credit Card
PAY010885,I012661,C0996,2026-03-03,948.0,UPI
PAY010886,I012662,C0997,2025-05-17,348.0,Bank Transfer
PAY010887,I012663,C0997,2026-05-06,348.0,UPI
PAY010888,I012664,C0998,2024-01-20,29.0,Debit Card
PAY010889,I012665,C0998,2024-02-09,29.0,Credit Card
PAY010890,I012666,C0998,2024-03-18,29.0,Bank Transfer
PAY010891,I012667,C0998,2024-04-18,29.0,Credit Card
PAY010892,I012668,C0998,2024-05-14,29.0,Debit Card
PAY010893,I012669,C0998,2024-06-20,29.0,Bank Transfer
PAY010894,I012670,C0998,2024-07-18,29.0,UPI
PAY010895,I012671,C0998,2024-08-07,29.0,Bank Transfer
PAY010896,I012674,C0998,2024-11-07,29.0,UPI
PAY010897,I012675,C0998,2024-12-20,29.0,Bank Transfer
PAY010898,I012676,C0998,2025-01-14,29.0,UPI
PAY010899,I012677,C0998,2025-02-18,29.0,Debit Card
PAY010900,I012678,C0998,2025-03-04,29.0,Credit Card
PAY010901,I012679,C0998,2025-04-02,29.0,Credit Card
PAY010902,I012681,C0998,2025-06-09,29.0,Debit Card
PAY010903,I012682,C0998,2025-07-21,29.0,UPI
PAY010904,I012683,C0998,2025-08-02,29.0,UPI
PAY010905,I012684,C0998,2025-09-17,29.0,UPI
PAY010906,I012685,C0998,2025-10-15,29.0,UPI
PAY010907,I012686,C0998,2025-11-16,29.0,Debit Card
PAY010908,I012688,C0999,2025-05-12,79.0,Credit Card
PAY010909,I012689,C0999,2025-06-12,79.0,UPI
PAY010910,I012690,C0999,2025-07-10,79.0,Credit Card
PAY010911,I012691,C0999,2025-08-15,79.0,Debit Card
PAY010912,I012692,C0999,2025-09-07,79.0,Credit Card
PAY010913,I012693,C0999,2025-10-18,79.0,Credit Card
PAY010914,I012694,C0999,2025-11-07,79.0,Debit Card
PAY010915,I012695,C0999,2025-12-03,79.0,Credit Card
PAY010916,I012696,C0999,2026-01-10,79.0,UPI
PAY010917,I012697,C0999,2026-02-15,79.0,Debit Card
PAY010918,I012700,C0999,2026-04-29,79.0,Credit Card
PAY010919,I012701,C0999,2026-05-29,79.0,Bank Transfer
PAY010920,I012702,C0999,2026-07-09,79.0,Debit Card
PAY010921,I012703,C0999,2026-08-17,79.0,Credit Card
PAY010922,I012704,C0999,2026-08-30,79.0,Bank Transfer
PAY010923,I012705,C0999,2026-10-07,79.0,Debit Card
PAY010924,I012706,C1000,2026-01-09,29.0,UPI
PAY010925,I012707,C1000,2026-02-10,29.0,Debit Card
PAY010926,I012708,C1000,2026-02-28,29.0,Debit Card
PAY010927,I012709,C1000,2026-04-04,29.0,Debit Card
PAY010928,I012710,C1000,2026-05-09,29.0,UPI
PAY010929,I012711,C1000,2026-05-29,29.0,UPI
PAY010930,I012712,C1000,2026-07-05,29.0,UPI
PAY010931,I012713,C1000,2026-07-27,29.0,Bank Transfer
PAY010932,I012714,C1000,2026-09-08,29.0,Credit Card
PAY010933,I012715,C1000,2026-10-05,29.0,Debit Card
PAY010934,I012716,C1001,2025-04-02,348.0,UPI
PAY010935,I012718,C1002,2023-07-12,29.0,Credit Card
PAY010936,I012719,C1002,2023-08-11,29.0,Credit Card
PAY010937,I012720,C1002,2023-09-11,29.0,Debit Card
PAY010938,I012721,C1002,2023-10-09,29.0,UPI
PAY010939,I012722,C1002,2023-11-05,29.0,Credit Card
PAY010940,I012723,C1002,2023-11-29,29.0,Debit Card
PAY010941,I012724,C1002,2024-01-12,29.0,Credit Card
PAY010942,I012725,C1002,2024-01-31,29.0,Bank Transfer
PAY010943,I012726,C1002,2024-03-13,29.0,Debit Card
PAY010944,I012728,C1002,2024-05-03,29.0,Credit Card
PAY010945,I012729,C1002,2024-06-09,29.0,Debit Card
PAY010946,I012730,C1002,2024-07-12,29.0,UPI
PAY010947,I012731,C1002,2024-08-03,29.0,Bank Transfer
PAY010948,I012732,C1002,2024-09-01,29.0,Credit Card
PAY010949,I012733,C1002,2024-10-03,29.0,Credit Card
PAY010950,I012734,C1002,2024-11-09,29.0,Bank Transfer
PAY010951,I012735,C1002,2024-12-11,29.0,Credit Card
PAY010952,I012736,C1002,2025-01-02,29.0,Debit Card
PAY010953,I012737,C1002,2025-02-04,29.0,UPI
PAY010954,I012738,C1002,2025-03-05,29.0,Credit Card
PAY010955,I012739,C1002,2025-03-26,29.0,Bank Transfer
PAY010956,I012740,C1002,2025-05-08,29.0,Debit Card
PAY010957,I012741,C1002,2025-05-29,29.0,UPI
PAY010958,I012742,C1003,2024-08-15,79.0,UPI
PAY010959,I012743,C1003,2024-09-28,79.0,Debit Card
PAY010960,I012745,C1003,2024-11-27,79.0,Bank Transfer
PAY010961,I012749,C1003,2025-03-28,79.0,Bank Transfer
PAY010962,I012750,C1003,2025-04-25,79.0,UPI
PAY010963,I012753,C1003,2025-07-12,79.0,Credit Card
PAY010964,I012755,C1003,2025-09-27,79.0,Credit Card
PAY010965,I012757,C1003,2025-11-18,79.0,UPI
PAY010966,I012758,C1003,2025-12-14,79.0,Bank Transfer
PAY010967,I012759,C1003,2026-01-25,79.0,UPI
PAY010968,I012760,C1003,2026-02-26,79.0,Credit Card
PAY010969,I012761,C1003,2026-03-23,79.0,Bank Transfer
PAY010970,I012763,C1003,2026-05-12,79.0,UPI
PAY010971,I012764,C1003,2026-06-16,79.0,Debit Card
PAY010972,I012766,C1004,2024-05-13,2388.0,UPI
PAY010973,I012767,C1004,2025-05-15,2388.0,UPI
PAY010974,I012768,C1005,2025-09-10,29.0,Credit Card
PAY010975,I012769,C1005,2025-10-01,29.0,UPI
PAY010976,I012771,C1005,2025-12-13,29.0,Debit Card
PAY010977,I012772,C1005,2026-01-12,29.0,Bank Transfer
PAY010978,I012773,C1005,2026-02-01,29.0,UPI
PAY010979,I012775,C1005,2026-03-30,29.0,Debit Card
PAY010980,I012776,C1005,2026-05-10,29.0,Bank Transfer
PAY010981,I012777,C1005,2026-06-16,29.0,Bank Transfer
PAY010982,I012778,C1005,2026-07-14,29.0,Debit Card
PAY010983,I012780,C1005,2026-09-10,29.0,Debit Card
PAY010984,I012781,C1005,2026-10-06,29.0,Credit Card
PAY010985,I012782,C1006,2026-02-15,199.0,Debit Card
PAY010986,I012783,C1006,2026-03-29,199.0,UPI
PAY010987,I012784,C1006,2026-04-11,199.0,Credit Card
PAY010988,I012785,C1006,2026-05-16,199.0,UPI
PAY010989,I012787,C1006,2026-07-20,199.0,UPI
PAY010990,I012788,C1006,2026-08-14,199.0,Debit Card
PAY010991,I012789,C1006,2026-05-11,499.0,Debit Card
PAY010992,I012790,C1006,2026-06-04,499.0,UPI
PAY010993,I012791,C1006,2026-07-14,499.0,Debit Card
PAY010994,I012792,C1006,2026-08-22,499.0,Bank Transfer
PAY010995,I012793,C1006,2026-09-19,499.0,Bank Transfer
PAY010996,I012794,C1007,2026-02-10,29.0,Debit Card
PAY010997,I012795,C1007,2026-03-13,29.0,Debit Card
PAY010998,I012796,C1007,2026-04-09,29.0,UPI
PAY010999,I012797,C1007,2026-05-14,29.0,Debit Card
PAY011000,I012798,C1007,2026-06-22,29.0,Credit Card
PAY011001,I012799,C1007,2026-07-14,29.0,Debit Card
PAY011002,I012801,C1007,2026-09-09,29.0,Debit Card
PAY011003,I012802,C1008,2026-03-22,29.0,Debit Card
PAY011004,I012803,C1008,2026-04-21,29.0,Credit Card
PAY011005,I012804,C1008,2026-05-31,29.0,Debit Card
PAY011006,I012805,C1008,2026-06-25,29.0,Debit Card
PAY011007,I012806,C1008,2026-07-30,29.0,Credit Card
PAY011008,I012807,C1008,2026-09-04,29.0,Bank Transfer
PAY011009,I012808,C1008,2026-09-18,29.0,Credit Card
PAY011010,I012809,C1009,2023-02-13,5988.0,Credit Card
PAY011011,I012810,C1009,2024-02-14,5988.0,Bank Transfer
PAY011012,I012811,C1010,2025-10-02,79.0,UPI
PAY011013,I012812,C1010,2025-11-03,79.0,Debit Card
PAY011014,I012813,C1010,2025-12-11,79.0,Debit Card
PAY011015,I012814,C1010,2025-12-28,79.0,Credit Card
PAY011016,I012815,C1010,2026-01-30,79.0,Credit Card
PAY011017,I012816,C1010,2026-03-06,79.0,UPI
PAY011018,I012817,C1010,2026-04-02,79.0,UPI
PAY011019,I012818,C1010,2026-05-10,79.0,Debit Card
PAY011020,I012819,C1010,2026-06-08,79.0,UPI
PAY011021,I012820,C1010,2026-07-02,79.0,Debit Card
PAY011022,I012821,C1010,2026-08-06,79.0,Debit Card
PAY011023,I012823,C1010,2026-10-06,79.0,Credit Card
PAY011024,I012824,C1011,2024-06-29,348.0,Credit Card
PAY011025,I012825,C1011,2025-07-05,348.0,Debit Card
PAY011026,I012826,C1012,2025-02-04,29.0,Credit Card
PAY011027,I012827,C1012,2025-02-27,29.0,UPI
PAY011028,I012828,C1012,2025-03-19,29.0,UPI
PAY011029,I012829,C1012,2025-05-07,29.0,Credit Card
PAY011030,I012831,C1012,2025-07-08,29.0,Debit Card
PAY011031,I012832,C1012,2025-08-03,29.0,UPI
PAY011032,I012833,C1012,2025-08-31,29.0,Bank Transfer
PAY011033,I012834,C1012,2025-10-07,29.0,Credit Card
PAY011034,I012835,C1012,2025-10-31,29.0,Credit Card
PAY011035,I012837,C1012,2025-12-30,29.0,Debit Card
PAY011036,I012838,C1012,2026-01-31,29.0,Bank Transfer
PAY011037,I012839,C1012,2026-02-21,29.0,Credit Card
PAY011038,I012840,C1012,2026-03-29,29.0,UPI
PAY011039,I012841,C1012,2026-04-24,29.0,Bank Transfer
PAY011040,I012843,C1012,2026-06-20,29.0,Debit Card
PAY011041,I012844,C1012,2026-08-06,29.0,Credit Card
PAY011042,I012845,C1012,2026-08-28,29.0,Credit Card
PAY011043,I012846,C1012,2026-09-27,29.0,Credit Card
PAY011044,I012848,C1013,2026-06-06,199.0,UPI
PAY011045,I012849,C1013,2026-07-17,199.0,Bank Transfer
PAY011046,I012850,C1013,2026-08-17,199.0,Bank Transfer
PAY011047,I012852,C1014,2024-01-11,948.0,UPI
PAY011048,I012853,C1014,2025-01-15,948.0,Debit Card
PAY011049,I012854,C1015,2024-07-17,199.0,Bank Transfer
PAY011050,I012855,C1015,2024-08-28,199.0,Credit Card
PAY011051,I012856,C1015,2024-09-11,199.0,Credit Card
PAY011052,I012857,C1015,2024-10-26,199.0,Credit Card
PAY011053,I012858,C1015,2024-11-27,199.0,Bank Transfer
PAY011054,I012859,C1015,2024-12-26,199.0,Debit Card
PAY011055,I012860,C1015,2024-12-31,79.0,UPI
PAY011056,I012861,C1015,2025-02-12,79.0,Bank Transfer
PAY011057,I012862,C1015,2025-03-18,79.0,Credit Card
PAY011058,I012863,C1015,2025-03-30,79.0,Bank Transfer
PAY011059,I012864,C1015,2025-05-09,79.0,Bank Transfer
PAY011060,I012865,C1015,2025-06-10,79.0,UPI
PAY011061,I012866,C1015,2025-07-03,79.0,Debit Card
PAY011062,I012867,C1015,2025-08-07,79.0,Debit Card
PAY011063,I012868,C1015,2025-09-15,79.0,Credit Card
PAY011064,I012869,C1015,2025-10-11,79.0,UPI
PAY011065,I012871,C1015,2025-12-10,79.0,Bank Transfer
PAY011066,I012872,C1015,2026-01-05,79.0,Debit Card
PAY011067,I012873,C1015,2026-02-09,79.0,Bank Transfer
PAY011068,I012874,C1015,2026-03-10,79.0,Debit Card
PAY011069,I012876,C1015,2026-04-29,79.0,Bank Transfer
PAY011070,I012877,C1015,2026-05-28,79.0,Bank Transfer
PAY011071,I012879,C1015,2026-08-02,79.0,UPI
PAY011072,I012880,C1015,2026-09-11,79.0,Debit Card
PAY011073,I012881,C1015,2026-10-05,79.0,Debit Card
PAY011074,I012882,C1016,2023-08-22,79.0,Bank Transfer
PAY011075,I012883,C1016,2023-10-03,79.0,Bank Transfer
PAY011076,I012884,C1016,2023-10-29,79.0,Credit Card
PAY011077,I012885,C1016,2023-12-01,79.0,Debit Card
PAY011078,I012886,C1016,2023-12-29,79.0,Debit Card
PAY011079,I012887,C1016,2024-02-09,79.0,Debit Card
PAY011080,I012888,C1016,2024-02-21,79.0,Bank Transfer
PAY011081,I012889,C1016,2024-03-25,79.0,Bank Transfer
PAY011082,I012890,C1016,2024-05-07,79.0,Bank Transfer
PAY011083,I012891,C1016,2024-05-24,79.0,Credit Card
PAY011084,I012892,C1016,2024-06-21,79.0,Credit Card
PAY011085,I012893,C1016,2024-08-08,79.0,UPI
PAY011086,I012894,C1016,2024-08-22,79.0,UPI
PAY011087,I012895,C1016,2024-07-03,2388.0,Debit Card
PAY011088,I012896,C1016,2025-07-01,2388.0,UPI
PAY011089,I012897,C1017,2024-12-18,29.0,Credit Card
PAY011090,I012898,C1017,2025-01-13,29.0,Credit Card
PAY011091,I012899,C1017,2025-02-09,29.0,Debit Card
PAY011092,I012902,C1017,2025-05-10,29.0,Debit Card
PAY011093,I012903,C1017,2025-06-07,29.0,Debit Card
PAY011094,I012905,C1017,2025-08-11,29.0,UPI
PAY011095,I012906,C1017,2025-09-10,29.0,UPI
PAY011096,I012907,C1017,2025-10-06,29.0,Credit Card
PAY011097,I012908,C1017,2025-11-19,29.0,Credit Card
PAY011098,I012909,C1017,2025-12-20,29.0,Debit Card
PAY011099,I012911,C1017,2026-02-10,29.0,Bank Transfer
PAY011100,I012913,C1017,2026-04-17,29.0,Credit Card
PAY011101,I012914,C1017,2026-05-22,29.0,Debit Card
PAY011102,I012915,C1017,2026-06-08,29.0,Debit Card
PAY011103,I012916,C1017,2026-07-20,29.0,Credit Card
PAY011104,I012917,C1017,2026-08-24,29.0,Credit Card
PAY011105,I012918,C1017,2026-09-23,29.0,Debit Card
PAY011106,I012919,C1018,2024-07-23,79.0,Credit Card
PAY011107,I012920,C1018,2024-09-02,79.0,Credit Card
PAY011108,I012921,C1018,2024-09-19,79.0,UPI
PAY011109,I012922,C1018,2024-10-30,79.0,Credit Card
PAY011110,I012924,C1018,2024-12-23,79.0,Debit Card
PAY011111,I012925,C1018,2025-01-24,79.0,UPI
PAY011112,I012926,C1018,2025-02-24,79.0,UPI
PAY011113,I012927,C1018,2025-03-22,79.0,Credit Card
PAY011114,I012928,C1018,2025-04-27,79.0,Bank Transfer
PAY011115,I012929,C1018,2025-06-02,79.0,Bank Transfer
PAY011116,I012930,C1018,2025-06-20,79.0,UPI
PAY011117,I012931,C1018,2025-07-22,79.0,Debit Card
PAY011118,I012932,C1018,2025-08-20,79.0,UPI
PAY011119,I012933,C1018,2025-09-16,79.0,UPI
PAY011120,I012934,C1018,2025-10-20,79.0,Debit Card
PAY011121,I012935,C1018,2025-11-16,79.0,Credit Card
PAY011122,I012936,C1018,2025-12-31,79.0,UPI
PAY011123,I012937,C1018,2026-01-24,79.0,Debit Card
PAY011124,I012938,C1018,2026-03-02,79.0,Debit Card
PAY011125,I012939,C1018,2026-03-22,79.0,Bank Transfer
PAY011126,I012940,C1018,2026-04-23,79.0,Credit Card
PAY011127,I012941,C1018,2026-05-18,79.0,Debit Card
PAY011128,I012942,C1018,2026-07-01,79.0,Credit Card
PAY011129,I012943,C1019,2025-08-02,948.0,Bank Transfer
PAY011130,I012944,C1019,2026-08-07,948.0,Debit Card
PAY011131,I012945,C1020,2025-06-22,199.0,Debit Card
PAY011132,I012946,C1020,2025-07-16,199.0,Debit Card
PAY011133,I012947,C1020,2025-08-23,199.0,UPI
PAY011134,I012950,C1020,2025-11-08,199.0,Bank Transfer
PAY011135,I012951,C1020,2025-12-05,199.0,Debit Card
PAY011136,I012952,C1020,2026-01-22,199.0,Bank Transfer
PAY011137,I012953,C1020,2026-02-14,199.0,Credit Card
PAY011138,I012955,C1020,2026-04-22,199.0,Bank Transfer
PAY011139,I012956,C1020,2026-05-19,199.0,Credit Card
PAY011140,I012957,C1020,2026-06-13,199.0,Bank Transfer
PAY011141,I012958,C1020,2026-07-21,199.0,Credit Card
PAY011142,I012959,C1020,2026-08-11,199.0,Credit Card
PAY011143,I012960,C1020,2026-09-10,199.0,Credit Card
PAY011144,I012961,C1021,2025-01-08,29.0,Bank Transfer
PAY011145,I012962,C1021,2025-02-06,29.0,Credit Card
PAY011146,I012963,C1021,2025-03-13,29.0,Credit Card
PAY011147,I012964,C1021,2025-04-03,29.0,UPI
PAY011148,I012965,C1021,2025-04-30,29.0,Debit Card
PAY011149,I012966,C1021,2025-06-05,29.0,Bank Transfer
PAY011150,I012967,C1021,2025-07-01,29.0,Bank Transfer
PAY011151,I012968,C1021,2025-07-31,29.0,UPI
PAY011152,I012969,C1021,2025-09-03,29.0,Bank Transfer
PAY011153,I012971,C1021,2025-11-08,29.0,UPI
PAY011154,I012972,C1022,2023-03-23,948.0,Credit Card
PAY011155,I012973,C1022,2024-03-31,948.0,UPI
PAY011156,I012975,C1023,2024-04-19,79.0,Credit Card
PAY011157,I012976,C1023,2024-05-20,79.0,Bank Transfer
PAY011158,I012977,C1023,2024-06-26,79.0,Credit Card
PAY011159,I012978,C1023,2024-07-24,79.0,Bank Transfer
PAY011160,I012979,C1023,2024-08-15,79.0,Debit Card
PAY011161,I012981,C1023,2024-10-31,79.0,Bank Transfer
PAY011162,I012982,C1023,2024-11-19,79.0,Bank Transfer
PAY011163,I012983,C1023,2024-12-27,79.0,Debit Card
PAY011164,I012985,C1023,2025-02-15,79.0,UPI
PAY011165,I012986,C1023,2025-03-31,79.0,Credit Card
PAY011166,I012987,C1023,2025-04-28,79.0,UPI
PAY011167,I012988,C1023,2025-05-18,79.0,UPI
PAY011168,I012989,C1023,2025-06-14,79.0,Debit Card
PAY011169,I012990,C1023,2025-07-30,79.0,UPI
PAY011170,I012991,C1023,2025-08-28,79.0,UPI
PAY011171,I012992,C1023,2025-09-30,79.0,Debit Card
PAY011172,I012993,C1023,2025-10-20,79.0,Bank Transfer
PAY011173,I012994,C1023,2025-11-20,79.0,UPI
PAY011174,I012995,C1023,2025-12-30,79.0,Debit Card
PAY011175,I012996,C1023,2026-01-15,79.0,Bank Transfer
PAY011176,I012999,C1024,2025-11-29,948.0,Credit Card
PAY011177,I013000,C1025,2025-07-10,199.0,Debit Card
PAY011178,I013001,C1025,2025-08-22,199.0,Debit Card
PAY011179,I013003,C1025,2025-10-18,199.0,UPI
PAY011180,I013004,C1025,2025-11-07,199.0,Credit Card
PAY011181,I013005,C1025,2025-12-07,199.0,Credit Card
PAY011182,I013007,C1025,2026-02-03,199.0,Credit Card
PAY011183,I013008,C1025,2026-03-03,199.0,Bank Transfer
PAY011184,I013010,C1025,2026-05-17,199.0,Debit Card
PAY011185,I013011,C1025,2026-06-13,199.0,Debit Card
PAY011186,I013012,C1025,2026-07-20,199.0,Debit Card
PAY011187,I013013,C1025,2026-08-22,199.0,Debit Card
PAY011188,I013014,C1025,2026-09-12,199.0,Credit Card
PAY011189,I013015,C1026,2025-06-25,499.0,UPI
PAY011190,I013016,C1026,2025-07-13,499.0,Bank Transfer
PAY011191,I013017,C1026,2025-08-14,499.0,UPI
PAY011192,I013018,C1026,2025-09-21,499.0,UPI
PAY011193,I013019,C1026,2025-10-24,499.0,Debit Card
PAY011194,I013020,C1026,2025-11-13,499.0,UPI
PAY011195,I013021,C1026,2025-12-13,499.0,Credit Card
PAY011196,I013022,C1026,2026-01-27,499.0,Debit Card
PAY011197,I013023,C1026,2026-02-21,499.0,Bank Transfer
PAY011198,I013024,C1026,2026-03-23,499.0,Credit Card
PAY011199,I013026,C1026,2026-05-09,499.0,Bank Transfer
PAY011200,I013028,C1026,2026-07-19,499.0,Bank Transfer
PAY011201,I013029,C1026,2026-08-16,499.0,Debit Card
PAY011202,I013032,C1027,2025-12-01,948.0,Credit Card
PAY011203,I013033,C1028,2023-09-14,199.0,UPI
PAY011204,I013034,C1028,2023-10-12,199.0,Credit Card
PAY011205,I013035,C1028,2023-11-29,199.0,Credit Card
PAY011206,I013037,C1028,2024-01-26,199.0,Bank Transfer
PAY011207,I013038,C1028,2024-02-19,199.0,Debit Card
PAY011208,I013039,C1028,2024-03-23,199.0,UPI
PAY011209,I013040,C1028,2024-04-26,199.0,UPI
PAY011210,I013041,C1028,2024-05-19,199.0,Bank Transfer
PAY011211,I013042,C1028,2024-06-24,199.0,UPI
PAY011212,I013043,C1028,2024-07-16,199.0,Bank Transfer
PAY011213,I013044,C1028,2024-08-12,199.0,Bank Transfer
PAY011214,I013045,C1028,2024-09-13,199.0,Debit Card
PAY011215,I013046,C1028,2024-10-23,199.0,Bank Transfer
PAY011216,I013047,C1028,2024-11-21,199.0,Bank Transfer
PAY011217,I013050,C1028,2025-02-10,199.0,UPI
PAY011218,I013051,C1028,2025-03-15,199.0,Bank Transfer
PAY011219,I013052,C1028,2025-04-21,199.0,Bank Transfer
PAY011220,I013053,C1028,2025-05-13,199.0,Bank Transfer
PAY011221,I013054,C1028,2025-06-21,199.0,Credit Card
PAY011222,I013056,C1028,2025-08-25,199.0,Credit Card
PAY011223,I013057,C1029,2026-03-10,348.0,Bank Transfer
PAY011224,I013058,C1030,2025-12-04,79.0,Credit Card
PAY011225,I013059,C1030,2025-12-26,79.0,Debit Card
PAY011226,I013060,C1030,2026-02-13,79.0,Debit Card
PAY011227,I013061,C1030,2026-03-11,79.0,Credit Card
PAY011228,I013062,C1030,2026-04-14,79.0,Bank Transfer
PAY011229,I013063,C1030,2026-05-11,79.0,UPI
PAY011230,I013064,C1030,2026-05-28,79.0,Bank Transfer
PAY011231,I013066,C1030,2026-08-08,79.0,UPI
PAY011232,I013067,C1030,2026-09-01,79.0,Credit Card
PAY011233,I013069,C1030,2026-06-07,199.0,UPI
PAY011234,I013070,C1030,2026-07-06,199.0,Debit Card
PAY011235,I013072,C1030,2026-09-07,199.0,Credit Card
PAY011236,I013073,C1031,2024-02-29,348.0,Debit Card
PAY011237,I013074,C1031,2024-09-17,79.0,Bank Transfer
PAY011238,I013075,C1031,2024-10-14,79.0,UPI
PAY011239,I013076,C1031,2024-11-16,79.0,Debit Card
PAY011240,I013078,C1031,2025-01-31,79.0,Credit Card
PAY011241,I013079,C1031,2025-02-16,79.0,Credit Card
PAY011242,I013080,C1031,2025-03-12,79.0,Bank Transfer
PAY011243,I013081,C1031,2025-04-27,79.0,Bank Transfer
PAY011244,I013083,C1031,2025-06-14,79.0,Credit Card
PAY011245,I013084,C1031,2025-07-13,79.0,Bank Transfer
PAY011246,I013085,C1031,2025-08-16,79.0,Debit Card
PAY011247,I013086,C1031,2025-09-26,79.0,Credit Card
PAY011248,I013087,C1031,2025-10-24,79.0,Bank Transfer
PAY011249,I013088,C1031,2025-11-23,79.0,Debit Card
PAY011250,I013089,C1031,2025-12-23,79.0,UPI
PAY011251,I013090,C1031,2026-01-23,79.0,Debit Card
PAY011252,I013091,C1031,2026-02-19,79.0,Debit Card
PAY011253,I013092,C1031,2026-03-17,79.0,UPI
PAY011254,I013093,C1031,2026-04-14,79.0,Bank Transfer
PAY011255,I013094,C1031,2026-05-30,79.0,UPI
PAY011256,I013095,C1031,2026-06-15,79.0,Bank Transfer
PAY011257,I013096,C1031,2026-07-31,79.0,UPI
PAY011258,I013097,C1031,2026-08-30,79.0,Bank Transfer
PAY011259,I013098,C1032,2023-05-16,348.0,UPI
PAY011260,I013099,C1032,2024-05-22,348.0,Debit Card
PAY011261,I013100,C1033,2026-04-23,348.0,UPI
PAY011262,I013101,C1034,2024-08-23,348.0,Debit Card
PAY011263,I013102,C1034,2025-09-02,348.0,Debit Card
PAY011264,I013103,C1035,2023-10-23,79.0,Credit Card
PAY011265,I013104,C1035,2023-12-02,79.0,Debit Card
PAY011266,I013105,C1035,2023-12-29,79.0,UPI
PAY011267,I013108,C1035,2024-04-07,79.0,Bank Transfer
PAY011268,I013109,C1035,2024-05-10,79.0,Debit Card
PAY011269,I013110,C1035,2024-05-31,79.0,UPI
PAY011270,I013111,C1035,2024-07-03,79.0,Bank Transfer
PAY011271,I013112,C1035,2024-08-06,79.0,Bank Transfer
PAY011272,I013113,C1035,2024-09-06,79.0,Debit Card
PAY011273,I013114,C1035,2024-10-03,79.0,UPI
PAY011274,I013115,C1035,2024-11-08,79.0,Debit Card
PAY011275,I013116,C1035,2024-12-08,79.0,UPI
PAY011276,I013117,C1035,2024-12-22,79.0,UPI
PAY011277,I013118,C1035,2025-02-03,79.0,Credit Card
PAY011278,I013119,C1036,2025-10-29,29.0,Bank Transfer
PAY011279,I013120,C1036,2025-11-27,29.0,UPI
PAY011280,I013121,C1036,2026-01-03,29.0,Bank Transfer
PAY011281,I013122,C1036,2026-01-24,29.0,Credit Card
PAY011282,I013123,C1036,2026-02-26,29.0,Bank Transfer
PAY011283,I013124,C1036,2026-03-17,29.0,Credit Card
PAY011284,I013125,C1036,2026-04-20,29.0,UPI
PAY011285,I013126,C1036,2026-05-16,29.0,Credit Card
PAY011286,I013127,C1036,2026-06-27,29.0,Debit Card
PAY011287,I013128,C1036,2026-07-30,29.0,Bank Transfer
PAY011288,I013129,C1036,2026-08-31,29.0,Debit Card
PAY011289,I013131,C1037,2023-11-07,199.0,UPI
PAY011290,I013132,C1037,2023-12-11,199.0,Debit Card
PAY011291,I013134,C1037,2024-02-21,199.0,UPI
PAY011292,I013136,C1037,2024-04-13,199.0,Credit Card
PAY011293,I013138,C1037,2024-06-09,199.0,UPI
PAY011294,I013139,C1037,2024-07-09,199.0,Bank Transfer
PAY011295,I013140,C1037,2024-08-20,199.0,UPI
PAY011296,I013141,C1037,2024-09-17,199.0,Bank Transfer
PAY011297,I013142,C1037,2024-10-15,199.0,Credit Card
PAY011298,I013143,C1037,2024-11-13,199.0,Debit Card
PAY011299,I013144,C1037,2024-12-13,199.0,Bank Transfer
PAY011300,I013145,C1037,2025-01-18,199.0,Credit Card
PAY011301,I013146,C1037,2025-02-26,29.0,Debit Card
PAY011302,I013147,C1037,2025-03-22,29.0,Debit Card
PAY011303,I013148,C1037,2025-04-16,29.0,UPI
PAY011304,I013149,C1037,2025-05-12,29.0,Credit Card
PAY011305,I013150,C1037,2025-06-18,29.0,UPI
PAY011306,I013151,C1037,2025-07-20,29.0,Bank Transfer
PAY011307,I013152,C1037,2025-08-21,29.0,Bank Transfer
PAY011308,I013153,C1037,2025-09-13,29.0,Credit Card
PAY011309,I013154,C1037,2025-10-29,29.0,UPI
PAY011310,I013156,C1037,2025-12-27,29.0,Debit Card
PAY011311,I013157,C1037,2026-01-13,29.0,Debit Card
PAY011312,I013158,C1037,2026-02-20,29.0,Bank Transfer
PAY011313,I013159,C1037,2026-03-31,29.0,UPI
PAY011314,I013160,C1037,2026-04-13,29.0,Credit Card
PAY011315,I013161,C1037,2026-05-12,29.0,Bank Transfer
PAY011316,I013162,C1037,2026-06-12,29.0,UPI
PAY011317,I013164,C1037,2026-08-18,29.0,UPI
PAY011318,I013165,C1037,2026-09-24,29.0,UPI
PAY011319,I013167,C1038,2024-12-01,499.0,UPI
PAY011320,I013168,C1038,2024-12-30,499.0,UPI
PAY011321,I013169,C1038,2025-01-29,499.0,UPI
PAY011322,I013171,C1038,2025-04-11,499.0,Debit Card
PAY011323,I013172,C1038,2025-05-04,499.0,UPI
PAY011324,I013174,C1038,2025-06-23,499.0,UPI
PAY011325,I013175,C1038,2025-07-29,499.0,Bank Transfer
PAY011326,I013176,C1038,2025-09-07,499.0,Bank Transfer
PAY011327,I013177,C1038,2025-09-29,499.0,UPI
PAY011328,I013178,C1038,2025-10-26,499.0,Bank Transfer
PAY011329,I013179,C1038,2025-12-08,499.0,Credit Card
PAY011330,I013180,C1038,2025-12-30,499.0,Credit Card
PAY011331,I013182,C1038,2026-03-08,499.0,Credit Card
PAY011332,I013183,C1038,2026-03-28,499.0,Debit Card
PAY011333,I013184,C1038,2026-05-08,499.0,Debit Card
PAY011334,I013185,C1038,2026-05-23,499.0,Credit Card
PAY011335,I013186,C1038,2026-06-25,499.0,UPI
PAY011336,I013187,C1038,2026-08-09,499.0,UPI
PAY011337,I013188,C1038,2026-09-10,499.0,Credit Card
PAY011338,I013189,C1038,2026-10-03,499.0,Debit Card
PAY011339,I013190,C1039,2024-06-13,79.0,Credit Card
PAY011340,I013191,C1039,2024-07-13,79.0,Bank Transfer
PAY011341,I013192,C1039,2024-08-17,79.0,UPI
PAY011342,I013193,C1039,2024-09-17,79.0,Debit Card
PAY011343,I013194,C1039,2024-10-29,79.0,UPI
PAY011344,I013195,C1039,2024-11-25,79.0,UPI
PAY011345,I013196,C1039,2024-12-14,79.0,Debit Card
PAY011346,I013197,C1039,2025-01-18,79.0,Credit Card
PAY011347,I013198,C1039,2025-02-12,79.0,Credit Card
PAY011348,I013199,C1039,2025-03-21,79.0,Debit Card
PAY011349,I013200,C1039,2025-04-24,79.0,Debit Card
PAY011350,I013202,C1039,2025-06-26,79.0,Debit Card
PAY011351,I013204,C1039,2025-08-23,79.0,Credit Card
PAY011352,I013205,C1039,2025-09-27,79.0,UPI
PAY011353,I013206,C1039,2025-10-22,79.0,UPI
PAY011354,I013207,C1039,2025-11-18,79.0,Debit Card
PAY011355,I013208,C1039,2025-12-20,79.0,UPI
PAY011356,I013209,C1039,2026-01-24,79.0,UPI
PAY011357,I013210,C1039,2026-02-27,79.0,Credit Card
PAY011358,I013211,C1039,2026-03-28,79.0,Bank Transfer
PAY011359,I013212,C1039,2026-04-24,79.0,Credit Card
PAY011360,I013213,C1039,2026-05-11,79.0,Bank Transfer
PAY011361,I013214,C1040,2024-07-11,499.0,Credit Card
PAY011362,I013215,C1040,2024-07-27,499.0,Credit Card
PAY011363,I013216,C1040,2024-08-30,499.0,Credit Card
PAY011364,I013217,C1040,2024-10-05,499.0,Credit Card
PAY011365,I013219,C1040,2024-12-04,499.0,Debit Card
PAY011366,I013220,C1040,2024-12-25,499.0,Credit Card
PAY011367,I013222,C1040,2025-03-07,499.0,Credit Card
PAY011368,I013223,C1040,2025-03-24,499.0,Bank Transfer
PAY011369,I013224,C1040,2025-05-03,499.0,UPI
PAY011370,I013225,C1040,2025-06-08,499.0,Bank Transfer
PAY011371,I013226,C1040,2025-07-07,499.0,Credit Card
PAY011372,I013227,C1040,2025-07-26,499.0,Bank Transfer
PAY011373,I013228,C1040,2025-08-31,499.0,Credit Card
PAY011374,I013230,C1040,2025-10-31,499.0,UPI
PAY011375,I013231,C1040,2025-12-07,499.0,Bank Transfer
PAY011376,I013232,C1040,2025-12-29,499.0,Debit Card
PAY011377,I013233,C1040,2026-02-03,499.0,Credit Card
PAY011378,I013234,C1040,2026-03-09,499.0,UPI
PAY011379,I013236,C1040,2026-05-01,499.0,Debit Card
PAY011380,I013237,C1040,2026-06-07,499.0,Bank Transfer
PAY011381,I013238,C1041,2024-03-06,79.0,Debit Card
PAY011382,I013239,C1041,2024-04-01,79.0,UPI
PAY011383,I013240,C1041,2024-05-02,79.0,Debit Card
PAY011384,I013241,C1041,2024-06-06,79.0,Debit Card
PAY011385,I013242,C1041,2024-06-30,79.0,Debit Card
PAY011386,I013243,C1041,2024-08-06,79.0,Credit Card
PAY011387,I013244,C1041,2024-08-31,79.0,Bank Transfer
PAY011388,I013246,C1041,2024-10-27,79.0,Credit Card
PAY011389,I013247,C1041,2024-11-26,79.0,Bank Transfer
PAY011390,I013249,C1041,2025-02-04,79.0,Debit Card
PAY011391,I013251,C1041,2025-04-08,79.0,UPI
PAY011392,I013252,C1041,2025-04-30,79.0,Credit Card
PAY011393,I013253,C1041,2025-06-03,79.0,UPI
PAY011394,I013254,C1041,2025-07-11,79.0,Bank Transfer
PAY011395,I013255,C1041,2025-07-29,79.0,Bank Transfer
PAY011396,I013256,C1041,2025-09-03,79.0,Credit Card
PAY011397,I013258,C1041,2025-10-24,79.0,Credit Card
PAY011398,I013262,C1042,2024-03-29,79.0,UPI
PAY011399,I013264,C1042,2024-06-03,79.0,UPI
PAY011400,I013266,C1042,2024-07-24,79.0,UPI
PAY011401,I013267,C1042,2024-09-06,79.0,Debit Card
PAY011402,I013268,C1042,2024-09-20,79.0,Credit Card
PAY011403,I013269,C1042,2024-10-22,79.0,Bank Transfer
PAY011404,I013270,C1042,2024-11-25,79.0,UPI
PAY011405,I013271,C1043,2024-12-04,79.0,Credit Card
PAY011406,I013272,C1043,2024-12-27,79.0,UPI
PAY011407,I013273,C1043,2025-01-21,79.0,Credit Card
PAY011408,I013274,C1043,2025-03-03,79.0,UPI
PAY011409,I013275,C1043,2025-03-27,79.0,UPI
PAY011410,I013276,C1043,2025-04-16,79.0,Credit Card
PAY011411,I013277,C1043,2025-06-03,79.0,Bank Transfer
PAY011412,I013278,C1043,2025-06-23,79.0,UPI
PAY011413,I013280,C1043,2025-08-25,79.0,Credit Card
PAY011414,I013281,C1043,2025-09-22,79.0,Credit Card
PAY011415,I013282,C1043,2025-10-15,79.0,Debit Card
PAY011416,I013283,C1043,2025-11-20,79.0,Credit Card
PAY011417,I013284,C1043,2025-12-16,79.0,Debit Card
PAY011418,I013285,C1043,2026-01-15,79.0,Credit Card
PAY011419,I013286,C1043,2026-02-23,79.0,Debit Card
PAY011420,I013287,C1043,2026-03-24,79.0,Debit Card
PAY011421,I013288,C1043,2026-05-02,79.0,Bank Transfer
PAY011422,I013289,C1043,2026-05-26,79.0,Credit Card
PAY011423,I013291,C1043,2026-07-15,79.0,Credit Card
PAY011424,I013293,C1043,2026-10-04,79.0,Bank Transfer
PAY011425,I013294,C1044,2025-04-20,348.0,UPI
PAY011426,I013295,C1044,2026-03-15,79.0,UPI
PAY011427,I013296,C1044,2026-04-19,79.0,Credit Card
PAY011428,I013297,C1044,2026-05-10,79.0,Credit Card
PAY011429,I013298,C1044,2026-06-14,79.0,UPI
PAY011430,I013299,C1044,2026-07-20,79.0,Credit Card
PAY011431,I013301,C1044,2026-09-22,79.0,UPI
PAY011432,I013302,C1045,2023-08-28,29.0,Credit Card
PAY011433,I013303,C1045,2023-10-10,29.0,Debit Card
PAY011434,I013304,C1045,2023-11-08,29.0,UPI
PAY011435,I013305,C1045,2023-12-08,29.0,Debit Card
PAY011436,I013306,C1045,2023-12-28,29.0,Debit Card
PAY011437,I013307,C1045,2024-02-02,29.0,Debit Card
PAY011438,I013308,C1045,2024-03-01,29.0,Bank Transfer
PAY011439,I013309,C1045,2024-04-07,29.0,UPI
PAY011440,I013310,C1045,2024-04-29,29.0,UPI
PAY011441,I013311,C1045,2024-06-12,29.0,UPI
PAY011442,I013312,C1045,2024-06-29,29.0,Bank Transfer
PAY011443,I013313,C1045,2024-07-29,29.0,Bank Transfer
PAY011444,I013314,C1045,2024-08-29,29.0,Bank Transfer
PAY011445,I013315,C1045,2024-09-30,29.0,Bank Transfer
PAY011446,I013316,C1045,2024-10-31,29.0,Credit Card
PAY011447,I013318,C1045,2024-12-27,29.0,Bank Transfer
PAY011448,I013319,C1045,2025-02-08,29.0,Bank Transfer
PAY011449,I013320,C1045,2025-03-04,29.0,Credit Card
PAY011450,I013321,C1045,2025-04-10,29.0,Credit Card
PAY011451,I013322,C1045,2025-05-10,29.0,Credit Card
PAY011452,I013323,C1045,2025-06-05,29.0,Bank Transfer
PAY011453,I013324,C1045,2025-06-24,29.0,Bank Transfer
PAY011454,I013325,C1045,2025-08-02,29.0,UPI
PAY011455,I013326,C1046,2023-08-02,199.0,UPI
PAY011456,I013327,C1046,2023-09-04,199.0,UPI
PAY011457,I013328,C1046,2023-10-10,199.0,UPI
PAY011458,I013329,C1046,2023-11-12,199.0,UPI
PAY011459,I013330,C1046,2023-12-15,199.0,Bank Transfer
PAY011460,I013331,C1046,2024-01-11,199.0,Debit Card
PAY011461,I013332,C1046,2024-02-13,199.0,UPI
PAY011462,I013336,C1047,2023-04-06,348.0,Bank Transfer
PAY011463,I013337,C1047,2024-04-02,348.0,Bank Transfer
PAY011464,I013338,C1048,2025-03-05,348.0,Debit Card
PAY011465,I013340,C1049,2023-04-01,948.0,Credit Card
PAY011466,I013341,C1049,2024-04-02,948.0,Credit Card
PAY011467,I013342,C1050,2023-03-18,79.0,Debit Card
PAY011468,I013343,C1050,2023-04-22,79.0,Bank Transfer
PAY011469,I013344,C1050,2023-05-14,79.0,Debit Card
PAY011470,I013345,C1050,2023-06-11,79.0,Credit Card
PAY011471,I013346,C1050,2023-07-17,79.0,UPI
PAY011472,I013347,C1050,2023-08-17,79.0,UPI
PAY011473,I013348,C1050,2023-09-16,79.0,Debit Card
PAY011474,I013349,C1050,2023-10-22,79.0,Credit Card
PAY011475,I013350,C1050,2023-11-15,79.0,UPI
PAY011476,I013351,C1050,2023-12-22,79.0,Bank Transfer
PAY011477,I013352,C1050,2024-01-07,79.0,Bank Transfer
PAY011478,I013353,C1050,2024-02-13,79.0,Credit Card
PAY011479,I013354,C1050,2024-03-13,79.0,Debit Card
PAY011480,I013355,C1050,2024-04-09,79.0,Bank Transfer
PAY011481,I013357,C1050,2024-06-24,79.0,UPI
PAY011482,I013358,C1050,2024-07-24,79.0,Bank Transfer
PAY011483,I013359,C1051,2024-11-09,79.0,Credit Card
PAY011484,I013360,C1051,2024-12-10,79.0,UPI
PAY011485,I013361,C1051,2025-01-05,79.0,Debit Card
PAY011486,I013363,C1051,2025-03-11,79.0,UPI
PAY011487,I013364,C1051,2025-04-12,79.0,Credit Card
PAY011488,I013365,C1051,2025-05-06,79.0,UPI
PAY011489,I013366,C1051,2025-05-25,79.0,Bank Transfer
PAY011490,I013367,C1052,2024-10-07,79.0,Bank Transfer
PAY011491,I013368,C1052,2024-10-29,79.0,Bank Transfer
PAY011492,I013369,C1052,2024-12-07,79.0,Credit Card
PAY011493,I013370,C1052,2024-12-26,79.0,UPI
PAY011494,I013371,C1052,2025-01-20,79.0,Debit Card
PAY011495,I013372,C1052,2025-02-21,79.0,Debit Card
PAY011496,I013373,C1052,2025-03-30,79.0,Bank Transfer
PAY011497,I013374,C1052,2025-04-29,79.0,Bank Transfer
PAY011498,I013376,C1052,2025-07-01,79.0,UPI
PAY011499,I013377,C1052,2025-07-24,79.0,Credit Card
PAY011500,I013378,C1052,2025-09-01,79.0,UPI
PAY011501,I013379,C1052,2025-09-27,79.0,Debit Card
PAY011502,I013380,C1052,2025-11-04,79.0,Debit Card
PAY011503,I013382,C1052,2025-12-31,79.0,Bank Transfer
PAY011504,I013383,C1052,2026-01-20,79.0,Debit Card
PAY011505,I013384,C1052,2026-02-21,79.0,Credit Card
PAY011506,I013385,C1052,2026-03-28,79.0,Debit Card
PAY011507,I013386,C1052,2026-04-25,79.0,Credit Card
PAY011508,I013387,C1052,2026-05-20,79.0,Debit Card
PAY011509,I013388,C1052,2026-06-29,79.0,Bank Transfer
PAY011510,I013389,C1052,2026-07-30,79.0,Bank Transfer
PAY011511,I013390,C1052,2026-09-04,79.0,UPI
PAY011512,I013392,C1053,2023-04-12,499.0,Debit Card
PAY011513,I013393,C1053,2023-05-21,499.0,Bank Transfer
PAY011514,I013394,C1053,2023-06-07,499.0,Bank Transfer
PAY011515,I013396,C1053,2023-08-15,499.0,UPI
PAY011516,I013397,C1053,2023-09-06,499.0,Debit Card
PAY011517,I013398,C1053,2023-10-13,499.0,Debit Card
PAY011518,I013399,C1053,2023-11-23,499.0,Debit Card
PAY011519,I013400,C1053,2023-12-22,499.0,UPI
PAY011520,I013401,C1053,2024-01-06,499.0,Debit Card
PAY011521,I013402,C1053,2024-02-18,499.0,Debit Card
PAY011522,I013403,C1053,2024-03-10,499.0,Credit Card
PAY011523,I013404,C1053,2024-04-24,499.0,Bank Transfer
PAY011524,I013405,C1053,2024-05-08,499.0,Credit Card
PAY011525,I013406,C1053,2024-06-21,499.0,Bank Transfer
PAY011526,I013407,C1053,2024-07-15,499.0,Bank Transfer
PAY011527,I013409,C1053,2024-09-17,499.0,Debit Card
PAY011528,I013410,C1053,2024-10-16,499.0,Debit Card
PAY011529,I013411,C1053,2024-11-16,499.0,UPI
PAY011530,I013412,C1053,2024-12-23,499.0,UPI
PAY011531,I013414,C1053,2025-02-10,499.0,UPI
PAY011532,I013415,C1054,2025-08-11,948.0,Debit Card
PAY011533,I013416,C1054,2026-08-13,948.0,Bank Transfer
PAY011534,I013417,C1055,2025-07-16,79.0,UPI
PAY011535,I013418,C1055,2025-08-15,79.0,Credit Card
PAY011536,I013419,C1055,2025-09-12,79.0,Credit Card
PAY011537,I013420,C1055,2025-10-16,79.0,Credit Card
PAY011538,I013421,C1055,2025-11-13,79.0,Bank Transfer
PAY011539,I013422,C1055,2025-12-11,79.0,Debit Card
PAY011540,I013423,C1055,2026-01-16,79.0,Bank Transfer
PAY011541,I013424,C1055,2026-02-07,79.0,Bank Transfer
PAY011542,I013426,C1055,2026-04-16,79.0,Bank Transfer
PAY011543,I013430,C1056,2026-07-04,79.0,Credit Card
PAY011544,I013431,C1056,2026-07-31,79.0,UPI
PAY011545,I013432,C1056,2026-09-12,79.0,UPI
PAY011546,I013433,C1056,2026-09-27,79.0,Bank Transfer
PAY011547,I013434,C1057,2024-05-22,79.0,Bank Transfer
PAY011548,I013435,C1057,2024-06-10,79.0,UPI
PAY011549,I013436,C1057,2024-07-24,79.0,Bank Transfer
PAY011550,I013438,C1057,2024-09-13,79.0,UPI
PAY011551,I013439,C1057,2024-10-15,79.0,Bank Transfer
PAY011552,I013440,C1057,2024-11-21,79.0,UPI
PAY011553,I013441,C1057,2024-12-18,79.0,Debit Card
PAY011554,I013442,C1057,2025-01-14,79.0,Credit Card
PAY011555,I013444,C1057,2025-03-05,79.0,Credit Card
PAY011556,I013445,C1057,2025-04-07,79.0,Debit Card
PAY011557,I013446,C1057,2025-05-17,79.0,UPI
PAY011558,I013447,C1057,2025-06-13,79.0,Credit Card
PAY011559,I013448,C1057,2025-07-08,79.0,Bank Transfer
PAY011560,I013449,C1057,2025-07-04,79.0,Bank Transfer
PAY011561,I013450,C1057,2025-07-31,79.0,Debit Card
PAY011562,I013451,C1057,2025-09-02,79.0,UPI
PAY011563,I013452,C1057,2025-10-02,79.0,UPI
PAY011564,I013453,C1057,2025-11-02,79.0,Bank Transfer
PAY011565,I013454,C1057,2025-12-04,79.0,Debit Card
PAY011566,I013455,C1057,2026-01-05,79.0,UPI
PAY011567,I013456,C1057,2026-01-31,79.0,Bank Transfer
PAY011568,I013458,C1057,2026-04-05,79.0,UPI
PAY011569,I013459,C1057,2026-05-12,79.0,UPI
PAY011570,I013460,C1057,2026-06-09,79.0,UPI
PAY011571,I013461,C1057,2026-07-06,79.0,Bank Transfer
PAY011572,I013464,C1057,2026-10-17,79.0,Bank Transfer
PAY011573,I013465,C1058,2023-11-10,948.0,Debit Card
PAY011574,I013466,C1058,2024-11-20,948.0,Bank Transfer
PAY011575,I013467,C1059,2024-09-13,79.0,Credit Card
PAY011576,I013468,C1059,2024-10-10,79.0,Bank Transfer
PAY011577,I013470,C1059,2024-12-13,79.0,UPI
PAY011578,I013471,C1059,2025-01-20,79.0,Debit Card
PAY011579,I013472,C1059,2025-02-16,79.0,Bank Transfer
PAY011580,I013473,C1059,2025-03-18,79.0,Bank Transfer
PAY011581,I013474,C1059,2025-04-21,79.0,Credit Card
PAY011582,I013475,C1059,2025-05-19,79.0,Debit Card
PAY011583,I013476,C1059,2025-06-12,79.0,Debit Card
PAY011584,I013477,C1059,2025-07-24,79.0,Debit Card
PAY011585,I013479,C1059,2025-09-12,79.0,Bank Transfer
PAY011586,I013481,C1059,2025-11-19,79.0,UPI
PAY011587,I013482,C1059,2025-12-10,79.0,Debit Card
PAY011588,I013483,C1059,2026-01-07,79.0,Credit Card
PAY011589,I013484,C1059,2026-02-15,79.0,Debit Card
PAY011590,I013485,C1059,2026-03-13,79.0,Credit Card
PAY011591,I013486,C1059,2026-04-11,79.0,Debit Card
PAY011592,I013487,C1059,2026-05-09,79.0,UPI
PAY011593,I013488,C1059,2026-06-20,79.0,Bank Transfer
PAY011594,I013489,C1059,2026-07-24,79.0,UPI
PAY011595,I013490,C1059,2026-08-10,79.0,Debit Card
PAY011596,I013491,C1060,2025-07-18,79.0,Debit Card
PAY011597,I013492,C1060,2025-08-18,79.0,Debit Card
PAY011598,I013493,C1060,2025-09-25,79.0,UPI
PAY011599,I013494,C1060,2025-10-16,79.0,Bank Transfer
PAY011600,I013495,C1060,2025-11-24,79.0,Bank Transfer
PAY011601,I013497,C1060,2026-01-20,79.0,UPI
PAY011602,I013498,C1060,2026-01-25,2388.0,Credit Card
PAY011603,I013499,C1061,2025-04-10,199.0,Bank Transfer
PAY011604,I013501,C1061,2025-05-31,199.0,Bank Transfer
PAY011605,I013503,C1061,2025-07-23,199.0,Bank Transfer
PAY011606,I013504,C1061,2025-09-07,199.0,Credit Card
PAY011607,I013505,C1061,2025-09-28,199.0,Debit Card
PAY011608,I013506,C1061,2025-11-10,199.0,Credit Card
PAY011609,I013508,C1061,2025-12-26,199.0,Bank Transfer
PAY011610,I013509,C1061,2026-02-04,199.0,UPI
PAY011611,I013510,C1061,2026-03-01,199.0,Bank Transfer
PAY011612,I013511,C1061,2026-03-28,199.0,Credit Card
PAY011613,I013512,C1061,2026-04-28,199.0,UPI
PAY011614,I013513,C1061,2026-05-24,199.0,Debit Card
PAY011615,I013514,C1061,2026-07-02,199.0,UPI
PAY011616,I013515,C1061,2026-07-28,199.0,Credit Card
PAY011617,I013516,C1061,2026-09-08,199.0,Bank Transfer
PAY011618,I013517,C1061,2026-09-23,199.0,Credit Card
PAY011619,I013518,C1062,2025-07-30,79.0,Debit Card
PAY011620,I013519,C1062,2025-09-04,79.0,Credit Card
PAY011621,I013520,C1062,2025-10-03,79.0,Bank Transfer
PAY011622,I013521,C1062,2025-11-08,79.0,Debit Card
PAY011623,I013523,C1062,2026-01-03,79.0,UPI
PAY011624,I013524,C1062,2026-02-11,79.0,Bank Transfer
PAY011625,I013525,C1062,2026-03-14,79.0,Debit Card
PAY011626,I013526,C1062,2026-04-10,79.0,Debit Card
PAY011627,I013527,C1062,2026-05-10,79.0,UPI
PAY011628,I013528,C1062,2026-06-03,79.0,Bank Transfer
PAY011629,I013529,C1062,2026-07-16,79.0,Credit Card
PAY011630,I013530,C1062,2026-08-01,79.0,Credit Card
PAY011631,I013531,C1062,2026-09-08,79.0,Credit Card
PAY011632,I013532,C1062,2026-10-04,79.0,Bank Transfer
PAY011633,I013533,C1063,2026-01-22,29.0,Credit Card
PAY011634,I013534,C1063,2026-02-19,29.0,Credit Card
PAY011635,I013535,C1063,2026-04-04,29.0,Debit Card
PAY011636,I013536,C1063,2026-04-17,29.0,UPI
PAY011637,I013537,C1063,2026-05-17,29.0,Bank Transfer
PAY011638,I013538,C1063,2026-07-02,29.0,Debit Card
PAY011639,I013539,C1063,2026-07-16,29.0,Credit Card
PAY011640,I013540,C1063,2026-08-31,29.0,Credit Card
PAY011641,I013542,C1064,2024-11-21,199.0,Bank Transfer
PAY011642,I013543,C1064,2024-12-15,199.0,Debit Card
PAY011643,I013544,C1064,2025-01-12,199.0,Bank Transfer
PAY011644,I013545,C1064,2025-02-23,199.0,UPI
PAY011645,I013546,C1064,2025-03-28,199.0,UPI
PAY011646,I013548,C1065,2024-03-13,199.0,Debit Card
PAY011647,I013550,C1065,2024-05-22,199.0,Debit Card
PAY011648,I013551,C1065,2024-06-17,199.0,Debit Card
PAY011649,I013552,C1065,2024-07-15,199.0,Debit Card
PAY011650,I013553,C1065,2024-08-19,199.0,Debit Card
PAY011651,I013554,C1065,2024-09-14,199.0,Credit Card
PAY011652,I013555,C1065,2024-10-19,199.0,UPI
PAY011653,I013556,C1065,2024-11-10,199.0,Debit Card
PAY011654,I013557,C1065,2024-12-15,199.0,Debit Card
PAY011655,I013558,C1065,2025-01-10,199.0,Debit Card
PAY011656,I013559,C1065,2025-02-10,199.0,Bank Transfer
PAY011657,I013560,C1065,2025-03-23,199.0,UPI
PAY011658,I013561,C1065,2025-04-22,199.0,Bank Transfer
PAY011659,I013562,C1065,2025-05-28,199.0,Bank Transfer
PAY011660,I013564,C1065,2025-07-29,199.0,Bank Transfer
PAY011661,I013565,C1065,2025-08-10,199.0,Credit Card
PAY011662,I013566,C1065,2025-09-10,199.0,Credit Card
PAY011663,I013567,C1065,2025-10-10,199.0,Credit Card
PAY011664,I013568,C1065,2025-11-23,199.0,Credit Card
PAY011665,I013569,C1065,2025-12-17,199.0,Credit Card
PAY011666,I013571,C1065,2026-02-21,199.0,UPI
PAY011667,I013572,C1066,2024-11-12,499.0,Bank Transfer
PAY011668,I013573,C1066,2024-12-28,499.0,Bank Transfer
PAY011669,I013574,C1066,2025-01-19,499.0,Bank Transfer
PAY011670,I013575,C1066,2025-02-23,499.0,Debit Card
PAY011671,I013576,C1066,2025-03-15,499.0,Credit Card
PAY011672,I013577,C1066,2025-04-13,499.0,Bank Transfer
PAY011673,I013578,C1066,2025-05-29,499.0,Debit Card
PAY011674,I013579,C1066,2025-06-21,499.0,Debit Card
PAY011675,I013580,C1066,2025-07-20,499.0,Bank Transfer
PAY011676,I013582,C1066,2025-09-18,499.0,Debit Card
PAY011677,I013583,C1066,2025-10-30,499.0,Debit Card
PAY011678,I013584,C1066,2025-11-29,499.0,UPI
PAY011679,I013585,C1066,2025-12-18,499.0,Credit Card
PAY011680,I013588,C1066,2026-03-24,499.0,Debit Card
PAY011681,I013590,C1066,2026-05-17,499.0,Debit Card
PAY011682,I013591,C1066,2026-06-17,499.0,Credit Card
PAY011683,I013592,C1066,2026-07-25,499.0,Debit Card
PAY011684,I013593,C1066,2026-08-30,499.0,Debit Card
PAY011685,I013594,C1066,2026-09-22,499.0,UPI
PAY011686,I013596,C1068,2025-12-21,199.0,Bank Transfer
PAY011687,I013597,C1068,2026-01-27,199.0,Bank Transfer
PAY011688,I013598,C1068,2026-02-17,199.0,Bank Transfer
PAY011689,I013599,C1068,2026-03-09,199.0,Debit Card
PAY011690,I013600,C1068,2026-04-25,199.0,Bank Transfer
PAY011691,I013601,C1068,2026-05-20,199.0,Debit Card
PAY011692,I013602,C1068,2026-06-24,199.0,Bank Transfer
PAY011693,I013603,C1068,2026-07-17,199.0,Debit Card
PAY011694,I013604,C1068,2026-08-17,199.0,Credit Card
PAY011695,I013605,C1068,2026-09-14,199.0,Credit Card
PAY011696,I013608,C1069,2024-02-07,79.0,Bank Transfer
PAY011697,I013609,C1069,2024-03-08,79.0,Bank Transfer
PAY011698,I013610,C1069,2024-04-19,79.0,UPI
PAY011699,I013611,C1069,2024-05-17,79.0,UPI
PAY011700,I013612,C1069,2024-06-12,79.0,Debit Card
PAY011701,I013614,C1069,2024-08-20,79.0,Bank Transfer
PAY011702,I013615,C1069,2024-09-11,79.0,Credit Card
PAY011703,I013616,C1069,2024-10-16,79.0,UPI
PAY011704,I013617,C1069,2024-11-25,79.0,Credit Card
PAY011705,I013618,C1069,2024-12-20,79.0,Bank Transfer
PAY011706,I013619,C1069,2025-01-23,79.0,Bank Transfer
PAY011707,I013620,C1069,2025-02-06,79.0,Credit Card
PAY011708,I013621,C1069,2025-03-09,79.0,Credit Card
PAY011709,I013622,C1069,2025-04-09,79.0,UPI
PAY011710,I013623,C1069,2025-05-12,79.0,UPI
PAY011711,I013624,C1069,2025-06-17,79.0,Credit Card
PAY011712,I013625,C1069,2025-07-18,79.0,Debit Card
PAY011713,I013626,C1069,2025-08-14,79.0,Debit Card
PAY011714,I013627,C1069,2025-09-16,79.0,Bank Transfer
PAY011715,I013628,C1069,2025-10-17,79.0,Bank Transfer
PAY011716,I013629,C1069,2025-11-19,79.0,UPI
PAY011717,I013630,C1070,2023-12-27,348.0,Bank Transfer
PAY011718,I013631,C1070,2024-12-19,348.0,UPI
PAY011719,I013632,C1071,2024-10-14,2388.0,Bank Transfer
PAY011720,I013633,C1071,2025-10-16,2388.0,Bank Transfer
PAY011721,I013634,C1072,2024-10-29,499.0,Credit Card
PAY011722,I013635,C1072,2024-11-12,499.0,Debit Card
PAY011723,I013636,C1072,2024-12-27,499.0,Bank Transfer
PAY011724,I013637,C1072,2025-01-27,499.0,Credit Card
PAY011725,I013638,C1072,2025-02-12,499.0,Credit Card
PAY011726,I013639,C1072,2025-03-14,499.0,UPI
PAY011727,I013640,C1072,2025-04-22,499.0,Bank Transfer
PAY011728,I013641,C1072,2025-05-20,499.0,Bank Transfer
PAY011729,I013642,C1072,2025-06-22,499.0,Credit Card
PAY011730,I013643,C1072,2025-07-16,499.0,Debit Card
PAY011731,I013645,C1072,2025-09-23,499.0,Bank Transfer
PAY011732,I013646,C1072,2025-10-14,499.0,Debit Card
PAY011733,I013647,C1072,2025-11-11,499.0,Bank Transfer
PAY011734,I013648,C1072,2025-12-22,499.0,UPI
PAY011735,I013649,C1072,2026-01-23,499.0,UPI
PAY011736,I013650,C1073,2023-09-08,348.0,Bank Transfer
PAY011737,I013652,C1074,2023-05-03,79.0,Debit Card
PAY011738,I013653,C1074,2023-06-05,79.0,Debit Card
PAY011739,I013654,C1074,2023-06-25,79.0,UPI
PAY011740,I013655,C1074,2023-07-25,79.0,Credit Card
PAY011741,I013657,C1074,2023-09-27,79.0,Bank Transfer
PAY011742,I013658,C1074,2023-10-30,79.0,Debit Card
PAY011743,I013659,C1074,2023-12-02,79.0,UPI
PAY011744,I013660,C1074,2023-12-29,79.0,Credit Card
PAY011745,I013662,C1074,2024-02-22,79.0,Credit Card
PAY011746,I013663,C1074,2024-03-31,79.0,Debit Card
PAY011747,I013664,C1074,2023-09-14,79.0,Credit Card
PAY011748,I013665,C1074,2023-10-03,79.0,Bank Transfer
PAY011749,I013666,C1074,2023-11-08,79.0,Bank Transfer
PAY011750,I013667,C1074,2023-12-17,79.0,UPI
PAY011751,I013668,C1074,2024-01-18,79.0,UPI
PAY011752,I013669,C1074,2024-02-05,79.0,Bank Transfer
PAY011753,I013671,C1074,2024-04-04,79.0,Credit Card
PAY011754,I013673,C1074,2024-06-08,79.0,Credit Card
PAY011755,I013675,C1074,2024-08-10,79.0,UPI
PAY011756,I013676,C1074,2024-09-03,79.0,UPI
PAY011757,I013677,C1074,2024-10-19,79.0,Credit Card
PAY011758,I013679,C1074,2024-12-04,79.0,Credit Card
PAY011759,I013681,C1074,2025-02-11,79.0,UPI
PAY011760,I013682,C1074,2025-03-18,79.0,Debit Card
PAY011761,I013683,C1074,2025-04-05,79.0,UPI
PAY011762,I013684,C1074,2025-05-19,79.0,Debit Card
PAY011763,I013685,C1074,2025-06-13,79.0,Credit Card
PAY011764,I013686,C1074,2025-07-02,79.0,Credit Card
PAY011765,I013687,C1074,2025-08-05,79.0,Bank Transfer
PAY011766,I013688,C1075,2024-06-27,79.0,Debit Card
PAY011767,I013689,C1075,2024-08-01,79.0,Bank Transfer
PAY011768,I013690,C1075,2024-08-25,79.0,Debit Card
PAY011769,I013691,C1075,2024-09-21,79.0,Debit Card
PAY011770,I013692,C1075,2024-10-22,79.0,Debit Card
PAY011771,I013693,C1076,2026-01-29,948.0,Credit Card
PAY011772,I013694,C1076,2026-07-09,29.0,UPI
PAY011773,I013695,C1076,2026-08-06,29.0,UPI
PAY011774,I013696,C1076,2026-09-09,29.0,Bank Transfer
PAY011775,I013697,C1076,2026-09-29,29.0,Bank Transfer
PAY011776,I013698,C1077,2023-11-03,948.0,Credit Card
PAY011777,I013700,C1078,2023-05-04,499.0,UPI
PAY011778,I013701,C1078,2023-06-09,499.0,Bank Transfer
PAY011779,I013702,C1078,2023-07-07,499.0,Debit Card
PAY011780,I013703,C1078,2023-07-27,499.0,UPI
PAY011781,I013704,C1078,2023-08-30,499.0,UPI
PAY011782,I013706,C1078,2023-11-02,499.0,Bank Transfer
PAY011783,I013707,C1078,2023-12-01,499.0,Credit Card
PAY011784,I013710,C1078,2024-03-06,499.0,Bank Transfer
PAY011785,I013711,C1078,2024-04-07,499.0,UPI
PAY011786,I013712,C1078,2024-05-06,499.0,Bank Transfer
PAY011787,I013713,C1078,2024-06-07,499.0,Bank Transfer
PAY011788,I013714,C1078,2024-06-28,499.0,Credit Card
PAY011789,I013715,C1078,2024-08-06,499.0,Credit Card
PAY011790,I013716,C1078,2024-08-28,499.0,Debit Card
PAY011791,I013719,C1078,2024-11-24,499.0,UPI
PAY011792,I013720,C1078,2025-01-10,499.0,Debit Card
PAY011793,I013721,C1078,2025-02-10,499.0,Debit Card
PAY011794,I013722,C1078,2025-02-26,499.0,Credit Card
PAY011795,I013723,C1078,2025-04-03,499.0,Credit Card
PAY011796,I013725,C1079,2024-12-14,5988.0,Credit Card
PAY011797,I013726,C1080,2023-04-14,199.0,Bank Transfer
PAY011798,I013727,C1080,2023-05-20,199.0,UPI
PAY011799,I013728,C1080,2023-06-22,199.0,UPI
PAY011800,I013729,C1080,2023-07-24,199.0,Bank Transfer
PAY011801,I013730,C1080,2023-08-24,199.0,Credit Card
PAY011802,I013732,C1080,2023-10-26,199.0,Bank Transfer
PAY011803,I013733,C1080,2023-11-30,199.0,Debit Card
PAY011804,I013734,C1080,2023-12-28,199.0,Bank Transfer
PAY011805,I013735,C1080,2024-01-18,199.0,Credit Card
PAY011806,I013736,C1080,2024-03-01,199.0,Credit Card
PAY011807,I013737,C1080,2024-03-11,199.0,UPI
PAY011808,I013739,C1080,2024-05-24,199.0,Debit Card
PAY011809,I013741,C1080,2024-07-24,199.0,Bank Transfer
PAY011810,I013742,C1080,2024-08-27,199.0,Debit Card
PAY011811,I013743,C1080,2024-09-24,199.0,Bank Transfer
PAY011812,I013744,C1080,2024-10-22,199.0,UPI
PAY011813,I013745,C1080,2024-11-26,199.0,UPI
PAY011814,I013746,C1080,2024-12-25,199.0,Bank Transfer
PAY011815,I013747,C1080,2025-01-24,199.0,UPI
PAY011816,I013748,C1080,2025-02-26,199.0,Credit Card
PAY011817,I013749,C1080,2025-03-21,199.0,UPI
PAY011818,I013750,C1081,2024-09-30,499.0,Credit Card
PAY011819,I013751,C1081,2024-11-02,499.0,UPI
PAY011820,I013752,C1081,2024-12-07,499.0,UPI
PAY011821,I013753,C1081,2025-01-02,499.0,Bank Transfer
PAY011822,I013754,C1081,2025-01-20,499.0,UPI
PAY011823,I013756,C1081,2025-03-23,499.0,Debit Card
PAY011824,I013757,C1081,2025-04-20,499.0,UPI
PAY011825,I013758,C1081,2025-06-08,499.0,UPI
PAY011826,I013759,C1081,2025-07-06,499.0,Bank Transfer
PAY011827,I013760,C1081,2025-08-01,499.0,Bank Transfer
PAY011828,I013761,C1081,2025-09-07,499.0,Debit Card
PAY011829,I013762,C1081,2025-09-28,499.0,Debit Card
PAY011830,I013763,C1081,2025-10-20,499.0,UPI
PAY011831,I013764,C1081,2025-11-21,499.0,Credit Card
PAY011832,I013765,C1081,2025-12-24,499.0,Debit Card
PAY011833,I013766,C1081,2026-02-06,499.0,UPI
PAY011834,I013768,C1081,2026-04-06,499.0,Debit Card
PAY011835,I013769,C1081,2026-05-08,499.0,Debit Card
PAY011836,I013770,C1081,2026-06-06,499.0,Credit Card
PAY011837,I013771,C1081,2026-06-30,499.0,Bank Transfer
PAY011838,I013773,C1081,2026-08-31,499.0,Credit Card
PAY011839,I013774,C1082,2023-02-12,79.0,Bank Transfer
PAY011840,I013775,C1082,2023-03-05,79.0,Bank Transfer
PAY011841,I013776,C1082,2023-04-05,79.0,UPI
PAY011842,I013777,C1082,2023-05-17,79.0,Credit Card
PAY011843,I013780,C1082,2023-07-28,79.0,Debit Card
PAY011844,I013781,C1082,2023-09-06,79.0,Credit Card
PAY011845,I013782,C1082,2023-09-30,79.0,Debit Card
PAY011846,I013783,C1082,2023-11-16,79.0,UPI
PAY011847,I013786,C1082,2024-02-01,79.0,Debit Card
PAY011848,I013787,C1082,2024-03-08,79.0,Credit Card
PAY011849,I013788,C1082,2024-04-10,79.0,Bank Transfer
PAY011850,I013789,C1082,2024-05-13,79.0,Bank Transfer
PAY011851,I013790,C1082,2024-05-29,79.0,Credit Card
PAY011852,I013791,C1082,2024-07-15,79.0,UPI
PAY011853,I013793,C1082,2024-09-02,79.0,Debit Card
PAY011854,I013795,C1082,2024-11-12,79.0,UPI
PAY011855,I013797,C1082,2025-01-15,79.0,UPI
PAY011856,I013798,C1083,2025-08-04,348.0,UPI
PAY011857,I013799,C1083,2026-07-30,348.0,Debit Card
PAY011858,I013800,C1084,2023-03-11,199.0,Debit Card
PAY011859,I013801,C1084,2023-04-07,199.0,UPI
PAY011860,I013802,C1084,2023-05-11,199.0,Credit Card
PAY011861,I013803,C1084,2023-06-15,199.0,Debit Card
PAY011862,I013804,C1084,2023-07-06,199.0,Credit Card
PAY011863,I013806,C1084,2023-08-28,199.0,Bank Transfer
PAY011864,I013807,C1084,2023-09-27,199.0,UPI
PAY011865,I013808,C1084,2023-10-29,199.0,Bank Transfer
PAY011866,I013809,C1084,2023-12-13,199.0,Bank Transfer
PAY011867,I013810,C1084,2024-01-05,199.0,Debit Card
PAY011868,I013811,C1084,2024-02-04,199.0,Credit Card
PAY011869,I013812,C1084,2024-03-11,199.0,Debit Card
PAY011870,I013815,C1084,2024-05-31,199.0,Debit Card
PAY011871,I013816,C1084,2024-07-15,199.0,Bank Transfer
PAY011872,I013817,C1084,2024-08-11,199.0,UPI
PAY011873,I013818,C1084,2024-09-14,199.0,Debit Card
PAY011874,I013819,C1084,2024-10-08,199.0,UPI
PAY011875,I013820,C1084,2024-11-07,199.0,Debit Card
PAY011876,I013821,C1084,2024-12-14,199.0,Debit Card
PAY011877,I013822,C1084,2025-01-03,199.0,Credit Card
PAY011878,I013823,C1084,2025-02-13,199.0,Debit Card
PAY011879,I013824,C1085,2023-11-03,79.0,UPI
PAY011880,I013825,C1085,2023-12-10,79.0,UPI
PAY011881,I013828,C1085,2024-03-10,79.0,UPI
PAY011882,I013829,C1085,2024-04-05,79.0,Debit Card
PAY011883,I013831,C1085,2024-05-26,79.0,UPI
PAY011884,I013832,C1085,2024-07-07,79.0,Credit Card
PAY011885,I013833,C1085,2024-08-09,79.0,Credit Card
PAY011886,I013834,C1085,2024-09-07,79.0,Bank Transfer
PAY011887,I013835,C1085,2024-09-30,79.0,Credit Card
PAY011888,I013836,C1085,2024-11-12,79.0,UPI
PAY011889,I013837,C1085,2024-12-12,79.0,Bank Transfer
PAY011890,I013838,C1085,2025-01-01,79.0,UPI
PAY011891,I013839,C1085,2025-02-06,79.0,UPI
PAY011892,I013840,C1085,2025-02-27,79.0,Bank Transfer
PAY011893,I013842,C1085,2025-05-03,79.0,Debit Card
PAY011894,I013843,C1085,2025-05-28,79.0,Credit Card
PAY011895,I013844,C1085,2025-06-30,79.0,Bank Transfer
PAY011896,I013845,C1085,2025-08-06,79.0,Credit Card
PAY011897,I013846,C1085,2025-08-29,79.0,Credit Card
PAY011898,I013847,C1085,2025-09-24,79.0,Debit Card
PAY011899,I013848,C1086,2023-05-31,348.0,UPI
PAY011900,I013849,C1086,2024-05-16,348.0,Bank Transfer
PAY011901,I013850,C1087,2023-09-13,29.0,Bank Transfer
PAY011902,I013851,C1087,2023-10-15,29.0,Debit Card
PAY011903,I013853,C1087,2023-12-07,29.0,Credit Card
PAY011904,I013854,C1087,2024-01-24,29.0,Debit Card
PAY011905,I013855,C1087,2024-02-15,29.0,Credit Card
PAY011906,I013856,C1087,2024-03-06,29.0,Debit Card
PAY011907,I013857,C1087,2024-04-07,29.0,Debit Card
PAY011908,I013858,C1087,2024-05-20,29.0,Bank Transfer
PAY011909,I013859,C1087,2024-06-06,29.0,Credit Card
PAY011910,I013860,C1087,2024-07-12,29.0,Debit Card
PAY011911,I013861,C1087,2024-08-14,29.0,UPI
PAY011912,I013862,C1088,2025-10-17,29.0,Credit Card
PAY011913,I013864,C1088,2025-12-18,29.0,UPI
PAY011914,I013865,C1088,2026-01-29,29.0,Credit Card
PAY011915,I013866,C1088,2026-02-28,29.0,UPI
PAY011916,I013868,C1088,2026-04-23,29.0,Credit Card
PAY011917,I013869,C1088,2026-05-19,29.0,Debit Card
PAY011918,I013870,C1088,2026-07-04,29.0,Debit Card
PAY011919,I013871,C1088,2026-05-13,79.0,Credit Card
PAY011920,I013872,C1088,2026-06-22,79.0,Debit Card
PAY011921,I013873,C1088,2026-07-15,79.0,Debit Card
PAY011922,I013874,C1088,2026-08-16,79.0,Debit Card
PAY011923,I013875,C1088,2026-09-16,79.0,Credit Card
PAY011924,I013876,C1089,2024-07-10,499.0,Credit Card
PAY011925,I013877,C1089,2024-08-18,499.0,Credit Card
PAY011926,I013879,C1089,2024-10-12,499.0,Debit Card
PAY011927,I013880,C1089,2024-11-13,499.0,Debit Card
PAY011928,I013882,C1089,2025-01-20,499.0,Bank Transfer
PAY011929,I013883,C1089,2025-02-16,499.0,Bank Transfer
PAY011930,I013884,C1089,2025-03-17,499.0,Credit Card
PAY011931,I013885,C1089,2025-04-22,499.0,Credit Card
PAY011932,I013886,C1089,2025-05-08,499.0,Debit Card
PAY011933,I013887,C1089,2025-06-16,499.0,Credit Card
PAY011934,I013888,C1089,2025-07-10,499.0,Bank Transfer
PAY011935,I013889,C1089,2025-08-08,499.0,Bank Transfer
PAY011936,I013890,C1089,2025-09-19,499.0,Debit Card
PAY011937,I013891,C1089,2025-10-09,499.0,Bank Transfer
PAY011938,I013892,C1089,2025-05-17,499.0,Bank Transfer
PAY011939,I013893,C1089,2025-06-04,499.0,Credit Card
PAY011940,I013894,C1089,2025-07-13,499.0,UPI
PAY011941,I013895,C1089,2025-08-09,499.0,Credit Card
PAY011942,I013896,C1089,2025-09-19,499.0,Bank Transfer
PAY011943,I013897,C1089,2025-10-04,499.0,Credit Card
PAY011944,I013898,C1089,2025-11-14,499.0,Bank Transfer
PAY011945,I013899,C1089,2025-12-13,499.0,UPI
PAY011946,I013900,C1089,2026-01-21,499.0,Credit Card
PAY011947,I013901,C1089,2026-02-12,499.0,Debit Card
PAY011948,I013902,C1089,2026-03-22,499.0,UPI
PAY011949,I013903,C1089,2026-04-15,499.0,UPI
PAY011950,I013904,C1089,2026-05-16,499.0,Bank Transfer
PAY011951,I013905,C1089,2026-06-04,499.0,Bank Transfer
PAY011952,I013906,C1089,2026-07-04,499.0,Bank Transfer
PAY011953,I013908,C1089,2026-09-16,499.0,UPI
PAY011954,I013909,C1090,2025-07-06,199.0,Credit Card
PAY011955,I013910,C1090,2025-07-29,199.0,Credit Card
PAY011956,I013911,C1090,2025-08-20,199.0,Credit Card
PAY011957,I013912,C1090,2025-09-22,199.0,Credit Card
PAY011958,I013913,C1090,2025-11-04,199.0,Credit Card
PAY011959,I013914,C1090,2025-11-23,199.0,Bank Transfer
PAY011960,I013915,C1090,2025-12-30,199.0,Bank Transfer
PAY011961,I013916,C1090,2026-01-27,199.0,Bank Transfer
PAY011962,I013917,C1090,2026-03-07,199.0,UPI
PAY011963,I013918,C1090,2026-03-29,199.0,Bank Transfer
PAY011964,I013919,C1090,2026-04-23,199.0,Bank Transfer
PAY011965,I013920,C1090,2026-06-01,199.0,Bank Transfer
PAY011966,I013921,C1090,2026-07-02,199.0,Credit Card
PAY011967,I013922,C1090,2026-07-22,199.0,Bank Transfer
PAY011968,I013925,C1090,2026-03-19,348.0,Debit Card
PAY011969,I013927,C1091,2026-02-08,79.0,Debit Card
PAY011970,I013928,C1091,2026-03-05,79.0,Debit Card
PAY011971,I013930,C1091,2026-05-19,79.0,Debit Card
PAY011972,I013931,C1091,2026-06-10,79.0,UPI
PAY011973,I013933,C1091,2026-08-03,79.0,Credit Card
PAY011974,I013934,C1091,2026-09-11,79.0,Debit Card
PAY011975,I013935,C1092,2025-04-14,29.0,UPI
PAY011976,I013936,C1092,2025-06-01,29.0,Credit Card
PAY011977,I013937,C1092,2025-06-24,29.0,Bank Transfer
PAY011978,I013938,C1092,2025-07-26,29.0,Credit Card
PAY011979,I013939,C1092,2025-08-29,29.0,Debit Card
PAY011980,I013940,C1092,2025-09-28,29.0,UPI
PAY011981,I013941,C1092,2025-10-21,29.0,Bank Transfer
PAY011982,I013943,C1092,2025-12-27,29.0,Bank Transfer
PAY011983,I013944,C1092,2026-01-28,29.0,Credit Card
PAY011984,I013945,C1092,2026-02-16,29.0,Bank Transfer
PAY011985,I013946,C1092,2026-03-19,29.0,Credit Card
PAY011986,I013947,C1092,2026-04-22,29.0,Debit Card
PAY011987,I013948,C1092,2026-05-29,29.0,Bank Transfer
PAY011988,I013950,C1092,2026-07-14,29.0,Bank Transfer
PAY011989,I013952,C1092,2026-09-22,29.0,UPI
PAY011990,I013953,C1093,2026-04-23,79.0,UPI
PAY011991,I013954,C1093,2026-05-07,79.0,Debit Card
PAY011992,I013955,C1093,2026-06-12,79.0,Debit Card
PAY011993,I013956,C1093,2026-07-22,79.0,Debit Card
PAY011994,I013957,C1093,2026-08-13,79.0,Bank Transfer
PAY011995,I013959,C1094,2025-02-24,348.0,Debit Card
PAY011996,I013960,C1094,2026-02-19,348.0,Credit Card
PAY011997,I013963,C1094,2026-06-18,29.0,Credit Card
PAY011998,I013964,C1094,2026-07-05,29.0,Credit Card
PAY011999,I013965,C1094,2026-08-12,29.0,Credit Card
PAY012000,I013966,C1094,2026-09-17,29.0,Credit Card
PAY012001,I013967,C1094,2026-10-05,29.0,Debit Card
PAY012002,I013968,C1095,2023-06-13,199.0,Debit Card
PAY012003,I013970,C1095,2023-07-30,199.0,UPI
PAY012004,I013971,C1095,2023-09-01,199.0,Bank Transfer
PAY012005,I013972,C1095,2023-10-10,199.0,UPI
PAY012006,I013973,C1095,2023-11-06,199.0,Credit Card
PAY012007,I013974,C1095,2023-12-10,199.0,Debit Card
PAY012008,I013975,C1095,2023-12-28,199.0,UPI
PAY012009,I013977,C1095,2024-03-08,199.0,Debit Card
PAY012010,I013978,C1095,2024-03-30,199.0,Bank Transfer
PAY012011,I013979,C1095,2024-05-04,199.0,Credit Card
PAY012012,I013980,C1095,2024-05-27,199.0,Bank Transfer
PAY012013,I013981,C1095,2024-07-01,199.0,UPI
PAY012014,I013982,C1095,2024-08-10,199.0,UPI
PAY012015,I013983,C1095,2024-08-30,199.0,UPI
PAY012016,I013984,C1095,2024-10-13,199.0,Credit Card
PAY012017,I013985,C1095,2024-11-01,199.0,Credit Card
PAY012018,I013986,C1095,2024-11-26,199.0,Bank Transfer
PAY012019,I013987,C1095,2025-01-11,199.0,Bank Transfer
PAY012020,I013988,C1095,2025-02-13,199.0,Bank Transfer
PAY012021,I013989,C1095,2025-03-01,199.0,Bank Transfer
PAY012022,I013992,C1096,2025-06-29,29.0,Credit Card
PAY012023,I013993,C1096,2025-07-26,29.0,UPI
PAY012024,I013994,C1096,2025-08-28,29.0,Credit Card
PAY012025,I013995,C1096,2025-09-12,29.0,UPI
PAY012026,I013996,C1096,2025-10-11,29.0,Debit Card
PAY012027,I013997,C1096,2025-11-11,29.0,UPI
PAY012028,I013999,C1096,2026-01-30,29.0,Debit Card
PAY012029,I014001,C1096,2026-03-19,29.0,Bank Transfer
PAY012030,I014002,C1096,2026-04-12,29.0,UPI
PAY012031,I014003,C1096,2026-05-15,29.0,UPI
PAY012032,I014004,C1096,2026-06-16,29.0,UPI
PAY012033,I014005,C1096,2026-07-17,29.0,UPI
PAY012034,I014006,C1096,2026-08-18,29.0,Debit Card
PAY012035,I014007,C1096,2026-09-29,29.0,UPI
PAY012036,I014008,C1096,2026-03-02,348.0,Credit Card
PAY012037,I014009,C1097,2023-12-12,29.0,Bank Transfer
PAY012038,I014010,C1097,2024-01-21,29.0,Debit Card
PAY012039,I014011,C1097,2024-02-12,29.0,Bank Transfer
PAY012040,I014012,C1097,2024-03-23,29.0,Debit Card
PAY012041,I014013,C1097,2024-04-19,29.0,Bank Transfer
PAY012042,I014014,C1097,2024-05-25,29.0,Debit Card
PAY012043,I014015,C1097,2024-06-25,29.0,Debit Card
PAY012044,I014016,C1097,2024-07-20,29.0,UPI
PAY012045,I014017,C1097,2024-08-10,29.0,Debit Card
PAY012046,I014018,C1097,2024-09-28,29.0,UPI
PAY012047,I014019,C1097,2024-10-19,29.0,Debit Card
PAY012048,I014020,C1097,2024-11-20,29.0,Credit Card
PAY012049,I014021,C1097,2024-12-15,29.0,UPI
PAY012050,I014022,C1097,2025-01-19,29.0,Debit Card
PAY012051,I014023,C1097,2025-02-16,29.0,Bank Transfer
PAY012052,I014024,C1097,2025-03-29,29.0,Credit Card
PAY012053,I014025,C1097,2025-04-21,29.0,Debit Card
PAY012054,I014026,C1097,2025-05-21,29.0,Credit Card
PAY012055,I014027,C1097,2025-06-17,29.0,Credit Card
PAY012056,I014029,C1097,2025-08-10,29.0,UPI
PAY012057,I014030,C1097,2025-09-23,29.0,Debit Card
PAY012058,I014031,C1097,2025-10-21,29.0,Debit Card
PAY012059,I014032,C1097,2025-11-29,29.0,Bank Transfer
PAY012060,I014034,C1099,2024-12-13,79.0,UPI
PAY012061,I014035,C1099,2025-01-04,79.0,Credit Card
PAY012062,I014036,C1099,2025-02-19,79.0,Credit Card
PAY012063,I014037,C1099,2025-03-10,79.0,UPI
PAY012064,I014038,C1099,2025-04-17,79.0,UPI
PAY012065,I014039,C1099,2025-05-21,79.0,Bank Transfer
PAY012066,I014040,C1099,2025-06-18,79.0,Bank Transfer
PAY012067,I014041,C1099,2025-07-14,79.0,Credit Card
PAY012068,I014042,C1099,2025-08-15,79.0,Bank Transfer
PAY012069,I014043,C1099,2025-09-02,79.0,Credit Card
PAY012070,I014044,C1099,2025-10-05,79.0,Credit Card
PAY012071,I014046,C1099,2025-12-07,79.0,UPI
PAY012072,I014047,C1099,2025-09-08,79.0,Debit Card
PAY012073,I014049,C1099,2025-11-13,79.0,Bank Transfer
PAY012074,I014050,C1099,2025-12-05,79.0,Credit Card
PAY012075,I014052,C1099,2026-02-11,79.0,Bank Transfer
PAY012076,I014053,C1099,2026-03-16,79.0,Credit Card
PAY012077,I014054,C1099,2026-04-18,79.0,Credit Card
PAY012078,I014055,C1099,2026-05-08,79.0,UPI
PAY012079,I014056,C1099,2026-06-06,79.0,Bank Transfer
PAY012080,I014057,C1099,2026-07-15,79.0,Debit Card
PAY012081,I014058,C1099,2026-08-07,79.0,Debit Card
PAY012082,I014059,C1099,2026-09-07,79.0,UPI
PAY012083,I014060,C1100,2023-01-11,199.0,Bank Transfer
PAY012084,I014061,C1100,2023-02-17,199.0,Debit Card
PAY012085,I014063,C1100,2023-04-03,199.0,Debit Card
PAY012086,I014066,C1100,2023-07-19,199.0,Credit Card
PAY012087,I014067,C1100,2023-08-13,199.0,UPI
PAY012088,I014069,C1100,2023-10-11,199.0,Debit Card
PAY012089,I014070,C1100,2023-11-07,199.0,UPI
PAY012090,I014071,C1100,2023-12-19,199.0,UPI
PAY012091,I014074,C1100,2024-03-18,199.0,UPI
PAY012092,I014075,C1100,2024-04-02,199.0,Debit Card
PAY012093,I014076,C1100,2024-05-14,199.0,Debit Card
PAY012094,I014077,C1100,2024-06-17,199.0,Bank Transfer
PAY012095,I014078,C1100,2024-07-02,199.0,Bank Transfer
PAY012096,I014079,C1100,2024-08-05,199.0,Credit Card
PAY012097,I014080,C1100,2024-09-05,199.0,Debit Card
PAY012098,I014081,C1100,2024-10-20,199.0,Debit Card
PAY012099,I014082,C1100,2024-11-09,199.0,Credit Card
PAY012100,I014083,C1100,2024-12-11,199.0,Bank Transfer
PAY012101,I014084,C1101,2023-06-04,2388.0,Credit Card
PAY012102,I014085,C1101,2024-06-03,2388.0,UPI
PAY012103,I014087,C1102,2025-03-04,948.0,UPI
PAY012104,I014088,C1103,2024-05-31,29.0,UPI
PAY012105,I014089,C1103,2024-06-27,29.0,Debit Card
PAY012106,I014090,C1103,2024-08-10,29.0,UPI
PAY012107,I014091,C1103,2024-09-03,29.0,UPI
PAY012108,I014092,C1103,2024-10-04,29.0,UPI
PAY012109,I014093,C1103,2024-11-09,29.0,UPI
PAY012110,I014094,C1103,2024-12-07,29.0,Debit Card
PAY012111,I014095,C1103,2024-12-23,29.0,Bank Transfer
PAY012112,I014096,C1103,2025-01-29,29.0,Credit Card
PAY012113,I014099,C1103,2025-01-28,199.0,Bank Transfer
PAY012114,I014100,C1103,2025-03-01,199.0,Credit Card
PAY012115,I014101,C1103,2025-03-30,199.0,Credit Card
PAY012116,I014102,C1103,2025-04-16,199.0,UPI
PAY012117,I014103,C1103,2025-05-17,199.0,Debit Card
PAY012118,I014104,C1103,2025-06-26,199.0,Bank Transfer
PAY012119,I014105,C1103,2025-07-25,199.0,Credit Card
PAY012120,I014106,C1103,2025-08-18,199.0,Credit Card
PAY012121,I014107,C1103,2025-09-19,199.0,Credit Card
PAY012122,I014108,C1103,2025-10-25,199.0,UPI
PAY012123,I014109,C1103,2025-11-28,199.0,Debit Card
PAY012124,I014110,C1103,2025-12-16,199.0,UPI
PAY012125,I014112,C1103,2026-03-06,199.0,UPI
PAY012126,I014113,C1103,2026-03-21,199.0,UPI
PAY012127,I014115,C1103,2026-05-17,199.0,Credit Card
PAY012128,I014116,C1103,2026-06-30,199.0,Debit Card
PAY012129,I014117,C1103,2026-07-23,199.0,Credit Card
PAY012130,I014118,C1103,2026-08-25,199.0,Debit Card
PAY012131,I014119,C1103,2026-09-19,199.0,Debit Card
PAY012132,I014120,C1104,2026-03-12,79.0,UPI
PAY012133,I014121,C1104,2026-04-01,79.0,Credit Card
PAY012134,I014122,C1104,2026-05-02,79.0,Debit Card
PAY012135,I014123,C1104,2026-06-07,79.0,UPI
PAY012136,I014124,C1104,2026-07-06,79.0,Debit Card
PAY012137,I014125,C1104,2026-07-26,79.0,Credit Card
PAY012138,I014126,C1104,2026-09-06,79.0,UPI
PAY012139,I014127,C1104,2026-10-07,79.0,Bank Transfer
PAY012140,I014128,C1105,2024-05-15,499.0,UPI
PAY012141,I014129,C1105,2024-06-19,499.0,Bank Transfer
PAY012142,I014130,C1105,2024-07-07,499.0,Credit Card
PAY012143,I014131,C1105,2024-08-18,499.0,Credit Card
PAY012144,I014132,C1105,2024-09-09,499.0,UPI
PAY012145,I014133,C1105,2024-10-20,499.0,Debit Card
PAY012146,I014135,C1105,2024-12-07,499.0,Credit Card
PAY012147,I014136,C1105,2025-01-24,499.0,UPI
PAY012148,I014137,C1105,2024-12-20,199.0,Credit Card
PAY012149,I014138,C1105,2025-01-24,199.0,UPI
PAY012150,I014139,C1105,2025-02-22,199.0,Bank Transfer
PAY012151,I014140,C1105,2025-04-01,199.0,Credit Card
PAY012152,I014141,C1105,2025-04-19,199.0,UPI
PAY012153,I014142,C1105,2025-05-23,199.0,UPI
PAY012154,I014143,C1105,2025-07-01,199.0,Debit Card
PAY012155,I014144,C1105,2025-07-30,199.0,Credit Card
PAY012156,I014145,C1105,2025-08-30,199.0,UPI
PAY012157,I014146,C1105,2025-09-23,199.0,Credit Card
PAY012158,I014147,C1105,2025-10-25,199.0,Credit Card
PAY012159,I014148,C1105,2025-11-30,199.0,Debit Card
PAY012160,I014149,C1105,2026-01-07,199.0,Debit Card
PAY012161,I014150,C1105,2026-01-31,199.0,Credit Card
PAY012162,I014151,C1105,2026-02-25,199.0,UPI
PAY012163,I014152,C1105,2026-04-05,199.0,Debit Card
PAY012164,I014153,C1105,2026-04-19,199.0,Bank Transfer
PAY012165,I014154,C1105,2026-05-24,199.0,Debit Card
PAY012166,I014155,C1105,2026-06-21,199.0,Bank Transfer
PAY012167,I014157,C1105,2026-09-01,199.0,Bank Transfer
PAY012168,I014159,C1106,2023-12-21,79.0,Credit Card
PAY012169,I014161,C1106,2024-02-16,79.0,Bank Transfer
PAY012170,I014162,C1106,2024-03-22,79.0,Debit Card
PAY012171,I014163,C1106,2024-04-27,79.0,Debit Card
PAY012172,I014164,C1106,2024-05-19,79.0,UPI
PAY012173,I014165,C1106,2024-06-18,79.0,Debit Card
PAY012174,I014166,C1106,2024-07-14,79.0,UPI
PAY012175,I014167,C1106,2024-08-22,79.0,Bank Transfer
PAY012176,I014168,C1106,2024-09-28,79.0,UPI
PAY012177,I014169,C1106,2024-10-19,79.0,Credit Card
PAY012178,I014170,C1106,2024-11-12,79.0,Bank Transfer
PAY012179,I014171,C1106,2024-12-29,79.0,UPI
PAY012180,I014172,C1106,2025-01-11,79.0,UPI
PAY012181,I014173,C1106,2025-02-23,79.0,Bank Transfer
PAY012182,I014174,C1106,2025-03-13,79.0,Credit Card
PAY012183,I014175,C1107,2023-08-24,29.0,UPI
PAY012184,I014176,C1107,2023-09-24,29.0,Bank Transfer
PAY012185,I014177,C1107,2023-10-19,29.0,Bank Transfer
PAY012186,I014178,C1107,2023-11-12,29.0,Bank Transfer
PAY012187,I014179,C1107,2023-12-23,29.0,Debit Card
PAY012188,I014180,C1107,2024-01-22,29.0,Bank Transfer
PAY012189,I014181,C1107,2024-02-11,29.0,Debit Card
PAY012190,I014182,C1107,2024-03-15,29.0,Credit Card
PAY012191,I014183,C1107,2024-04-16,29.0,Debit Card
PAY012192,I014184,C1107,2024-05-19,29.0,Credit Card
PAY012193,I014185,C1107,2024-06-26,29.0,UPI
PAY012194,I014186,C1107,2024-07-18,29.0,Credit Card
PAY012195,I014187,C1107,2024-08-28,29.0,Credit Card
PAY012196,I014188,C1107,2024-06-22,79.0,Debit Card
PAY012197,I014189,C1107,2024-07-16,79.0,Debit Card
PAY012198,I014190,C1107,2024-08-14,79.0,UPI
PAY012199,I014191,C1107,2024-09-28,79.0,Debit Card
PAY012200,I014192,C1107,2024-10-31,79.0,Bank Transfer
PAY012201,I014193,C1107,2024-11-30,79.0,UPI
PAY012202,I014195,C1107,2025-01-22,79.0,Debit Card
PAY012203,I014197,C1107,2025-03-17,79.0,Credit Card
PAY012204,I014198,C1107,2025-04-26,79.0,Credit Card
PAY012205,I014199,C1107,2025-05-31,79.0,UPI
PAY012206,I014200,C1107,2025-06-28,79.0,UPI
PAY012207,I014202,C1107,2025-08-18,79.0,Credit Card
PAY012208,I014203,C1107,2025-09-15,79.0,UPI
PAY012209,I014204,C1107,2025-10-17,79.0,Bank Transfer
PAY012210,I014206,C1107,2025-12-22,79.0,UPI
PAY012211,I014208,C1107,2026-02-22,79.0,Bank Transfer
PAY012212,I014209,C1107,2026-03-21,79.0,Credit Card
PAY012213,I014210,C1107,2026-04-15,79.0,Debit Card
PAY012214,I014211,C1107,2026-05-18,79.0,Bank Transfer
PAY012215,I014212,C1108,2025-01-04,5988.0,Debit Card
PAY012216,I014213,C1108,2025-12-29,5988.0,Debit Card
PAY012217,I014214,C1109,2025-11-24,79.0,UPI
PAY012218,I014215,C1109,2025-12-14,79.0,Debit Card
PAY012219,I014216,C1109,2026-01-20,79.0,Debit Card
PAY012220,I014217,C1109,2026-03-03,79.0,UPI
PAY012221,I014218,C1109,2026-03-29,79.0,Debit Card
PAY012222,I014219,C1109,2026-04-22,79.0,Debit Card
PAY012223,I014221,C1109,2026-07-19,199.0,Debit Card
PAY012224,I014222,C1109,2026-08-20,199.0,Bank Transfer
PAY012225,I014224,C1110,2024-06-12,199.0,Credit Card
PAY012226,I014226,C1110,2024-08-22,199.0,Credit Card
PAY012227,I014227,C1110,2024-09-17,199.0,Bank Transfer
PAY012228,I014229,C1110,2024-11-28,199.0,Credit Card
PAY012229,I014230,C1110,2024-12-26,199.0,UPI
PAY012230,I014231,C1110,2025-01-11,199.0,UPI
PAY012231,I014232,C1110,2025-02-19,199.0,Debit Card
PAY012232,I014233,C1110,2025-03-25,199.0,Credit Card
PAY012233,I014235,C1110,2025-05-27,199.0,Credit Card
PAY012234,I014237,C1110,2025-07-11,199.0,Debit Card
PAY012235,I014238,C1110,2025-08-30,199.0,Debit Card
PAY012236,I014239,C1110,2025-09-24,199.0,Bank Transfer
PAY012237,I014240,C1110,2025-10-22,199.0,UPI
PAY012238,I014241,C1110,2025-11-29,199.0,Credit Card
PAY012239,I014242,C1110,2025-12-16,199.0,Credit Card
PAY012240,I014243,C1110,2026-01-18,199.0,UPI
PAY012241,I014244,C1110,2026-02-12,199.0,Bank Transfer
PAY012242,I014245,C1110,2026-03-12,199.0,Debit Card
PAY012243,I014246,C1110,2026-04-18,199.0,Debit Card
PAY012244,I014247,C1110,2026-05-13,199.0,Bank Transfer
PAY012245,I014248,C1111,2025-05-01,29.0,Credit Card
PAY012246,I014249,C1111,2025-05-20,29.0,Bank Transfer
PAY012247,I014250,C1111,2025-06-23,29.0,Credit Card
PAY012248,I014251,C1111,2025-07-22,29.0,Credit Card
PAY012249,I014252,C1111,2025-09-01,29.0,UPI
PAY012250,I014254,C1111,2025-10-24,29.0,Bank Transfer
PAY012251,I014255,C1111,2025-11-28,29.0,Debit Card
PAY012252,I014256,C1111,2025-12-24,29.0,Bank Transfer
PAY012253,I014257,C1111,2026-02-10,79.0,Credit Card
PAY012254,I014258,C1111,2026-03-21,79.0,Debit Card
PAY012255,I014259,C1111,2026-04-11,79.0,UPI
PAY012256,I014260,C1111,2026-05-17,79.0,Debit Card
PAY012257,I014262,C1111,2026-07-09,79.0,Bank Transfer
PAY012258,I014263,C1111,2026-08-16,79.0,Debit Card
PAY012259,I014264,C1111,2026-09-09,79.0,UPI
PAY012260,I014265,C1112,2025-12-17,348.0,Credit Card
PAY012261,I014266,C1113,2024-05-11,499.0,UPI
PAY012262,I014267,C1113,2024-06-08,499.0,Debit Card
PAY012263,I014268,C1113,2024-07-14,499.0,Bank Transfer
PAY012264,I014269,C1113,2024-08-08,499.0,Credit Card
PAY012265,I014270,C1113,2024-08-27,499.0,Debit Card
PAY012266,I014271,C1113,2024-09-26,499.0,Credit Card
PAY012267,I014272,C1113,2024-11-08,499.0,Bank Transfer
PAY012268,I014273,C1113,2024-11-26,499.0,Debit Card
PAY012269,I014274,C1113,2025-01-01,499.0,Credit Card
PAY012270,I014275,C1113,2025-01-30,499.0,Bank Transfer
PAY012271,I014276,C1113,2025-03-08,499.0,UPI
PAY012272,I014277,C1113,2025-04-08,499.0,Bank Transfer
PAY012273,I014278,C1113,2025-05-02,499.0,Credit Card
PAY012274,I014279,C1113,2025-06-11,499.0,Debit Card
PAY012275,I014280,C1113,2025-06-29,499.0,Bank Transfer
PAY012276,I014281,C1113,2025-08-10,499.0,UPI
PAY012277,I014282,C1113,2025-08-25,499.0,Bank Transfer
PAY012278,I014283,C1113,2025-10-13,499.0,Debit Card
PAY012279,I014284,C1113,2025-11-09,499.0,Debit Card
PAY012280,I014285,C1113,2025-11-26,499.0,UPI
PAY012281,I014287,C1113,2026-02-01,499.0,Debit Card
PAY012282,I014289,C1113,2026-04-11,499.0,Debit Card
PAY012283,I014290,C1114,2025-07-26,29.0,Debit Card
PAY012284,I014291,C1114,2025-08-28,29.0,Bank Transfer
PAY012285,I014294,C1114,2025-11-21,29.0,Credit Card
PAY012286,I014295,C1114,2025-12-19,29.0,Debit Card
PAY012287,I014296,C1114,2026-01-20,29.0,UPI
PAY012288,I014297,C1114,2026-02-22,29.0,Debit Card
PAY012289,I014298,C1114,2026-03-21,29.0,Debit Card
PAY012290,I014299,C1114,2026-04-29,29.0,UPI
PAY012291,I014300,C1114,2026-05-28,29.0,UPI
PAY012292,I014301,C1114,2026-07-05,29.0,Credit Card
PAY012293,I014302,C1114,2026-07-21,29.0,UPI
PAY012294,I014303,C1114,2026-08-23,29.0,UPI
PAY012295,I014304,C1114,2026-10-01,29.0,Credit Card
PAY012296,I014305,C1115,2025-05-27,79.0,Credit Card
PAY012297,I014306,C1115,2025-06-28,79.0,Credit Card
PAY012298,I014308,C1115,2025-08-30,79.0,Credit Card
PAY012299,I014309,C1115,2025-09-21,79.0,Debit Card
PAY012300,I014310,C1115,2025-10-24,79.0,Debit Card
PAY012301,I014311,C1115,2025-11-23,79.0,Credit Card
PAY012302,I014312,C1115,2025-12-30,79.0,UPI
PAY012303,I014313,C1115,2026-01-24,79.0,Credit Card
PAY012304,I014314,C1115,2026-02-28,79.0,UPI
PAY012305,I014315,C1115,2026-04-06,79.0,Bank Transfer
PAY012306,I014316,C1115,2026-05-03,79.0,UPI
PAY012307,I014317,C1115,2026-05-28,79.0,Credit Card
PAY012308,I014318,C1115,2026-07-01,79.0,UPI
PAY012309,I014319,C1115,2026-08-06,79.0,Bank Transfer
PAY012310,I014320,C1115,2026-09-05,79.0,Credit Card
PAY012311,I014322,C1116,2023-12-13,79.0,UPI
PAY012312,I014323,C1116,2024-01-18,79.0,Bank Transfer
PAY012313,I014324,C1116,2024-02-17,79.0,Credit Card
PAY012314,I014325,C1116,2024-03-20,79.0,Bank Transfer
PAY012315,I014326,C1116,2024-04-16,79.0,Credit Card
PAY012316,I014327,C1116,2024-05-27,79.0,Bank Transfer
PAY012317,I014329,C1116,2024-07-21,79.0,Debit Card
PAY012318,I014331,C1116,2024-09-18,79.0,UPI
PAY012319,I014332,C1116,2024-10-28,79.0,Credit Card
PAY012320,I014333,C1116,2024-11-15,79.0,Credit Card
PAY012321,I014334,C1116,2024-12-24,79.0,Credit Card
PAY012322,I014335,C1116,2025-01-21,79.0,Bank Transfer
PAY012323,I014336,C1116,2025-02-15,79.0,Bank Transfer
PAY012324,I014338,C1116,2025-04-18,79.0,Bank Transfer
PAY012325,I014339,C1116,2025-05-16,79.0,Credit Card
PAY012326,I014340,C1116,2025-06-18,79.0,Credit Card
PAY012327,I014341,C1116,2025-07-26,79.0,Credit Card
PAY012328,I014342,C1116,2025-08-30,79.0,Credit Card
PAY012329,I014344,C1116,2025-10-15,79.0,Bank Transfer
PAY012330,I014345,C1116,2025-11-22,79.0,Credit Card
PAY012331,I014346,C1117,2023-03-04,29.0,Bank Transfer
PAY012332,I014347,C1117,2023-04-02,29.0,UPI
PAY012333,I014348,C1117,2023-04-18,29.0,Credit Card
PAY012334,I014349,C1117,2023-05-26,29.0,UPI
PAY012335,I014351,C1117,2023-07-26,29.0,Bank Transfer
PAY012336,I014352,C1117,2023-08-31,29.0,Debit Card
PAY012337,I014353,C1117,2023-09-22,29.0,Credit Card
PAY012338,I014354,C1117,2023-10-18,29.0,UPI
PAY012339,I014356,C1117,2023-12-16,29.0,Credit Card
PAY012340,I014357,C1117,2024-01-14,29.0,Credit Card
PAY012341,I014358,C1117,2024-03-01,29.0,Debit Card
PAY012342,I014359,C1117,2024-03-23,29.0,Debit Card
PAY012343,I014360,C1117,2024-04-18,29.0,Bank Transfer
PAY012344,I014361,C1117,2024-05-20,29.0,Credit Card
PAY012345,I014362,C1117,2024-07-01,29.0,UPI
PAY012346,I014363,C1118,2023-01-25,499.0,Credit Card
PAY012347,I014364,C1118,2023-02-26,499.0,Credit Card
PAY012348,I014365,C1118,2023-03-31,499.0,Bank Transfer
PAY012349,I014366,C1118,2023-04-29,499.0,Credit Card
PAY012350,I014367,C1118,2023-06-04,499.0,Bank Transfer
PAY012351,I014368,C1118,2023-07-09,499.0,Debit Card
PAY012352,I014369,C1118,2023-07-29,499.0,Bank Transfer
PAY012353,I014370,C1118,2023-09-08,499.0,Debit Card
PAY012354,I014371,C1118,2023-09-28,499.0,Credit Card
PAY012355,I014373,C1118,2023-12-10,499.0,Debit Card
PAY012356,I014374,C1118,2024-01-02,499.0,Debit Card
PAY012357,I014375,C1118,2024-02-07,499.0,Bank Transfer
PAY012358,I014377,C1118,2024-03-26,499.0,Bank Transfer
PAY012359,I014378,C1118,2024-04-21,499.0,Bank Transfer
PAY012360,I014379,C1118,2024-05-28,499.0,Debit Card
PAY012361,I014380,C1118,2024-07-10,499.0,UPI
PAY012362,I014381,C1118,2024-07-25,499.0,Credit Card
PAY012363,I014382,C1118,2024-08-31,499.0,Credit Card
PAY012364,I014383,C1118,2024-09-21,499.0,Debit Card
PAY012365,I014384,C1118,2024-10-29,499.0,UPI
PAY012366,I014385,C1118,2024-11-26,499.0,Bank Transfer
PAY012367,I014386,C1118,2025-01-05,499.0,UPI
PAY012368,I014387,C1119,2026-01-15,499.0,Debit Card
PAY012369,I014388,C1119,2026-02-02,499.0,UPI
PAY012370,I014389,C1119,2026-03-14,499.0,Credit Card
PAY012371,I014390,C1119,2026-04-05,499.0,Bank Transfer
PAY012372,I014391,C1119,2026-05-03,499.0,Debit Card
PAY012373,I014392,C1119,2026-06-12,499.0,Credit Card
PAY012374,I014393,C1119,2026-07-03,499.0,UPI
PAY012375,I014394,C1119,2026-08-04,499.0,Bank Transfer
PAY012376,I014395,C1119,2026-08-30,499.0,UPI
PAY012377,I014396,C1119,2026-10-02,499.0,UPI
PAY012378,I014398,C1120,2026-05-23,348.0,UPI
PAY012379,I014399,C1121,2023-02-17,29.0,Debit Card
PAY012380,I014401,C1121,2023-05-03,29.0,Credit Card
PAY012381,I014402,C1121,2023-05-28,29.0,Debit Card
PAY012382,I014403,C1121,2023-07-05,29.0,Debit Card
PAY012383,I014405,C1121,2023-08-27,29.0,UPI
PAY012384,I014407,C1121,2023-11-03,29.0,Debit Card
PAY012385,I014408,C1121,2023-11-20,29.0,Credit Card
PAY012386,I014409,C1121,2024-01-05,29.0,Debit Card
PAY012387,I014410,C1121,2024-01-19,29.0,Bank Transfer
PAY012388,I014411,C1121,2024-02-20,29.0,UPI
PAY012389,I014412,C1121,2024-04-05,29.0,Bank Transfer
PAY012390,I014413,C1121,2024-05-06,29.0,Debit Card
PAY012391,I014414,C1121,2024-05-25,29.0,Debit Card
PAY012392,I014415,C1121,2024-06-18,29.0,UPI
PAY012393,I014416,C1121,2024-08-04,29.0,Credit Card
PAY012394,I014417,C1121,2024-08-20,29.0,Bank Transfer
PAY012395,I014418,C1121,2024-10-04,29.0,UPI
PAY012396,I014419,C1121,2024-10-26,29.0,Credit Card
PAY012397,I014420,C1121,2024-12-02,29.0,Credit Card
PAY012398,I014421,C1121,2024-12-21,29.0,Debit Card
PAY012399,I014422,C1121,2025-02-01,29.0,UPI
PAY012400,I014423,C1122,2024-07-08,79.0,Debit Card
PAY012401,I014424,C1122,2024-08-11,79.0,Debit Card
PAY012402,I014426,C1122,2024-10-23,79.0,UPI
PAY012403,I014427,C1122,2024-11-07,79.0,Bank Transfer
PAY012404,I014428,C1122,2024-12-21,79.0,Bank Transfer
PAY012405,I014429,C1122,2025-01-11,79.0,Bank Transfer
PAY012406,I014430,C1122,2025-02-04,79.0,Bank Transfer
PAY012407,I014431,C1122,2025-03-04,79.0,Credit Card
PAY012408,I014432,C1122,2025-04-20,79.0,Credit Card
PAY012409,I014433,C1122,2025-05-07,79.0,Credit Card
PAY012410,I014434,C1122,2025-06-14,79.0,UPI
PAY012411,I014435,C1122,2025-07-05,79.0,Debit Card
PAY012412,I014436,C1122,2025-08-14,79.0,Bank Transfer
PAY012413,I014437,C1122,2025-09-13,79.0,UPI
PAY012414,I014438,C1122,2025-10-09,79.0,UPI
PAY012415,I014439,C1122,2025-11-22,79.0,Debit Card
PAY012416,I014440,C1122,2025-12-18,79.0,Bank Transfer
PAY012417,I014441,C1122,2026-01-22,79.0,UPI
PAY012418,I014442,C1122,2026-02-06,79.0,Credit Card
PAY012419,I014443,C1122,2026-03-16,79.0,UPI
PAY012420,I014445,C1122,2026-05-21,79.0,UPI
PAY012421,I014446,C1122,2026-06-06,79.0,Credit Card
PAY012422,I014447,C1123,2023-10-20,948.0,Bank Transfer
PAY012423,I014448,C1123,2024-10-28,948.0,UPI
PAY012424,I014449,C1124,2025-10-12,348.0,Credit Card
PAY012425,I014450,C1124,2026-10-14,348.0,Bank Transfer
PAY012426,I014451,C1124,2026-02-23,29.0,Bank Transfer
PAY012427,I014453,C1124,2026-04-26,29.0,Credit Card
PAY012428,I014454,C1124,2026-05-23,29.0,Bank Transfer
PAY012429,I014455,C1124,2026-07-07,29.0,Bank Transfer
PAY012430,I014456,C1124,2026-07-28,29.0,Credit Card
PAY012431,I014457,C1124,2026-08-29,29.0,Bank Transfer
PAY012432,I014459,C1125,2025-11-06,79.0,Debit Card
PAY012433,I014460,C1125,2025-12-05,79.0,Bank Transfer
PAY012434,I014461,C1125,2026-01-09,79.0,Debit Card
PAY012435,I014462,C1125,2026-02-10,79.0,UPI
PAY012436,I014463,C1125,2026-03-18,79.0,UPI
PAY012437,I014466,C1125,2026-06-09,79.0,UPI
PAY012438,I014467,C1125,2026-07-18,79.0,UPI
PAY012439,I014468,C1125,2026-08-01,79.0,UPI
PAY012440,I014469,C1125,2026-09-12,79.0,UPI
PAY012441,I014471,C1126,2024-06-30,199.0,Debit Card
PAY012442,I014473,C1126,2024-08-29,199.0,Credit Card
PAY012443,I014474,C1126,2024-10-02,199.0,Credit Card
PAY012444,I014476,C1126,2024-12-09,199.0,Credit Card
PAY012445,I014477,C1126,2025-01-02,199.0,Bank Transfer
PAY012446,I014480,C1126,2025-03-29,199.0,Bank Transfer
PAY012447,I014482,C1127,2025-01-30,948.0,Debit Card
PAY012448,I014484,C1128,2023-10-19,499.0,Bank Transfer
PAY012449,I014485,C1128,2023-11-11,499.0,Bank Transfer
PAY012450,I014487,C1128,2024-01-09,499.0,Credit Card
PAY012451,I014488,C1128,2024-02-04,499.0,Bank Transfer
PAY012452,I014489,C1128,2024-03-06,499.0,Credit Card
PAY012453,I014490,C1128,2024-04-09,499.0,Bank Transfer
PAY012454,I014491,C1128,2024-05-02,499.0,UPI
PAY012455,I014492,C1128,2024-06-15,499.0,UPI
PAY012456,I014493,C1128,2024-07-11,499.0,UPI
PAY012457,I014494,C1128,2024-08-17,499.0,UPI
PAY012458,I014495,C1128,2024-09-01,499.0,Credit Card
PAY012459,I014496,C1128,2024-10-13,499.0,UPI
PAY012460,I014498,C1128,2024-12-20,499.0,Bank Transfer
PAY012461,I014499,C1128,2025-01-07,499.0,Debit Card
PAY012462,I014500,C1128,2024-10-22,348.0,Bank Transfer
PAY012463,I014501,C1128,2025-10-10,348.0,Debit Card
PAY012464,I014503,C1129,2026-08-24,2388.0,UPI
PAY012465,I014504,C1130,2024-09-02,199.0,Credit Card
PAY012466,I014505,C1130,2024-10-06,199.0,Debit Card
PAY012467,I014506,C1130,2024-11-05,199.0,UPI
PAY012468,I014507,C1130,2024-11-23,199.0,UPI
PAY012469,I014510,C1130,2025-02-28,199.0,UPI
PAY012470,I014511,C1130,2025-03-25,199.0,Bank Transfer
PAY012471,I014512,C1130,2025-04-26,199.0,Bank Transfer
PAY012472,I014515,C1130,2025-07-26,199.0,Bank Transfer
PAY012473,I014516,C1130,2025-08-25,199.0,Debit Card
PAY012474,I014517,C1130,2025-09-30,199.0,UPI
PAY012475,I014518,C1130,2025-11-01,199.0,Credit Card
PAY012476,I014519,C1130,2025-11-25,199.0,Credit Card
PAY012477,I014520,C1130,2025-12-23,199.0,Debit Card
PAY012478,I014521,C1130,2026-02-07,199.0,Credit Card
PAY012479,I014522,C1130,2026-02-23,199.0,Credit Card
PAY012480,I014523,C1130,2026-03-22,199.0,Bank Transfer
PAY012481,I014524,C1130,2026-05-06,199.0,UPI
PAY012482,I014525,C1130,2026-05-28,199.0,UPI
PAY012483,I014526,C1130,2026-06-24,199.0,Bank Transfer
PAY012484,I014527,C1130,2026-08-06,199.0,Bank Transfer
PAY012485,I014528,C1131,2024-02-03,29.0,Debit Card
PAY012486,I014529,C1131,2024-02-27,29.0,Debit Card
PAY012487,I014530,C1131,2024-03-18,29.0,Debit Card
PAY012488,I014531,C1131,2024-04-20,29.0,Bank Transfer
PAY012489,I014532,C1131,2024-05-21,29.0,Bank Transfer
PAY012490,I014533,C1131,2024-06-24,29.0,UPI
PAY012491,I014535,C1131,2024-08-22,29.0,UPI
PAY012492,I014536,C1131,2024-10-03,29.0,Debit Card
PAY012493,I014537,C1131,2024-10-25,29.0,Credit Card
PAY012494,I014538,C1131,2024-11-28,29.0,UPI
PAY012495,I014539,C1131,2024-12-16,29.0,Bank Transfer
PAY012496,I014540,C1131,2025-01-20,29.0,Debit Card
PAY012497,I014541,C1131,2025-02-19,29.0,Debit Card
PAY012498,I014542,C1131,2025-03-19,29.0,Credit Card
PAY012499,I014543,C1131,2025-04-25,29.0,UPI
PAY012500,I014544,C1131,2025-06-02,29.0,Credit Card
PAY012501,I014545,C1131,2025-06-23,29.0,UPI
PAY012502,I014546,C1131,2025-07-23,29.0,Credit Card
PAY012503,I014547,C1131,2025-08-27,29.0,Debit Card
PAY012504,I014548,C1131,2025-09-25,29.0,Bank Transfer
PAY012505,I014549,C1131,2025-10-19,29.0,Debit Card
PAY012506,I014550,C1131,2025-12-02,29.0,Bank Transfer
PAY012507,I014551,C1131,2025-12-18,29.0,Bank Transfer
PAY012508,I014552,C1132,2024-04-26,199.0,UPI
PAY012509,I014553,C1132,2024-05-29,199.0,Debit Card
PAY012510,I014554,C1132,2024-07-08,199.0,Credit Card
PAY012511,I014556,C1133,2023-01-21,79.0,Credit Card
PAY012512,I014557,C1133,2023-02-23,79.0,UPI
PAY012513,I014558,C1133,2023-03-30,79.0,Credit Card
PAY012514,I014559,C1133,2023-04-30,79.0,UPI
PAY012515,I014560,C1133,2023-05-25,79.0,Debit Card
PAY012516,I014561,C1133,2023-06-16,79.0,Bank Transfer
PAY012517,I014562,C1133,2023-07-29,79.0,Debit Card
PAY012518,I014564,C1133,2023-09-28,79.0,Bank Transfer
PAY012519,I014565,C1133,2023-10-25,79.0,Credit Card
PAY012520,I014566,C1133,2023-11-28,79.0,Bank Transfer
PAY012521,I014567,C1133,2023-12-28,79.0,Debit Card
PAY012522,I014568,C1133,2024-01-21,79.0,UPI
PAY012523,I014569,C1133,2024-02-24,79.0,Debit Card
PAY012524,I014570,C1133,2024-03-23,79.0,Credit Card
PAY012525,I014571,C1133,2024-04-27,79.0,Bank Transfer
PAY012526,I014572,C1133,2024-05-21,79.0,Bank Transfer
PAY012527,I014573,C1133,2024-06-15,79.0,Credit Card
PAY012528,I014574,C1133,2024-07-26,79.0,Bank Transfer
PAY012529,I014575,C1133,2024-09-02,79.0,Credit Card
PAY012530,I014577,C1133,2024-11-03,79.0,Debit Card
PAY012531,I014578,C1133,2024-11-20,79.0,UPI
PAY012532,I014579,C1133,2024-12-24,79.0,UPI
PAY012533,I014582,C1135,2023-07-26,29.0,UPI
PAY012534,I014583,C1135,2023-08-16,29.0,UPI
PAY012535,I014584,C1135,2023-09-28,29.0,Bank Transfer
PAY012536,I014585,C1135,2023-10-20,29.0,Bank Transfer
PAY012537,I014586,C1135,2023-11-27,29.0,Credit Card
PAY012538,I014587,C1135,2023-12-24,29.0,Credit Card
PAY012539,I014588,C1135,2024-01-26,29.0,Credit Card
PAY012540,I014589,C1135,2024-02-16,29.0,Debit Card
PAY012541,I014590,C1135,2024-03-12,29.0,Debit Card
PAY012542,I014591,C1135,2024-04-22,29.0,Debit Card
PAY012543,I014592,C1135,2024-05-28,29.0,UPI
PAY012544,I014593,C1135,2024-06-16,29.0,UPI
PAY012545,I014594,C1135,2024-07-18,29.0,Credit Card
PAY012546,I014595,C1135,2024-08-14,29.0,Credit Card
PAY012547,I014596,C1135,2024-09-21,29.0,UPI
PAY012548,I014597,C1135,2024-10-19,29.0,Credit Card
PAY012549,I014598,C1135,2024-11-27,29.0,Debit Card
PAY012550,I014599,C1135,2024-12-20,29.0,Debit Card
PAY012551,I014600,C1135,2025-01-21,29.0,Bank Transfer
PAY012552,I014601,C1135,2025-02-21,29.0,Credit Card
PAY012553,I014602,C1135,2025-03-28,29.0,UPI
PAY012554,I014603,C1135,2025-04-24,29.0,Debit Card
PAY012555,I014604,C1135,2025-05-20,29.0,UPI
PAY012556,I014605,C1135,2025-06-21,29.0,UPI
PAY012557,I014606,C1136,2026-04-10,79.0,UPI
PAY012558,I014607,C1136,2026-05-08,79.0,Debit Card
PAY012559,I014608,C1136,2026-06-07,79.0,Debit Card
PAY012560,I014609,C1136,2026-07-15,79.0,Credit Card
PAY012561,I014610,C1136,2026-08-14,79.0,Credit Card
PAY012562,I014612,C1137,2024-09-12,29.0,Credit Card
PAY012563,I014614,C1137,2024-11-29,29.0,UPI
PAY012564,I014615,C1137,2024-12-20,29.0,Debit Card
PAY012565,I014616,C1137,2025-01-22,29.0,Debit Card
PAY012566,I014617,C1137,2025-02-15,29.0,Credit Card
PAY012567,I014618,C1137,2025-03-31,29.0,Bank Transfer
PAY012568,I014619,C1137,2025-04-29,29.0,Credit Card
PAY012569,I014620,C1137,2025-05-30,29.0,Bank Transfer
PAY012570,I014621,C1137,2025-06-26,29.0,UPI
PAY012571,I014623,C1137,2025-08-22,29.0,Bank Transfer
PAY012572,I014624,C1137,2025-09-21,29.0,UPI
PAY012573,I014625,C1137,2025-10-28,29.0,UPI
PAY012574,I014626,C1137,2025-11-14,29.0,Debit Card
PAY012575,I014627,C1137,2025-12-18,29.0,UPI
PAY012576,I014628,C1137,2026-01-18,29.0,Credit Card
PAY012577,I014629,C1137,2026-02-25,29.0,Credit Card
PAY012578,I014630,C1137,2026-03-31,29.0,UPI
PAY012579,I014632,C1137,2026-05-22,29.0,Bank Transfer
PAY012580,I014633,C1137,2026-06-24,29.0,Debit Card
PAY012581,I014634,C1137,2026-07-12,29.0,UPI
PAY012582,I014635,C1137,2026-08-20,29.0,Credit Card
PAY012583,I014636,C1138,2026-03-15,2388.0,Debit Card
PAY012584,I014637,C1139,2023-06-07,5988.0,Credit Card
PAY012585,I014638,C1139,2024-06-04,5988.0,Debit Card
PAY012586,I014639,C1140,2023-10-15,2388.0,Bank Transfer
PAY012587,I014640,C1140,2024-09-30,2388.0,Debit Card
PAY012588,I014641,C1141,2023-06-08,79.0,Bank Transfer
PAY012589,I014642,C1141,2023-07-05,79.0,Bank Transfer
PAY012590,I014643,C1141,2023-08-02,79.0,Bank Transfer
PAY012591,I014644,C1141,2023-08-26,79.0,Credit Card
PAY012592,I014646,C1141,2023-11-06,79.0,Debit Card
PAY012593,I014647,C1141,2023-12-09,79.0,Credit Card
PAY012594,I014648,C1142,2025-12-31,348.0,Bank Transfer
PAY012595,I014649,C1143,2023-09-10,79.0,UPI
PAY012596,I014650,C1143,2023-10-11,79.0,UPI
PAY012597,I014651,C1143,2023-11-20,79.0,Credit Card
PAY012598,I014652,C1143,2023-12-07,79.0,Bank Transfer
PAY012599,I014653,C1143,2024-01-23,79.0,UPI
PAY012600,I014654,C1143,2024-02-20,79.0,UPI
PAY012601,I014655,C1143,2024-03-17,79.0,Bank Transfer
PAY012602,I014656,C1143,2024-04-23,79.0,Debit Card
PAY012603,I014657,C1143,2024-05-08,79.0,Debit Card
PAY012604,I014658,C1143,2024-06-22,79.0,Credit Card
PAY012605,I014659,C1143,2024-07-10,79.0,Debit Card
PAY012606,I014660,C1143,2024-08-11,79.0,UPI
PAY012607,I014662,C1143,2024-10-12,79.0,Bank Transfer
PAY012608,I014663,C1143,2024-11-05,79.0,Credit Card
PAY012609,I014664,C1143,2024-12-27,2388.0,Credit Card
PAY012610,I014665,C1143,2025-12-26,2388.0,UPI
PAY012611,I014666,C1144,2025-03-16,948.0,UPI
PAY012612,I014667,C1144,2026-03-03,948.0,Debit Card
PAY012613,I014668,C1145,2023-04-07,199.0,Credit Card
PAY012614,I014669,C1145,2023-05-06,199.0,UPI
PAY012615,I014670,C1145,2023-05-23,199.0,Bank Transfer
PAY012616,I014671,C1145,2023-06-26,199.0,UPI
PAY012617,I014672,C1145,2023-07-29,199.0,Credit Card
PAY012618,I014673,C1145,2023-08-27,199.0,Bank Transfer
PAY012619,I014674,C1145,2023-09-22,199.0,Credit Card
PAY012620,I014675,C1145,2023-11-01,199.0,Debit Card
PAY012621,I014676,C1145,2023-11-29,199.0,Credit Card
PAY012622,I014678,C1145,2024-02-08,199.0,Bank Transfer
PAY012623,I014679,C1145,2024-02-22,199.0,Bank Transfer
PAY012624,I014680,C1145,2024-04-06,199.0,Credit Card
PAY012625,I014681,C1145,2024-04-20,199.0,Bank Transfer
PAY012626,I014684,C1146,2024-09-22,499.0,UPI
PAY012627,I014685,C1146,2024-10-22,499.0,UPI
PAY012628,I014686,C1146,2024-11-21,499.0,Bank Transfer
PAY012629,I014687,C1146,2024-12-31,499.0,Bank Transfer
PAY012630,I014688,C1146,2025-01-25,499.0,Bank Transfer
PAY012631,I014690,C1146,2025-03-30,499.0,Bank Transfer
PAY012632,I014691,C1146,2025-04-26,499.0,Bank Transfer
PAY012633,I014692,C1146,2025-05-30,499.0,Bank Transfer
PAY012634,I014693,C1146,2025-06-21,499.0,Credit Card
PAY012635,I014694,C1146,2025-07-21,499.0,Debit Card
PAY012636,I014695,C1146,2025-09-01,499.0,Debit Card
PAY012637,I014696,C1146,2025-09-28,499.0,Debit Card
PAY012638,I014697,C1146,2025-11-02,499.0,Bank Transfer
PAY012639,I014698,C1146,2025-11-21,499.0,Credit Card
PAY012640,I014700,C1146,2026-01-25,499.0,Credit Card
PAY012641,I014701,C1146,2026-02-19,499.0,Debit Card
PAY012642,I014702,C1146,2026-03-19,499.0,Bank Transfer
PAY012643,I014703,C1146,2026-04-15,499.0,Credit Card
PAY012644,I014704,C1146,2026-05-15,499.0,UPI
PAY012645,I014705,C1146,2026-06-23,499.0,Credit Card
PAY012646,I014706,C1146,2026-07-17,499.0,Bank Transfer
PAY012647,I014707,C1146,2026-08-22,499.0,Bank Transfer
PAY012648,I014708,C1147,2024-06-21,199.0,Credit Card
PAY012649,I014710,C1147,2024-08-26,199.0,Debit Card
PAY012650,I014711,C1147,2024-09-13,199.0,Credit Card
PAY012651,I014714,C1147,2024-12-20,199.0,Bank Transfer
PAY012652,I014715,C1147,2025-01-11,199.0,Debit Card
PAY012653,I014717,C1147,2025-03-10,199.0,Bank Transfer
PAY012654,I014718,C1147,2025-04-22,199.0,Credit Card
PAY012655,I014719,C1147,2025-05-16,199.0,Bank Transfer
PAY012656,I014720,C1147,2025-06-20,199.0,UPI
PAY012657,I014721,C1147,2025-07-08,199.0,UPI
PAY012658,I014724,C1147,2025-10-24,199.0,Credit Card
PAY012659,I014725,C1147,2025-11-20,199.0,Credit Card
PAY012660,I014726,C1147,2025-12-25,199.0,Bank Transfer
PAY012661,I014727,C1147,2026-01-13,199.0,Debit Card
PAY012662,I014728,C1147,2026-02-15,199.0,Debit Card
PAY012663,I014729,C1147,2026-03-24,199.0,Bank Transfer
PAY012664,I014730,C1147,2026-04-24,199.0,UPI
PAY012665,I014731,C1147,2026-05-12,199.0,Debit Card
PAY012666,I014732,C1148,2025-02-24,499.0,Bank Transfer
PAY012667,I014733,C1148,2025-03-12,499.0,Credit Card
PAY012668,I014734,C1148,2025-04-20,499.0,UPI
PAY012669,I014735,C1148,2025-05-21,499.0,Bank Transfer
PAY012670,I014736,C1148,2025-06-20,499.0,Credit Card
PAY012671,I014737,C1148,2025-07-13,499.0,Debit Card
PAY012672,I014738,C1148,2025-08-26,499.0,Credit Card
PAY012673,I014739,C1148,2025-09-24,499.0,Bank Transfer
PAY012674,I014741,C1148,2025-11-13,499.0,Credit Card
PAY012675,I014743,C1148,2026-01-22,499.0,Credit Card
PAY012676,I014744,C1148,2026-02-10,499.0,UPI
PAY012677,I014745,C1148,2026-03-25,499.0,UPI
PAY012678,I014746,C1148,2026-04-16,499.0,Credit Card
PAY012679,I014747,C1148,2026-05-20,499.0,Credit Card
PAY012680,I014748,C1148,2026-06-28,499.0,Credit Card
PAY012681,I014749,C1148,2026-07-22,499.0,Bank Transfer
PAY012682,I014750,C1148,2026-08-18,499.0,UPI
PAY012683,I014751,C1148,2026-09-25,499.0,Credit Card
PAY012684,I014753,C1149,2025-08-26,79.0,Credit Card
PAY012685,I014754,C1149,2025-10-07,79.0,Credit Card
PAY012686,I014755,C1149,2025-11-03,79.0,Bank Transfer
PAY012687,I014756,C1149,2025-11-27,79.0,UPI
PAY012688,I014757,C1149,2026-01-07,79.0,Debit Card
PAY012689,I014758,C1149,2026-02-10,79.0,Debit Card
PAY012690,I014760,C1149,2026-04-10,79.0,Bank Transfer
PAY012691,I014761,C1149,2026-05-09,79.0,Credit Card
PAY012692,I014762,C1149,2026-06-07,79.0,Credit Card
PAY012693,I014763,C1149,2026-07-09,79.0,Credit Card
PAY012694,I014764,C1149,2026-08-13,79.0,Debit Card
PAY012695,I014765,C1149,2026-09-13,79.0,Credit Card
PAY012696,I014766,C1149,2026-01-17,2388.0,Bank Transfer
PAY012697,I014767,C1150,2026-01-27,348.0,Debit Card
PAY012698,I014768,C1151,2024-09-26,499.0,Debit Card
PAY012699,I014769,C1151,2024-10-27,499.0,Bank Transfer
PAY012700,I014770,C1151,2024-11-17,499.0,UPI
PAY012701,I014771,C1151,2024-12-11,499.0,Credit Card
PAY012702,I014772,C1151,2025-01-19,499.0,Debit Card
PAY012703,I014773,C1151,2025-02-22,499.0,Bank Transfer
PAY012704,I014774,C1151,2025-03-22,499.0,Credit Card
PAY012705,I014775,C1151,2025-04-17,499.0,Debit Card
PAY012706,I014776,C1151,2025-05-20,499.0,Debit Card
PAY012707,I014777,C1151,2025-06-09,499.0,UPI
PAY012708,I014778,C1151,2025-07-26,499.0,UPI
PAY012709,I014779,C1151,2025-08-20,499.0,Bank Transfer
PAY012710,I014780,C1152,2025-11-10,79.0,Credit Card
PAY012711,I014781,C1152,2025-11-29,79.0,UPI
PAY012712,I014783,C1152,2026-02-01,79.0,Credit Card
PAY012713,I014784,C1152,2026-03-01,79.0,UPI
PAY012714,I014786,C1152,2026-05-11,79.0,Credit Card
PAY012715,I014787,C1152,2026-06-01,79.0,Debit Card
PAY012716,I014788,C1152,2026-07-14,79.0,Debit Card
PAY012717,I014789,C1152,2026-07-31,79.0,Debit Card
PAY012718,I014790,C1152,2026-09-10,79.0,Credit Card
PAY012719,I014792,C1153,2023-03-16,948.0,Credit Card
PAY012720,I014793,C1153,2024-03-20,948.0,Debit Card
PAY012721,I014794,C1154,2023-07-25,79.0,Bank Transfer
PAY012722,I014795,C1154,2023-08-26,79.0,Bank Transfer
PAY012723,I014796,C1154,2023-09-18,79.0,Debit Card
PAY012724,I014797,C1154,2023-10-22,79.0,Credit Card
PAY012725,I014799,C1154,2023-12-25,79.0,Credit Card
PAY012726,I014800,C1154,2024-01-12,79.0,Credit Card
PAY012727,I014801,C1154,2024-02-17,79.0,Credit Card
PAY012728,I014803,C1154,2024-08-21,199.0,Credit Card
PAY012729,I014804,C1154,2024-10-04,199.0,Credit Card
PAY012730,I014806,C1154,2024-11-19,199.0,UPI
PAY012731,I014807,C1154,2024-12-22,199.0,Debit Card
PAY012732,I014808,C1154,2025-01-25,199.0,Credit Card
PAY012733,I014809,C1154,2025-03-07,199.0,UPI
PAY012734,I014812,C1154,2025-05-31,199.0,Credit Card
PAY012735,I014813,C1154,2025-06-21,199.0,Debit Card
PAY012736,I014814,C1154,2025-07-24,199.0,Credit Card
PAY012737,I014816,C1154,2025-10-01,199.0,Debit Card
PAY012738,I014817,C1154,2025-11-03,199.0,Bank Transfer
PAY012739,I014818,C1154,2025-11-20,199.0,Debit Card
PAY012740,I014819,C1154,2026-01-05,199.0,UPI
PAY012741,I014820,C1154,2026-02-03,199.0,UPI
PAY012742,I014821,C1154,2026-02-18,199.0,Debit Card
PAY012743,I014823,C1154,2026-05-06,199.0,UPI
PAY012744,I014824,C1154,2026-05-30,199.0,Credit Card
PAY012745,I014825,C1154,2026-06-30,199.0,Credit Card
PAY012746,I014826,C1155,2025-02-13,79.0,Bank Transfer
PAY012747,I014827,C1155,2025-03-16,79.0,Debit Card
PAY012748,I014828,C1155,2025-04-23,79.0,Bank Transfer
PAY012749,I014829,C1155,2025-05-10,79.0,Bank Transfer
PAY012750,I014830,C1155,2025-06-22,79.0,UPI
PAY012751,I014831,C1155,2025-07-24,79.0,Bank Transfer
PAY012752,I014832,C1155,2025-08-17,79.0,UPI
PAY012753,I014833,C1155,2025-09-06,79.0,UPI
PAY012754,I014834,C1155,2025-10-12,79.0,Credit Card
PAY012755,I014835,C1155,2025-11-21,79.0,Bank Transfer
PAY012756,I014836,C1156,2024-06-18,348.0,Debit Card
PAY012757,I014837,C1156,2025-06-05,348.0,Credit Card
PAY012758,I014838,C1156,2025-07-22,948.0,Bank Transfer
PAY012759,I014839,C1156,2026-07-21,948.0,Credit Card
PAY012760,I014840,C1157,2025-09-23,79.0,Bank Transfer
PAY012761,I014842,C1157,2025-12-04,79.0,Debit Card
PAY012762,I014843,C1157,2025-12-25,79.0,Debit Card
PAY012763,I014844,C1157,2026-01-17,79.0,Debit Card
PAY012764,I014845,C1157,2026-02-16,79.0,Debit Card
PAY012765,I014846,C1157,2026-03-29,79.0,UPI
PAY012766,I014847,C1157,2026-04-21,79.0,Bank Transfer
PAY012767,I014848,C1157,2026-05-23,79.0,Debit Card
PAY012768,I014850,C1157,2026-07-18,79.0,UPI
PAY012769,I014851,C1157,2026-08-16,79.0,Debit Card
PAY012770,I014852,C1157,2026-09-28,79.0,Debit Card
PAY012771,I014853,C1158,2026-02-18,499.0,Bank Transfer
PAY012772,I014854,C1158,2026-03-28,499.0,UPI
PAY012773,I014855,C1158,2026-04-17,499.0,UPI
PAY012774,I014857,C1158,2026-06-23,499.0,Credit Card
PAY012775,I014858,C1158,2026-07-25,499.0,UPI
PAY012776,I014859,C1158,2026-08-20,499.0,Credit Card
PAY012777,I014860,C1158,2026-09-23,499.0,Credit Card
PAY012778,I014861,C1159,2023-10-13,79.0,UPI
PAY012779,I014862,C1159,2023-11-01,79.0,UPI
PAY012780,I014863,C1159,2023-12-12,79.0,UPI
PAY012781,I014864,C1159,2023-12-28,79.0,Credit Card
PAY012782,I014865,C1159,2024-01-28,79.0,Debit Card
PAY012783,I014866,C1159,2024-03-06,79.0,Bank Transfer
PAY012784,I014867,C1159,2024-03-26,79.0,UPI
PAY012785,I014868,C1159,2024-05-01,79.0,Bank Transfer
PAY012786,I014869,C1159,2024-06-08,79.0,UPI
PAY012787,I014870,C1159,2024-06-24,79.0,Bank Transfer
PAY012788,I014871,C1159,2024-07-27,79.0,Debit Card
PAY012789,I014872,C1159,2024-08-26,79.0,Bank Transfer
PAY012790,I014873,C1159,2024-10-10,79.0,Bank Transfer
PAY012791,I014875,C1159,2024-12-11,79.0,UPI
PAY012792,I014876,C1159,2024-12-28,79.0,Bank Transfer
PAY012793,I014877,C1159,2025-02-09,79.0,UPI
PAY012794,I014878,C1159,2025-03-07,79.0,Bank Transfer
PAY012795,I014879,C1159,2025-03-31,79.0,UPI
PAY012796,I014880,C1159,2025-04-25,79.0,UPI
PAY012797,I014882,C1159,2025-07-13,79.0,Credit Card
PAY012798,I014883,C1159,2025-07-24,79.0,Debit Card
PAY012799,I014884,C1159,2025-09-11,79.0,UPI
PAY012800,I014885,C1160,2024-05-06,29.0,UPI
PAY012801,I014886,C1160,2024-06-10,29.0,Credit Card
PAY012802,I014887,C1160,2024-07-09,29.0,Debit Card
PAY012803,I014888,C1160,2024-08-01,29.0,Credit Card
PAY012804,I014889,C1160,2024-08-30,29.0,Credit Card
PAY012805,I014891,C1160,2024-11-03,29.0,Debit Card
PAY012806,I014892,C1160,2024-12-01,29.0,Credit Card
PAY012807,I014895,C1160,2025-03-05,29.0,UPI
PAY012808,I014896,C1160,2025-04-15,29.0,Credit Card
PAY012809,I014897,C1160,2025-05-16,29.0,Debit Card
PAY012810,I014898,C1160,2025-06-07,29.0,Debit Card
PAY012811,I014900,C1160,2025-08-05,29.0,Credit Card
PAY012812,I014901,C1160,2025-09-02,29.0,UPI
PAY012813,I014904,C1160,2025-09-29,199.0,Credit Card
PAY012814,I014905,C1160,2025-10-29,199.0,Debit Card
PAY012815,I014906,C1160,2025-11-22,199.0,Bank Transfer
PAY012816,I014908,C1160,2026-01-22,199.0,Debit Card
PAY012817,I014910,C1160,2026-03-19,199.0,UPI
PAY012818,I014911,C1160,2026-04-15,199.0,UPI
PAY012819,I014912,C1160,2026-05-11,199.0,Credit Card
PAY012820,I014913,C1160,2026-06-13,199.0,UPI
PAY012821,I014915,C1160,2026-08-12,199.0,Credit Card
PAY012822,I014916,C1160,2026-09-13,199.0,Credit Card
PAY012823,I014917,C1161,2026-04-03,29.0,UPI
PAY012824,I014918,C1161,2026-05-08,29.0,UPI
PAY012825,I014919,C1161,2026-06-05,29.0,UPI
PAY012826,I014920,C1161,2026-07-18,29.0,Debit Card
PAY012827,I014921,C1161,2026-08-06,29.0,Debit Card
PAY012828,I014923,C1162,2024-01-20,79.0,Bank Transfer
PAY012829,I014924,C1162,2024-02-29,79.0,UPI
PAY012830,I014925,C1162,2024-03-25,79.0,Credit Card
PAY012831,I014926,C1162,2024-04-11,79.0,UPI
PAY012832,I014927,C1162,2024-05-17,79.0,Credit Card
PAY012833,I014928,C1162,2024-06-13,79.0,Credit Card
PAY012834,I014929,C1162,2024-07-26,79.0,Bank Transfer
PAY012835,I014931,C1162,2024-09-15,79.0,Bank Transfer
PAY012836,I014932,C1162,2024-10-28,79.0,Debit Card
PAY012837,I014933,C1162,2024-11-30,79.0,UPI
PAY012838,I014934,C1162,2024-12-13,79.0,UPI
PAY012839,I014935,C1162,2025-01-30,79.0,Credit Card
PAY012840,I014936,C1162,2025-03-02,79.0,Bank Transfer
PAY012841,I014937,C1162,2025-03-26,79.0,Debit Card
PAY012842,I014938,C1162,2025-04-15,79.0,Debit Card
PAY012843,I014939,C1162,2025-05-28,79.0,UPI
PAY012844,I014940,C1162,2025-06-23,79.0,Debit Card
PAY012845,I014941,C1162,2025-07-23,79.0,Debit Card
PAY012846,I014943,C1162,2025-09-16,79.0,Debit Card
PAY012847,I014944,C1162,2025-10-11,79.0,Debit Card
PAY012848,I014945,C1162,2025-11-11,79.0,UPI
PAY012849,I014946,C1162,2025-12-27,79.0,UPI
PAY012850,I014947,C1163,2024-10-25,29.0,Bank Transfer
PAY012851,I014949,C1163,2024-12-14,29.0,Debit Card
PAY012852,I014950,C1163,2025-01-30,29.0,Bank Transfer
PAY012853,I014951,C1163,2025-02-21,29.0,Debit Card
PAY012854,I014952,C1163,2025-03-25,29.0,Bank Transfer
PAY012855,I014953,C1163,2025-04-30,29.0,Bank Transfer
PAY012856,I014954,C1163,2025-05-28,29.0,Debit Card
PAY012857,I014955,C1163,2025-06-15,29.0,Bank Transfer
PAY012858,I014956,C1163,2025-07-30,29.0,Bank Transfer
PAY012859,I014957,C1163,2025-08-24,29.0,Debit Card
PAY012860,I014958,C1163,2025-09-20,29.0,Bank Transfer
PAY012861,I014959,C1163,2025-10-28,29.0,Credit Card
PAY012862,I014960,C1163,2025-11-30,29.0,Bank Transfer
PAY012863,I014963,C1163,2026-02-19,29.0,Credit Card
PAY012864,I014964,C1163,2026-03-26,29.0,UPI
PAY012865,I014965,C1163,2026-04-21,29.0,Credit Card
PAY012866,I014966,C1163,2026-05-16,29.0,UPI
PAY012867,I014967,C1163,2026-06-22,29.0,Credit Card
PAY012868,I014968,C1163,2026-07-25,29.0,Bank Transfer
PAY012869,I014969,C1163,2026-08-17,29.0,UPI
PAY012870,I014971,C1164,2024-07-03,79.0,UPI
PAY012871,I014972,C1164,2024-08-04,79.0,Bank Transfer
PAY012872,I014973,C1164,2024-09-02,79.0,Credit Card
PAY012873,I014974,C1164,2024-10-17,79.0,Bank Transfer
PAY012874,I014976,C1164,2024-12-08,79.0,UPI
PAY012875,I014977,C1164,2025-01-05,79.0,Debit Card
PAY012876,I014978,C1164,2025-02-09,79.0,Bank Transfer
PAY012877,I014979,C1164,2025-03-12,79.0,Bank Transfer
PAY012878,I014980,C1164,2025-04-05,79.0,Credit Card
PAY012879,I014982,C1164,2025-06-03,79.0,Debit Card
PAY012880,I014983,C1164,2025-07-16,79.0,Bank Transfer
PAY012881,I014984,C1164,2025-08-15,79.0,Credit Card
PAY012882,I014985,C1164,2025-09-15,79.0,Bank Transfer
PAY012883,I014986,C1164,2025-10-02,79.0,Debit Card
PAY012884,I014987,C1164,2025-11-06,79.0,Debit Card
PAY012885,I014988,C1164,2025-12-09,79.0,UPI
PAY012886,I014989,C1164,2026-01-06,79.0,Credit Card
PAY012887,I014990,C1164,2026-02-02,79.0,Credit Card
PAY012888,I014991,C1164,2026-03-20,79.0,UPI
PAY012889,I014992,C1164,2026-04-07,79.0,Bank Transfer
PAY012890,I014993,C1164,2026-05-06,79.0,Credit Card
PAY012891,I014994,C1164,2026-06-10,79.0,UPI
PAY012892,I014995,C1165,2026-01-09,199.0,UPI
PAY012893,I014997,C1165,2026-03-03,199.0,Bank Transfer
PAY012894,I014998,C1165,2026-04-05,199.0,Credit Card
PAY012895,I014999,C1165,2026-05-16,199.0,Debit Card
PAY012896,I015000,C1165,2026-06-16,199.0,UPI
PAY012897,I015002,C1165,2026-08-03,199.0,Credit Card
PAY012898,I015003,C1165,2026-09-15,199.0,UPI
PAY012899,I015004,C1166,2023-03-22,199.0,Credit Card
PAY012900,I015006,C1166,2023-05-15,199.0,Bank Transfer
PAY012901,I015007,C1166,2023-06-26,199.0,Bank Transfer
PAY012902,I015008,C1166,2023-08-02,199.0,UPI
PAY012903,I015009,C1166,2023-08-29,199.0,Debit Card
PAY012904,I015010,C1166,2023-10-02,199.0,Credit Card
PAY012905,I015011,C1166,2023-10-16,199.0,Debit Card
PAY012906,I015012,C1166,2023-11-24,199.0,Debit Card
PAY012907,I015013,C1166,2023-12-22,199.0,Debit Card
PAY012908,I015014,C1166,2024-01-19,199.0,UPI
PAY012909,I015015,C1166,2024-02-19,199.0,Bank Transfer
PAY012910,I015017,C1166,2024-05-03,199.0,Debit Card
PAY012911,I015018,C1166,2024-07-29,199.0,Bank Transfer
PAY012912,I015019,C1166,2024-08-16,199.0,Debit Card
PAY012913,I015020,C1166,2024-09-25,199.0,Bank Transfer
PAY012914,I015021,C1166,2024-10-27,199.0,Bank Transfer
PAY012915,I015022,C1166,2024-11-14,199.0,Credit Card
PAY012916,I015023,C1166,2024-12-19,199.0,Credit Card
PAY012917,I015024,C1166,2025-01-25,199.0,UPI
PAY012918,I015025,C1166,2025-03-01,199.0,UPI
PAY012919,I015026,C1166,2025-03-21,199.0,UPI
PAY012920,I015027,C1166,2025-04-17,199.0,Bank Transfer
PAY012921,I015028,C1166,2025-05-16,199.0,Bank Transfer
PAY012922,I015029,C1166,2025-06-10,199.0,Debit Card
PAY012923,I015030,C1166,2025-07-20,199.0,Debit Card
PAY012924,I015031,C1166,2025-08-19,199.0,Credit Card
PAY012925,I015032,C1166,2025-09-13,199.0,Credit Card
PAY012926,I015034,C1166,2025-11-11,199.0,UPI
PAY012927,I015035,C1166,2025-12-19,199.0,Debit Card
PAY012928,I015036,C1166,2026-01-28,199.0,Debit Card
PAY012929,I015037,C1166,2026-02-13,199.0,Bank Transfer
PAY012930,I015038,C1166,2026-03-25,199.0,Debit Card
PAY012931,I015039,C1166,2026-04-21,199.0,Debit Card
PAY012932,I015040,C1166,2026-05-21,199.0,UPI
PAY012933,I015041,C1166,2026-06-17,199.0,UPI
PAY012934,I015042,C1167,2023-11-20,79.0,Debit Card
PAY012935,I015043,C1167,2023-12-14,79.0,Bank Transfer
PAY012936,I015044,C1167,2024-01-16,79.0,Debit Card
PAY012937,I015045,C1167,2024-02-18,79.0,Credit Card
PAY012938,I015046,C1167,2024-03-14,79.0,Debit Card
PAY012939,I015047,C1167,2024-04-23,79.0,Credit Card
PAY012940,I015049,C1167,2024-06-07,79.0,Bank Transfer
PAY012941,I015050,C1167,2024-07-04,79.0,Bank Transfer
PAY012942,I015052,C1167,2024-09-13,79.0,UPI
PAY012943,I015054,C1167,2024-11-06,79.0,Credit Card
PAY012944,I015055,C1167,2024-12-05,79.0,UPI
PAY012945,I015056,C1167,2025-01-16,79.0,Credit Card
PAY012946,I015057,C1167,2025-02-21,79.0,Credit Card
PAY012947,I015058,C1167,2025-03-16,79.0,Debit Card
PAY012948,I015060,C1167,2025-05-23,79.0,Credit Card
PAY012949,I015061,C1167,2025-06-22,79.0,UPI
PAY012950,I015062,C1167,2025-07-14,79.0,Credit Card
PAY012951,I015064,C1167,2025-09-09,79.0,Credit Card
PAY012952,I015065,C1167,2025-10-05,79.0,Bank Transfer
PAY012953,I015066,C1168,2023-07-27,948.0,Credit Card
PAY012954,I015067,C1168,2024-07-19,948.0,Credit Card
PAY012955,I015068,C1169,2026-03-17,5988.0,UPI
PAY012956,I015069,C1170,2024-07-25,29.0,Debit Card
PAY012957,I015070,C1170,2024-09-10,29.0,Bank Transfer
PAY012958,I015071,C1170,2024-10-02,29.0,Debit Card
PAY012959,I015072,C1170,2024-11-10,29.0,Credit Card
PAY012960,I015073,C1170,2024-11-28,29.0,Debit Card
PAY012961,I015074,C1170,2025-01-09,29.0,UPI
PAY012962,I015077,C1170,2025-04-13,29.0,UPI
PAY012963,I015078,C1170,2025-04-26,29.0,Credit Card
PAY012964,I015079,C1170,2025-06-12,29.0,Bank Transfer
PAY012965,I015080,C1170,2025-07-11,29.0,Credit Card
PAY012966,I015081,C1170,2025-08-07,29.0,UPI
PAY012967,I015082,C1170,2025-09-12,29.0,Bank Transfer
PAY012968,I015083,C1170,2025-09-29,29.0,Debit Card
PAY012969,I015084,C1170,2025-11-07,29.0,Debit Card
PAY012970,I015085,C1170,2025-12-11,29.0,Credit Card
PAY012971,I015086,C1170,2026-01-01,29.0,Credit Card
PAY012972,I015087,C1170,2026-02-04,29.0,Bank Transfer
PAY012973,I015088,C1170,2026-03-03,29.0,Bank Transfer
PAY012974,I015089,C1170,2026-03-27,29.0,Credit Card
PAY012975,I015091,C1170,2026-06-09,29.0,Credit Card
PAY012976,I015092,C1170,2026-07-07,29.0,Bank Transfer
PAY012977,I015093,C1171,2025-03-05,499.0,Debit Card
PAY012978,I015094,C1171,2025-04-05,499.0,UPI
PAY012979,I015095,C1171,2025-05-09,499.0,Debit Card
PAY012980,I015096,C1171,2025-06-04,499.0,UPI
PAY012981,I015097,C1171,2025-07-01,499.0,Bank Transfer
PAY012982,I015098,C1171,2025-08-20,499.0,UPI
PAY012983,I015099,C1171,2025-09-13,499.0,Bank Transfer
PAY012984,I015100,C1171,2025-10-09,499.0,UPI
PAY012985,I015101,C1171,2025-11-14,499.0,Bank Transfer
PAY012986,I015102,C1171,2025-12-20,499.0,Bank Transfer
PAY012987,I015103,C1171,2026-01-05,499.0,Credit Card
PAY012988,I015104,C1171,2026-02-04,499.0,Credit Card
PAY012989,I015105,C1171,2026-03-18,499.0,Credit Card
PAY012990,I015106,C1171,2026-04-15,499.0,UPI
PAY012991,I015108,C1171,2026-06-03,499.0,Debit Card
PAY012992,I015109,C1171,2026-07-03,499.0,Bank Transfer
PAY012993,I015111,C1171,2026-09-08,499.0,UPI
PAY012994,I015112,C1172,2026-03-26,2388.0,Credit Card
PAY012995,I015113,C1173,2023-06-28,29.0,UPI
PAY012996,I015114,C1173,2023-07-31,29.0,Debit Card
PAY012997,I015115,C1173,2023-09-01,29.0,UPI
PAY012998,I015116,C1173,2023-10-02,29.0,Bank Transfer
PAY012999,I015118,C1173,2023-12-11,29.0,Credit Card
PAY013000,I015120,C1173,2024-02-01,29.0,UPI
PAY013001,I015121,C1173,2024-03-12,29.0,UPI
PAY013002,I015122,C1173,2024-04-07,29.0,UPI
PAY013003,I015124,C1173,2024-06-12,29.0,Credit Card
PAY013004,I015125,C1173,2024-07-03,29.0,UPI
PAY013005,I015126,C1173,2024-08-02,29.0,Debit Card
PAY013006,I015127,C1173,2024-09-07,29.0,Bank Transfer
PAY013007,I015128,C1173,2024-10-07,29.0,UPI
PAY013008,I015130,C1173,2024-12-12,29.0,UPI
PAY013009,I015131,C1173,2025-01-09,29.0,Bank Transfer
PAY013010,I015133,C1173,2025-03-12,29.0,Debit Card
PAY013011,I015134,C1173,2025-04-02,29.0,UPI
PAY013012,I015135,C1173,2025-05-08,29.0,Credit Card
PAY013013,I015136,C1173,2025-06-02,29.0,Debit Card
PAY013014,I015137,C1174,2023-07-18,348.0,Bank Transfer
PAY013015,I015138,C1174,2024-03-16,199.0,Credit Card
PAY013016,I015139,C1174,2024-04-08,199.0,Bank Transfer
PAY013017,I015140,C1174,2024-05-06,199.0,Debit Card
PAY013018,I015141,C1174,2024-06-22,199.0,Debit Card
PAY013019,I015142,C1174,2024-07-07,199.0,Credit Card
PAY013020,I015143,C1174,2024-08-15,199.0,Debit Card
PAY013021,I015144,C1174,2024-09-22,199.0,Credit Card
PAY013022,I015145,C1174,2024-10-09,199.0,UPI
PAY013023,I015146,C1174,2024-11-15,199.0,Bank Transfer
PAY013024,I015147,C1174,2024-12-09,199.0,Credit Card
PAY013025,I015148,C1174,2025-01-20,199.0,Credit Card
PAY013026,I015149,C1174,2025-02-14,199.0,Bank Transfer
PAY013027,I015150,C1174,2025-03-05,199.0,Credit Card
PAY013028,I015151,C1174,2025-04-10,199.0,Debit Card
PAY013029,I015152,C1174,2025-05-13,199.0,Credit Card
PAY013030,I015153,C1174,2025-06-20,199.0,Bank Transfer
PAY013031,I015154,C1174,2025-07-14,199.0,Debit Card
PAY013032,I015155,C1174,2025-08-17,199.0,Credit Card
PAY013033,I015156,C1174,2025-09-07,199.0,Credit Card
PAY013034,I015157,C1174,2025-10-14,199.0,Credit Card
PAY013035,I015158,C1174,2025-11-18,199.0,Bank Transfer
PAY013036,I015160,C1174,2026-01-12,199.0,Credit Card
PAY013037,I015161,C1174,2026-02-04,199.0,Credit Card
PAY013038,I015162,C1175,2025-01-17,199.0,Debit Card
PAY013039,I015163,C1175,2025-02-23,199.0,UPI
PAY013040,I015164,C1175,2025-03-09,199.0,UPI
PAY013041,I015167,C1175,2025-06-17,199.0,Bank Transfer
PAY013042,I015168,C1175,2025-07-05,199.0,Debit Card
PAY013043,I015169,C1175,2025-08-20,199.0,Bank Transfer
PAY013044,I015170,C1175,2025-09-11,199.0,UPI
PAY013045,I015172,C1175,2025-11-23,199.0,UPI
PAY013046,I015173,C1175,2025-12-08,199.0,Debit Card
PAY013047,I015174,C1175,2026-01-19,199.0,Bank Transfer
PAY013048,I015175,C1175,2026-02-13,199.0,UPI
PAY013049,I015177,C1175,2026-04-06,199.0,UPI
PAY013050,I015178,C1175,2026-05-11,199.0,Bank Transfer
PAY013051,I015179,C1175,2026-06-15,199.0,Debit Card
PAY013052,I015180,C1175,2026-07-11,199.0,Credit Card
PAY013053,I015181,C1175,2026-08-16,199.0,Bank Transfer
PAY013054,I015182,C1175,2026-09-19,199.0,Debit Card
PAY013055,I015183,C1176,2023-04-18,29.0,Debit Card
PAY013056,I015184,C1176,2023-05-07,29.0,UPI
PAY013057,I015185,C1176,2023-06-08,29.0,Bank Transfer
PAY013058,I015187,C1176,2023-08-05,29.0,Bank Transfer
PAY013059,I015188,C1176,2023-09-04,29.0,Bank Transfer
PAY013060,I015189,C1176,2023-10-08,29.0,UPI
PAY013061,I015190,C1176,2023-11-15,29.0,Bank Transfer
PAY013062,I015191,C1176,2023-11-30,29.0,Credit Card
PAY013063,I015192,C1176,2024-01-14,29.0,Credit Card
PAY013064,I015193,C1176,2023-08-31,29.0,Credit Card
PAY013065,I015194,C1176,2023-10-10,29.0,Debit Card
PAY013066,I015195,C1176,2023-11-15,29.0,Debit Card
PAY013067,I015197,C1176,2024-01-07,29.0,UPI
PAY013068,I015198,C1176,2024-02-17,29.0,Bank Transfer
PAY013069,I015200,C1176,2024-04-03,29.0,UPI
PAY013070,I015201,C1176,2024-04-30,29.0,UPI
PAY013071,I015202,C1176,2024-06-04,29.0,UPI
PAY013072,I015203,C1176,2024-07-04,29.0,UPI
PAY013073,I015204,C1176,2024-08-18,29.0,Bank Transfer
PAY013074,I015205,C1176,2024-09-11,29.0,Bank Transfer
PAY013075,I015206,C1176,2024-10-02,29.0,UPI
PAY013076,I015208,C1176,2024-12-13,29.0,UPI
PAY013077,I015209,C1176,2025-01-11,29.0,Debit Card
PAY013078,I015210,C1176,2025-02-06,29.0,Debit Card
PAY013079,I015211,C1176,2025-03-10,29.0,Bank Transfer
PAY013080,I015212,C1176,2025-04-02,29.0,Credit Card
PAY013081,I015213,C1176,2025-04-30,29.0,Credit Card
PAY013082,I015214,C1176,2025-05-30,29.0,Debit Card
PAY013083,I015215,C1176,2025-07-01,29.0,UPI
PAY013084,I015216,C1176,2025-07-30,29.0,Debit Card
PAY013085,I015217,C1177,2025-03-27,199.0,UPI
PAY013086,I015218,C1177,2025-04-24,199.0,Bank Transfer
PAY013087,I015219,C1177,2025-05-26,199.0,Debit Card
PAY013088,I015220,C1177,2025-06-24,199.0,UPI
PAY013089,I015222,C1177,2025-08-22,199.0,Debit Card
PAY013090,I015223,C1177,2025-09-19,199.0,Credit Card
PAY013091,I015224,C1177,2025-10-23,199.0,UPI
PAY013092,I015225,C1177,2025-11-24,199.0,Credit Card
PAY013093,I015227,C1177,2026-01-22,199.0,Credit Card
PAY013094,I015228,C1177,2026-02-15,199.0,Credit Card
PAY013095,I015229,C1177,2026-03-25,199.0,UPI
PAY013096,I015230,C1177,2026-04-24,199.0,Bank Transfer
PAY013097,I015231,C1177,2026-05-14,199.0,Credit Card
PAY013098,I015232,C1177,2026-06-17,199.0,Bank Transfer
PAY013099,I015233,C1177,2026-07-28,199.0,Bank Transfer
PAY013100,I015235,C1177,2026-09-09,199.0,Bank Transfer
PAY013101,I015236,C1178,2025-03-01,79.0,Credit Card
PAY013102,I015237,C1178,2025-03-31,79.0,Bank Transfer
PAY013103,I015238,C1178,2025-05-10,79.0,Credit Card
PAY013104,I015239,C1178,2025-05-29,79.0,UPI
PAY013105,I015240,C1178,2025-07-03,79.0,Debit Card
PAY013106,I015241,C1178,2025-08-08,79.0,UPI
PAY013107,I015242,C1178,2025-08-26,79.0,Bank Transfer
PAY013108,I015243,C1178,2025-10-14,79.0,Credit Card
PAY013109,I015244,C1178,2025-11-04,79.0,Debit Card
PAY013110,I015246,C1178,2026-01-14,79.0,Bank Transfer
PAY013111,I015247,C1178,2026-01-28,79.0,Credit Card
PAY013112,I015248,C1178,2026-03-14,79.0,Credit Card
PAY013113,I015249,C1178,2026-04-10,79.0,Debit Card
PAY013114,I015251,C1178,2026-05-27,79.0,Debit Card
PAY013115,I015252,C1178,2026-07-02,79.0,Debit Card
PAY013116,I015253,C1178,2026-08-08,79.0,Bank Transfer
PAY013117,I015254,C1178,2026-08-27,79.0,Credit Card
PAY013118,I015255,C1178,2026-09-28,79.0,UPI
PAY013119,I015257,C1179,2026-01-31,79.0,UPI
PAY013120,I015258,C1179,2026-02-21,79.0,UPI
PAY013121,I015259,C1179,2026-03-23,79.0,Credit Card
PAY013122,I015260,C1179,2026-04-25,79.0,Credit Card
PAY013123,I015261,C1179,2026-05-31,79.0,Bank Transfer
PAY013124,I015262,C1179,2026-06-24,79.0,Bank Transfer
PAY013125,I015263,C1179,2026-07-20,79.0,Credit Card
PAY013126,I015264,C1179,2026-08-22,79.0,UPI
PAY013127,I015265,C1179,2026-09-16,79.0,UPI
PAY013128,I015266,C1180,2023-08-05,79.0,UPI
PAY013129,I015268,C1180,2023-10-07,79.0,UPI
PAY013130,I015269,C1180,2023-11-09,79.0,Credit Card
PAY013131,I015270,C1180,2023-12-10,79.0,Bank Transfer
PAY013132,I015271,C1180,2023-12-31,79.0,Credit Card
PAY013133,I015272,C1180,2024-02-06,79.0,UPI
PAY013134,I015273,C1180,2024-03-08,79.0,UPI
PAY013135,I015274,C1180,2024-07-14,948.0,UPI
PAY013136,I015275,C1180,2025-07-20,948.0,Bank Transfer
PAY013137,I015276,C1181,2024-05-08,348.0,UPI
PAY013138,I015277,C1181,2025-05-08,348.0,Credit Card
PAY013139,I015278,C1182,2026-03-11,79.0,Debit Card
PAY013140,I015279,C1182,2026-03-31,79.0,Credit Card
PAY013141,I015281,C1182,2026-06-04,79.0,Credit Card
PAY013142,I015283,C1182,2026-08-13,79.0,Debit Card
PAY013143,I015286,C1183,2024-10-28,79.0,Bank Transfer
PAY013144,I015287,C1183,2024-12-08,79.0,Debit Card
PAY013145,I015288,C1183,2025-01-11,79.0,Credit Card
PAY013146,I015290,C1183,2025-03-09,79.0,Debit Card
PAY013147,I015292,C1183,2025-04-03,199.0,Bank Transfer
PAY013148,I015293,C1183,2025-05-06,199.0,Credit Card
PAY013149,I015294,C1183,2025-06-01,199.0,Debit Card
PAY013150,I015295,C1183,2025-06-28,199.0,Credit Card
PAY013151,I015297,C1183,2025-09-01,199.0,Bank Transfer
PAY013152,I015298,C1183,2025-09-27,199.0,Bank Transfer
PAY013153,I015301,C1183,2025-12-31,199.0,UPI
PAY013154,I015302,C1183,2026-01-27,199.0,Credit Card
PAY013155,I015303,C1183,2026-02-27,199.0,Credit Card
PAY013156,I015304,C1183,2026-04-03,199.0,Credit Card
PAY013157,I015305,C1183,2026-04-30,199.0,Debit Card
PAY013158,I015306,C1183,2026-06-12,199.0,Debit Card
PAY013159,I015307,C1183,2026-07-07,199.0,Credit Card
PAY013160,I015308,C1184,2025-11-03,79.0,Debit Card
PAY013161,I015309,C1184,2025-12-18,79.0,Debit Card
PAY013162,I015311,C1184,2026-02-13,79.0,Debit Card
PAY013163,I015312,C1184,2026-03-21,79.0,Bank Transfer
PAY013164,I015313,C1184,2026-04-04,79.0,Bank Transfer
PAY013165,I015314,C1184,2026-05-09,79.0,Bank Transfer
PAY013166,I015315,C1185,2025-06-03,199.0,UPI
PAY013167,I015316,C1185,2025-06-26,199.0,Bank Transfer
PAY013168,I015317,C1185,2025-07-27,199.0,Credit Card
PAY013169,I015318,C1185,2025-09-06,199.0,Bank Transfer
PAY013170,I015319,C1185,2025-10-07,199.0,Debit Card
PAY013171,I015320,C1185,2025-11-04,199.0,UPI
PAY013172,I015321,C1185,2025-12-08,199.0,UPI
PAY013173,I015322,C1185,2026-01-05,199.0,Debit Card
PAY013174,I015323,C1185,2026-07-19,79.0,Debit Card
PAY013175,I015324,C1185,2026-08-29,79.0,Debit Card
PAY013176,I015325,C1185,2026-09-18,79.0,Bank Transfer
PAY013177,I015326,C1186,2025-01-04,199.0,Debit Card
PAY013178,I015327,C1186,2025-02-01,199.0,Debit Card
PAY013179,I015328,C1186,2025-03-03,199.0,Bank Transfer
PAY013180,I015329,C1186,2025-04-11,199.0,Credit Card
PAY013181,I015330,C1186,2025-05-10,199.0,Debit Card
PAY013182,I015331,C1186,2025-06-05,199.0,Debit Card
PAY013183,I015332,C1186,2025-07-18,199.0,Credit Card
PAY013184,I015333,C1186,2025-08-06,199.0,Debit Card
PAY013185,I015334,C1186,2025-09-16,199.0,Debit Card
PAY013186,I015335,C1186,2025-10-02,199.0,UPI
PAY013187,I015336,C1186,2025-11-10,199.0,Credit Card
PAY013188,I015337,C1186,2025-12-04,199.0,Debit Card
PAY013189,I015338,C1186,2026-01-13,948.0,UPI
PAY013190,I015339,C1187,2026-02-07,348.0,Credit Card
PAY013191,I015340,C1188,2024-12-11,348.0,Debit Card
PAY013192,I015341,C1188,2025-12-08,348.0,UPI
PAY013193,I015342,C1189,2026-02-08,348.0,UPI
PAY013194,I015343,C1190,2024-08-31,79.0,UPI
PAY013195,I015344,C1190,2024-10-04,79.0,Debit Card
PAY013196,I015345,C1190,2024-11-01,79.0,Credit Card
PAY013197,I015346,C1190,2024-11-23,79.0,Credit Card
PAY013198,I015347,C1190,2024-12-18,79.0,UPI
PAY013199,I015349,C1190,2025-03-04,79.0,UPI
PAY013200,I015350,C1190,2025-03-21,79.0,UPI
PAY013201,I015351,C1190,2025-05-03,79.0,Credit Card
PAY013202,I015352,C1190,2025-05-29,79.0,UPI
PAY013203,I015353,C1190,2025-06-28,79.0,Credit Card
PAY013204,I015354,C1190,2025-07-31,79.0,Bank Transfer
PAY013205,I015355,C1190,2025-09-02,79.0,Bank Transfer
PAY013206,I015356,C1190,2025-09-16,79.0,UPI
PAY013207,I015358,C1190,2025-11-16,79.0,Debit Card
PAY013208,I015359,C1190,2026-01-04,79.0,Bank Transfer
PAY013209,I015360,C1190,2026-01-26,79.0,Debit Card
PAY013210,I015361,C1190,2026-03-01,79.0,Credit Card
PAY013211,I015362,C1190,2026-03-24,79.0,Bank Transfer
PAY013212,I015363,C1190,2026-05-05,79.0,Credit Card
PAY013213,I015365,C1190,2026-06-29,79.0,Bank Transfer
PAY013214,I015367,C1191,2025-06-15,79.0,Debit Card
PAY013215,I015368,C1191,2025-07-14,79.0,Debit Card
PAY013216,I015369,C1191,2025-08-12,79.0,Debit Card
PAY013217,I015370,C1191,2025-09-05,79.0,Credit Card
PAY013218,I015371,C1191,2025-10-12,79.0,Credit Card
PAY013219,I015372,C1191,2025-11-07,79.0,Credit Card
PAY013220,I015373,C1191,2025-12-07,79.0,UPI
PAY013221,I015374,C1191,2026-01-06,79.0,Debit Card
PAY013222,I015375,C1191,2026-02-04,79.0,Debit Card
PAY013223,I015376,C1191,2026-03-05,79.0,Bank Transfer
PAY013224,I015377,C1191,2026-04-20,79.0,Bank Transfer
PAY013225,I015378,C1191,2026-05-05,79.0,Credit Card
PAY013226,I015379,C1191,2026-06-09,79.0,Bank Transfer
PAY013227,I015380,C1191,2026-07-21,79.0,Bank Transfer
PAY013228,I015381,C1191,2026-08-20,79.0,Debit Card
PAY013229,I015382,C1191,2026-09-15,79.0,Bank Transfer
PAY013230,I015383,C1192,2025-05-16,199.0,Bank Transfer
PAY013231,I015384,C1192,2025-06-13,199.0,Bank Transfer
PAY013232,I015385,C1192,2025-07-04,199.0,Bank Transfer
PAY013233,I015386,C1192,2025-08-01,199.0,Debit Card
PAY013234,I015388,C1192,2025-10-14,199.0,UPI
PAY013235,I015389,C1192,2025-11-15,199.0,Bank Transfer
PAY013236,I015390,C1192,2025-12-19,199.0,Bank Transfer
PAY013237,I015391,C1192,2026-01-05,199.0,Credit Card
PAY013238,I015392,C1192,2026-02-14,199.0,Bank Transfer
PAY013239,I015393,C1192,2026-03-10,199.0,Bank Transfer
PAY013240,I015394,C1192,2026-04-04,199.0,Debit Card
PAY013241,I015395,C1192,2026-05-11,199.0,Credit Card
PAY013242,I015396,C1192,2026-06-06,199.0,Credit Card
PAY013243,I015397,C1192,2026-07-09,199.0,Credit Card
PAY013244,I015398,C1192,2026-08-06,199.0,Credit Card
PAY013245,I015399,C1192,2026-09-05,199.0,Credit Card
PAY013246,I015400,C1193,2023-12-01,29.0,Credit Card
PAY013247,I015401,C1193,2023-12-27,29.0,UPI
PAY013248,I015402,C1193,2024-02-05,29.0,Debit Card
PAY013249,I015403,C1193,2024-03-05,29.0,Credit Card
PAY013250,I015404,C1193,2024-03-30,29.0,Credit Card
PAY013251,I015405,C1193,2024-05-04,29.0,Debit Card
PAY013252,I015406,C1193,2024-05-24,29.0,UPI
PAY013253,I015407,C1193,2024-07-01,29.0,UPI
PAY013254,I015408,C1193,2024-08-09,29.0,Credit Card
PAY013255,I015409,C1193,2024-08-21,29.0,UPI
PAY013256,I015410,C1193,2024-10-07,29.0,Bank Transfer
PAY013257,I015411,C1193,2024-11-03,29.0,UPI
PAY013258,I015413,C1193,2025-04-17,79.0,UPI
PAY013259,I015414,C1193,2025-05-25,79.0,Bank Transfer
PAY013260,I015415,C1193,2025-06-26,79.0,UPI
PAY013261,I015417,C1193,2025-08-21,79.0,Bank Transfer
PAY013262,I015418,C1193,2025-09-30,79.0,Bank Transfer
PAY013263,I015419,C1193,2025-10-31,79.0,UPI
PAY013264,I015420,C1193,2025-11-15,79.0,Credit Card
PAY013265,I015421,C1193,2025-12-29,79.0,Debit Card
PAY013266,I015422,C1193,2026-01-19,79.0,Credit Card
PAY013267,I015423,C1193,2026-02-27,79.0,Credit Card
PAY013268,I015424,C1193,2026-03-20,79.0,Bank Transfer
PAY013269,I015425,C1193,2026-05-02,79.0,UPI
PAY013270,I015426,C1193,2026-06-01,79.0,UPI
PAY013271,I015427,C1193,2026-06-30,79.0,Credit Card
PAY013272,I015428,C1193,2026-07-17,79.0,Debit Card
PAY013273,I015429,C1193,2026-08-18,79.0,Credit Card
PAY013274,I015430,C1193,2026-09-27,79.0,Bank Transfer
PAY013275,I015431,C1194,2025-09-08,29.0,Bank Transfer
PAY013276,I015432,C1194,2025-10-17,29.0,UPI
PAY013277,I015434,C1194,2025-12-09,29.0,Bank Transfer
PAY013278,I015435,C1194,2026-01-19,29.0,UPI
PAY013279,I015436,C1194,2026-02-19,29.0,UPI
PAY013280,I015437,C1194,2026-03-11,29.0,Debit Card
PAY013281,I015438,C1194,2026-04-17,29.0,Credit Card
PAY013282,I015441,C1194,2026-07-22,29.0,Debit Card
PAY013283,I015442,C1194,2026-08-09,29.0,Bank Transfer
PAY013284,I015443,C1194,2026-09-14,29.0,UPI
PAY013285,I015446,C1195,2026-06-09,948.0,Bank Transfer
PAY013286,I015447,C1196,2025-06-17,948.0,Bank Transfer
PAY013287,I015448,C1196,2026-06-16,948.0,Bank Transfer
PAY013288,I015449,C1197,2023-06-11,29.0,Credit Card
PAY013289,I015451,C1197,2023-08-12,29.0,Debit Card
PAY013290,I015452,C1197,2023-09-06,29.0,Bank Transfer
PAY013291,I015453,C1197,2023-10-04,29.0,Debit Card
PAY013292,I015455,C1197,2023-12-03,29.0,Bank Transfer
PAY013293,I015456,C1197,2024-01-12,29.0,Credit Card
PAY013294,I015457,C1197,2024-01-26,29.0,Debit Card
PAY013295,I015458,C1197,2024-02-29,29.0,Credit Card
PAY013296,I015459,C1197,2024-03-27,29.0,UPI
PAY013297,I015460,C1197,2024-04-29,29.0,Debit Card
PAY013298,I015461,C1197,2024-06-04,29.0,UPI
PAY013299,I015463,C1197,2024-08-06,29.0,Bank Transfer
PAY013300,I015464,C1197,2024-08-30,29.0,Debit Card
PAY013301,I015465,C1197,2024-09-27,29.0,UPI
PAY013302,I015466,C1197,2024-11-06,29.0,UPI
PAY013303,I015467,C1197,2024-11-30,29.0,Credit Card
PAY013304,I015468,C1197,2024-12-29,29.0,UPI
PAY013305,I015469,C1197,2025-02-02,29.0,Debit Card
PAY013306,I015470,C1197,2025-03-01,29.0,UPI
PAY013307,I015471,C1197,2025-03-26,29.0,Debit Card
PAY013308,I015472,C1197,2025-05-01,29.0,Credit Card
PAY013309,I015473,C1198,2024-01-26,79.0,UPI
PAY013310,I015474,C1198,2024-02-23,79.0,UPI
PAY013311,I015475,C1198,2024-03-31,79.0,Debit Card
PAY013312,I015476,C1198,2024-05-02,79.0,Bank Transfer
PAY013313,I015480,C1198,2024-09-07,79.0,Bank Transfer
PAY013314,I015481,C1198,2024-09-29,79.0,Debit Card
PAY013315,I015482,C1198,2024-10-27,79.0,Credit Card
PAY013316,I015483,C1198,2024-08-16,79.0,Credit Card
PAY013317,I015484,C1198,2024-09-14,79.0,Bank Transfer
PAY013318,I015485,C1198,2024-10-25,79.0,Credit Card
PAY013319,I015486,C1198,2024-11-16,79.0,Debit Card
PAY013320,I015487,C1198,2025-01-02,79.0,Bank Transfer
PAY013321,I015488,C1198,2025-01-17,79.0,Bank Transfer
PAY013322,I015489,C1198,2025-03-04,79.0,Credit Card
PAY013323,I015490,C1198,2025-03-28,79.0,Debit Card
PAY013324,I015492,C1198,2025-06-01,79.0,Bank Transfer
PAY013325,I015493,C1198,2025-06-16,79.0,Credit Card
PAY013326,I015494,C1198,2025-08-02,79.0,Bank Transfer
PAY013327,I015495,C1198,2025-09-01,79.0,Credit Card
PAY013328,I015496,C1198,2025-09-25,79.0,Credit Card
PAY013329,I015498,C1199,2023-08-20,29.0,Debit Card
PAY013330,I015499,C1199,2023-09-20,29.0,UPI
PAY013331,I015500,C1199,2023-10-09,29.0,Debit Card
PAY013332,I015501,C1199,2023-11-23,29.0,Bank Transfer
PAY013333,I015502,C1199,2024-10-23,2388.0,Bank Transfer
PAY013334,I015503,C1199,2025-10-23,2388.0,Credit Card
PAY013335,I015504,C1200,2023-12-09,5988.0,Bank Transfer
PAY013336,I015505,C1200,2024-11-26,5988.0,UPI
PAY013337,I015506,C1201,2025-11-12,499.0,UPI
PAY013338,I015507,C1201,2025-12-13,499.0,UPI
PAY013339,I015508,C1201,2026-01-11,499.0,Credit Card
PAY013340,I015509,C1201,2026-02-07,499.0,Credit Card
PAY013341,I015510,C1201,2026-03-15,499.0,Credit Card
PAY013342,I015512,C1201,2026-05-08,499.0,Credit Card
PAY013343,I015513,C1201,2026-06-09,499.0,Credit Card
PAY013344,I015514,C1201,2026-07-05,499.0,Bank Transfer
PAY013345,I015516,C1201,2026-09-13,499.0,Credit Card
PAY013346,I015517,C1202,2023-08-20,5988.0,UPI
PAY013347,I015518,C1202,2024-08-24,5988.0,Bank Transfer
PAY013348,I015519,C1203,2025-08-27,79.0,Debit Card
PAY013349,I015520,C1203,2025-09-17,79.0,Debit Card
PAY013350,I015521,C1203,2025-10-16,79.0,UPI
PAY013351,I015522,C1203,2025-11-22,79.0,Credit Card
PAY013352,I015523,C1203,2025-12-19,79.0,Bank Transfer
PAY013353,I015524,C1203,2026-01-09,79.0,Debit Card
PAY013354,I015525,C1203,2026-02-20,79.0,Bank Transfer
PAY013355,I015526,C1203,2026-03-11,79.0,UPI
PAY013356,I015529,C1205,2023-10-13,29.0,Bank Transfer
PAY013357,I015530,C1205,2023-11-10,29.0,Bank Transfer
PAY013358,I015531,C1205,2023-12-09,29.0,UPI
PAY013359,I015532,C1205,2024-01-13,29.0,Bank Transfer
PAY013360,I015533,C1205,2024-02-01,29.0,Bank Transfer
PAY013361,I015534,C1205,2024-03-08,29.0,Credit Card
PAY013362,I015535,C1205,2024-04-08,29.0,Debit Card
PAY013363,I015536,C1205,2024-04-29,29.0,Debit Card
PAY013364,I015537,C1205,2024-06-05,29.0,Debit Card
PAY013365,I015538,C1205,2024-07-05,29.0,Debit Card
PAY013366,I015539,C1205,2024-08-07,29.0,UPI
PAY013367,I015540,C1205,2024-09-12,29.0,Debit Card
PAY013368,I015541,C1205,2024-10-15,29.0,Credit Card
PAY013369,I015542,C1205,2024-10-29,29.0,Credit Card
PAY013370,I015544,C1206,2025-08-07,29.0,Debit Card
PAY013371,I015547,C1206,2025-11-09,29.0,UPI
PAY013372,I015548,C1206,2025-12-15,29.0,Debit Card
PAY013373,I015549,C1206,2026-01-05,29.0,Bank Transfer
PAY013374,I015550,C1206,2026-02-17,29.0,Credit Card
PAY013375,I015551,C1206,2026-06-14,2388.0,UPI
PAY013376,I015553,C1207,2025-07-07,199.0,UPI
PAY013377,I015554,C1207,2025-07-22,199.0,Debit Card
PAY013378,I015555,C1207,2025-08-20,199.0,UPI
PAY013379,I015556,C1207,2025-10-05,199.0,UPI
PAY013380,I015557,C1207,2025-11-02,199.0,Bank Transfer
PAY013381,I015558,C1207,2025-11-26,199.0,UPI
PAY013382,I015559,C1207,2026-01-05,199.0,Debit Card
PAY013383,I015560,C1207,2026-01-28,199.0,Debit Card
PAY013384,I015561,C1207,2026-03-07,199.0,Credit Card
PAY013385,I015562,C1207,2026-03-26,199.0,Bank Transfer
PAY013386,I015563,C1207,2026-04-20,199.0,Credit Card
PAY013387,I015564,C1207,2026-05-30,199.0,Bank Transfer
PAY013388,I015565,C1207,2026-07-07,199.0,Credit Card
PAY013389,I015566,C1207,2026-08-01,199.0,Bank Transfer
PAY013390,I015568,C1207,2026-09-30,199.0,Credit Card
PAY013391,I015569,C1208,2024-04-22,948.0,Bank Transfer
PAY013392,I015570,C1208,2025-04-26,948.0,Credit Card
PAY013393,I015571,C1209,2023-11-12,2388.0,Credit Card
PAY013394,I015573,C1210,2026-04-01,29.0,Credit Card
PAY013395,I015575,C1210,2026-05-15,29.0,UPI
PAY013396,I015576,C1210,2026-06-29,29.0,UPI
PAY013397,I015577,C1210,2026-07-27,29.0,Debit Card
PAY013398,I015578,C1210,2026-08-20,29.0,Debit Card
PAY013399,I015579,C1210,2026-09-21,29.0,Debit Card
PAY013400,I015580,C1211,2023-05-04,348.0,Debit Card
PAY013401,I015581,C1211,2024-05-02,348.0,UPI
PAY013402,I015582,C1212,2025-10-15,29.0,Debit Card
PAY013403,I015583,C1212,2025-11-10,29.0,UPI
PAY013404,I015584,C1212,2025-12-26,29.0,Bank Transfer
PAY013405,I015585,C1212,2026-01-20,29.0,Bank Transfer
PAY013406,I015586,C1212,2026-02-13,29.0,Bank Transfer
PAY013407,I015587,C1212,2026-03-10,29.0,Debit Card
PAY013408,I015588,C1212,2026-04-20,29.0,Debit Card
PAY013409,I015590,C1212,2026-06-10,29.0,UPI
PAY013410,I015591,C1213,2023-09-02,2388.0,Bank Transfer
PAY013411,I015592,C1213,2024-08-23,2388.0,Debit Card
PAY013412,I015593,C1214,2024-08-23,348.0,Credit Card
PAY013413,I015594,C1215,2023-06-29,79.0,UPI
PAY013414,I015596,C1215,2023-09-09,79.0,Debit Card
PAY013415,I015597,C1215,2023-09-29,79.0,Debit Card
PAY013416,I015598,C1215,2023-11-01,79.0,Debit Card
PAY013417,I015599,C1215,2023-11-26,79.0,Credit Card
PAY013418,I015600,C1215,2024-01-07,79.0,UPI
PAY013419,I015601,C1215,2024-01-28,79.0,Debit Card
PAY013420,I015602,C1215,2024-03-04,79.0,Bank Transfer
PAY013421,I015603,C1215,2024-04-09,79.0,Debit Card
PAY013422,I015604,C1215,2024-04-24,79.0,Debit Card
PAY013423,I015605,C1215,2024-05-26,79.0,UPI
PAY013424,I015606,C1215,2024-06-26,79.0,UPI
PAY013425,I015607,C1215,2024-07-28,79.0,UPI
PAY013426,I015609,C1215,2024-10-09,79.0,Credit Card
PAY013427,I015610,C1215,2024-11-06,79.0,Debit Card
PAY013428,I015611,C1215,2024-11-25,79.0,UPI
PAY013429,I015612,C1216,2025-08-30,2388.0,Debit Card
PAY013430,I015614,C1217,2025-11-05,29.0,Debit Card
PAY013431,I015615,C1217,2025-12-10,29.0,UPI
PAY013432,I015616,C1217,2026-01-15,29.0,Debit Card
PAY013433,I015618,C1217,2026-02-28,29.0,Debit Card
PAY013434,I015619,C1217,2026-03-31,29.0,Bank Transfer
PAY013435,I015620,C1217,2026-04-30,29.0,Debit Card
PAY013436,I015621,C1217,2026-06-05,29.0,UPI
PAY013437,I015622,C1217,2026-07-16,29.0,Bank Transfer
PAY013438,I015623,C1217,2026-07-31,29.0,Debit Card
PAY013439,I015624,C1217,2026-08-30,29.0,Credit Card
PAY013440,I015625,C1217,2026-10-09,29.0,Credit Card
PAY013441,I015626,C1217,2026-06-27,199.0,Credit Card
PAY013442,I015627,C1217,2026-08-04,199.0,Debit Card
PAY013443,I015628,C1217,2026-08-20,199.0,Credit Card
PAY013444,I015629,C1217,2026-09-19,199.0,Bank Transfer
PAY013445,I015631,C1218,2026-04-28,79.0,Bank Transfer
PAY013446,I015632,C1218,2026-06-10,79.0,UPI
PAY013447,I015633,C1218,2026-06-24,79.0,Debit Card
PAY013448,I015635,C1218,2026-09-05,79.0,Debit Card
PAY013449,I015636,C1218,2026-09-26,79.0,Credit Card
PAY013450,I015637,C1219,2024-07-03,499.0,Bank Transfer
PAY013451,I015638,C1219,2024-08-17,499.0,Credit Card
PAY013452,I015639,C1219,2024-09-09,499.0,Credit Card
PAY013453,I015640,C1219,2024-09-30,499.0,Credit Card
PAY013454,I015641,C1219,2024-11-11,499.0,Credit Card
PAY013455,I015642,C1219,2024-12-11,499.0,Credit Card
PAY013456,I015643,C1219,2025-01-10,499.0,Bank Transfer
PAY013457,I015644,C1219,2025-02-13,499.0,Credit Card
PAY013458,I015646,C1219,2025-03-30,499.0,UPI
PAY013459,I015648,C1219,2025-06-06,499.0,Credit Card
PAY013460,I015649,C1219,2025-07-10,499.0,UPI
PAY013461,I015650,C1219,2025-08-16,499.0,Credit Card
PAY013462,I015651,C1219,2025-09-09,499.0,Bank Transfer
PAY013463,I015652,C1219,2025-09-30,499.0,Credit Card
PAY013464,I015653,C1219,2025-11-12,499.0,UPI
PAY013465,I015654,C1219,2025-12-06,499.0,Credit Card
PAY013466,I015655,C1219,2026-01-08,499.0,Debit Card
PAY013467,I015656,C1219,2026-02-08,499.0,Debit Card
PAY013468,I015657,C1219,2026-03-06,499.0,Bank Transfer
PAY013469,I015658,C1219,2026-04-16,499.0,Credit Card
PAY013470,I015659,C1219,2026-05-17,499.0,Debit Card
PAY013471,I015660,C1219,2026-06-16,499.0,Bank Transfer
PAY013472,I015661,C1220,2024-07-09,2388.0,Debit Card
PAY013473,I015662,C1220,2025-07-16,2388.0,Credit Card
PAY013474,I015663,C1221,2024-06-04,29.0,UPI
PAY013475,I015664,C1221,2024-07-05,29.0,Bank Transfer
PAY013476,I015665,C1221,2024-08-18,29.0,UPI
PAY013477,I015666,C1221,2024-09-16,29.0,Credit Card
PAY013478,I015668,C1221,2024-11-06,29.0,UPI
PAY013479,I015669,C1221,2024-12-12,29.0,UPI
PAY013480,I015670,C1221,2025-01-03,29.0,UPI
PAY013481,I015671,C1221,2025-02-15,29.0,Bank Transfer
PAY013482,I015672,C1222,2025-07-09,79.0,UPI
PAY013483,I015673,C1222,2025-08-20,79.0,Bank Transfer
PAY013484,I015674,C1222,2025-09-14,79.0,UPI
PAY013485,I015675,C1222,2025-10-20,79.0,Debit Card
PAY013486,I015676,C1222,2025-11-19,79.0,Debit Card
PAY013487,I015677,C1222,2025-12-13,79.0,Bank Transfer
PAY013488,I015678,C1222,2026-01-08,79.0,UPI
PAY013489,I015679,C1222,2026-02-04,79.0,Credit Card
PAY013490,I015680,C1222,2026-03-15,79.0,Bank Transfer
PAY013491,I015681,C1222,2026-04-04,79.0,Debit Card
PAY013492,I015682,C1222,2026-05-02,79.0,UPI
PAY013493,I015685,C1222,2026-08-21,79.0,Debit Card
PAY013494,I015686,C1222,2026-09-17,79.0,Bank Transfer
PAY013495,I015687,C1223,2023-08-11,348.0,Debit Card
PAY013496,I015689,C1224,2023-05-19,948.0,UPI
PAY013497,I015690,C1225,2023-10-16,29.0,UPI
PAY013498,I015691,C1225,2023-11-24,29.0,Debit Card
PAY013499,I015692,C1225,2023-12-25,29.0,Bank Transfer
PAY013500,I015693,C1225,2024-01-20,29.0,Debit Card
PAY013501,I015694,C1225,2024-02-25,29.0,Debit Card
PAY013502,I015695,C1225,2024-03-14,29.0,Debit Card
PAY013503,I015696,C1225,2024-04-15,29.0,Bank Transfer
PAY013504,I015698,C1225,2024-06-15,29.0,UPI
PAY013505,I015699,C1225,2024-07-15,29.0,Bank Transfer
PAY013506,I015700,C1225,2024-08-30,29.0,Credit Card
PAY013507,I015703,C1225,2024-11-15,29.0,UPI
PAY013508,I015704,C1225,2024-12-14,29.0,UPI
PAY013509,I015705,C1225,2025-01-14,29.0,Debit Card
PAY013510,I015706,C1225,2025-02-14,29.0,Bank Transfer
PAY013511,I015707,C1225,2025-03-29,29.0,Debit Card
PAY013512,I015708,C1225,2025-04-18,29.0,Debit Card
PAY013513,I015709,C1225,2025-05-28,29.0,Bank Transfer
PAY013514,I015710,C1225,2025-06-24,29.0,UPI
PAY013515,I015711,C1225,2025-07-15,29.0,Credit Card
PAY013516,I015712,C1225,2025-08-21,29.0,UPI
PAY013517,I015713,C1225,2025-09-26,29.0,Bank Transfer
PAY013518,I015714,C1226,2026-03-02,29.0,Credit Card
PAY013519,I015715,C1226,2026-04-06,29.0,UPI
PAY013520,I015716,C1226,2026-04-28,29.0,Credit Card
PAY013521,I015717,C1226,2026-05-28,29.0,UPI
PAY013522,I015718,C1226,2026-06-26,29.0,Credit Card
PAY013523,I015719,C1226,2026-07-25,29.0,Debit Card
PAY013524,I015720,C1226,2026-08-29,29.0,Credit Card
PAY013525,I015721,C1226,2026-10-09,29.0,Debit Card
PAY013526,I015722,C1227,2024-11-17,499.0,UPI
PAY013527,I015724,C1227,2025-02-01,499.0,Debit Card
PAY013528,I015725,C1227,2025-02-27,499.0,Credit Card
PAY013529,I015726,C1227,2025-03-26,499.0,UPI
PAY013530,I015727,C1227,2025-04-19,499.0,Credit Card
PAY013531,I015728,C1227,2025-06-01,499.0,Bank Transfer
PAY013532,I015729,C1227,2025-06-29,499.0,Bank Transfer
PAY013533,I015730,C1227,2025-08-02,499.0,UPI
PAY013534,I015731,C1227,2025-08-24,499.0,Debit Card
PAY013535,I015732,C1227,2025-09-27,499.0,UPI
PAY013536,I015733,C1227,2025-10-23,499.0,UPI
PAY013537,I015735,C1227,2025-12-28,499.0,UPI
PAY013538,I015736,C1227,2026-02-02,499.0,Credit Card
PAY013539,I015737,C1227,2026-02-22,499.0,Debit Card
PAY013540,I015738,C1227,2026-03-27,499.0,Credit Card
PAY013541,I015739,C1227,2026-04-25,499.0,UPI
PAY013542,I015740,C1227,2026-05-30,499.0,UPI
PAY013543,I015741,C1227,2026-07-05,499.0,Debit Card
PAY013544,I015742,C1227,2026-07-17,499.0,Credit Card
PAY013545,I015743,C1227,2026-09-03,499.0,Debit Card
PAY013546,I015744,C1227,2026-09-22,499.0,Credit Card
PAY013547,I015745,C1228,2026-03-31,499.0,UPI
PAY013548,I015746,C1228,2026-05-02,499.0,Credit Card
PAY013549,I015747,C1228,2026-05-28,499.0,Bank Transfer
PAY013550,I015748,C1228,2026-07-04,499.0,UPI
PAY013551,I015750,C1228,2026-09-06,499.0,UPI
PAY013552,I015751,C1228,2026-10-03,499.0,UPI
PAY013553,I015753,C1229,2023-11-28,2388.0,Credit Card
PAY013554,I015754,C1229,2024-12-16,2388.0,UPI
PAY013555,I015755,C1230,2026-02-17,948.0,Bank Transfer
PAY013556,I015757,C1231,2025-06-27,79.0,Credit Card
PAY013557,I015758,C1231,2025-07-31,79.0,UPI
PAY013558,I015759,C1231,2025-08-25,79.0,Debit Card
PAY013559,I015760,C1231,2025-09-24,79.0,Credit Card
PAY013560,I015761,C1231,2025-10-19,79.0,Debit Card
PAY013561,I015762,C1231,2025-11-28,79.0,Bank Transfer
PAY013562,I015763,C1231,2025-12-31,79.0,Bank Transfer
PAY013563,I015765,C1231,2026-03-03,79.0,Bank Transfer
PAY013564,I015766,C1231,2026-03-12,79.0,UPI
PAY013565,I015767,C1231,2026-04-17,79.0,Bank Transfer
PAY013566,I015768,C1231,2026-05-20,79.0,Bank Transfer
PAY013567,I015769,C1231,2026-06-30,79.0,Credit Card
PAY013568,I015771,C1231,2026-08-23,79.0,UPI
PAY013569,I015772,C1231,2026-09-19,79.0,Credit Card
PAY013570,I015773,C1232,2025-07-05,29.0,UPI
PAY013571,I015774,C1232,2025-07-25,29.0,Bank Transfer
PAY013572,I015775,C1232,2025-08-27,29.0,UPI
PAY013573,I015777,C1232,2025-11-04,29.0,UPI
PAY013574,I015778,C1232,2025-11-24,29.0,Bank Transfer
PAY013575,I015779,C1232,2025-12-17,29.0,Bank Transfer
PAY013576,I015780,C1232,2026-01-22,29.0,Credit Card
PAY013577,I015782,C1232,2026-04-05,29.0,Bank Transfer
PAY013578,I015783,C1232,2026-04-19,29.0,Credit Card
PAY013579,I015784,C1232,2026-05-31,29.0,Bank Transfer
PAY013580,I015785,C1232,2026-06-28,29.0,UPI
PAY013581,I015786,C1232,2026-08-05,29.0,UPI
PAY013582,I015787,C1232,2026-08-21,29.0,UPI
PAY013583,I015788,C1232,2026-09-22,29.0,UPI
PAY013584,I015789,C1232,2026-04-23,29.0,UPI
PAY013585,I015790,C1232,2026-06-05,29.0,Bank Transfer
PAY013586,I015791,C1232,2026-06-24,29.0,UPI
PAY013587,I015793,C1232,2026-09-05,29.0,Debit Card
PAY013588,I015796,C1233,2026-02-08,29.0,Debit Card
PAY013589,I015797,C1233,2026-03-12,29.0,Bank Transfer
PAY013590,I015798,C1233,2026-04-14,29.0,Bank Transfer
PAY013591,I015799,C1233,2026-05-04,29.0,Credit Card
PAY013592,I015800,C1233,2026-06-03,29.0,Credit Card
PAY013593,I015801,C1233,2026-07-14,29.0,Debit Card
PAY013594,I015802,C1233,2026-08-14,29.0,Credit Card
PAY013595,I015803,C1233,2026-09-14,29.0,UPI
PAY013596,I015804,C1234,2026-04-21,79.0,Bank Transfer
PAY013597,I015805,C1234,2026-05-07,79.0,Debit Card
PAY013598,I015806,C1234,2026-06-08,79.0,UPI
PAY013599,I015807,C1234,2026-07-10,79.0,UPI
PAY013600,I015808,C1234,2026-08-06,79.0,Bank Transfer
PAY013601,I015811,C1235,2024-03-25,348.0,Credit Card
PAY013602,I015812,C1236,2025-08-21,79.0,UPI
PAY013603,I015813,C1236,2025-09-10,79.0,Debit Card
PAY013604,I015814,C1236,2025-10-22,79.0,UPI
PAY013605,I015815,C1236,2025-11-10,79.0,Debit Card
PAY013606,I015816,C1236,2025-12-05,79.0,Credit Card
PAY013607,I015817,C1236,2026-01-17,79.0,UPI
PAY013608,I015818,C1236,2026-02-04,79.0,Bank Transfer
PAY013609,I015819,C1236,2026-03-09,79.0,Bank Transfer
PAY013610,I015821,C1236,2026-05-17,79.0,Debit Card
PAY013611,I015823,C1236,2026-07-17,79.0,Debit Card
PAY013612,I015824,C1236,2026-08-19,79.0,Credit Card
PAY013613,I015825,C1236,2026-09-04,79.0,Bank Transfer
PAY013614,I015826,C1237,2024-11-20,2388.0,Debit Card
PAY013615,I015827,C1237,2025-11-22,2388.0,Debit Card
PAY013616,I015828,C1238,2023-01-21,2388.0,UPI
PAY013617,I015829,C1239,2024-07-22,2388.0,Bank Transfer
PAY013618,I015830,C1239,2025-07-23,2388.0,Bank Transfer
PAY013619,I015833,C1240,2025-06-08,79.0,Debit Card
PAY013620,I015834,C1240,2025-07-21,79.0,Debit Card
PAY013621,I015835,C1240,2025-08-19,79.0,Credit Card
PAY013622,I015836,C1240,2025-09-21,79.0,Debit Card
PAY013623,I015837,C1240,2025-10-13,79.0,Bank Transfer
PAY013624,I015838,C1240,2025-11-19,79.0,Bank Transfer
PAY013625,I015839,C1240,2025-12-09,79.0,Debit Card
PAY013626,I015840,C1240,2026-01-18,79.0,UPI
PAY013627,I015841,C1240,2026-02-20,79.0,Debit Card
PAY013628,I015842,C1240,2026-03-07,79.0,Credit Card
PAY013629,I015843,C1240,2026-04-21,79.0,Debit Card
PAY013630,I015844,C1240,2026-05-14,79.0,Credit Card
PAY013631,I015845,C1240,2026-06-21,79.0,Bank Transfer
PAY013632,I015846,C1240,2026-07-23,79.0,Credit Card
PAY013633,I015848,C1240,2026-09-08,79.0,Credit Card
PAY013634,I015850,C1241,2023-08-09,199.0,Bank Transfer
PAY013635,I015851,C1241,2023-09-12,199.0,UPI
PAY013636,I015852,C1241,2023-10-12,199.0,UPI
PAY013637,I015853,C1241,2023-11-01,199.0,Bank Transfer
PAY013638,I015854,C1241,2023-12-12,199.0,UPI
PAY013639,I015855,C1241,2023-12-31,199.0,UPI
PAY013640,I015856,C1241,2024-01-28,199.0,UPI
PAY013641,I015857,C1241,2024-03-10,199.0,Credit Card
PAY013642,I015858,C1241,2024-04-16,199.0,Bank Transfer
PAY013643,I015859,C1241,2024-05-15,199.0,Bank Transfer
PAY013644,I015860,C1241,2024-06-09,199.0,Bank Transfer
PAY013645,I015861,C1241,2024-07-09,199.0,Bank Transfer
PAY013646,I015862,C1241,2024-07-29,199.0,Debit Card
PAY013647,I015863,C1241,2024-09-09,199.0,Bank Transfer
PAY013648,I015864,C1241,2024-10-11,199.0,UPI
PAY013649,I015865,C1241,2024-11-06,199.0,Debit Card
PAY013650,I015866,C1241,2024-12-04,199.0,Bank Transfer
PAY013651,I015867,C1241,2025-01-07,199.0,Debit Card
PAY013652,I015868,C1241,2025-02-12,199.0,Bank Transfer
PAY013653,I015869,C1241,2025-03-12,199.0,Credit Card
PAY013654,I015870,C1241,2025-03-29,199.0,UPI
PAY013655,I015871,C1241,2025-05-07,199.0,Credit Card
PAY013656,I015873,C1242,2026-02-19,79.0,UPI
PAY013657,I015875,C1242,2026-04-21,79.0,Debit Card
PAY013658,I015876,C1242,2026-05-15,79.0,Credit Card
PAY013659,I015878,C1242,2026-07-28,79.0,Debit Card
PAY013660,I015879,C1242,2026-08-20,79.0,Bank Transfer
PAY013661,I015880,C1242,2026-09-28,79.0,Credit Card
PAY013662,I015881,C1243,2026-01-05,948.0,Credit Card
PAY013663,I015882,C1244,2025-07-04,29.0,UPI
PAY013664,I015883,C1244,2025-08-09,29.0,UPI
PAY013665,I015884,C1244,2025-08-28,29.0,Credit Card
PAY013666,I015885,C1244,2025-10-01,29.0,Credit Card
PAY013667,I015886,C1244,2025-11-04,29.0,Debit Card
PAY013668,I015887,C1244,2025-11-23,29.0,UPI
PAY013669,I015888,C1244,2025-12-25,29.0,Debit Card
PAY013670,I015890,C1244,2026-03-05,29.0,UPI
PAY013671,I015891,C1244,2026-03-26,29.0,UPI
PAY013672,I015892,C1244,2026-05-08,29.0,Credit Card
PAY013673,I015893,C1244,2026-06-09,29.0,Bank Transfer
PAY013674,I015894,C1244,2026-07-01,29.0,UPI
PAY013675,I015895,C1245,2024-11-15,199.0,Credit Card
PAY013676,I015896,C1245,2024-12-13,199.0,Bank Transfer
PAY013677,I015897,C1245,2025-01-08,199.0,Bank Transfer
PAY013678,I015898,C1245,2025-02-18,199.0,Debit Card
PAY013679,I015899,C1245,2025-03-12,199.0,UPI
PAY013680,I015900,C1245,2025-04-09,199.0,UPI
PAY013681,I015902,C1245,2025-06-04,199.0,Bank Transfer
PAY013682,I015903,C1245,2025-07-01,199.0,Bank Transfer
PAY013683,I015905,C1245,2025-09-09,199.0,Debit Card
PAY013684,I015906,C1245,2025-10-02,199.0,Bank Transfer
PAY013685,I015907,C1245,2025-11-18,199.0,Bank Transfer
PAY013686,I015908,C1245,2025-12-08,199.0,Credit Card
PAY013687,I015909,C1245,2025-12-30,199.0,Debit Card
PAY013688,I015910,C1245,2026-02-10,199.0,Credit Card
PAY013689,I015911,C1245,2026-03-17,199.0,Bank Transfer
PAY013690,I015913,C1245,2026-05-08,199.0,Credit Card
PAY013691,I015914,C1245,2026-06-18,199.0,Credit Card
PAY013692,I015915,C1245,2026-07-07,199.0,UPI
PAY013693,I015917,C1245,2026-09-11,199.0,Bank Transfer
PAY013694,I015918,C1245,2026-10-19,199.0,Bank Transfer
PAY013695,I015919,C1246,2023-07-15,499.0,Bank Transfer
PAY013696,I015920,C1246,2023-08-11,499.0,Credit Card
PAY013697,I015921,C1246,2023-09-20,499.0,Debit Card
PAY013698,I015922,C1246,2023-10-26,499.0,Debit Card
PAY013699,I015923,C1246,2023-11-10,499.0,Bank Transfer
PAY013700,I015924,C1246,2023-12-16,499.0,Credit Card
PAY013701,I015926,C1246,2024-02-22,499.0,UPI
PAY013702,I015927,C1246,2024-03-27,499.0,Bank Transfer
PAY013703,I015928,C1246,2024-04-21,499.0,Credit Card
PAY013704,I015929,C1246,2024-05-27,499.0,Bank Transfer
PAY013705,I015930,C1246,2024-06-22,499.0,Bank Transfer
PAY013706,I015931,C1246,2024-07-23,499.0,Debit Card
PAY013707,I015933,C1246,2024-09-23,499.0,Credit Card
PAY013708,I015934,C1246,2024-10-19,499.0,Debit Card
PAY013709,I015935,C1246,2024-11-15,499.0,UPI
PAY013710,I015936,C1246,2024-12-13,499.0,Debit Card
PAY013711,I015938,C1246,2025-02-20,499.0,Debit Card
PAY013712,I015939,C1246,2025-03-17,499.0,Credit Card
PAY013713,I015940,C1246,2025-04-17,499.0,Debit Card
PAY013714,I015941,C1246,2025-05-19,499.0,Debit Card
PAY013715,I015942,C1246,2025-06-17,499.0,Bank Transfer
PAY013716,I015943,C1247,2024-12-15,199.0,Bank Transfer
PAY013717,I015944,C1247,2025-01-24,199.0,Bank Transfer
PAY013718,I015945,C1247,2025-02-22,199.0,Debit Card
PAY013719,I015946,C1247,2025-03-20,199.0,Debit Card
PAY013720,I015948,C1247,2025-05-25,199.0,Debit Card
PAY013721,I015949,C1247,2025-06-18,199.0,Credit Card
PAY013722,I015950,C1247,2025-07-12,199.0,UPI
PAY013723,I015951,C1247,2025-08-17,199.0,Bank Transfer
PAY013724,I015952,C1247,2025-09-13,199.0,Credit Card
PAY013725,I015953,C1247,2025-10-14,199.0,Credit Card
PAY013726,I015954,C1247,2025-11-21,199.0,Debit Card
PAY013727,I015955,C1247,2025-12-25,199.0,Bank Transfer
PAY013728,I015956,C1247,2026-01-09,199.0,Credit Card
PAY013729,I015958,C1247,2026-03-27,199.0,Debit Card
PAY013730,I015959,C1247,2026-04-12,199.0,Credit Card
PAY013731,I015960,C1247,2026-05-17,199.0,Bank Transfer
PAY013732,I015961,C1247,2026-06-15,199.0,Debit Card
PAY013733,I015962,C1247,2026-07-16,199.0,Bank Transfer
PAY013734,I015963,C1247,2026-08-16,199.0,Debit Card
PAY013735,I015964,C1247,2026-09-14,199.0,Bank Transfer
PAY013736,I015965,C1248,2025-12-13,29.0,UPI
PAY013737,I015966,C1248,2025-12-28,29.0,Credit Card
PAY013738,I015967,C1248,2026-01-30,29.0,UPI
PAY013739,I015968,C1248,2026-03-01,29.0,Bank Transfer
PAY013740,I015969,C1248,2026-03-31,29.0,Credit Card
PAY013741,I015970,C1248,2026-04-30,29.0,Debit Card
PAY013742,I015971,C1248,2026-05-30,29.0,UPI
PAY013743,I015974,C1248,2026-09-07,29.0,Credit Card
PAY013744,I015977,C1250,2024-01-23,348.0,Bank Transfer
PAY013745,I015978,C1250,2025-02-07,348.0,Debit Card
PAY013746,I015980,C1251,2023-10-10,199.0,UPI
PAY013747,I015982,C1251,2023-11-27,199.0,Credit Card
PAY013748,I015983,C1251,2023-12-26,199.0,UPI
PAY013749,I015984,C1251,2024-02-11,199.0,Debit Card
PAY013750,I015985,C1251,2024-02-26,199.0,Credit Card
PAY013751,I015987,C1251,2024-05-10,199.0,UPI
PAY013752,I015988,C1251,2024-11-29,2388.0,Debit Card
PAY013753,I015989,C1251,2025-11-19,2388.0,UPI
PAY013754,I015990,C1252,2024-09-25,29.0,UPI
PAY013755,I015992,C1252,2024-11-07,29.0,Bank Transfer
PAY013756,I015993,C1252,2024-12-24,29.0,UPI
PAY013757,I015994,C1252,2025-01-25,29.0,Debit Card
PAY013758,I015996,C1252,2025-03-13,29.0,UPI
PAY013759,I015997,C1252,2025-04-15,29.0,Debit Card
PAY013760,I015998,C1252,2025-05-12,29.0,Debit Card
PAY013761,I015999,C1252,2025-06-23,29.0,Credit Card
PAY013762,I016001,C1252,2025-08-20,29.0,UPI
PAY013763,I016002,C1252,2025-09-14,29.0,Credit Card
PAY013764,I016003,C1252,2025-10-09,29.0,Debit Card
PAY013765,I016004,C1252,2025-11-20,29.0,Bank Transfer
PAY013766,I016006,C1252,2026-01-15,29.0,Bank Transfer
PAY013767,I016007,C1252,2026-02-15,29.0,Debit Card
PAY013768,I016008,C1252,2026-03-10,29.0,Credit Card
PAY013769,I016009,C1252,2026-04-14,29.0,Credit Card
PAY013770,I016011,C1252,2026-06-21,29.0,Credit Card
PAY013771,I016012,C1252,2026-07-10,29.0,UPI
PAY013772,I016013,C1252,2026-08-15,29.0,Debit Card
PAY013773,I016014,C1253,2023-10-27,499.0,Credit Card
PAY013774,I016015,C1253,2023-11-16,499.0,Debit Card
PAY013775,I016017,C1253,2024-01-28,499.0,UPI
PAY013776,I016018,C1253,2024-02-24,499.0,Debit Card
PAY013777,I016019,C1253,2024-03-20,499.0,UPI
PAY013778,I016020,C1253,2024-04-10,499.0,Bank Transfer
PAY013779,I016021,C1253,2024-05-23,499.0,UPI
PAY013780,I016022,C1253,2024-06-20,499.0,Debit Card
PAY013781,I016023,C1253,2024-07-11,499.0,Credit Card
PAY013782,I016024,C1254,2023-01-06,348.0,Debit Card
PAY013783,I016025,C1254,2024-01-04,348.0,Debit Card
PAY013784,I016026,C1255,2024-04-25,2388.0,UPI
PAY013785,I016027,C1255,2025-02-28,948.0,Debit Card
PAY013786,I016028,C1255,2026-02-25,948.0,Debit Card
PAY013787,I016029,C1256,2025-08-29,5988.0,Bank Transfer
PAY013788,I016030,C1256,2026-08-24,5988.0,Credit Card
PAY013789,I016031,C1257,2023-07-07,199.0,UPI
PAY013790,I016032,C1257,2023-07-29,199.0,UPI
PAY013791,I016033,C1257,2023-09-01,199.0,UPI
PAY013792,I016034,C1257,2023-09-30,199.0,Credit Card
PAY013793,I016035,C1257,2023-11-02,199.0,UPI
PAY013794,I016036,C1257,2023-12-03,199.0,Debit Card
PAY013795,I016037,C1257,2023-12-23,199.0,Debit Card
PAY013796,I016038,C1257,2024-02-05,199.0,Credit Card
PAY013797,I016039,C1257,2024-02-22,199.0,Credit Card
PAY013798,I016040,C1257,2024-03-24,199.0,Debit Card
PAY013799,I016041,C1257,2024-04-26,199.0,UPI
PAY013800,I016043,C1257,2024-06-29,199.0,Bank Transfer
PAY013801,I016044,C1257,2024-07-24,199.0,UPI
PAY013802,I016046,C1257,2024-10-10,199.0,UPI
PAY013803,I016047,C1257,2024-10-24,199.0,Credit Card
PAY013804,I016048,C1257,2024-11-28,199.0,Credit Card
PAY013805,I016050,C1257,2025-01-23,199.0,Bank Transfer
PAY013806,I016052,C1257,2025-03-28,199.0,Debit Card
PAY013807,I016054,C1257,2025-05-24,199.0,Debit Card
PAY013808,I016055,C1258,2026-01-17,199.0,Credit Card
PAY013809,I016056,C1258,2026-02-22,199.0,Bank Transfer
PAY013810,I016057,C1258,2026-03-21,199.0,Credit Card
PAY013811,I016058,C1258,2026-04-19,199.0,Credit Card
PAY013812,I016059,C1258,2026-06-03,199.0,Credit Card
PAY013813,I016060,C1258,2026-06-30,199.0,Credit Card
PAY013814,I016062,C1258,2026-08-15,199.0,UPI
PAY013815,I016063,C1258,2026-10-03,199.0,UPI
PAY013816,I016064,C1259,2026-03-10,499.0,Bank Transfer
PAY013817,I016065,C1259,2026-03-24,499.0,Bank Transfer
PAY013818,I016066,C1259,2026-04-25,499.0,Credit Card
PAY013819,I016067,C1259,2026-06-03,499.0,Credit Card
PAY013820,I016068,C1259,2026-07-05,499.0,Debit Card
PAY013821,I016069,C1259,2026-07-28,499.0,Bank Transfer
PAY013822,I016070,C1259,2026-09-07,499.0,UPI
PAY013823,I016071,C1259,2026-10-07,499.0,Bank Transfer
PAY013824,I016073,C1260,2025-06-07,79.0,Credit Card
PAY013825,I016075,C1260,2025-07-28,79.0,UPI
PAY013826,I016076,C1260,2025-09-07,79.0,Debit Card
PAY013827,I016077,C1260,2025-09-27,79.0,UPI
PAY013828,I016079,C1260,2025-12-03,79.0,Bank Transfer
PAY013829,I016081,C1260,2026-01-26,79.0,Credit Card
PAY013830,I016082,C1260,2026-02-23,79.0,Debit Card
PAY013831,I016083,C1260,2026-03-29,79.0,Debit Card
PAY013832,I016084,C1260,2026-04-22,79.0,UPI
PAY013833,I016085,C1260,2026-06-06,79.0,Bank Transfer
PAY013834,I016087,C1260,2026-07-28,79.0,UPI
PAY013835,I016088,C1260,2026-09-01,79.0,Credit Card
PAY013836,I016089,C1260,2026-10-07,79.0,UPI
PAY013837,I016091,C1261,2024-12-25,29.0,Credit Card
PAY013838,I016092,C1261,2025-01-20,29.0,UPI
PAY013839,I016093,C1261,2025-03-02,29.0,Credit Card
PAY013840,I016094,C1261,2025-03-30,29.0,Credit Card
PAY013841,I016095,C1262,2024-08-05,79.0,Debit Card
PAY013842,I016097,C1262,2024-10-09,79.0,Bank Transfer
PAY013843,I016098,C1262,2024-11-12,79.0,UPI
PAY013844,I016099,C1262,2024-12-06,79.0,Credit Card
PAY013845,I016100,C1262,2024-12-28,79.0,Bank Transfer
PAY013846,I016101,C1262,2025-02-16,79.0,Debit Card
PAY013847,I016103,C1262,2025-04-13,79.0,Bank Transfer
PAY013848,I016104,C1262,2025-05-05,79.0,Credit Card
PAY013849,I016105,C1262,2025-05-30,79.0,Debit Card
PAY013850,I016107,C1262,2025-08-14,79.0,UPI
PAY013851,I016108,C1262,2025-09-13,79.0,Bank Transfer
PAY013852,I016109,C1262,2025-10-16,79.0,Credit Card
PAY013853,I016110,C1262,2025-11-01,79.0,UPI
PAY013854,I016111,C1262,2025-12-08,79.0,UPI
PAY013855,I016112,C1262,2026-01-09,79.0,UPI
PAY013856,I016113,C1262,2026-01-31,79.0,Credit Card
PAY013857,I016114,C1262,2026-03-09,79.0,Bank Transfer
PAY013858,I016117,C1262,2026-06-01,79.0,Credit Card
PAY013859,I016119,C1263,2023-06-25,199.0,Debit Card
PAY013860,I016120,C1263,2023-07-29,199.0,Bank Transfer
PAY013861,I016121,C1263,2023-08-26,199.0,Credit Card
PAY013862,I016122,C1263,2023-09-21,199.0,UPI
PAY013863,I016123,C1263,2023-10-30,199.0,UPI
PAY013864,I016125,C1263,2023-12-26,199.0,Debit Card
PAY013865,I016126,C1263,2024-01-25,199.0,Debit Card
PAY013866,I016127,C1263,2024-02-29,199.0,Credit Card
PAY013867,I016128,C1263,2024-03-31,199.0,UPI
PAY013868,I016130,C1263,2024-05-20,199.0,Credit Card
PAY013869,I016131,C1263,2024-06-14,199.0,Credit Card
PAY013870,I016132,C1263,2024-07-18,199.0,UPI
PAY013871,I016133,C1263,2024-08-19,199.0,Credit Card
PAY013872,I016134,C1263,2024-09-30,199.0,Debit Card
PAY013873,I016135,C1263,2024-10-27,199.0,Credit Card
PAY013874,I016136,C1263,2024-11-21,199.0,Debit Card
PAY013875,I016137,C1263,2025-01-02,199.0,UPI
PAY013876,I016138,C1263,2025-01-24,199.0,Credit Card
PAY013877,I016139,C1263,2025-02-20,199.0,Bank Transfer
PAY013878,I016140,C1263,2025-03-24,199.0,Credit Card
PAY013879,I016141,C1263,2025-04-23,199.0,UPI
PAY013880,I016142,C1263,2025-05-24,199.0,Debit Card
PAY013881,I016144,C1264,2025-02-01,5988.0,Debit Card
PAY013882,I016145,C1265,2023-08-16,948.0,Credit Card
PAY013883,I016146,C1265,2024-07-31,948.0,UPI
PAY013884,I016147,C1266,2023-08-25,199.0,Debit Card
PAY013885,I016148,C1266,2023-09-30,199.0,Debit Card
PAY013886,I016149,C1266,2023-10-30,199.0,UPI
PAY013887,I016150,C1266,2023-11-13,199.0,Debit Card
PAY013888,I016151,C1266,2023-12-15,199.0,Bank Transfer
PAY013889,I016152,C1266,2024-01-30,199.0,Debit Card
PAY013890,I016153,C1266,2024-02-27,199.0,Debit Card
PAY013891,I016155,C1266,2024-04-18,199.0,Debit Card
PAY013892,I016156,C1266,2024-05-22,199.0,Credit Card
PAY013893,I016157,C1266,2024-06-25,199.0,Credit Card
PAY013894,I016158,C1266,2024-07-30,199.0,Credit Card
PAY013895,I016159,C1266,2024-08-27,199.0,Bank Transfer
PAY013896,I016160,C1266,2024-09-17,199.0,Credit Card
PAY013897,I016162,C1266,2024-11-27,199.0,UPI
PAY013898,I016163,C1266,2024-12-20,199.0,Debit Card
PAY013899,I016164,C1266,2025-01-21,199.0,Bank Transfer
PAY013900,I016165,C1266,2025-02-12,199.0,Debit Card
PAY013901,I016167,C1266,2025-04-26,199.0,Bank Transfer
PAY013902,I016168,C1266,2025-05-14,199.0,Credit Card
PAY013903,I016170,C1266,2025-07-16,199.0,Bank Transfer
PAY013904,I016171,C1267,2023-01-13,29.0,Credit Card
PAY013905,I016172,C1267,2023-02-10,29.0,UPI
PAY013906,I016173,C1267,2023-03-19,29.0,Bank Transfer
PAY013907,I016174,C1267,2023-04-09,29.0,Credit Card
PAY013908,I016176,C1267,2023-06-19,29.0,UPI
PAY013909,I016177,C1267,2023-07-12,29.0,Credit Card
PAY013910,I016179,C1267,2023-09-12,29.0,Bank Transfer
PAY013911,I016181,C1267,2023-11-15,29.0,Bank Transfer
PAY013912,I016182,C1267,2023-12-07,29.0,UPI
PAY013913,I016183,C1267,2024-01-15,29.0,UPI
PAY013914,I016186,C1267,2024-04-20,29.0,UPI
PAY013915,I016187,C1267,2024-05-15,29.0,UPI
PAY013916,I016188,C1267,2024-06-16,29.0,Debit Card
PAY013917,I016189,C1267,2024-07-08,29.0,UPI
PAY013918,I016190,C1267,2024-08-16,29.0,UPI
PAY013919,I016191,C1267,2024-09-14,29.0,Bank Transfer
PAY013920,I016192,C1267,2024-10-13,29.0,Credit Card
PAY013921,I016193,C1267,2024-11-20,29.0,Credit Card
PAY013922,I016194,C1267,2024-12-16,29.0,Bank Transfer
PAY013923,I016195,C1268,2024-01-19,79.0,UPI
PAY013924,I016196,C1268,2024-02-26,79.0,Debit Card
PAY013925,I016197,C1268,2024-03-11,79.0,Debit Card
PAY013926,I016198,C1268,2024-04-15,79.0,Credit Card
PAY013927,I016199,C1268,2024-05-12,79.0,Credit Card
PAY013928,I016200,C1268,2024-06-17,79.0,Credit Card
PAY013929,I016201,C1268,2024-07-26,79.0,Credit Card
PAY013930,I016202,C1268,2024-08-21,79.0,Debit Card
PAY013931,I016203,C1268,2024-09-21,79.0,Credit Card
PAY013932,I016207,C1268,2025-01-25,79.0,Credit Card
PAY013933,I016208,C1268,2025-02-16,79.0,Debit Card
PAY013934,I016209,C1268,2025-03-22,79.0,Bank Transfer
PAY013935,I016210,C1268,2025-04-18,79.0,UPI
PAY013936,I016211,C1268,2025-05-17,79.0,UPI
PAY013937,I016212,C1268,2025-06-26,79.0,Bank Transfer
PAY013938,I016213,C1268,2025-07-14,79.0,Bank Transfer
PAY013939,I016214,C1268,2025-08-10,79.0,Credit Card
PAY013940,I016215,C1268,2025-09-21,79.0,Debit Card
PAY013941,I016216,C1268,2025-10-19,79.0,Bank Transfer
PAY013942,I016217,C1268,2025-11-12,79.0,Debit Card
PAY013943,I016219,C1269,2024-09-14,29.0,Debit Card
PAY013944,I016220,C1269,2024-10-17,29.0,Debit Card
PAY013945,I016221,C1269,2024-11-07,29.0,UPI
PAY013946,I016222,C1269,2024-12-04,29.0,Debit Card
PAY013947,I016226,C1269,2025-06-01,29.0,Debit Card
PAY013948,I016227,C1269,2025-07-09,29.0,Debit Card
PAY013949,I016228,C1269,2025-08-07,29.0,Credit Card
PAY013950,I016229,C1269,2025-09-11,29.0,Credit Card
PAY013951,I016230,C1269,2025-10-17,29.0,Credit Card
PAY013952,I016231,C1269,2025-11-03,29.0,UPI
PAY013953,I016232,C1269,2025-12-18,29.0,Debit Card
PAY013954,I016234,C1269,2026-02-07,29.0,Bank Transfer
PAY013955,I016235,C1269,2026-03-02,29.0,Bank Transfer
PAY013956,I016236,C1269,2026-04-15,29.0,Debit Card
PAY013957,I016237,C1269,2026-05-06,29.0,Debit Card
PAY013958,I016238,C1269,2026-05-31,29.0,Bank Transfer
PAY013959,I016240,C1269,2026-08-05,29.0,Credit Card
PAY013960,I016241,C1269,2026-08-31,29.0,Debit Card
PAY013961,I016242,C1269,2026-10-01,29.0,Credit Card
PAY013962,I016243,C1270,2023-05-14,79.0,Bank Transfer
PAY013963,I016244,C1270,2023-05-29,79.0,Credit Card
PAY013964,I016245,C1270,2023-07-11,79.0,Bank Transfer
PAY013965,I016246,C1270,2023-08-07,79.0,UPI
PAY013966,I016247,C1270,2023-08-26,79.0,Credit Card
PAY013967,I016248,C1270,2023-10-05,79.0,Credit Card
PAY013968,I016249,C1270,2023-10-27,79.0,Bank Transfer
PAY013969,I016250,C1270,2023-12-09,79.0,UPI
PAY013970,I016251,C1270,2024-01-06,79.0,Bank Transfer
PAY013971,I016252,C1270,2024-02-03,79.0,Bank Transfer
PAY013972,I016253,C1270,2024-03-06,79.0,Bank Transfer
PAY013973,I016254,C1270,2024-04-12,79.0,Debit Card
PAY013974,I016255,C1270,2024-05-15,79.0,Bank Transfer
PAY013975,I016256,C1270,2024-06-12,79.0,UPI
PAY013976,I016257,C1270,2024-07-05,79.0,UPI
PAY013977,I016258,C1270,2024-08-03,79.0,UPI
PAY013978,I016259,C1270,2024-08-31,79.0,Bank Transfer
PAY013979,I016261,C1271,2024-04-27,79.0,UPI
PAY013980,I016263,C1271,2024-07-02,79.0,UPI
PAY013981,I016264,C1271,2024-08-06,79.0,Credit Card
PAY013982,I016265,C1271,2024-08-30,79.0,UPI
PAY013983,I016266,C1271,2024-09-22,79.0,Debit Card
PAY013984,I016267,C1271,2024-10-24,79.0,Bank Transfer
PAY013985,I016268,C1271,2024-12-03,79.0,Credit Card
PAY013986,I016269,C1271,2024-12-31,79.0,Credit Card
PAY013987,I016270,C1271,2025-02-01,79.0,Bank Transfer
PAY013988,I016271,C1271,2025-03-13,79.0,Bank Transfer
PAY013989,I016272,C1271,2025-04-03,79.0,UPI
PAY013990,I016274,C1271,2025-06-08,79.0,Debit Card
PAY013991,I016275,C1271,2025-06-24,79.0,Debit Card
PAY013992,I016277,C1271,2025-08-26,79.0,Bank Transfer
PAY013993,I016278,C1271,2025-10-11,79.0,Credit Card
PAY013994,I016280,C1271,2025-11-29,79.0,Debit Card
PAY013995,I016281,C1271,2026-01-08,79.0,Bank Transfer
PAY013996,I016282,C1271,2026-02-02,79.0,Debit Card
PAY013997,I016283,C1271,2026-02-23,79.0,Debit Card
PAY013998,I016284,C1272,2024-03-07,199.0,Credit Card
PAY013999,I016286,C1272,2024-04-27,199.0,UPI
PAY014000,I016288,C1272,2024-06-24,199.0,UPI
PAY014001,I016289,C1272,2024-08-03,199.0,Debit Card
PAY014002,I016290,C1272,2024-08-31,199.0,UPI
PAY014003,I016291,C1272,2024-09-28,199.0,Debit Card
PAY014004,I016292,C1272,2024-11-05,199.0,Debit Card
PAY014005,I016294,C1272,2025-01-02,199.0,Credit Card
PAY014006,I016295,C1272,2025-02-01,199.0,Bank Transfer
PAY014007,I016296,C1272,2025-02-20,199.0,UPI
PAY014008,I016297,C1272,2025-03-29,199.0,Credit Card
PAY014009,I016298,C1272,2025-04-28,199.0,UPI
PAY014010,I016299,C1272,2025-05-22,199.0,Bank Transfer
PAY014011,I016300,C1272,2025-06-24,199.0,Bank Transfer
PAY014012,I016301,C1272,2025-08-06,199.0,Credit Card
PAY014013,I016302,C1272,2025-09-06,199.0,Bank Transfer
PAY014014,I016304,C1272,2025-11-01,199.0,Credit Card
PAY014015,I016305,C1272,2025-11-23,199.0,Debit Card
PAY014016,I016306,C1272,2025-12-20,199.0,Bank Transfer
PAY014017,I016307,C1272,2026-01-24,199.0,Bank Transfer
PAY014018,I016308,C1273,2026-02-07,2388.0,Debit Card
PAY014019,I016309,C1274,2025-06-16,948.0,Debit Card
PAY014020,I016310,C1275,2025-11-26,79.0,Bank Transfer
PAY014021,I016312,C1275,2026-01-23,79.0,Credit Card
PAY014022,I016313,C1275,2026-02-17,79.0,Debit Card
PAY014023,I016315,C1275,2026-05-02,79.0,Debit Card
PAY014024,I016316,C1275,2026-05-20,79.0,Debit Card
PAY014025,I016317,C1275,2026-06-23,79.0,Credit Card
PAY014026,I016318,C1275,2026-07-20,79.0,UPI
PAY014027,I016319,C1275,2026-08-23,79.0,Debit Card
PAY014028,I016320,C1275,2026-09-24,79.0,Credit Card
PAY014029,I016324,C1278,2024-12-29,199.0,UPI
PAY014030,I016325,C1278,2025-01-23,199.0,UPI
PAY014031,I016329,C1278,2025-05-24,199.0,Credit Card
PAY014032,I016330,C1278,2025-06-25,199.0,Bank Transfer
PAY014033,I016331,C1278,2025-08-02,199.0,Bank Transfer
PAY014034,I016332,C1278,2025-08-28,199.0,Bank Transfer
PAY014035,I016333,C1278,2025-09-20,199.0,Debit Card
PAY014036,I016334,C1278,2025-10-28,199.0,UPI
PAY014037,I016335,C1278,2025-11-18,199.0,Bank Transfer
PAY014038,I016336,C1278,2025-12-30,199.0,UPI
PAY014039,I016337,C1278,2026-01-29,199.0,Debit Card
PAY014040,I016338,C1278,2026-03-03,199.0,Credit Card
PAY014041,I016339,C1278,2026-03-26,199.0,Debit Card
PAY014042,I016341,C1278,2026-06-04,199.0,Bank Transfer
PAY014043,I016342,C1278,2026-06-22,199.0,UPI
PAY014044,I016343,C1278,2026-07-19,199.0,Debit Card
PAY014045,I016344,C1278,2026-08-21,199.0,Bank Transfer
PAY014046,I016345,C1278,2026-10-07,199.0,Debit Card
PAY014047,I016347,C1279,2026-02-25,79.0,Bank Transfer
PAY014048,I016348,C1279,2026-03-12,79.0,Bank Transfer
PAY014049,I016349,C1279,2026-04-12,79.0,UPI
PAY014050,I016350,C1279,2026-05-25,79.0,Credit Card
PAY014051,I016351,C1279,2026-06-15,79.0,Bank Transfer
PAY014052,I016352,C1279,2026-07-13,79.0,Bank Transfer
PAY014053,I016355,C1280,2025-11-17,29.0,Debit Card
PAY014054,I016356,C1280,2025-12-29,29.0,Credit Card
PAY014055,I016357,C1280,2026-01-20,29.0,Credit Card
PAY014056,I016358,C1280,2026-03-07,29.0,Credit Card
PAY014057,I016360,C1280,2026-04-26,29.0,Credit Card
PAY014058,I016361,C1280,2026-05-26,29.0,Debit Card
PAY014059,I016362,C1280,2026-06-16,29.0,Bank Transfer
PAY014060,I016363,C1280,2026-08-04,29.0,Credit Card
PAY014061,I016364,C1280,2026-08-20,29.0,UPI
PAY014062,I016365,C1280,2026-09-25,29.0,Bank Transfer
PAY014063,I016366,C1281,2023-10-11,29.0,Credit Card
PAY014064,I016367,C1281,2023-11-13,29.0,UPI
PAY014065,I016369,C1281,2024-01-10,29.0,UPI
PAY014066,I016370,C1281,2024-02-05,29.0,Bank Transfer
PAY014067,I016371,C1281,2024-03-07,29.0,UPI
PAY014068,I016372,C1281,2024-04-10,29.0,Debit Card
PAY014069,I016374,C1281,2024-06-02,29.0,Bank Transfer
PAY014070,I016375,C1281,2024-07-08,29.0,Bank Transfer
PAY014071,I016376,C1281,2024-08-06,29.0,UPI
PAY014072,I016377,C1281,2024-09-04,29.0,Credit Card
PAY014073,I016378,C1281,2024-09-30,29.0,Credit Card
PAY014074,I016379,C1281,2024-11-12,29.0,Credit Card
PAY014075,I016380,C1281,2024-12-15,29.0,Bank Transfer
PAY014076,I016381,C1281,2025-01-11,29.0,Debit Card
PAY014077,I016383,C1281,2025-03-17,29.0,Credit Card
PAY014078,I016384,C1281,2025-03-28,29.0,UPI
PAY014079,I016385,C1281,2025-05-02,29.0,Debit Card
PAY014080,I016386,C1281,2025-06-14,29.0,Credit Card
PAY014081,I016387,C1281,2025-07-04,29.0,Debit Card
PAY014082,I016389,C1281,2025-09-01,29.0,UPI
PAY014083,I016390,C1282,2024-07-27,948.0,UPI
PAY014084,I016391,C1282,2025-07-20,948.0,Bank Transfer
PAY014085,I016392,C1283,2025-03-16,29.0,UPI
PAY014086,I016393,C1283,2025-04-24,29.0,Bank Transfer
PAY014087,I016394,C1283,2025-05-24,29.0,Credit Card
PAY014088,I016395,C1283,2025-06-21,29.0,Bank Transfer
PAY014089,I016396,C1283,2025-07-22,29.0,UPI
PAY014090,I016397,C1283,2025-08-15,29.0,UPI
PAY014091,I016398,C1283,2025-09-27,29.0,UPI
PAY014092,I016400,C1283,2025-11-18,29.0,Credit Card
PAY014093,I016402,C1283,2026-01-23,29.0,UPI
PAY014094,I016403,C1283,2026-03-02,29.0,Credit Card
PAY014095,I016404,C1283,2026-03-29,29.0,Debit Card
PAY014096,I016405,C1283,2026-04-30,29.0,UPI
PAY014097,I016406,C1283,2026-05-22,29.0,Bank Transfer
PAY014098,I016407,C1283,2026-06-16,29.0,Debit Card
PAY014099,I016408,C1283,2026-07-18,29.0,Bank Transfer
PAY014100,I016409,C1283,2026-08-26,29.0,Credit Card
PAY014101,I016410,C1283,2026-09-25,29.0,Credit Card
PAY014102,I016412,C1284,2024-09-23,948.0,UPI
PAY014103,I016413,C1285,2024-02-06,29.0,Credit Card
PAY014104,I016414,C1285,2024-02-22,29.0,UPI
PAY014105,I016415,C1285,2024-04-02,29.0,Bank Transfer
PAY014106,I016416,C1285,2024-05-01,29.0,Bank Transfer
PAY014107,I016417,C1285,2024-05-28,29.0,Debit Card
PAY014108,I016419,C1285,2024-08-08,29.0,UPI
PAY014109,I016420,C1285,2024-08-29,29.0,Credit Card
PAY014110,I016421,C1285,2024-09-28,29.0,Credit Card
PAY014111,I016422,C1285,2024-11-04,29.0,Credit Card
PAY014112,I016423,C1285,2024-11-24,29.0,Credit Card
PAY014113,I016424,C1285,2024-12-29,29.0,Bank Transfer
PAY014114,I016426,C1285,2025-02-24,29.0,UPI
PAY014115,I016427,C1285,2025-04-09,29.0,Credit Card
PAY014116,I016428,C1285,2025-04-30,29.0,UPI
PAY014117,I016429,C1285,2025-05-24,29.0,Bank Transfer
PAY014118,I016430,C1285,2025-07-07,29.0,Debit Card
PAY014119,I016431,C1285,2025-08-07,29.0,UPI
PAY014120,I016433,C1285,2025-10-08,29.0,Bank Transfer
PAY014121,I016434,C1285,2025-11-08,29.0,Credit Card
PAY014122,I016435,C1285,2025-11-29,29.0,Debit Card
PAY014123,I016437,C1286,2024-12-02,79.0,UPI
PAY014124,I016438,C1286,2025-01-17,79.0,Bank Transfer
PAY014125,I016439,C1286,2025-02-14,79.0,Credit Card
PAY014126,I016440,C1286,2025-03-11,79.0,UPI
PAY014127,I016441,C1286,2025-04-06,79.0,UPI
PAY014128,I016442,C1286,2025-05-19,79.0,Debit Card
PAY014129,I016444,C1286,2025-07-11,79.0,Bank Transfer
PAY014130,I016446,C1286,2025-09-09,79.0,Bank Transfer
PAY014131,I016448,C1286,2025-11-18,79.0,Credit Card
PAY014132,I016449,C1286,2025-12-08,79.0,UPI
PAY014133,I016450,C1286,2026-01-14,79.0,Credit Card
PAY014134,I016451,C1286,2026-02-10,79.0,Debit Card
PAY014135,I016452,C1286,2026-03-20,79.0,Debit Card
PAY014136,I016453,C1287,2024-07-16,79.0,Bank Transfer
PAY014137,I016454,C1287,2024-08-26,79.0,Credit Card
PAY014138,I016455,C1287,2024-09-16,79.0,Bank Transfer
PAY014139,I016456,C1287,2024-10-16,79.0,Bank Transfer
PAY014140,I016457,C1287,2024-11-21,79.0,Credit Card
PAY014141,I016458,C1287,2024-12-20,79.0,Credit Card
PAY014142,I016459,C1287,2025-01-31,79.0,Bank Transfer
PAY014143,I016460,C1287,2025-02-13,79.0,Debit Card
PAY014144,I016461,C1287,2025-03-29,79.0,UPI
PAY014145,I016462,C1287,2025-04-19,79.0,Bank Transfer
PAY014146,I016463,C1287,2025-05-18,79.0,Credit Card
PAY014147,I016464,C1287,2025-06-21,79.0,Credit Card
PAY014148,I016465,C1287,2025-07-23,79.0,Credit Card
PAY014149,I016466,C1287,2025-08-23,79.0,Debit Card
PAY014150,I016467,C1287,2025-09-22,79.0,Credit Card
PAY014151,I016468,C1287,2025-10-13,79.0,Credit Card
PAY014152,I016469,C1287,2025-11-12,79.0,UPI
PAY014153,I016471,C1287,2026-01-18,79.0,UPI
PAY014154,I016473,C1287,2026-03-22,79.0,Credit Card
PAY014155,I016475,C1287,2026-05-29,79.0,Bank Transfer
PAY014156,I016476,C1287,2026-06-15,79.0,Credit Card
PAY014157,I016477,C1288,2025-09-11,948.0,Bank Transfer
PAY014158,I016479,C1289,2025-09-24,29.0,Bank Transfer
PAY014159,I016481,C1289,2025-11-21,29.0,Credit Card
PAY014160,I016482,C1289,2025-12-28,29.0,Credit Card
PAY014161,I016483,C1289,2026-01-20,29.0,UPI
PAY014162,I016484,C1289,2026-02-18,29.0,UPI
PAY014163,I016485,C1289,2026-03-27,29.0,Bank Transfer
PAY014164,I016486,C1289,2026-04-21,29.0,UPI
PAY014165,I016487,C1289,2026-05-15,29.0,UPI
PAY014166,I016489,C1289,2026-07-21,29.0,Credit Card
PAY014167,I016490,C1289,2026-08-24,29.0,UPI
PAY014168,I016491,C1289,2026-09-19,29.0,Credit Card
PAY014169,I016493,C1290,2024-01-28,29.0,Debit Card
PAY014170,I016494,C1290,2024-02-21,29.0,UPI
PAY014171,I016495,C1290,2024-03-26,29.0,Debit Card
PAY014172,I016498,C1290,2024-06-29,29.0,UPI
PAY014173,I016500,C1290,2024-09-04,29.0,Credit Card
PAY014174,I016501,C1290,2024-10-04,29.0,UPI
PAY014175,I016502,C1290,2024-10-25,29.0,UPI
PAY014176,I016504,C1290,2024-12-31,29.0,Credit Card
PAY014177,I016505,C1290,2025-02-04,29.0,Bank Transfer
PAY014178,I016506,C1290,2025-02-24,29.0,Credit Card
PAY014179,I016508,C1290,2025-04-27,29.0,Debit Card
PAY014180,I016509,C1290,2025-05-24,29.0,UPI
PAY014181,I016510,C1290,2025-06-26,29.0,Bank Transfer
PAY014182,I016511,C1290,2025-07-20,29.0,Bank Transfer
PAY014183,I016512,C1290,2025-08-30,29.0,Credit Card
PAY014184,I016514,C1290,2025-10-19,29.0,Bank Transfer
PAY014185,I016515,C1290,2025-12-04,29.0,UPI
PAY014186,I016516,C1291,2025-01-25,2388.0,Credit Card
PAY014187,I016517,C1291,2026-05-11,79.0,Credit Card
PAY014188,I016518,C1291,2026-06-14,79.0,Debit Card
PAY014189,I016519,C1291,2026-07-08,79.0,Bank Transfer
PAY014190,I016520,C1291,2026-07-30,79.0,Debit Card
PAY014191,I016521,C1291,2026-09-12,79.0,Debit Card
PAY014192,I016522,C1291,2026-10-11,79.0,Bank Transfer
PAY014193,I016523,C1292,2025-02-20,79.0,Credit Card
PAY014194,I016525,C1292,2025-05-02,79.0,Credit Card
PAY014195,I016527,C1292,2025-06-26,79.0,Bank Transfer
PAY014196,I016528,C1292,2025-07-31,79.0,Debit Card
PAY014197,I016529,C1292,2025-08-26,79.0,Bank Transfer
PAY014198,I016530,C1292,2025-10-07,79.0,Credit Card
PAY014199,I016531,C1292,2025-10-25,79.0,Bank Transfer
PAY014200,I016532,C1292,2025-11-26,79.0,Credit Card
PAY014201,I016533,C1292,2025-12-31,79.0,Bank Transfer
PAY014202,I016534,C1292,2026-01-30,79.0,Debit Card
PAY014203,I016535,C1292,2026-03-10,79.0,Debit Card
PAY014204,I016537,C1292,2026-05-08,79.0,Credit Card
PAY014205,I016539,C1292,2026-07-01,79.0,Bank Transfer
PAY014206,I016540,C1292,2026-07-28,79.0,Debit Card
PAY014207,I016541,C1292,2026-08-23,79.0,UPI
PAY014208,I016542,C1292,2026-09-24,79.0,Bank Transfer
PAY014209,I016544,C1293,2025-11-26,79.0,Credit Card
PAY014210,I016546,C1293,2026-01-23,79.0,Credit Card
PAY014211,I016548,C1293,2026-04-08,79.0,Debit Card
PAY014212,I016549,C1294,2024-06-30,5988.0,Bank Transfer
PAY014213,I016550,C1294,2025-07-10,5988.0,Credit Card
PAY014214,I016551,C1295,2023-04-06,29.0,Bank Transfer
PAY014215,I016552,C1295,2023-05-07,29.0,Credit Card
PAY014216,I016553,C1295,2023-05-31,29.0,UPI
PAY014217,I016554,C1295,2023-07-07,29.0,Bank Transfer
PAY014218,I016555,C1295,2023-08-04,29.0,Credit Card
PAY014219,I016556,C1295,2023-08-31,29.0,Debit Card
PAY014220,I016557,C1295,2023-09-23,29.0,Debit Card
PAY014221,I016558,C1295,2023-10-27,29.0,Bank Transfer
PAY014222,I016559,C1295,2023-12-05,29.0,Bank Transfer
PAY014223,I016560,C1295,2023-12-23,29.0,UPI
PAY014224,I016561,C1295,2024-01-22,29.0,Credit Card
PAY014225,I016562,C1295,2024-02-28,29.0,UPI
PAY014226,I016563,C1295,2024-04-06,29.0,Bank Transfer
PAY014227,I016564,C1295,2024-05-07,29.0,UPI
PAY014228,I016566,C1295,2023-09-06,199.0,Bank Transfer
PAY014229,I016567,C1295,2023-10-09,199.0,Bank Transfer
PAY014230,I016568,C1295,2023-10-29,199.0,UPI
PAY014231,I016569,C1295,2023-12-08,199.0,Debit Card
PAY014232,I016570,C1295,2023-12-22,199.0,Credit Card
PAY014233,I016571,C1295,2024-01-25,199.0,Credit Card
PAY014234,I016572,C1295,2024-02-28,199.0,Debit Card
PAY014235,I016573,C1295,2024-03-23,199.0,Bank Transfer
PAY014236,I016574,C1295,2024-05-08,199.0,Bank Transfer
PAY014237,I016575,C1295,2024-05-22,199.0,Credit Card
PAY014238,I016577,C1295,2024-07-22,199.0,Bank Transfer
PAY014239,I016578,C1295,2024-08-22,199.0,Debit Card
PAY014240,I016579,C1295,2024-10-09,199.0,UPI
PAY014241,I016580,C1295,2024-10-30,199.0,Credit Card
PAY014242,I016581,C1295,2024-11-22,199.0,Credit Card
PAY014243,I016582,C1295,2025-01-03,199.0,Bank Transfer
PAY014244,I016583,C1295,2025-01-31,199.0,UPI
PAY014245,I016585,C1295,2025-04-03,199.0,UPI
PAY014246,I016586,C1295,2025-05-07,199.0,Debit Card
PAY014247,I016587,C1295,2025-05-26,199.0,Credit Card
PAY014248,I016588,C1295,2025-07-04,199.0,Debit Card
PAY014249,I016589,C1296,2023-12-02,29.0,Bank Transfer
PAY014250,I016590,C1296,2024-01-01,29.0,Debit Card
PAY014251,I016591,C1296,2024-02-17,29.0,Credit Card
PAY014252,I016592,C1296,2024-03-03,29.0,Credit Card
PAY014253,I016593,C1296,2024-04-08,29.0,Debit Card
PAY014254,I016595,C1296,2024-06-17,29.0,UPI
PAY014255,I016596,C1296,2024-07-06,29.0,Bank Transfer
PAY014256,I016597,C1296,2024-07-30,29.0,UPI
PAY014257,I016598,C1296,2024-08-31,29.0,Bank Transfer
PAY014258,I016599,C1296,2024-10-01,29.0,Bank Transfer
PAY014259,I016600,C1296,2024-11-16,29.0,UPI
PAY014260,I016601,C1296,2024-12-02,29.0,Credit Card
PAY014261,I016603,C1296,2025-02-16,29.0,Credit Card
PAY014262,I016604,C1296,2025-03-16,29.0,Bank Transfer
PAY014263,I016605,C1296,2025-04-06,29.0,Credit Card
PAY014264,I016606,C1296,2025-05-05,29.0,Bank Transfer
PAY014265,I016607,C1296,2025-06-04,29.0,Credit Card
PAY014266,I016608,C1296,2025-07-08,29.0,Debit Card
PAY014267,I016610,C1296,2025-09-11,29.0,Bank Transfer
PAY014268,I016611,C1296,2025-10-12,29.0,UPI
PAY014269,I016613,C1297,2025-06-21,29.0,UPI
PAY014270,I016615,C1297,2025-08-24,29.0,Debit Card
PAY014271,I016616,C1297,2025-09-18,29.0,Debit Card
PAY014272,I016617,C1297,2025-10-18,29.0,Debit Card
PAY014273,I016618,C1297,2025-11-07,29.0,UPI
PAY014274,I016620,C1297,2026-01-11,29.0,Bank Transfer
PAY014275,I016621,C1297,2026-02-11,29.0,Debit Card
PAY014276,I016622,C1297,2026-03-12,29.0,UPI
PAY014277,I016623,C1297,2026-04-21,29.0,Debit Card
PAY014278,I016625,C1297,2026-06-13,29.0,UPI
PAY014279,I016626,C1297,2026-07-24,29.0,Bank Transfer
PAY014280,I016627,C1297,2026-08-26,29.0,Credit Card
PAY014281,I016628,C1297,2026-09-08,29.0,Credit Card
PAY014282,I016629,C1298,2026-02-13,29.0,Bank Transfer
PAY014283,I016631,C1298,2026-04-07,29.0,Bank Transfer
PAY014284,I016632,C1298,2026-04-28,29.0,Credit Card
PAY014285,I016634,C1298,2026-07-01,29.0,Debit Card
PAY014286,I016635,C1298,2026-07-29,29.0,UPI
PAY014287,I016636,C1298,2026-09-08,29.0,Bank Transfer
PAY014288,I016637,C1298,2026-09-27,29.0,Bank Transfer
PAY014289,I016639,C1300,2024-05-19,199.0,Debit Card
PAY014290,I016640,C1300,2024-07-02,199.0,Debit Card
PAY014291,I016641,C1300,2024-07-18,199.0,Debit Card
PAY014292,I016642,C1300,2024-08-25,199.0,Bank Transfer
PAY014293,I016643,C1300,2024-09-17,199.0,Credit Card
PAY014294,I016644,C1300,2024-10-23,199.0,Bank Transfer
PAY014295,I016645,C1300,2024-11-29,199.0,Bank Transfer
PAY014296,I016647,C1300,2025-01-22,199.0,UPI
PAY014297,I016648,C1300,2025-03-03,199.0,Bank Transfer
PAY014298,I016649,C1300,2025-04-04,199.0,Bank Transfer
PAY014299,I016650,C1300,2025-04-19,199.0,Bank Transfer
PAY014300,I016651,C1300,2025-05-25,199.0,Credit Card
PAY014301,I016652,C1300,2025-06-28,199.0,Debit Card
PAY014302,I016653,C1300,2025-07-18,199.0,Bank Transfer
PAY014303,I016654,C1300,2025-08-26,199.0,UPI
PAY014304,I016655,C1300,2025-09-23,199.0,Credit Card
PAY014305,I016656,C1300,2025-10-19,199.0,UPI
PAY014306,I016657,C1300,2025-11-22,199.0,Credit Card
PAY014307,I016658,C1300,2025-12-28,199.0,Bank Transfer
PAY014308,I016659,C1300,2026-01-23,199.0,Bank Transfer
PAY014309,I016660,C1300,2026-02-22,199.0,Bank Transfer
PAY014310,I016663,C1301,2025-02-06,29.0,UPI
PAY014311,I016664,C1301,2025-03-21,29.0,Bank Transfer
PAY014312,I016665,C1301,2025-04-04,29.0,Debit Card
PAY014313,I016666,C1301,2025-05-09,29.0,UPI
PAY014314,I016667,C1301,2025-06-16,29.0,Credit Card
PAY014315,I016668,C1301,2025-07-16,29.0,UPI
PAY014316,I016670,C1301,2025-09-09,29.0,Bank Transfer
PAY014317,I016671,C1301,2025-10-05,29.0,Bank Transfer
PAY014318,I016672,C1301,2025-11-13,29.0,Bank Transfer
PAY014319,I016673,C1301,2025-12-03,29.0,Bank Transfer
PAY014320,I016674,C1301,2026-01-08,29.0,Credit Card
PAY014321,I016675,C1301,2026-02-19,29.0,Debit Card
PAY014322,I016676,C1301,2026-03-19,29.0,UPI
PAY014323,I016678,C1301,2025-06-11,348.0,Debit Card
PAY014324,I016679,C1301,2026-06-25,348.0,Credit Card
PAY014325,I016680,C1302,2025-07-20,948.0,Debit Card
PAY014326,I016683,C1303,2025-07-17,948.0,Debit Card
PAY014327,I016684,C1304,2023-01-19,79.0,Debit Card
PAY014328,I016685,C1304,2023-02-19,79.0,Debit Card
PAY014329,I016686,C1304,2023-03-22,79.0,Bank Transfer
PAY014330,I016687,C1304,2023-04-26,79.0,Credit Card
PAY014331,I016689,C1304,2023-06-15,79.0,Bank Transfer
PAY014332,I016690,C1304,2023-07-16,79.0,Debit Card
PAY014333,I016691,C1304,2024-03-24,348.0,UPI
PAY014334,I016692,C1304,2025-03-24,348.0,Debit Card
PAY014335,I016693,C1305,2024-02-12,79.0,Bank Transfer
PAY014336,I016694,C1305,2024-03-15,79.0,UPI
PAY014337,I016695,C1305,2024-04-07,79.0,Credit Card
PAY014338,I016696,C1305,2024-05-11,79.0,Bank Transfer
PAY014339,I016697,C1305,2024-06-10,79.0,Bank Transfer
PAY014340,I016698,C1305,2024-07-07,79.0,Debit Card
PAY014341,I016699,C1305,2024-07-29,79.0,Credit Card
PAY014342,I016700,C1305,2024-09-03,79.0,Debit Card
PAY014343,I016701,C1305,2024-10-13,79.0,Bank Transfer
PAY014344,I016702,C1305,2024-11-08,79.0,Bank Transfer
PAY014345,I016703,C1305,2024-12-15,79.0,Debit Card
PAY014346,I016704,C1305,2024-12-30,79.0,Debit Card
PAY014347,I016705,C1305,2025-02-13,79.0,Bank Transfer
PAY014348,I016707,C1305,2025-04-04,79.0,Credit Card
PAY014349,I016708,C1305,2025-05-02,79.0,UPI
PAY014350,I016709,C1305,2025-06-09,79.0,Debit Card
PAY014351,I016710,C1305,2025-06-30,79.0,Bank Transfer
PAY014352,I016711,C1305,2025-08-11,79.0,UPI
PAY014353,I016713,C1305,2025-09-27,79.0,Credit Card
PAY014354,I016714,C1305,2025-11-14,79.0,Credit Card
PAY014355,I016715,C1305,2025-11-29,79.0,Debit Card
PAY014356,I016716,C1305,2026-01-02,79.0,UPI
PAY014357,I016718,C1306,2023-12-08,499.0,UPI
PAY014358,I016719,C1306,2024-01-16,499.0,UPI
PAY014359,I016720,C1306,2024-02-08,499.0,UPI
PAY014360,I016721,C1306,2024-03-11,499.0,Credit Card
PAY014361,I016722,C1306,2024-04-07,499.0,UPI
PAY014362,I016723,C1306,2024-05-10,499.0,Bank Transfer
PAY014363,I016724,C1306,2024-06-16,499.0,UPI
PAY014364,I016725,C1306,2024-07-13,499.0,Bank Transfer
PAY014365,I016726,C1306,2024-08-15,499.0,Credit Card
PAY014366,I016727,C1306,2024-09-21,499.0,Bank Transfer
PAY014367,I016729,C1306,2024-11-13,499.0,Bank Transfer
PAY014368,I016730,C1306,2024-12-13,499.0,Credit Card
PAY014369,I016731,C1306,2025-01-23,499.0,Bank Transfer
PAY014370,I016732,C1306,2025-02-09,499.0,Bank Transfer
PAY014371,I016733,C1306,2025-03-14,499.0,UPI
PAY014372,I016735,C1306,2025-05-25,499.0,Credit Card
PAY014373,I016736,C1306,2025-06-06,499.0,Credit Card
PAY014374,I016737,C1306,2025-07-24,499.0,Credit Card
PAY014375,I016738,C1306,2025-08-12,499.0,Bank Transfer
PAY014376,I016739,C1306,2025-09-15,499.0,UPI
PAY014377,I016740,C1306,2025-10-10,499.0,UPI
PAY014378,I016741,C1307,2024-02-04,499.0,Credit Card
PAY014379,I016742,C1307,2024-03-01,499.0,Bank Transfer
PAY014380,I016743,C1307,2024-04-09,499.0,Credit Card
PAY014381,I016744,C1307,2024-04-25,499.0,Credit Card
PAY014382,I016745,C1307,2024-05-21,499.0,Bank Transfer
PAY014383,I016746,C1307,2024-06-25,499.0,Debit Card
PAY014384,I016747,C1307,2024-07-31,499.0,Bank Transfer
PAY014385,I016748,C1307,2024-09-06,499.0,Bank Transfer
PAY014386,I016749,C1307,2024-09-22,499.0,Credit Card
PAY014387,I016751,C1307,2024-12-01,499.0,Debit Card
PAY014388,I016752,C1307,2024-12-26,499.0,UPI
PAY014389,I016753,C1307,2025-01-31,499.0,Bank Transfer
PAY014390,I016754,C1307,2025-03-11,499.0,Debit Card
PAY014391,I016756,C1307,2025-04-26,499.0,Debit Card
PAY014392,I016757,C1307,2025-06-02,499.0,UPI
PAY014393,I016758,C1307,2025-07-10,499.0,UPI
PAY014394,I016759,C1307,2025-08-08,499.0,Bank Transfer
PAY014395,I016760,C1307,2025-08-28,499.0,UPI
PAY014396,I016761,C1307,2025-10-05,499.0,Debit Card
PAY014397,I016762,C1307,2025-11-05,499.0,Bank Transfer
PAY014398,I016763,C1307,2025-11-30,499.0,Credit Card
PAY014399,I016764,C1307,2026-01-08,499.0,UPI
PAY014400,I016765,C1308,2025-08-31,29.0,Credit Card
PAY014401,I016766,C1308,2025-09-30,29.0,Bank Transfer
PAY014402,I016768,C1308,2025-12-10,29.0,Bank Transfer
PAY014403,I016769,C1308,2026-01-14,29.0,Credit Card
PAY014404,I016770,C1308,2026-02-03,29.0,Debit Card
PAY014405,I016771,C1308,2026-03-12,29.0,Debit Card
PAY014406,I016772,C1308,2026-04-01,29.0,UPI
PAY014407,I016773,C1308,2026-05-18,29.0,Debit Card
PAY014408,I016774,C1308,2026-06-03,29.0,Credit Card
PAY014409,I016775,C1308,2026-07-02,29.0,Debit Card
PAY014410,I016776,C1308,2026-08-02,29.0,UPI
PAY014411,I016777,C1308,2026-09-06,29.0,Bank Transfer
PAY014412,I016778,C1308,2026-10-02,29.0,UPI
PAY014413,I016779,C1309,2026-01-26,199.0,Debit Card
PAY014414,I016781,C1309,2026-03-25,199.0,Credit Card
PAY014415,I016782,C1309,2026-04-27,199.0,Credit Card
PAY014416,I016783,C1309,2026-05-23,199.0,Bank Transfer
PAY014417,I016784,C1309,2026-07-07,199.0,Bank Transfer
PAY014418,I016785,C1309,2026-08-07,199.0,UPI
PAY014419,I016786,C1309,2026-08-22,199.0,UPI
PAY014420,I016788,C1310,2026-02-03,29.0,Credit Card
PAY014421,I016789,C1310,2026-03-06,29.0,Debit Card
PAY014422,I016790,C1310,2026-04-01,29.0,Debit Card
PAY014423,I016791,C1310,2026-04-21,29.0,Bank Transfer
PAY014424,I016793,C1310,2026-06-22,29.0,Bank Transfer
PAY014425,I016794,C1310,2026-07-24,29.0,Debit Card
PAY014426,I016795,C1310,2026-09-05,29.0,UPI
PAY014427,I016796,C1310,2026-09-27,29.0,UPI
PAY014428,I016797,C1310,2026-06-01,29.0,Debit Card
PAY014429,I016799,C1310,2026-07-31,29.0,Bank Transfer
PAY014430,I016800,C1310,2026-09-03,29.0,Credit Card
PAY014431,I016801,C1310,2026-09-17,29.0,Debit Card
PAY014432,I016802,C1311,2023-12-07,79.0,UPI
PAY014433,I016803,C1311,2024-01-20,79.0,Credit Card
PAY014434,I016804,C1311,2024-02-23,79.0,Debit Card
PAY014435,I016805,C1311,2024-03-14,79.0,Credit Card
PAY014436,I016806,C1311,2024-04-06,79.0,Credit Card
PAY014437,I016807,C1311,2024-05-11,79.0,Debit Card
PAY014438,I016809,C1311,2024-07-13,79.0,UPI
PAY014439,I016810,C1311,2024-08-12,79.0,Debit Card
PAY014440,I016811,C1311,2024-09-09,79.0,Credit Card
PAY014441,I016812,C1311,2024-10-06,79.0,Credit Card
PAY014442,I016814,C1311,2024-12-22,79.0,Debit Card
PAY014443,I016815,C1311,2025-01-17,79.0,Credit Card
PAY014444,I016816,C1311,2025-01-23,79.0,Debit Card
PAY014445,I016817,C1311,2025-02-14,79.0,Bank Transfer
PAY014446,I016818,C1311,2025-03-14,79.0,UPI
PAY014447,I016819,C1311,2025-04-06,79.0,Bank Transfer
PAY014448,I016820,C1311,2025-05-08,79.0,UPI
PAY014449,I016821,C1311,2025-06-18,79.0,UPI
PAY014450,I016822,C1311,2025-07-17,79.0,Bank Transfer
PAY014451,I016824,C1311,2025-09-12,79.0,Credit Card
PAY014452,I016825,C1311,2025-10-12,79.0,Credit Card
PAY014453,I016826,C1311,2025-11-25,79.0,UPI
PAY014454,I016827,C1311,2025-12-25,79.0,Debit Card
PAY014455,I016828,C1311,2026-01-09,79.0,Debit Card
PAY014456,I016829,C1311,2026-02-22,79.0,Debit Card
PAY014457,I016830,C1311,2026-03-08,79.0,UPI
PAY014458,I016831,C1311,2026-04-23,79.0,Debit Card
PAY014459,I016832,C1311,2026-05-21,79.0,Bank Transfer
PAY014460,I016833,C1311,2026-06-06,79.0,Debit Card
PAY014461,I016834,C1311,2026-07-20,79.0,Bank Transfer
PAY014462,I016837,C1312,2024-09-04,948.0,Bank Transfer
PAY014463,I016838,C1313,2025-02-08,79.0,Bank Transfer
PAY014464,I016839,C1313,2025-03-17,79.0,Credit Card
PAY014465,I016840,C1313,2025-04-06,79.0,Credit Card
PAY014466,I016841,C1313,2025-05-04,79.0,Debit Card
PAY014467,I016842,C1313,2025-05-30,79.0,Bank Transfer
PAY014468,I016843,C1313,2025-07-15,79.0,Credit Card
PAY014469,I016844,C1313,2025-07-26,79.0,UPI
PAY014470,I016846,C1313,2025-09-29,79.0,Credit Card
PAY014471,I016847,C1313,2025-11-07,79.0,Credit Card
PAY014472,I016848,C1313,2025-12-01,79.0,Bank Transfer
PAY014473,I016849,C1313,2026-01-01,79.0,Credit Card
PAY014474,I016850,C1313,2026-02-02,79.0,UPI
PAY014475,I016851,C1313,2025-08-05,948.0,Bank Transfer
PAY014476,I016852,C1313,2026-08-09,948.0,Debit Card
PAY014477,I016853,C1314,2025-11-22,5988.0,Debit Card
PAY014478,I016854,C1315,2023-11-01,948.0,UPI
PAY014479,I016855,C1315,2024-03-27,948.0,Credit Card
PAY014480,I016857,C1316,2023-11-21,29.0,Bank Transfer
PAY014481,I016858,C1316,2023-12-05,29.0,Credit Card
PAY014482,I016859,C1316,2024-01-07,29.0,UPI
PAY014483,I016860,C1316,2024-02-20,29.0,Bank Transfer
PAY014484,I016861,C1316,2024-03-04,29.0,Bank Transfer
PAY014485,I016862,C1316,2024-04-15,29.0,Bank Transfer
PAY014486,I016863,C1316,2024-05-18,29.0,Debit Card
PAY014487,I016864,C1316,2024-06-09,29.0,Bank Transfer
PAY014488,I016865,C1316,2024-07-13,29.0,UPI
PAY014489,I016866,C1316,2024-03-27,199.0,Bank Transfer
PAY014490,I016867,C1316,2024-04-18,199.0,Bank Transfer
PAY014491,I016870,C1316,2024-07-23,199.0,UPI
PAY014492,I016871,C1316,2024-08-24,199.0,Bank Transfer
PAY014493,I016872,C1316,2024-09-24,199.0,Debit Card
PAY014494,I016873,C1316,2024-10-26,199.0,Bank Transfer
PAY014495,I016874,C1317,2024-09-29,79.0,Bank Transfer
PAY014496,I016875,C1317,2024-11-01,79.0,Debit Card
PAY014497,I016876,C1317,2024-12-05,79.0,Bank Transfer
PAY014498,I016877,C1317,2025-01-12,79.0,Bank Transfer
PAY014499,I016878,C1317,2025-01-30,79.0,Credit Card
PAY014500,I016879,C1317,2025-03-05,79.0,Debit Card
PAY014501,I016880,C1317,2025-04-03,79.0,Credit Card
PAY014502,I016881,C1317,2025-05-04,79.0,Debit Card
PAY014503,I016882,C1317,2025-06-04,79.0,Credit Card
PAY014504,I016883,C1317,2025-07-03,79.0,Debit Card
PAY014505,I016884,C1317,2025-07-29,79.0,Debit Card
PAY014506,I016885,C1317,2025-09-07,79.0,Credit Card
PAY014507,I016886,C1317,2025-09-26,79.0,Credit Card
PAY014508,I016887,C1317,2025-11-07,79.0,Debit Card
PAY014509,I016888,C1317,2025-12-04,79.0,Bank Transfer
PAY014510,I016889,C1317,2025-12-29,79.0,Credit Card
PAY014511,I016890,C1317,2026-01-29,79.0,Credit Card
PAY014512,I016891,C1317,2026-03-11,79.0,Credit Card
PAY014513,I016892,C1317,2026-04-12,79.0,Bank Transfer
PAY014514,I016893,C1317,2026-05-07,79.0,Bank Transfer
PAY014515,I016895,C1317,2026-06-29,79.0,Bank Transfer
PAY014516,I016896,C1317,2026-08-11,79.0,Credit Card
PAY014517,I016897,C1317,2026-09-05,79.0,UPI
PAY014518,I016898,C1318,2026-03-06,79.0,Bank Transfer
PAY014519,I016899,C1318,2026-04-05,79.0,Debit Card
PAY014520,I016900,C1318,2026-05-09,79.0,UPI
PAY014521,I016902,C1318,2026-07-03,79.0,Credit Card
PAY014522,I016903,C1318,2026-08-06,79.0,Bank Transfer
PAY014523,I016904,C1318,2026-09-10,79.0,Bank Transfer
PAY014524,I016905,C1318,2026-10-10,79.0,Credit Card
PAY014525,I016906,C1319,2024-09-21,348.0,Bank Transfer
PAY014526,I016907,C1319,2025-09-26,348.0,Credit Card
PAY014527,I016908,C1320,2025-08-12,29.0,UPI
PAY014528,I016910,C1320,2025-10-11,29.0,Debit Card
PAY014529,I016911,C1320,2025-10-28,29.0,UPI
PAY014530,I016912,C1320,2025-12-02,29.0,Debit Card
PAY014531,I016913,C1320,2026-01-02,29.0,Bank Transfer
PAY014532,I016914,C1320,2026-02-12,29.0,UPI
PAY014533,I016916,C1320,2026-04-01,29.0,Credit Card
PAY014534,I016917,C1320,2026-04-30,29.0,Credit Card
PAY014535,I016918,C1320,2026-05-29,29.0,Debit Card
PAY014536,I016919,C1320,2026-06-27,29.0,Debit Card
PAY014537,I016920,C1320,2026-08-05,29.0,Credit Card
PAY014538,I016921,C1320,2026-09-14,29.0,UPI
PAY014539,I016922,C1320,2026-10-01,29.0,Credit Card
PAY014540,I016923,C1321,2025-04-28,2388.0,UPI
PAY014541,I016924,C1322,2024-04-03,29.0,Credit Card
PAY014542,I016925,C1322,2024-04-20,29.0,Bank Transfer
PAY014543,I016926,C1322,2024-05-17,29.0,Bank Transfer
PAY014544,I016927,C1322,2024-07-05,29.0,Credit Card
PAY014545,I016928,C1322,2024-07-25,29.0,Credit Card
PAY014546,I016929,C1322,2024-08-22,29.0,UPI
PAY014547,I016930,C1322,2024-10-05,29.0,Debit Card
PAY014548,I016931,C1322,2024-10-30,29.0,Debit Card
PAY014549,I016932,C1322,2024-11-28,29.0,UPI
PAY014550,I016933,C1322,2025-01-02,29.0,Bank Transfer
PAY014551,I016934,C1322,2025-01-23,29.0,Credit Card
PAY014552,I016935,C1322,2025-02-27,29.0,Bank Transfer
PAY014553,I016936,C1322,2025-03-28,29.0,Debit Card
PAY014554,I016937,C1322,2025-04-21,29.0,Bank Transfer
PAY014555,I016938,C1322,2025-06-02,29.0,Credit Card
PAY014556,I016939,C1322,2025-06-17,29.0,Credit Card
PAY014557,I016940,C1322,2025-07-21,29.0,Bank Transfer
PAY014558,I016941,C1322,2025-08-29,29.0,UPI
PAY014559,I016942,C1322,2025-09-26,29.0,Bank Transfer
PAY014560,I016943,C1322,2025-10-30,29.0,UPI
PAY014561,I016946,C1322,2026-01-19,29.0,UPI
PAY014562,I016947,C1322,2026-02-21,29.0,UPI
PAY014563,I016948,C1323,2024-05-21,948.0,Credit Card
PAY014564,I016949,C1323,2025-05-27,948.0,Bank Transfer
PAY014565,I016951,C1324,2024-05-27,348.0,Debit Card
PAY014566,I016952,C1325,2026-03-11,79.0,Credit Card
PAY014567,I016953,C1325,2026-04-10,79.0,UPI
PAY014568,I016954,C1325,2026-05-15,79.0,UPI
PAY014569,I016955,C1325,2026-06-06,79.0,Debit Card
PAY014570,I016956,C1325,2026-07-20,79.0,Bank Transfer
PAY014571,I016957,C1325,2026-08-20,79.0,UPI
PAY014572,I016958,C1325,2026-09-12,79.0,UPI
PAY014573,I016959,C1326,2024-08-22,79.0,Bank Transfer
PAY014574,I016960,C1326,2024-09-26,79.0,Bank Transfer
PAY014575,I016961,C1326,2024-11-05,79.0,Bank Transfer
PAY014576,I016962,C1326,2024-11-23,79.0,Debit Card
PAY014577,I016964,C1326,2025-01-28,79.0,Bank Transfer
PAY014578,I016965,C1326,2025-02-21,79.0,Bank Transfer
PAY014579,I016966,C1326,2025-03-29,79.0,UPI
PAY014580,I016967,C1326,2025-05-08,79.0,Debit Card
PAY014581,I016969,C1326,2025-06-29,79.0,UPI
PAY014582,I016970,C1326,2025-08-05,79.0,Bank Transfer
PAY014583,I016971,C1326,2025-09-02,79.0,Bank Transfer
PAY014584,I016972,C1326,2025-10-06,79.0,Credit Card
PAY014585,I016973,C1326,2025-10-29,79.0,UPI
PAY014586,I016974,C1326,2025-11-24,79.0,UPI
PAY014587,I016975,C1326,2026-01-03,79.0,Bank Transfer
PAY014588,I016976,C1326,2026-01-24,79.0,Debit Card
PAY014589,I016977,C1326,2026-02-26,79.0,Credit Card
PAY014590,I016978,C1326,2026-04-02,79.0,Credit Card
PAY014591,I016979,C1326,2026-04-22,79.0,Bank Transfer
PAY014592,I016980,C1326,2026-05-25,79.0,Bank Transfer
PAY014593,I016982,C1326,2026-07-23,79.0,Credit Card
PAY014594,I016984,C1328,2024-09-01,199.0,Debit Card
PAY014595,I016985,C1328,2024-09-25,199.0,Credit Card
PAY014596,I016986,C1328,2024-10-29,199.0,UPI
PAY014597,I016987,C1328,2024-12-01,199.0,Debit Card
PAY014598,I016988,C1328,2024-12-27,199.0,Bank Transfer
PAY014599,I016989,C1328,2025-01-28,199.0,Bank Transfer
PAY014600,I016990,C1328,2025-03-03,199.0,Credit Card
PAY014601,I016991,C1328,2025-03-18,199.0,Credit Card
PAY014602,I016992,C1328,2025-04-28,199.0,Bank Transfer
PAY014603,I016993,C1328,2025-05-28,199.0,UPI
PAY014604,I016994,C1328,2025-06-29,199.0,UPI
PAY014605,I016995,C1328,2025-07-24,199.0,Credit Card
PAY014606,I016996,C1328,2025-08-28,199.0,Bank Transfer
PAY014607,I016997,C1328,2025-09-28,199.0,Bank Transfer
PAY014608,I016998,C1328,2025-10-17,199.0,Debit Card
PAY014609,I016999,C1328,2025-11-26,199.0,Credit Card
PAY014610,I017000,C1328,2025-12-26,199.0,Bank Transfer
PAY014611,I017001,C1328,2026-02-02,199.0,UPI
PAY014612,I017002,C1328,2026-02-25,199.0,UPI
PAY014613,I017003,C1328,2026-03-18,199.0,UPI
PAY014614,I017004,C1328,2026-04-28,199.0,UPI
PAY014615,I017005,C1328,2026-05-23,199.0,Debit Card
PAY014616,I017007,C1328,2026-07-30,199.0,Debit Card
PAY014617,I017008,C1329,2025-09-26,2388.0,Debit Card
PAY014618,I017009,C1329,2026-10-11,2388.0,UPI
PAY014619,I017011,C1329,2026-07-24,499.0,UPI
PAY014620,I017012,C1329,2026-08-28,499.0,UPI
PAY014621,I017013,C1329,2026-10-04,499.0,UPI
PAY014622,I017014,C1330,2023-12-01,79.0,Credit Card
PAY014623,I017015,C1330,2023-12-23,79.0,UPI
PAY014624,I017016,C1330,2024-02-04,79.0,UPI
PAY014625,I017017,C1330,2024-02-25,79.0,UPI
PAY014626,I017018,C1330,2024-03-27,79.0,Credit Card
PAY014627,I017019,C1330,2024-05-04,79.0,Credit Card
PAY014628,I017020,C1330,2024-06-06,79.0,UPI
PAY014629,I017021,C1330,2024-06-27,79.0,Debit Card
PAY014630,I017023,C1330,2024-08-25,79.0,Credit Card
PAY014631,I017024,C1330,2024-09-23,79.0,UPI
PAY014632,I017025,C1330,2024-10-22,79.0,Bank Transfer
PAY014633,I017026,C1330,2024-11-22,79.0,Bank Transfer
PAY014634,I017027,C1330,2024-12-24,79.0,Debit Card
PAY014635,I017028,C1330,2025-02-03,79.0,UPI
PAY014636,I017029,C1330,2025-02-24,79.0,UPI
PAY014637,I017030,C1330,2025-04-01,79.0,Debit Card
PAY014638,I017031,C1330,2025-05-04,79.0,UPI
PAY014639,I017032,C1330,2025-06-03,79.0,Debit Card
PAY014640,I017033,C1330,2025-06-22,79.0,Bank Transfer
PAY014641,I017034,C1330,2025-08-09,79.0,Debit Card
PAY014642,I017035,C1330,2025-08-25,79.0,Credit Card
PAY014643,I017036,C1330,2025-09-27,79.0,UPI
PAY014644,I017037,C1330,2025-10-26,79.0,UPI
PAY014645,I017038,C1331,2026-01-06,948.0,Debit Card
PAY014646,I017039,C1332,2024-04-07,29.0,Debit Card
PAY014647,I017040,C1332,2024-05-06,29.0,Debit Card
PAY014648,I017041,C1332,2024-05-23,29.0,Bank Transfer
PAY014649,I017042,C1332,2024-07-04,29.0,Debit Card
PAY014650,I017043,C1332,2024-07-27,29.0,UPI
PAY014651,I017044,C1332,2024-08-30,29.0,Debit Card
PAY014652,I017045,C1332,2024-10-04,29.0,Bank Transfer
PAY014653,I017046,C1332,2024-11-05,29.0,Credit Card
PAY014654,I017047,C1332,2024-12-04,29.0,UPI
PAY014655,I017048,C1332,2024-12-28,29.0,Credit Card
PAY014656,I017049,C1332,2025-02-10,29.0,Bank Transfer
PAY014657,I017050,C1332,2025-03-11,29.0,UPI
PAY014658,I017051,C1332,2025-04-08,29.0,UPI
PAY014659,I017052,C1332,2025-04-30,29.0,Credit Card
PAY014660,I017053,C1332,2025-06-10,29.0,Credit Card
PAY014661,I017054,C1332,2025-07-07,29.0,Credit Card
PAY014662,I017055,C1332,2025-08-08,29.0,UPI
PAY014663,I017056,C1332,2025-08-26,29.0,Debit Card
PAY014664,I017057,C1332,2025-10-08,29.0,Credit Card
PAY014665,I017058,C1332,2025-11-11,29.0,Credit Card
PAY014666,I017059,C1332,2025-12-07,29.0,Bank Transfer
PAY014667,I017060,C1332,2026-01-09,29.0,Debit Card
PAY014668,I017061,C1332,2026-01-31,29.0,Credit Card
PAY014669,I017062,C1332,2026-03-05,29.0,UPI
PAY014670,I017063,C1333,2025-04-15,79.0,Bank Transfer
PAY014671,I017064,C1333,2025-05-07,79.0,Credit Card
PAY014672,I017065,C1333,2025-06-12,79.0,UPI
PAY014673,I017066,C1333,2025-06-30,79.0,Credit Card
PAY014674,I017067,C1333,2025-08-10,79.0,Credit Card
PAY014675,I017068,C1333,2025-09-12,79.0,Debit Card
PAY014676,I017069,C1333,2025-10-05,79.0,UPI
PAY014677,I017070,C1333,2025-10-30,79.0,UPI
PAY014678,I017071,C1333,2025-12-07,79.0,Credit Card
PAY014679,I017072,C1333,2026-01-12,79.0,Bank Transfer
PAY014680,I017073,C1333,2026-02-09,79.0,UPI
PAY014681,I017074,C1333,2026-03-14,79.0,Credit Card
PAY014682,I017076,C1333,2026-05-07,79.0,Debit Card
PAY014683,I017078,C1333,2026-07-05,79.0,Debit Card
PAY014684,I017079,C1333,2026-08-08,79.0,Credit Card
PAY014685,I017080,C1333,2026-09-16,79.0,Debit Card
PAY014686,I017081,C1333,2026-10-10,79.0,Bank Transfer
PAY014687,I017082,C1334,2026-04-20,29.0,Credit Card
PAY014688,I017083,C1334,2026-05-18,29.0,Credit Card
PAY014689,I017084,C1334,2026-06-15,29.0,Credit Card
PAY014690,I017085,C1334,2026-07-14,29.0,UPI
PAY014691,I017086,C1335,2024-12-15,2388.0,Debit Card
PAY014692,I017087,C1335,2025-08-07,79.0,Credit Card
PAY014693,I017088,C1335,2025-08-24,79.0,Debit Card
PAY014694,I017089,C1335,2025-10-04,79.0,Debit Card
PAY014695,I017090,C1335,2025-11-04,79.0,Credit Card
PAY014696,I017091,C1335,2025-12-10,79.0,UPI
PAY014697,I017093,C1335,2026-02-09,79.0,Debit Card
PAY014698,I017094,C1335,2026-03-05,79.0,Credit Card
PAY014699,I017096,C1335,2026-05-01,79.0,Debit Card
PAY014700,I017097,C1335,2026-05-27,79.0,Credit Card
PAY014701,I017098,C1335,2026-06-30,79.0,Bank Transfer
PAY014702,I017099,C1335,2026-08-04,79.0,Bank Transfer
PAY014703,I017100,C1335,2026-09-05,79.0,UPI
PAY014704,I017101,C1335,2026-10-01,79.0,UPI
PAY014705,I017102,C1336,2023-09-28,2388.0,Bank Transfer
PAY014706,I017103,C1336,2024-09-22,2388.0,UPI
PAY014707,I017104,C1337,2024-09-08,79.0,Bank Transfer
PAY014708,I017105,C1337,2024-10-20,79.0,UPI
PAY014709,I017106,C1337,2024-11-14,79.0,Bank Transfer
PAY014710,I017107,C1337,2024-12-11,79.0,Debit Card
PAY014711,I017108,C1337,2025-01-13,79.0,Credit Card
PAY014712,I017110,C1337,2025-03-20,79.0,Debit Card
PAY014713,I017111,C1337,2025-01-16,948.0,Credit Card
PAY014714,I017112,C1337,2026-01-18,948.0,Bank Transfer
PAY014715,I017113,C1338,2025-04-21,79.0,Bank Transfer
PAY014716,I017114,C1338,2025-05-12,79.0,Debit Card
PAY014717,I017115,C1338,2025-06-11,79.0,Debit Card
PAY014718,I017116,C1338,2025-07-14,79.0,Bank Transfer
PAY014719,I017117,C1338,2025-08-22,79.0,Credit Card
PAY014720,I017118,C1338,2025-09-24,79.0,Debit Card
PAY014721,I017119,C1338,2025-10-13,79.0,UPI
PAY014722,I017120,C1338,2025-11-12,79.0,Bank Transfer
PAY014723,I017121,C1338,2025-12-29,79.0,Bank Transfer
PAY014724,I017122,C1338,2026-01-22,79.0,Credit Card
PAY014725,I017123,C1338,2026-02-13,79.0,UPI
PAY014726,I017124,C1338,2026-03-28,79.0,UPI
PAY014727,I017125,C1338,2026-04-20,79.0,Bank Transfer
PAY014728,I017126,C1338,2026-05-15,79.0,Bank Transfer
PAY014729,I017127,C1338,2026-06-16,79.0,Bank Transfer
PAY014730,I017128,C1338,2026-07-19,79.0,Debit Card
PAY014731,I017129,C1338,2026-08-24,79.0,UPI
PAY014732,I017130,C1338,2026-09-16,79.0,UPI
PAY014733,I017131,C1339,2024-11-12,29.0,Bank Transfer
PAY014734,I017132,C1339,2024-12-09,29.0,Bank Transfer
PAY014735,I017133,C1339,2025-01-07,29.0,Credit Card
PAY014736,I017134,C1339,2025-02-15,29.0,Credit Card
PAY014737,I017135,C1339,2025-03-19,29.0,Debit Card
PAY014738,I017137,C1339,2025-05-23,29.0,Debit Card
PAY014739,I017139,C1339,2025-07-18,29.0,UPI
PAY014740,I017141,C1339,2025-09-07,29.0,Bank Transfer
PAY014741,I017142,C1339,2025-10-04,29.0,Debit Card
PAY014742,I017143,C1339,2025-11-17,29.0,Debit Card
PAY014743,I017144,C1339,2025-12-04,29.0,Bank Transfer
PAY014744,I017145,C1339,2026-01-10,29.0,Credit Card
PAY014745,I017146,C1339,2026-02-16,29.0,Debit Card
PAY014746,I017147,C1339,2026-03-07,29.0,Credit Card
PAY014747,I017148,C1339,2026-04-19,29.0,Credit Card
PAY014748,I017149,C1339,2026-05-10,29.0,UPI
PAY014749,I017150,C1339,2026-06-13,29.0,UPI
PAY014750,I017151,C1339,2026-07-14,29.0,UPI
PAY014751,I017152,C1339,2026-08-14,29.0,Debit Card
PAY014752,I017153,C1339,2026-09-06,29.0,UPI
PAY014753,I017154,C1340,2023-06-19,79.0,Credit Card
PAY014754,I017155,C1340,2023-07-13,79.0,Credit Card
PAY014755,I017157,C1340,2023-09-21,79.0,Debit Card
PAY014756,I017159,C1340,2023-11-16,79.0,Debit Card
PAY014757,I017160,C1340,2023-12-24,79.0,Bank Transfer
PAY014758,I017161,C1340,2024-01-22,79.0,Bank Transfer
PAY014759,I017162,C1340,2024-02-06,79.0,Credit Card
PAY014760,I017163,C1340,2024-03-21,79.0,Debit Card
PAY014761,I017164,C1340,2024-04-06,79.0,Credit Card
PAY014762,I017165,C1340,2024-05-07,79.0,UPI
PAY014763,I017166,C1340,2024-06-13,79.0,Credit Card
PAY014764,I017167,C1340,2023-12-10,199.0,Credit Card
PAY014765,I017169,C1340,2024-02-15,199.0,Credit Card
PAY014766,I017170,C1340,2024-03-05,199.0,Credit Card
PAY014767,I017171,C1340,2024-03-31,199.0,Debit Card
PAY014768,I017172,C1340,2024-05-14,199.0,Credit Card
PAY014769,I017173,C1340,2024-06-13,199.0,UPI
PAY014770,I017174,C1340,2024-07-13,199.0,Credit Card
PAY014771,I017175,C1340,2024-08-13,199.0,Debit Card
PAY014772,I017176,C1340,2024-09-11,199.0,UPI
PAY014773,I017178,C1340,2024-11-14,199.0,Credit Card
PAY014774,I017179,C1340,2024-12-13,199.0,Bank Transfer
PAY014775,I017181,C1340,2025-02-01,199.0,Debit Card
PAY014776,I017182,C1340,2025-03-10,199.0,Debit Card
PAY014777,I017183,C1340,2025-04-02,199.0,Bank Transfer
PAY014778,I017184,C1340,2025-05-01,199.0,UPI
PAY014779,I017186,C1340,2025-06-27,199.0,Credit Card
PAY014780,I017187,C1340,2025-08-09,199.0,Credit Card
PAY014781,I017188,C1340,2025-08-31,199.0,Debit Card
PAY014782,I017189,C1340,2025-10-11,199.0,Debit Card
PAY014783,I017190,C1340,2025-11-09,199.0,Debit Card
PAY014784,I017191,C1341,2023-09-11,29.0,Credit Card
PAY014785,I017192,C1341,2023-10-17,29.0,Debit Card
PAY014786,I017193,C1341,2023-11-25,29.0,UPI
PAY014787,I017195,C1341,2024-01-26,29.0,Credit Card
PAY014788,I017196,C1341,2024-02-25,29.0,UPI
PAY014789,I017197,C1341,2024-03-27,29.0,Bank Transfer
PAY014790,I017198,C1341,2024-04-21,29.0,Credit Card
PAY014791,I017199,C1341,2024-05-17,29.0,Credit Card
PAY014792,I017200,C1341,2024-06-24,29.0,Credit Card
PAY014793,I017201,C1341,2024-07-25,29.0,UPI
PAY014794,I017202,C1342,2025-06-06,2388.0,Credit Card
PAY014795,I017203,C1342,2026-05-03,948.0,Bank Transfer
PAY014796,I017204,C1343,2024-06-15,79.0,Bank Transfer
PAY014797,I017205,C1343,2024-07-16,79.0,Credit Card
PAY014798,I017206,C1343,2024-09-01,79.0,UPI
PAY014799,I017207,C1343,2024-09-29,79.0,Credit Card
PAY014800,I017208,C1343,2024-10-22,79.0,Credit Card
PAY014801,I017209,C1343,2024-11-19,79.0,Debit Card
PAY014802,I017211,C1343,2025-01-24,79.0,Bank Transfer
PAY014803,I017212,C1343,2025-02-17,79.0,Debit Card
PAY014804,I017213,C1343,2025-04-01,79.0,Bank Transfer
PAY014805,I017214,C1343,2025-04-25,79.0,Bank Transfer
PAY014806,I017215,C1343,2025-05-26,79.0,UPI
PAY014807,I017216,C1343,2025-06-26,79.0,Bank Transfer
PAY014808,I017217,C1344,2023-12-05,79.0,UPI
PAY014809,I017218,C1344,2024-01-09,79.0,UPI
PAY014810,I017219,C1344,2024-02-09,79.0,Debit Card
PAY014811,I017220,C1344,2024-03-12,79.0,Credit Card
PAY014812,I017221,C1344,2024-04-02,79.0,UPI
PAY014813,I017222,C1344,2024-05-05,79.0,Credit Card
PAY014814,I017223,C1344,2024-06-05,79.0,Bank Transfer
PAY014815,I017224,C1344,2024-06-25,79.0,Bank Transfer
PAY014816,I017225,C1344,2024-08-09,79.0,Debit Card
PAY014817,I017226,C1344,2024-08-24,79.0,Debit Card
PAY014818,I017227,C1344,2024-10-08,79.0,Credit Card
PAY014819,I017229,C1344,2024-12-09,79.0,Debit Card
PAY014820,I017230,C1344,2025-01-07,79.0,Bank Transfer
PAY014821,I017231,C1344,2025-02-10,79.0,UPI
PAY014822,I017232,C1344,2025-03-13,79.0,Credit Card
PAY014823,I017233,C1344,2025-03-27,79.0,Credit Card
PAY014824,I017234,C1344,2025-04-29,79.0,Debit Card
PAY014825,I017235,C1344,2025-06-04,79.0,UPI
PAY014826,I017236,C1344,2025-06-29,79.0,UPI
PAY014827,I017237,C1344,2025-08-09,79.0,Credit Card
PAY014828,I017238,C1344,2025-08-31,79.0,UPI
PAY014829,I017239,C1344,2025-10-05,79.0,Credit Card
PAY014830,I017240,C1344,2025-11-11,79.0,Credit Card
PAY014831,I017241,C1345,2025-08-23,199.0,Debit Card
PAY014832,I017242,C1345,2025-10-07,199.0,Credit Card
PAY014833,I017243,C1345,2025-10-20,199.0,Credit Card
PAY014834,I017244,C1345,2025-11-27,199.0,Debit Card
PAY014835,I017245,C1345,2025-12-22,199.0,UPI
PAY014836,I017246,C1345,2026-02-05,199.0,Bank Transfer
PAY014837,I017247,C1345,2026-02-26,199.0,UPI
PAY014838,I017248,C1345,2026-03-31,199.0,Credit Card
PAY014839,I017249,C1345,2026-05-07,199.0,Debit Card
PAY014840,I017250,C1345,2026-05-27,199.0,UPI
PAY014841,I017251,C1345,2026-06-27,199.0,Credit Card
PAY014842,I017252,C1345,2026-08-05,199.0,Bank Transfer
PAY014843,I017254,C1345,2026-09-19,199.0,UPI
PAY014844,I017256,C1346,2025-06-30,499.0,Credit Card
PAY014845,I017257,C1346,2025-07-23,499.0,Debit Card
PAY014846,I017259,C1346,2025-09-25,499.0,Credit Card
PAY014847,I017260,C1346,2025-10-24,499.0,Credit Card
PAY014848,I017261,C1346,2025-11-24,499.0,UPI
PAY014849,I017262,C1346,2025-12-14,499.0,Debit Card
PAY014850,I017263,C1346,2026-01-24,499.0,Credit Card
PAY014851,I017264,C1346,2026-02-13,499.0,Credit Card
PAY014852,I017265,C1346,2026-03-24,499.0,UPI
PAY014853,I017267,C1346,2026-06-30,29.0,Credit Card
PAY014854,I017268,C1346,2026-07-24,29.0,Debit Card
PAY014855,I017270,C1346,2026-09-27,29.0,Debit Card
PAY014856,I017271,C1347,2023-04-17,29.0,Bank Transfer
PAY014857,I017272,C1347,2023-05-20,29.0,UPI
PAY014858,I017273,C1347,2023-06-07,29.0,Debit Card
PAY014859,I017275,C1347,2023-08-10,29.0,Bank Transfer
PAY014860,I017276,C1347,2023-09-07,29.0,Bank Transfer
PAY014861,I017277,C1347,2023-10-09,29.0,Bank Transfer
PAY014862,I017278,C1347,2023-11-08,29.0,Debit Card
PAY014863,I017279,C1347,2023-12-20,29.0,Credit Card
PAY014864,I017280,C1347,2024-01-10,29.0,Bank Transfer
PAY014865,I017281,C1347,2024-02-13,29.0,UPI
PAY014866,I017282,C1347,2024-03-12,29.0,Debit Card
PAY014867,I017284,C1347,2024-05-22,29.0,UPI
PAY014868,I017287,C1347,2024-08-19,29.0,Credit Card
PAY014869,I017288,C1347,2024-09-25,29.0,Bank Transfer
PAY014870,I017289,C1347,2024-10-18,29.0,UPI
PAY014871,I017290,C1347,2024-11-18,29.0,Bank Transfer
PAY014872,I017291,C1347,2024-12-20,29.0,Debit Card
PAY014873,I017293,C1347,2025-02-12,29.0,Debit Card
PAY014874,I017294,C1347,2025-03-14,29.0,Bank Transfer
PAY014875,I017295,C1348,2024-06-15,29.0,UPI
PAY014876,I017296,C1348,2024-07-04,29.0,Bank Transfer
PAY014877,I017297,C1348,2024-08-15,29.0,Bank Transfer
PAY014878,I017298,C1348,2024-09-02,29.0,Bank Transfer
PAY014879,I017299,C1348,2024-10-05,29.0,Debit Card
PAY014880,I017300,C1348,2024-11-09,29.0,Bank Transfer
PAY014881,I017301,C1348,2024-12-01,29.0,Bank Transfer
PAY014882,I017303,C1348,2025-02-13,29.0,UPI
PAY014883,I017304,C1348,2025-03-07,29.0,UPI
PAY014884,I017305,C1348,2025-04-08,29.0,Credit Card
PAY014885,I017307,C1348,2025-06-13,29.0,UPI
PAY014886,I017308,C1348,2025-07-08,29.0,Bank Transfer
PAY014887,I017309,C1349,2023-08-07,79.0,Bank Transfer
PAY014888,I017310,C1349,2023-09-22,79.0,Debit Card
PAY014889,I017311,C1349,2023-10-18,79.0,UPI
PAY014890,I017312,C1349,2023-11-18,79.0,Bank Transfer
PAY014891,I017313,C1349,2023-12-10,79.0,Bank Transfer
PAY014892,I017314,C1349,2024-01-10,79.0,Credit Card
PAY014893,I017315,C1349,2024-02-12,79.0,Credit Card
PAY014894,I017316,C1349,2024-03-15,79.0,UPI
PAY014895,I017317,C1349,2024-04-19,79.0,Bank Transfer
PAY014896,I017318,C1349,2024-05-13,79.0,Bank Transfer
PAY014897,I017319,C1349,2024-06-18,79.0,Debit Card
PAY014898,I017320,C1349,2024-07-19,79.0,Debit Card
PAY014899,I017321,C1349,2024-08-06,79.0,UPI
PAY014900,I017322,C1349,2024-09-19,79.0,Bank Transfer
PAY014901,I017324,C1349,2024-11-06,79.0,UPI
PAY014902,I017325,C1349,2024-12-20,79.0,Debit Card
PAY014903,I017328,C1349,2025-03-04,79.0,Credit Card
PAY014904,I017331,C1349,2025-06-18,79.0,Bank Transfer
PAY014905,I017332,C1349,2025-07-22,79.0,Bank Transfer
PAY014906,I017333,C1350,2026-03-14,79.0,Debit Card
PAY014907,I017334,C1350,2026-04-09,79.0,Bank Transfer
PAY014908,I017335,C1350,2026-05-09,79.0,Bank Transfer
PAY014909,I017336,C1350,2026-06-01,79.0,Credit Card
PAY014910,I017338,C1350,2026-08-10,79.0,Debit Card
PAY014911,I017339,C1350,2026-09-18,79.0,UPI
PAY014912,I017340,C1351,2023-05-23,199.0,UPI
PAY014913,I017341,C1351,2023-06-09,199.0,Debit Card
PAY014914,I017342,C1351,2023-07-12,199.0,Debit Card
PAY014915,I017343,C1351,2023-08-22,199.0,Debit Card
PAY014916,I017344,C1351,2023-09-11,199.0,Debit Card
PAY014917,I017345,C1351,2023-10-09,199.0,Debit Card
PAY014918,I017346,C1351,2023-11-15,199.0,Bank Transfer
PAY014919,I017347,C1351,2023-12-21,199.0,Debit Card
PAY014920,I017348,C1351,2024-01-11,199.0,UPI
PAY014921,I017349,C1351,2024-02-16,199.0,Credit Card
PAY014922,I017350,C1351,2024-03-15,199.0,UPI
PAY014923,I017351,C1351,2024-04-09,199.0,Debit Card
PAY014924,I017352,C1351,2024-05-14,199.0,Bank Transfer
PAY014925,I017354,C1351,2024-07-16,199.0,Credit Card
PAY014926,I017355,C1351,2024-08-08,199.0,UPI
PAY014927,I017356,C1351,2024-09-18,199.0,Bank Transfer
PAY014928,I017357,C1351,2024-10-08,199.0,UPI
PAY014929,I017358,C1351,2024-11-16,199.0,Credit Card
PAY014930,I017359,C1351,2024-12-08,199.0,Bank Transfer
PAY014931,I017361,C1351,2025-02-07,199.0,UPI
PAY014932,I017362,C1351,2025-03-17,199.0,Credit Card
PAY014933,I017364,C1352,2026-01-12,948.0,Debit Card
PAY014934,I017365,C1353,2023-03-04,348.0,Debit Card
PAY014935,I017366,C1353,2024-02-28,348.0,UPI
PAY014936,I017367,C1354,2023-06-23,79.0,Bank Transfer
PAY014937,I017368,C1354,2023-07-13,79.0,UPI
PAY014938,I017369,C1354,2023-08-16,79.0,Bank Transfer
PAY014939,I017370,C1354,2023-09-25,79.0,Credit Card
PAY014940,I017371,C1354,2023-10-18,79.0,Debit Card
PAY014941,I017372,C1354,2023-11-14,79.0,Bank Transfer
PAY014942,I017373,C1354,2023-12-19,79.0,UPI
PAY014943,I017374,C1354,2024-01-29,79.0,UPI
PAY014944,I017375,C1354,2024-02-16,79.0,UPI
PAY014945,I017376,C1355,2023-10-20,2388.0,Debit Card
PAY014946,I017377,C1356,2023-04-18,79.0,Debit Card
PAY014947,I017378,C1356,2023-05-21,79.0,Credit Card
PAY014948,I017379,C1356,2023-06-21,79.0,Debit Card
PAY014949,I017380,C1356,2023-07-22,79.0,UPI
PAY014950,I017381,C1356,2023-08-23,79.0,UPI
PAY014951,I017382,C1356,2023-09-24,79.0,Bank Transfer
PAY014952,I017384,C1356,2023-11-16,79.0,Credit Card
PAY014953,I017385,C1356,2023-12-20,79.0,UPI
PAY014954,I017386,C1356,2024-01-19,79.0,Credit Card
PAY014955,I017387,C1356,2024-02-21,79.0,Credit Card
PAY014956,I017388,C1356,2024-03-20,79.0,Credit Card
PAY014957,I017389,C1356,2024-05-05,79.0,Credit Card
PAY014958,I017390,C1356,2024-06-01,79.0,UPI
PAY014959,I017391,C1356,2024-06-28,79.0,Bank Transfer
PAY014960,I017392,C1356,2024-07-31,79.0,Debit Card
PAY014961,I017394,C1356,2024-05-25,199.0,Bank Transfer
PAY014962,I017395,C1356,2024-06-18,199.0,Credit Card
PAY014963,I017396,C1356,2024-07-19,199.0,Credit Card
PAY014964,I017398,C1356,2024-09-15,199.0,Credit Card
PAY014965,I017399,C1356,2024-10-26,199.0,Debit Card
PAY014966,I017401,C1356,2024-12-23,199.0,Debit Card
PAY014967,I017402,C1356,2025-01-20,199.0,Debit Card
PAY014968,I017403,C1356,2025-02-08,199.0,Debit Card
PAY014969,I017404,C1356,2025-03-13,199.0,Credit Card
PAY014970,I017405,C1356,2025-04-25,199.0,Bank Transfer
PAY014971,I017406,C1356,2025-05-20,199.0,Credit Card
PAY014972,I017407,C1356,2025-06-14,199.0,UPI
PAY014973,I017408,C1356,2025-07-23,199.0,Credit Card
PAY014974,I017409,C1356,2025-08-23,199.0,Credit Card
PAY014975,I017410,C1356,2025-09-16,199.0,Bank Transfer
PAY014976,I017411,C1356,2025-10-24,199.0,Debit Card
PAY014977,I017412,C1356,2025-11-15,199.0,Debit Card
PAY014978,I017413,C1356,2025-12-23,199.0,Bank Transfer
PAY014979,I017416,C1356,2026-03-16,199.0,UPI
PAY014980,I017418,C1357,2026-02-20,79.0,UPI
PAY014981,I017419,C1357,2026-03-14,79.0,UPI
PAY014982,I017420,C1357,2026-04-05,79.0,Bank Transfer
PAY014983,I017421,C1357,2026-05-04,79.0,Debit Card
PAY014984,I017422,C1357,2026-06-07,79.0,Debit Card
PAY014985,I017423,C1357,2026-07-11,79.0,UPI
PAY014986,I017424,C1357,2026-08-17,79.0,Debit Card
PAY014987,I017425,C1357,2026-09-19,79.0,Debit Card
PAY014988,I017426,C1358,2023-08-19,79.0,Credit Card
PAY014989,I017427,C1358,2023-09-25,79.0,Bank Transfer
PAY014990,I017428,C1358,2023-10-31,79.0,UPI
PAY014991,I017429,C1358,2023-12-03,79.0,UPI
PAY014992,I017430,C1358,2023-12-29,79.0,Credit Card
PAY014993,I017431,C1358,2024-01-19,79.0,UPI
PAY014994,I017432,C1358,2024-02-24,79.0,Debit Card
PAY014995,I017433,C1358,2024-03-26,79.0,UPI
PAY014996,I017435,C1358,2024-06-04,79.0,Bank Transfer
PAY014997,I017436,C1358,2024-06-17,79.0,Credit Card
PAY014998,I017438,C1358,2024-08-16,79.0,Bank Transfer
PAY014999,I017439,C1358,2024-09-28,79.0,Credit Card
PAY015000,I017440,C1358,2024-10-28,79.0,Credit Card
PAY015001,I017441,C1358,2024-11-23,79.0,UPI
PAY015002,I017442,C1358,2025-01-03,79.0,Debit Card
PAY015003,I017443,C1358,2025-01-25,79.0,Bank Transfer
PAY015004,I017445,C1358,2025-03-21,79.0,Credit Card
PAY015005,I017446,C1358,2025-05-02,79.0,Debit Card
PAY015006,I017447,C1358,2025-06-01,79.0,Bank Transfer
PAY015007,I017448,C1358,2025-06-20,79.0,Debit Card
PAY015008,I017451,C1359,2024-01-01,199.0,Credit Card
PAY015009,I017452,C1359,2024-01-30,199.0,Bank Transfer
PAY015010,I017453,C1359,2024-03-01,199.0,Debit Card
PAY015011,I017454,C1359,2024-03-23,199.0,UPI
PAY015012,I017455,C1359,2024-04-18,199.0,Credit Card
PAY015013,I017456,C1359,2024-05-22,199.0,Credit Card
PAY015014,I017457,C1359,2024-06-25,199.0,UPI
PAY015015,I017458,C1359,2024-07-26,199.0,Credit Card
PAY015016,I017460,C1359,2024-09-27,199.0,UPI
PAY015017,I017462,C1359,2024-11-24,199.0,Bank Transfer
PAY015018,I017463,C1359,2024-12-31,199.0,Debit Card
PAY015019,I017464,C1359,2025-01-15,199.0,Debit Card
PAY015020,I017465,C1359,2025-02-21,199.0,UPI
PAY015021,I017466,C1359,2025-03-22,199.0,Bank Transfer
PAY015022,I017467,C1359,2025-05-01,199.0,Bank Transfer
PAY015023,I017470,C1359,2025-07-17,199.0,Credit Card
PAY015024,I017471,C1359,2025-08-23,199.0,UPI
PAY015025,I017475,C1360,2025-04-19,199.0,UPI
PAY015026,I017476,C1360,2025-05-26,199.0,Debit Card
PAY015027,I017477,C1360,2025-06-18,199.0,Bank Transfer
PAY015028,I017478,C1360,2025-07-14,199.0,Debit Card
PAY015029,I017479,C1360,2025-08-15,199.0,Debit Card
PAY015030,I017480,C1360,2025-09-18,199.0,Credit Card
PAY015031,I017481,C1360,2025-10-18,199.0,UPI
PAY015032,I017482,C1360,2025-11-25,199.0,Credit Card
PAY015033,I017483,C1360,2025-12-30,199.0,Credit Card
PAY015034,I017484,C1360,2026-01-30,199.0,Bank Transfer
PAY015035,I017486,C1360,2026-03-18,199.0,Bank Transfer
PAY015036,I017487,C1360,2026-04-19,199.0,UPI
PAY015037,I017488,C1360,2026-05-27,199.0,UPI
PAY015038,I017489,C1360,2026-06-20,199.0,Bank Transfer
PAY015039,I017490,C1360,2026-07-21,199.0,Credit Card
PAY015040,I017491,C1360,2026-08-18,199.0,UPI
PAY015041,I017492,C1360,2026-09-21,199.0,Bank Transfer
PAY015042,I017493,C1361,2025-05-23,348.0,Debit Card
PAY015043,I017494,C1361,2026-06-10,348.0,Credit Card
PAY015044,I017495,C1362,2024-04-30,948.0,Bank Transfer
PAY015045,I017496,C1362,2025-04-18,948.0,Credit Card
PAY015046,I017497,C1363,2025-12-18,29.0,UPI
PAY015047,I017498,C1363,2026-01-18,29.0,UPI
PAY015048,I017499,C1363,2026-03-05,29.0,Bank Transfer
PAY015049,I017500,C1363,2026-03-17,29.0,Bank Transfer
PAY015050,I017501,C1363,2026-05-04,29.0,Credit Card
PAY015051,I017502,C1363,2026-05-20,29.0,Bank Transfer
PAY015052,I017504,C1363,2026-07-31,29.0,UPI
PAY015053,I017505,C1363,2026-08-23,29.0,Bank Transfer
PAY015054,I017506,C1363,2026-09-23,29.0,Debit Card
PAY015055,I017507,C1364,2024-10-04,79.0,UPI
PAY015056,I017508,C1364,2024-10-21,79.0,Bank Transfer
PAY015057,I017509,C1364,2024-11-25,79.0,Debit Card
PAY015058,I017510,C1364,2025-01-02,79.0,UPI
PAY015059,I017511,C1364,2025-01-27,79.0,Credit Card
PAY015060,I017512,C1364,2025-03-07,79.0,UPI
PAY015061,I017513,C1364,2025-03-18,79.0,Credit Card
PAY015062,I017514,C1364,2025-05-04,79.0,UPI
PAY015063,I017515,C1364,2025-05-25,79.0,Bank Transfer
PAY015064,I017518,C1364,2025-08-26,79.0,Credit Card
PAY015065,I017519,C1364,2025-09-28,79.0,Debit Card
PAY015066,I017522,C1364,2025-12-18,79.0,Debit Card
PAY015067,I017523,C1364,2026-01-19,79.0,Credit Card
PAY015068,I017524,C1364,2026-02-26,79.0,Bank Transfer
PAY015069,I017525,C1364,2026-04-03,79.0,Bank Transfer
PAY015070,I017526,C1364,2026-05-02,79.0,Debit Card
PAY015071,I017527,C1364,2026-05-21,79.0,Bank Transfer
PAY015072,I017528,C1364,2026-06-27,79.0,Bank Transfer
PAY015073,I017529,C1364,2026-07-29,79.0,Debit Card
PAY015074,I017531,C1365,2023-01-28,29.0,Debit Card
PAY015075,I017532,C1365,2023-02-20,29.0,Bank Transfer
PAY015076,I017533,C1365,2023-03-24,29.0,UPI
PAY015077,I017534,C1365,2023-04-13,29.0,UPI
PAY015078,I017535,C1365,2023-05-20,29.0,Debit Card
PAY015079,I017536,C1365,2023-06-19,29.0,Bank Transfer
PAY015080,I017537,C1365,2023-07-21,29.0,Credit Card
PAY015081,I017538,C1365,2023-08-25,29.0,Debit Card
PAY015082,I017540,C1365,2023-10-20,29.0,Debit Card
PAY015083,I017541,C1365,2023-11-28,29.0,UPI
PAY015084,I017542,C1365,2023-12-13,29.0,Bank Transfer
PAY015085,I017544,C1365,2024-02-28,29.0,Debit Card
PAY015086,I017545,C1365,2024-04-01,29.0,UPI
PAY015087,I017547,C1365,2024-05-31,29.0,Debit Card
PAY015088,I017548,C1365,2024-06-29,29.0,UPI
PAY015089,I017549,C1365,2024-07-27,29.0,Debit Card
PAY015090,I017550,C1365,2024-08-23,29.0,Credit Card
PAY015091,I017551,C1365,2024-10-01,29.0,Debit Card
PAY015092,I017552,C1365,2024-10-22,29.0,Credit Card
PAY015093,I017554,C1365,2024-12-24,29.0,UPI
PAY015094,I017555,C1366,2025-11-15,348.0,Credit Card
PAY015095,I017558,C1368,2025-09-02,199.0,Credit Card
PAY015096,I017559,C1368,2025-10-15,199.0,Bank Transfer
PAY015097,I017560,C1368,2025-11-03,199.0,Bank Transfer
PAY015098,I017561,C1368,2025-11-30,199.0,Credit Card
PAY015099,I017562,C1368,2026-01-03,199.0,UPI
PAY015100,I017564,C1368,2026-03-15,199.0,UPI
PAY015101,I017566,C1368,2026-05-14,199.0,Bank Transfer
PAY015102,I017567,C1368,2026-06-16,199.0,Debit Card
PAY015103,I017568,C1368,2026-07-07,199.0,Debit Card
PAY015104,I017569,C1368,2026-08-04,199.0,Bank Transfer
PAY015105,I017570,C1368,2026-09-02,199.0,Bank Transfer
PAY015106,I017571,C1368,2026-09-30,199.0,Debit Card
PAY015107,I017572,C1369,2023-05-10,2388.0,Credit Card
PAY015108,I017573,C1369,2024-05-05,2388.0,Bank Transfer
PAY015109,I017574,C1370,2023-09-01,29.0,UPI
PAY015110,I017575,C1370,2023-09-19,29.0,Credit Card
PAY015111,I017576,C1370,2023-10-24,29.0,Debit Card
PAY015112,I017578,C1370,2023-12-31,29.0,Debit Card
PAY015113,I017579,C1370,2024-05-04,79.0,Debit Card
PAY015114,I017580,C1370,2024-05-27,79.0,UPI
PAY015115,I017581,C1370,2024-07-05,79.0,Credit Card
PAY015116,I017582,C1370,2024-07-25,79.0,Debit Card
PAY015117,I017584,C1370,2024-09-20,79.0,UPI
PAY015118,I017585,C1370,2024-10-31,79.0,Debit Card
PAY015119,I017586,C1370,2024-11-29,79.0,UPI
PAY015120,I017587,C1370,2024-12-27,79.0,Credit Card
PAY015121,I017589,C1370,2025-03-07,79.0,Debit Card
PAY015122,I017590,C1370,2025-03-20,79.0,UPI
PAY015123,I017591,C1370,2025-04-29,79.0,UPI
PAY015124,I017593,C1370,2025-06-28,79.0,Debit Card
PAY015125,I017594,C1370,2025-08-01,79.0,Credit Card
PAY015126,I017595,C1370,2025-08-24,79.0,UPI
PAY015127,I017596,C1370,2025-09-23,79.0,Bank Transfer
PAY015128,I017597,C1370,2025-11-04,79.0,Bank Transfer
PAY015129,I017599,C1370,2025-12-20,79.0,Debit Card
PAY015130,I017600,C1370,2026-01-22,79.0,Credit Card
PAY015131,I017601,C1370,2026-02-17,79.0,Credit Card
PAY015132,I017602,C1370,2026-04-01,79.0,Debit Card
PAY015133,I017603,C1371,2023-07-08,29.0,UPI
PAY015134,I017604,C1371,2023-07-21,29.0,Debit Card
PAY015135,I017605,C1371,2023-08-23,29.0,Credit Card
PAY015136,I017606,C1371,2023-09-24,29.0,Bank Transfer
PAY015137,I017608,C1371,2024-08-08,2388.0,UPI
PAY015138,I017609,C1371,2025-08-25,2388.0,UPI
PAY015139,I017610,C1372,2023-11-08,199.0,Credit Card
PAY015140,I017611,C1372,2023-12-02,199.0,Debit Card
PAY015141,I017612,C1372,2024-01-04,199.0,Bank Transfer
PAY015142,I017614,C1372,2024-03-01,199.0,Debit Card
PAY015143,I017615,C1372,2024-04-07,199.0,Credit Card
PAY015144,I017616,C1372,2024-05-05,199.0,Debit Card
PAY015145,I017617,C1372,2024-06-04,199.0,Debit Card
PAY015146,I017618,C1372,2024-06-25,199.0,Bank Transfer
PAY015147,I017620,C1372,2024-09-06,199.0,UPI
PAY015148,I017621,C1372,2024-10-10,199.0,Bank Transfer
PAY015149,I017622,C1372,2024-10-28,199.0,Bank Transfer
PAY015150,I017623,C1372,2024-12-11,199.0,Credit Card
PAY015151,I017624,C1372,2024-12-22,199.0,Debit Card
PAY015152,I017625,C1372,2025-02-07,199.0,Bank Transfer
PAY015153,I017626,C1372,2025-03-11,199.0,Credit Card
PAY015154,I017627,C1372,2025-03-31,199.0,UPI
PAY015155,I017628,C1372,2025-05-07,199.0,Bank Transfer
PAY015156,I017629,C1372,2025-05-25,199.0,UPI
PAY015157,I017630,C1372,2025-07-06,199.0,UPI
PAY015158,I017631,C1372,2025-07-27,199.0,Bank Transfer
PAY015159,I017632,C1372,2025-09-03,199.0,UPI
PAY015160,I017633,C1372,2025-10-03,199.0,Bank Transfer
PAY015161,I017634,C1373,2023-07-09,199.0,Debit Card
PAY015162,I017635,C1373,2023-08-11,199.0,UPI
PAY015163,I017636,C1373,2023-09-08,199.0,Bank Transfer
PAY015164,I017637,C1373,2023-10-18,199.0,Debit Card
PAY015165,I017638,C1373,2023-11-17,199.0,Bank Transfer
PAY015166,I017639,C1373,2023-12-25,199.0,UPI
PAY015167,I017640,C1373,2024-01-11,199.0,Debit Card
PAY015168,I017641,C1373,2024-02-16,199.0,Credit Card
PAY015169,I017642,C1373,2024-03-10,199.0,Debit Card
PAY015170,I017645,C1373,2024-06-16,199.0,Bank Transfer
PAY015171,I017646,C1373,2024-07-13,199.0,Debit Card
PAY015172,I017647,C1373,2024-08-13,199.0,Debit Card
PAY015173,I017648,C1373,2024-09-25,199.0,Debit Card
PAY015174,I017649,C1373,2024-10-26,199.0,Bank Transfer
PAY015175,I017650,C1373,2024-11-14,199.0,Bank Transfer
PAY015176,I017651,C1373,2024-12-11,199.0,Credit Card
PAY015177,I017652,C1373,2025-01-22,199.0,Bank Transfer
PAY015178,I017654,C1373,2025-03-21,199.0,Debit Card
PAY015179,I017655,C1373,2025-04-26,199.0,Credit Card
PAY015180,I017656,C1373,2025-05-24,199.0,UPI
PAY015181,I017657,C1373,2025-06-25,199.0,Debit Card
PAY015182,I017659,C1374,2025-03-20,348.0,UPI
PAY015183,I017660,C1375,2025-09-19,499.0,Debit Card
PAY015184,I017661,C1375,2025-10-03,499.0,Bank Transfer
PAY015185,I017662,C1375,2025-11-07,499.0,Bank Transfer
PAY015186,I017663,C1375,2025-12-09,499.0,Bank Transfer
PAY015187,I017664,C1375,2026-01-10,499.0,Credit Card
PAY015188,I017665,C1375,2026-02-07,499.0,Bank Transfer
PAY015189,I017666,C1375,2026-03-03,499.0,Debit Card
PAY015190,I017667,C1375,2026-04-03,499.0,UPI
PAY015191,I017668,C1375,2026-05-11,499.0,Bank Transfer
PAY015192,I017669,C1375,2026-06-19,499.0,Credit Card
PAY015193,I017670,C1375,2026-07-18,499.0,Credit Card
PAY015194,I017671,C1375,2026-08-07,499.0,Credit Card
PAY015195,I017672,C1375,2026-09-15,499.0,UPI
PAY015196,I017673,C1376,2026-01-24,348.0,Bank Transfer
PAY015197,I017675,C1377,2024-11-22,199.0,UPI
PAY015198,I017676,C1377,2024-12-20,199.0,Debit Card
PAY015199,I017678,C1377,2025-03-06,199.0,Debit Card
PAY015200,I017679,C1377,2025-03-22,199.0,UPI
PAY015201,I017680,C1377,2025-04-25,199.0,Credit Card
PAY015202,I017681,C1377,2025-11-01,348.0,Bank Transfer
PAY015203,I017682,C1378,2025-07-13,79.0,Bank Transfer
PAY015204,I017683,C1378,2025-08-16,79.0,Debit Card
PAY015205,I017684,C1378,2025-09-25,79.0,Debit Card
PAY015206,I017685,C1378,2025-10-08,79.0,UPI
PAY015207,I017687,C1378,2025-12-25,79.0,Credit Card
PAY015208,I017688,C1378,2026-01-07,79.0,Debit Card
PAY015209,I017689,C1378,2026-02-25,79.0,Credit Card
PAY015210,I017690,C1378,2026-03-19,79.0,Credit Card
PAY015211,I017691,C1378,2026-04-08,79.0,Debit Card
PAY015212,I017692,C1378,2026-05-12,79.0,Bank Transfer
PAY015213,I017693,C1378,2026-06-07,79.0,Credit Card
PAY015214,I017694,C1378,2026-07-10,79.0,Bank Transfer
PAY015215,I017695,C1378,2026-08-16,79.0,Bank Transfer
PAY015216,I017697,C1379,2024-05-29,348.0,UPI
PAY015217,I017698,C1380,2025-02-04,79.0,Bank Transfer
PAY015218,I017699,C1380,2025-03-16,79.0,Credit Card
PAY015219,I017700,C1380,2025-04-17,79.0,Bank Transfer
PAY015220,I017701,C1380,2025-05-19,79.0,Credit Card
PAY015221,I017702,C1380,2025-06-14,79.0,Credit Card
PAY015222,I017703,C1380,2025-07-03,79.0,Bank Transfer
PAY015223,I017704,C1380,2025-08-11,79.0,Debit Card
PAY015224,I017705,C1380,2025-09-14,79.0,Credit Card
PAY015225,I017708,C1380,2025-11-30,79.0,UPI
PAY015226,I017709,C1380,2026-01-13,79.0,Debit Card
PAY015227,I017710,C1380,2026-02-09,79.0,Bank Transfer
PAY015228,I017712,C1380,2026-04-19,79.0,UPI
PAY015229,I017713,C1380,2026-05-04,79.0,Debit Card
PAY015230,I017714,C1380,2026-06-06,79.0,UPI
PAY015231,I017715,C1380,2026-07-04,79.0,Debit Card
PAY015232,I017716,C1380,2026-08-11,79.0,UPI
PAY015233,I017717,C1380,2026-09-18,79.0,Debit Card
PAY015234,I017718,C1380,2026-10-03,79.0,UPI
PAY015235,I017719,C1381,2025-05-24,5988.0,Bank Transfer
PAY015236,I017721,C1382,2025-04-15,79.0,Debit Card
PAY015237,I017722,C1382,2025-05-23,79.0,UPI
PAY015238,I017723,C1382,2025-06-21,79.0,Credit Card
PAY015239,I017724,C1382,2025-07-20,79.0,UPI
PAY015240,I017725,C1382,2025-11-21,79.0,Debit Card
PAY015241,I017726,C1382,2025-12-18,79.0,UPI
PAY015242,I017727,C1382,2026-01-17,79.0,UPI
PAY015243,I017728,C1382,2026-02-20,79.0,Credit Card
PAY015244,I017729,C1382,2026-03-18,79.0,Bank Transfer
PAY015245,I017730,C1382,2026-04-19,79.0,UPI
PAY015246,I017733,C1382,2026-07-15,79.0,Credit Card
PAY015247,I017734,C1382,2026-08-24,79.0,UPI
PAY015248,I017735,C1382,2026-09-16,79.0,Debit Card
PAY015249,I017737,C1383,2023-04-25,79.0,Debit Card
PAY015250,I017738,C1383,2023-05-20,79.0,Credit Card
PAY015251,I017739,C1383,2023-06-15,79.0,Bank Transfer
PAY015252,I017740,C1383,2023-07-15,79.0,Bank Transfer
PAY015253,I017741,C1383,2023-08-30,79.0,Bank Transfer
PAY015254,I017743,C1383,2023-10-15,79.0,Debit Card
PAY015255,I017745,C1383,2023-12-16,79.0,Debit Card
PAY015256,I017746,C1383,2024-01-23,79.0,Bank Transfer
PAY015257,I017747,C1383,2024-02-17,79.0,UPI
PAY015258,I017748,C1383,2024-03-30,79.0,Bank Transfer
PAY015259,I017749,C1383,2024-04-25,79.0,Credit Card
PAY015260,I017751,C1383,2024-06-20,79.0,UPI
PAY015261,I017753,C1383,2024-08-20,79.0,Debit Card
PAY015262,I017755,C1383,2024-10-31,79.0,Bank Transfer
PAY015263,I017756,C1383,2024-11-18,79.0,Bank Transfer
PAY015264,I017757,C1383,2024-12-23,79.0,Debit Card
PAY015265,I017758,C1383,2025-01-12,79.0,Bank Transfer
PAY015266,I017759,C1383,2025-03-01,79.0,UPI
PAY015267,I017761,C1384,2023-10-21,79.0,Debit Card
PAY015268,I017762,C1384,2023-11-14,79.0,Credit Card
PAY015269,I017764,C1384,2024-01-23,79.0,Debit Card
PAY015270,I017765,C1384,2024-02-23,79.0,Credit Card
PAY015271,I017766,C1384,2024-03-18,79.0,Debit Card
PAY015272,I017767,C1384,2024-04-07,79.0,Bank Transfer
PAY015273,I017768,C1384,2024-05-13,79.0,Debit Card
PAY015274,I017769,C1384,2024-06-05,79.0,Credit Card
PAY015275,I017770,C1384,2024-07-16,79.0,UPI
PAY015276,I017773,C1384,2024-10-06,79.0,Bank Transfer
PAY015277,I017774,C1384,2024-11-07,79.0,UPI
PAY015278,I017775,C1384,2024-12-08,79.0,Bank Transfer
PAY015279,I017776,C1384,2025-01-19,79.0,UPI
PAY015280,I017777,C1384,2025-02-05,79.0,Bank Transfer
PAY015281,I017778,C1384,2025-03-15,79.0,Credit Card
PAY015282,I017779,C1384,2025-04-08,79.0,UPI
PAY015283,I017780,C1384,2025-05-14,79.0,Credit Card
PAY015284,I017781,C1384,2025-06-11,79.0,Bank Transfer
PAY015285,I017782,C1384,2025-07-05,79.0,Bank Transfer
PAY015286,I017784,C1385,2023-06-11,29.0,UPI
PAY015287,I017785,C1385,2023-07-09,29.0,UPI
PAY015288,I017786,C1385,2023-07-26,29.0,UPI
PAY015289,I017787,C1385,2023-09-10,29.0,UPI
PAY015290,I017788,C1385,2023-09-28,29.0,Credit Card
PAY015291,I017789,C1385,2023-10-30,29.0,Debit Card
PAY015292,I017791,C1385,2024-01-07,29.0,Bank Transfer
PAY015293,I017793,C1385,2024-03-11,29.0,Debit Card
PAY015294,I017794,C1385,2024-04-14,29.0,Bank Transfer
PAY015295,I017795,C1385,2024-05-08,29.0,Debit Card
PAY015296,I017796,C1385,2024-06-07,29.0,UPI
PAY015297,I017797,C1385,2024-07-09,29.0,Credit Card
PAY015298,I017798,C1385,2024-08-06,29.0,Bank Transfer
PAY015299,I017799,C1385,2024-09-10,29.0,Bank Transfer
PAY015300,I017800,C1386,2024-08-09,948.0,Debit Card
PAY015301,I017801,C1386,2025-08-11,948.0,Credit Card
PAY015302,I017803,C1387,2024-05-15,79.0,Bank Transfer
PAY015303,I017805,C1387,2024-07-24,79.0,Debit Card
PAY015304,I017808,C1387,2024-10-25,79.0,Debit Card
PAY015305,I017809,C1387,2024-11-23,79.0,Bank Transfer
PAY015306,I017812,C1388,2023-08-21,29.0,Debit Card
PAY015307,I017814,C1388,2023-10-23,29.0,Credit Card
PAY015308,I017815,C1388,2023-11-12,29.0,UPI
PAY015309,I017816,C1388,2023-12-31,29.0,UPI
PAY015310,I017817,C1388,2024-01-17,29.0,Bank Transfer
PAY015311,I017818,C1388,2024-03-02,29.0,Credit Card
PAY015312,I017819,C1388,2024-03-13,29.0,Bank Transfer
PAY015313,I017820,C1388,2024-04-12,29.0,Credit Card
PAY015314,I017821,C1388,2024-05-24,29.0,Debit Card
PAY015315,I017822,C1388,2024-06-13,29.0,Debit Card
PAY015316,I017823,C1388,2024-07-26,29.0,Credit Card
PAY015317,I017824,C1388,2024-08-31,29.0,Debit Card
PAY015318,I017825,C1388,2024-09-28,29.0,Debit Card
PAY015319,I017826,C1388,2024-10-16,29.0,Credit Card
PAY015320,I017827,C1388,2024-11-15,29.0,Bank Transfer
PAY015321,I017828,C1388,2024-12-31,29.0,Debit Card
PAY015322,I017829,C1388,2025-01-26,29.0,Debit Card
PAY015323,I017830,C1388,2025-02-25,29.0,Credit Card
PAY015324,I017832,C1388,2025-04-17,29.0,Bank Transfer
PAY015325,I017833,C1388,2025-05-31,29.0,Credit Card
PAY015326,I017834,C1388,2025-06-21,29.0,Credit Card
PAY015327,I017835,C1389,2026-01-09,948.0,Credit Card
PAY015328,I017836,C1390,2024-05-17,79.0,Debit Card
PAY015329,I017837,C1390,2024-06-20,79.0,Credit Card
PAY015330,I017839,C1390,2024-08-10,79.0,Debit Card
PAY015331,I017840,C1390,2024-09-15,79.0,Bank Transfer
PAY015332,I017841,C1390,2024-10-16,79.0,Debit Card
PAY015333,I017842,C1390,2024-11-18,79.0,UPI
PAY015334,I017843,C1390,2024-12-20,79.0,Debit Card
PAY015335,I017844,C1390,2025-01-18,79.0,Credit Card
PAY015336,I017845,C1390,2025-02-12,79.0,Bank Transfer
PAY015337,I017846,C1390,2025-03-19,79.0,Credit Card
PAY015338,I017848,C1390,2025-05-23,79.0,Bank Transfer
PAY015339,I017849,C1390,2025-06-16,79.0,Credit Card
PAY015340,I017850,C1390,2025-07-25,79.0,UPI
PAY015341,I017851,C1390,2025-08-18,79.0,Bank Transfer
PAY015342,I017852,C1390,2025-09-24,79.0,Credit Card
PAY015343,I017853,C1390,2025-10-10,79.0,Debit Card
PAY015344,I017854,C1390,2025-11-09,79.0,Bank Transfer
PAY015345,I017855,C1390,2025-12-16,79.0,Bank Transfer
PAY015346,I017856,C1390,2026-01-21,79.0,Credit Card
PAY015347,I017858,C1390,2026-03-16,79.0,Bank Transfer
PAY015348,I017859,C1390,2026-04-17,79.0,Debit Card
PAY015349,I017860,C1391,2023-03-05,29.0,Bank Transfer
PAY015350,I017861,C1391,2023-03-25,29.0,UPI
PAY015351,I017862,C1391,2023-05-06,29.0,Bank Transfer
PAY015352,I017863,C1391,2023-06-08,29.0,Debit Card
PAY015353,I017864,C1391,2023-06-25,29.0,Bank Transfer
PAY015354,I017865,C1391,2023-07-25,29.0,UPI
PAY015355,I017866,C1391,2023-08-30,29.0,UPI
PAY015356,I017867,C1391,2023-10-02,29.0,UPI
PAY015357,I017868,C1391,2023-10-30,29.0,Bank Transfer
PAY015358,I017869,C1391,2023-11-24,29.0,UPI
PAY015359,I017870,C1391,2023-12-22,29.0,Debit Card
PAY015360,I017871,C1391,2024-01-27,29.0,Bank Transfer
PAY015361,I017872,C1391,2024-03-02,29.0,Bank Transfer
PAY015362,I017873,C1391,2024-04-07,29.0,Debit Card
PAY015363,I017874,C1391,2024-04-25,29.0,Bank Transfer
PAY015364,I017875,C1391,2024-06-02,29.0,Bank Transfer
PAY015365,I017876,C1391,2024-07-08,29.0,Debit Card
PAY015366,I017877,C1391,2024-07-27,29.0,Debit Card
PAY015367,I017878,C1391,2024-08-30,29.0,UPI
PAY015368,I017879,C1391,2024-09-30,29.0,UPI
PAY015369,I017880,C1391,2024-11-03,29.0,Bank Transfer
PAY015370,I017881,C1391,2024-11-22,29.0,UPI
PAY015371,I017882,C1391,2024-12-27,29.0,Debit Card
PAY015372,I017885,C1392,2025-06-30,79.0,Debit Card
PAY015373,I017886,C1392,2025-08-07,79.0,Credit Card
PAY015374,I017887,C1392,2025-09-05,79.0,Credit Card
PAY015375,I017889,C1392,2025-11-02,79.0,Debit Card
PAY015376,I017890,C1392,2025-12-13,79.0,Debit Card
PAY015377,I017891,C1392,2026-01-18,79.0,Bank Transfer
PAY015378,I017892,C1392,2026-02-12,79.0,Bank Transfer
PAY015379,I017893,C1392,2026-03-16,79.0,Credit Card
PAY015380,I017894,C1392,2026-04-11,79.0,Credit Card
PAY015381,I017895,C1392,2026-05-16,79.0,Credit Card
PAY015382,I017897,C1392,2026-07-10,79.0,Credit Card
PAY015383,I017898,C1392,2026-07-31,79.0,Debit Card
PAY015384,I017899,C1393,2024-01-13,948.0,UPI
PAY015385,I017900,C1393,2025-01-14,948.0,Debit Card
PAY015386,I017901,C1394,2025-07-20,29.0,UPI
PAY015387,I017902,C1394,2025-08-17,29.0,Credit Card
PAY015388,I017903,C1394,2025-09-12,29.0,Bank Transfer
PAY015389,I017905,C1394,2025-11-13,29.0,Bank Transfer
PAY015390,I017907,C1394,2026-01-17,29.0,UPI
PAY015391,I017908,C1394,2026-02-19,29.0,Bank Transfer
PAY015392,I017909,C1394,2026-03-12,29.0,Debit Card
PAY015393,I017911,C1394,2026-05-07,29.0,Bank Transfer
PAY015394,I017912,C1394,2026-06-20,29.0,Debit Card
PAY015395,I017913,C1394,2026-07-10,29.0,Credit Card
PAY015396,I017914,C1394,2026-08-23,29.0,Credit Card
PAY015397,I017915,C1394,2026-09-21,29.0,Debit Card
PAY015398,I017916,C1394,2025-12-06,348.0,Credit Card
PAY015399,I017917,C1395,2024-05-02,948.0,Bank Transfer
PAY015400,I017919,C1395,2024-10-30,29.0,Credit Card
PAY015401,I017921,C1395,2025-01-05,29.0,Bank Transfer
PAY015402,I017922,C1395,2025-01-31,29.0,UPI
PAY015403,I017923,C1395,2025-03-17,29.0,Bank Transfer
PAY015404,I017924,C1395,2025-03-31,29.0,Bank Transfer
PAY015405,I017925,C1395,2025-05-15,29.0,Bank Transfer
PAY015406,I017927,C1395,2025-07-14,29.0,UPI
PAY015407,I017928,C1395,2025-08-12,29.0,Debit Card
PAY015408,I017929,C1395,2025-08-31,29.0,UPI
PAY015409,I017930,C1395,2025-10-17,29.0,Credit Card
PAY015410,I017931,C1395,2025-11-12,29.0,Credit Card
PAY015411,I017932,C1395,2025-12-01,29.0,UPI
PAY015412,I017933,C1395,2026-01-12,29.0,Bank Transfer
PAY015413,I017934,C1395,2026-02-16,29.0,Bank Transfer
PAY015414,I017936,C1395,2026-04-05,29.0,Credit Card
PAY015415,I017937,C1395,2026-04-29,29.0,UPI
PAY015416,I017938,C1395,2026-06-01,29.0,Credit Card
PAY015417,I017939,C1395,2026-07-14,29.0,UPI
PAY015418,I017940,C1395,2026-08-04,29.0,Credit Card
PAY015419,I017941,C1395,2026-09-04,29.0,Credit Card
PAY015420,I017942,C1396,2024-06-23,79.0,Credit Card
PAY015421,I017944,C1396,2024-08-06,79.0,Credit Card
PAY015422,I017945,C1396,2024-09-22,79.0,Bank Transfer
PAY015423,I017946,C1396,2024-10-19,79.0,Credit Card
PAY015424,I017947,C1396,2024-11-23,79.0,Bank Transfer
PAY015425,I017948,C1396,2024-12-06,79.0,Credit Card
PAY015426,I017949,C1396,2025-01-15,79.0,Bank Transfer
PAY015427,I017950,C1396,2025-02-22,79.0,UPI
PAY015428,I017951,C1396,2025-03-18,79.0,Debit Card
PAY015429,I017954,C1397,2025-01-26,29.0,Bank Transfer
PAY015430,I017955,C1397,2025-03-03,29.0,Debit Card
PAY015431,I017956,C1397,2025-03-24,29.0,Debit Card
PAY015432,I017957,C1397,2025-05-04,29.0,UPI
PAY015433,I017958,C1397,2025-05-31,29.0,Bank Transfer
PAY015434,I017960,C1397,2025-07-24,29.0,Bank Transfer
PAY015435,I017961,C1397,2025-08-21,29.0,Bank Transfer
PAY015436,I017962,C1397,2025-10-09,29.0,UPI
PAY015437,I017963,C1397,2025-11-01,29.0,Credit Card
PAY015438,I017964,C1397,2025-12-02,29.0,Debit Card
PAY015439,I017965,C1397,2025-12-30,29.0,Credit Card
PAY015440,I017966,C1397,2026-01-22,29.0,Credit Card
PAY015441,I017968,C1397,2026-03-21,29.0,Debit Card
PAY015442,I017969,C1397,2026-05-07,29.0,Bank Transfer
PAY015443,I017971,C1397,2026-06-21,29.0,Credit Card
PAY015444,I017972,C1397,2026-07-25,29.0,Debit Card
PAY015445,I017973,C1397,2026-08-25,29.0,Bank Transfer
PAY015446,I017974,C1397,2026-09-29,29.0,UPI
PAY015447,I017975,C1398,2026-03-06,199.0,Debit Card
PAY015448,I017976,C1398,2026-04-02,199.0,UPI
PAY015449,I017977,C1398,2026-05-04,199.0,Debit Card
PAY015450,I017978,C1398,2026-06-08,199.0,Credit Card
PAY015451,I017979,C1398,2026-07-04,199.0,UPI
PAY015452,I017980,C1398,2026-07-31,199.0,Debit Card
PAY015453,I017982,C1398,2026-09-28,199.0,Bank Transfer
PAY015454,I017983,C1398,2026-05-29,79.0,Debit Card
PAY015455,I017984,C1398,2026-07-05,79.0,Bank Transfer
PAY015456,I017986,C1398,2026-08-20,79.0,UPI
PAY015457,I017987,C1398,2026-10-04,79.0,Debit Card
PAY015458,I017988,C1399,2024-06-21,499.0,Debit Card
PAY015459,I017989,C1399,2024-07-30,499.0,Credit Card
PAY015460,I017992,C1399,2024-10-20,499.0,Bank Transfer
PAY015461,I017993,C1399,2024-11-18,499.0,Debit Card
PAY015462,I017994,C1399,2024-12-24,499.0,UPI
PAY015463,I017995,C1399,2025-01-19,499.0,Credit Card
PAY015464,I017996,C1399,2025-03-05,499.0,Debit Card
PAY015465,I017997,C1399,2025-04-01,499.0,Credit Card
PAY015466,I017998,C1399,2025-04-22,499.0,Bank Transfer
PAY015467,I017999,C1399,2025-05-17,499.0,Debit Card
PAY015468,I018000,C1399,2025-07-03,499.0,Bank Transfer
PAY015469,I018001,C1399,2025-07-28,499.0,UPI
PAY015470,I018002,C1399,2025-08-21,499.0,Debit Card
PAY015471,I018003,C1399,2025-09-29,499.0,Bank Transfer
PAY015472,I018004,C1399,2025-11-03,499.0,Debit Card
PAY015473,I018005,C1399,2025-11-29,499.0,Bank Transfer
PAY015474,I018006,C1399,2025-12-23,499.0,Credit Card
PAY015475,I018007,C1399,2026-01-21,499.0,Bank Transfer
PAY015476,I018008,C1399,2026-02-20,499.0,Bank Transfer
PAY015477,I018009,C1399,2026-04-03,499.0,Debit Card
PAY015478,I018010,C1399,2026-04-23,499.0,Bank Transfer
PAY015479,I018011,C1399,2026-06-01,499.0,Credit Card
PAY015480,I018012,C1400,2025-04-20,79.0,Debit Card
PAY015481,I018014,C1400,2025-06-24,79.0,Credit Card
PAY015482,I018016,C1400,2025-08-19,79.0,UPI
PAY015483,I018018,C1400,2025-10-20,79.0,Credit Card
PAY015484,I018019,C1400,2025-12-04,79.0,UPI
PAY015485,I018020,C1400,2025-12-28,79.0,Bank Transfer
PAY015486,I018021,C1400,2026-01-25,79.0,UPI
PAY015487,I018022,C1400,2026-03-04,79.0,Bank Transfer
PAY015488,I018023,C1400,2026-03-24,79.0,UPI
PAY015489,I018024,C1400,2026-04-20,79.0,UPI
PAY015490,I018025,C1400,2026-05-23,79.0,Credit Card
PAY015491,I018026,C1400,2026-07-08,79.0,Debit Card
PAY015492,I018027,C1400,2026-07-30,79.0,Credit Card
PAY015493,I018028,C1400,2026-08-24,79.0,Bank Transfer
PAY015494,I018029,C1400,2026-09-23,79.0,Debit Card
PAY015495,I018031,C1401,2026-01-27,29.0,UPI
PAY015496,I018032,C1401,2026-03-14,29.0,Credit Card
PAY015497,I018033,C1401,2026-03-27,29.0,Credit Card
PAY015498,I018034,C1401,2026-05-04,29.0,UPI
PAY015499,I018036,C1401,2026-06-29,29.0,Bank Transfer
PAY015500,I018037,C1401,2026-08-11,29.0,Credit Card
PAY015501,I018038,C1401,2026-09-11,29.0,Credit Card
PAY015502,I018039,C1401,2026-09-25,29.0,UPI
PAY015503,I018040,C1402,2023-09-04,948.0,Debit Card
PAY015504,I018041,C1402,2024-09-16,948.0,Debit Card
PAY015505,I018042,C1403,2024-06-24,79.0,Debit Card
PAY015506,I018043,C1403,2024-08-04,79.0,UPI
PAY015507,I018044,C1403,2024-08-29,79.0,Bank Transfer
PAY015508,I018045,C1403,2024-09-21,79.0,UPI
PAY015509,I018046,C1403,2024-10-21,79.0,Bank Transfer
PAY015510,I018047,C1403,2024-11-30,79.0,Credit Card
PAY015511,I018048,C1403,2024-12-23,79.0,Bank Transfer
PAY015512,I018049,C1403,2025-01-23,79.0,Credit Card
PAY015513,I018050,C1403,2025-02-24,79.0,Debit Card
PAY015514,I018051,C1403,2025-03-24,79.0,Credit Card
PAY015515,I018052,C1403,2025-04-21,79.0,Debit Card
PAY015516,I018054,C1403,2025-07-01,79.0,Credit Card
PAY015517,I018055,C1403,2025-07-20,79.0,Credit Card
PAY015518,I018056,C1403,2025-09-02,79.0,Credit Card
PAY015519,I018057,C1403,2025-09-27,79.0,Debit Card
PAY015520,I018058,C1403,2025-10-24,79.0,Bank Transfer
PAY015521,I018060,C1403,2025-12-20,79.0,Debit Card
PAY015522,I018061,C1403,2026-02-05,79.0,UPI
PAY015523,I018062,C1403,2026-02-22,79.0,Credit Card
PAY015524,I018063,C1403,2026-03-22,79.0,Debit Card
PAY015525,I018064,C1403,2026-04-19,79.0,Debit Card
PAY015526,I018065,C1403,2026-06-02,79.0,UPI
PAY015527,I018066,C1404,2023-04-10,499.0,UPI
PAY015528,I018067,C1404,2023-04-28,499.0,Credit Card
PAY015529,I018068,C1404,2023-06-07,499.0,Bank Transfer
PAY015530,I018069,C1404,2023-07-09,499.0,UPI
PAY015531,I018070,C1404,2023-07-31,499.0,UPI
PAY015532,I018071,C1404,2023-08-29,499.0,Bank Transfer
PAY015533,I018072,C1405,2025-09-22,948.0,Credit Card
PAY015534,I018074,C1406,2025-08-23,2388.0,UPI
PAY015535,I018075,C1406,2026-08-09,2388.0,UPI
PAY015536,I018076,C1407,2024-09-03,79.0,Bank Transfer
PAY015537,I018077,C1407,2024-10-05,79.0,Bank Transfer
PAY015538,I018079,C1407,2024-12-12,79.0,Debit Card
PAY015539,I018081,C1407,2025-02-03,79.0,Debit Card
PAY015540,I018082,C1407,2025-03-15,79.0,Credit Card
PAY015541,I018083,C1407,2025-04-21,79.0,UPI
PAY015542,I018084,C1407,2025-05-04,79.0,Credit Card
PAY015543,I018086,C1407,2025-07-05,79.0,Bank Transfer
PAY015544,I018087,C1407,2025-08-11,79.0,UPI
PAY015545,I018088,C1407,2025-09-20,79.0,Bank Transfer
PAY015546,I018089,C1407,2025-10-06,79.0,Debit Card
PAY015547,I018090,C1407,2025-11-10,79.0,UPI
PAY015548,I018091,C1407,2025-12-15,79.0,Debit Card
PAY015549,I018093,C1407,2026-02-05,79.0,Bank Transfer
PAY015550,I018094,C1407,2026-03-10,79.0,Credit Card
PAY015551,I018095,C1407,2026-04-02,79.0,Bank Transfer
PAY015552,I018096,C1407,2026-05-17,79.0,Credit Card
PAY015553,I018097,C1407,2026-06-02,79.0,UPI
PAY015554,I018098,C1407,2026-07-04,79.0,Debit Card
PAY015555,I018099,C1407,2026-08-06,79.0,Bank Transfer
PAY015556,I018100,C1408,2024-08-09,948.0,Bank Transfer
PAY015557,I018101,C1408,2024-12-28,29.0,Bank Transfer
PAY015558,I018102,C1408,2025-02-05,29.0,Bank Transfer
PAY015559,I018103,C1408,2025-02-28,29.0,Credit Card
PAY015560,I018104,C1408,2025-03-25,29.0,UPI
PAY015561,I018106,C1408,2025-06-06,29.0,Credit Card
PAY015562,I018107,C1408,2025-06-21,29.0,Bank Transfer
PAY015563,I018108,C1408,2025-07-31,29.0,Credit Card
PAY015564,I018109,C1408,2025-09-01,29.0,Credit Card
PAY015565,I018110,C1408,2025-10-06,29.0,UPI
PAY015566,I018111,C1408,2025-10-21,29.0,UPI
PAY015567,I018112,C1408,2025-12-02,29.0,Credit Card
PAY015568,I018113,C1408,2026-01-06,29.0,Credit Card
PAY015569,I018114,C1408,2026-02-07,29.0,Bank Transfer
PAY015570,I018115,C1408,2026-03-01,29.0,Debit Card
PAY015571,I018116,C1408,2026-04-08,29.0,Bank Transfer
PAY015572,I018117,C1408,2026-05-07,29.0,UPI
PAY015573,I018118,C1408,2026-05-26,29.0,UPI
PAY015574,I018120,C1408,2026-07-23,29.0,UPI
PAY015575,I018121,C1408,2026-08-24,29.0,Bank Transfer
PAY015576,I018123,C1409,2023-10-14,79.0,Credit Card
PAY015577,I018125,C1409,2023-12-22,79.0,Bank Transfer
PAY015578,I018126,C1409,2024-01-15,79.0,Credit Card
PAY015579,I018127,C1409,2024-02-19,79.0,UPI
PAY015580,I018128,C1409,2024-03-21,79.0,Bank Transfer
PAY015581,I018129,C1409,2024-04-27,79.0,Bank Transfer
PAY015582,I018131,C1410,2025-11-01,29.0,Debit Card
PAY015583,I018132,C1410,2025-11-27,29.0,Debit Card
PAY015584,I018133,C1410,2025-12-21,29.0,Debit Card
PAY015585,I018135,C1410,2026-02-25,29.0,UPI
PAY015586,I018136,C1410,2026-04-01,29.0,Credit Card
PAY015587,I018137,C1410,2026-05-04,29.0,Debit Card
PAY015588,I018138,C1410,2026-05-15,29.0,Bank Transfer
PAY015589,I018139,C1410,2026-06-23,29.0,Bank Transfer
PAY015590,I018140,C1410,2026-07-20,29.0,Debit Card
PAY015591,I018141,C1410,2026-08-30,29.0,Credit Card
PAY015592,I018142,C1410,2026-09-27,29.0,Debit Card
PAY015593,I018143,C1411,2024-04-19,348.0,Debit Card
PAY015594,I018144,C1411,2025-04-14,348.0,Bank Transfer
PAY015595,I018145,C1411,2025-02-18,199.0,Bank Transfer
PAY015596,I018146,C1411,2025-03-19,199.0,Bank Transfer
PAY015597,I018148,C1411,2025-06-03,199.0,Bank Transfer
PAY015598,I018149,C1411,2025-07-07,199.0,Bank Transfer
PAY015599,I018150,C1411,2025-07-22,199.0,Debit Card
PAY015600,I018152,C1411,2025-09-22,199.0,Bank Transfer
PAY015601,I018153,C1411,2025-10-20,199.0,Debit Card
PAY015602,I018154,C1411,2025-11-19,199.0,UPI
PAY015603,I018155,C1411,2025-12-20,199.0,Bank Transfer
PAY015604,I018156,C1411,2026-02-05,199.0,UPI
PAY015605,I018158,C1411,2026-03-21,199.0,Debit Card
PAY015606,I018159,C1411,2026-05-04,199.0,UPI
PAY015607,I018160,C1411,2026-05-24,199.0,Bank Transfer
PAY015608,I018162,C1411,2026-08-02,199.0,Credit Card
PAY015609,I018163,C1411,2026-09-03,199.0,UPI
PAY015610,I018164,C1411,2026-10-01,199.0,Debit Card
PAY015611,I018165,C1412,2023-05-23,79.0,Debit Card
PAY015612,I018167,C1412,2023-07-10,79.0,Bank Transfer
PAY015613,I018168,C1412,2023-08-17,79.0,UPI
PAY015614,I018169,C1412,2023-09-21,79.0,Credit Card
PAY015615,I018170,C1412,2023-10-22,79.0,UPI
PAY015616,I018171,C1412,2023-11-10,79.0,UPI
PAY015617,I018172,C1412,2023-12-22,79.0,UPI
PAY015618,I018173,C1412,2024-01-19,79.0,Debit Card
PAY015619,I018174,C1412,2024-02-20,79.0,Bank Transfer
PAY015620,I018176,C1412,2024-04-22,79.0,UPI
PAY015621,I018177,C1412,2024-05-21,79.0,Bank Transfer
PAY015622,I018178,C1412,2024-06-10,79.0,Bank Transfer
PAY015623,I018179,C1412,2024-07-25,79.0,Bank Transfer
PAY015624,I018180,C1412,2024-08-17,79.0,Credit Card
PAY015625,I018181,C1412,2024-09-21,79.0,Credit Card
PAY015626,I018182,C1412,2024-10-19,79.0,Bank Transfer
PAY015627,I018183,C1412,2024-11-23,79.0,Bank Transfer
PAY015628,I018184,C1412,2024-12-21,79.0,Credit Card
PAY015629,I018185,C1412,2025-01-18,79.0,Credit Card
PAY015630,I018186,C1412,2025-02-23,79.0,Bank Transfer
PAY015631,I018187,C1412,2025-03-06,79.0,Bank Transfer
PAY015632,I018188,C1412,2025-04-19,79.0,Bank Transfer
PAY015633,I018189,C1413,2024-02-29,348.0,Bank Transfer
PAY015634,I018191,C1414,2024-07-25,948.0,Credit Card
PAY015635,I018192,C1414,2025-07-21,948.0,UPI
PAY015636,I018193,C1415,2024-09-16,499.0,Bank Transfer
PAY015637,I018194,C1415,2024-10-03,499.0,Debit Card
PAY015638,I018196,C1415,2024-12-09,499.0,Bank Transfer
PAY015639,I018197,C1415,2025-01-07,499.0,Bank Transfer
PAY015640,I018198,C1415,2025-02-11,499.0,Credit Card
PAY015641,I018199,C1415,2025-03-13,499.0,UPI
PAY015642,I018200,C1415,2025-04-20,499.0,UPI
PAY015643,I018201,C1415,2025-05-09,499.0,UPI
PAY015644,I018202,C1415,2025-06-16,499.0,Bank Transfer
PAY015645,I018203,C1415,2025-07-15,499.0,Bank Transfer
PAY015646,I018204,C1415,2025-08-12,499.0,Credit Card
PAY015647,I018205,C1415,2025-09-18,499.0,Bank Transfer
PAY015648,I018206,C1415,2025-10-08,499.0,UPI
PAY015649,I018207,C1415,2025-11-03,499.0,Bank Transfer
PAY015650,I018208,C1415,2025-12-20,499.0,Debit Card
PAY015651,I018209,C1415,2026-01-02,499.0,UPI
PAY015652,I018210,C1415,2026-02-20,499.0,Bank Transfer
PAY015653,I018211,C1415,2026-03-04,499.0,Bank Transfer
PAY015654,I018212,C1415,2026-04-10,499.0,Bank Transfer
PAY015655,I018214,C1415,2026-06-11,499.0,Credit Card
PAY015656,I018216,C1415,2026-08-07,499.0,Debit Card
PAY015657,I018218,C1416,2026-05-01,79.0,Debit Card
PAY015658,I018219,C1416,2026-06-14,79.0,Bank Transfer
PAY015659,I018220,C1416,2026-07-16,79.0,Debit Card
PAY015660,I018221,C1416,2026-08-12,79.0,Bank Transfer
PAY015661,I018223,C1416,2026-10-07,79.0,Credit Card
PAY015662,I018224,C1417,2023-05-08,29.0,Credit Card
PAY015663,I018225,C1417,2023-05-25,29.0,Debit Card
PAY015664,I018226,C1417,2023-07-08,29.0,Debit Card
PAY015665,I018227,C1417,2023-07-29,29.0,Bank Transfer
PAY015666,I018229,C1417,2023-09-24,29.0,Debit Card
PAY015667,I018230,C1417,2023-10-26,29.0,Credit Card
PAY015668,I018232,C1417,2024-01-10,29.0,UPI
PAY015669,I018233,C1417,2024-01-30,29.0,Bank Transfer
PAY015670,I018234,C1417,2024-02-29,29.0,Bank Transfer
PAY015671,I018235,C1417,2024-03-27,29.0,Bank Transfer
PAY015672,I018236,C1417,2024-04-30,29.0,Debit Card
PAY015673,I018237,C1417,2024-05-28,29.0,Credit Card
PAY015674,I018238,C1417,2024-07-05,29.0,Debit Card
PAY015675,I018239,C1417,2024-03-30,2388.0,UPI
PAY015676,I018240,C1417,2025-04-04,2388.0,UPI
PAY015677,I018242,C1418,2024-03-10,79.0,Bank Transfer
PAY015678,I018243,C1418,2024-04-23,79.0,Bank Transfer
PAY015679,I018244,C1418,2024-05-12,79.0,Credit Card
PAY015680,I018245,C1418,2024-06-22,79.0,Bank Transfer
PAY015681,I018246,C1418,2024-07-22,79.0,Credit Card
PAY015682,I018247,C1418,2024-08-13,79.0,UPI
PAY015683,I018248,C1418,2024-09-18,79.0,UPI
PAY015684,I018249,C1418,2024-10-23,79.0,Bank Transfer
PAY015685,I018250,C1418,2024-11-21,79.0,Debit Card
PAY015686,I018251,C1418,2024-12-19,79.0,UPI
PAY015687,I018254,C1418,2025-03-08,79.0,Bank Transfer
PAY015688,I018255,C1418,2025-04-10,79.0,Bank Transfer
PAY015689,I018256,C1418,2025-05-23,79.0,Credit Card
PAY015690,I018257,C1418,2025-06-08,79.0,Credit Card
PAY015691,I018258,C1418,2025-07-14,79.0,UPI
PAY015692,I018259,C1418,2025-08-16,79.0,Debit Card
PAY015693,I018260,C1418,2025-09-13,79.0,Debit Card
PAY015694,I018261,C1418,2025-10-11,79.0,Bank Transfer
PAY015695,I018262,C1418,2025-11-14,79.0,Debit Card
PAY015696,I018264,C1418,2026-01-09,79.0,Debit Card
PAY015697,I018265,C1419,2023-05-07,29.0,Debit Card
PAY015698,I018266,C1419,2023-06-16,29.0,Debit Card
PAY015699,I018267,C1419,2023-07-15,29.0,Bank Transfer
PAY015700,I018268,C1419,2023-08-03,29.0,Debit Card
PAY015701,I018269,C1419,2023-09-12,29.0,Bank Transfer
PAY015702,I018271,C1419,2023-11-05,29.0,Bank Transfer
PAY015703,I018272,C1419,2023-12-20,29.0,Credit Card
PAY015704,I018273,C1419,2024-01-20,29.0,Debit Card
PAY015705,I018274,C1419,2024-02-14,29.0,UPI
PAY015706,I018275,C1419,2024-03-15,29.0,Bank Transfer
PAY015707,I018277,C1419,2025-04-29,2388.0,UPI
PAY015708,I018278,C1420,2023-10-11,499.0,Debit Card
PAY015709,I018279,C1420,2023-11-16,499.0,Debit Card
PAY015710,I018280,C1420,2023-12-16,499.0,Bank Transfer
PAY015711,I018281,C1420,2024-01-06,499.0,UPI
PAY015712,I018282,C1420,2024-02-18,499.0,Debit Card
PAY015713,I018283,C1420,2024-03-16,499.0,Bank Transfer
PAY015714,I018284,C1420,2024-04-08,499.0,UPI
PAY015715,I018285,C1420,2024-05-02,499.0,UPI
PAY015716,I018286,C1420,2024-12-02,29.0,Bank Transfer
PAY015717,I018287,C1420,2024-12-15,29.0,Credit Card
PAY015718,I018288,C1420,2025-01-23,29.0,Credit Card
PAY015719,I018289,C1420,2025-02-15,29.0,Bank Transfer
PAY015720,I018290,C1421,2024-02-18,348.0,UPI
PAY015721,I018291,C1421,2025-02-05,348.0,Debit Card
PAY015722,I018292,C1422,2024-04-27,29.0,Debit Card
PAY015723,I018293,C1422,2024-05-29,29.0,Credit Card
PAY015724,I018294,C1422,2024-06-30,29.0,Credit Card
PAY015725,I018295,C1422,2024-07-20,29.0,Debit Card
PAY015726,I018296,C1422,2024-08-18,29.0,UPI
PAY015727,I018297,C1422,2024-09-20,29.0,Bank Transfer
PAY015728,I018298,C1422,2024-10-18,29.0,Bank Transfer
PAY015729,I018299,C1422,2024-11-30,29.0,Credit Card
PAY015730,I018300,C1422,2024-12-27,29.0,Debit Card
PAY015731,I018301,C1422,2025-01-24,29.0,Debit Card
PAY015732,I018302,C1422,2025-03-04,29.0,UPI
PAY015733,I018306,C1422,2025-06-17,29.0,Debit Card
PAY015734,I018307,C1422,2025-07-21,29.0,Bank Transfer
PAY015735,I018308,C1422,2025-08-29,29.0,Credit Card
PAY015736,I018309,C1422,2025-09-18,29.0,UPI
PAY015737,I018310,C1422,2025-10-23,29.0,Debit Card
PAY015738,I018311,C1422,2025-11-28,29.0,UPI
PAY015739,I018312,C1422,2025-12-27,29.0,Bank Transfer
PAY015740,I018313,C1422,2026-01-26,29.0,Credit Card
PAY015741,I018314,C1422,2026-02-19,29.0,Bank Transfer
PAY015742,I018315,C1422,2026-03-15,29.0,Debit Card
PAY015743,I018316,C1423,2025-09-28,29.0,Credit Card
PAY015744,I018317,C1423,2025-10-14,29.0,Credit Card
PAY015745,I018318,C1423,2025-11-12,29.0,Bank Transfer
PAY015746,I018319,C1423,2025-12-11,29.0,Debit Card
PAY015747,I018320,C1423,2026-01-30,29.0,Credit Card
PAY015748,I018321,C1423,2026-02-23,29.0,Credit Card
PAY015749,I018323,C1423,2026-04-13,29.0,Bank Transfer
PAY015750,I018324,C1423,2026-05-19,29.0,UPI
PAY015751,I018325,C1423,2026-06-17,29.0,Debit Card
PAY015752,I018326,C1423,2026-07-13,29.0,UPI
PAY015753,I018327,C1423,2026-08-11,29.0,Bank Transfer
PAY015754,I018328,C1423,2026-09-27,29.0,Credit Card
PAY015755,I018329,C1424,2026-02-22,499.0,UPI
PAY015756,I018330,C1424,2026-03-19,499.0,UPI
PAY015757,I018332,C1424,2026-05-18,499.0,Debit Card
PAY015758,I018333,C1424,2026-06-26,499.0,Bank Transfer
PAY015759,I018334,C1424,2026-07-26,499.0,Debit Card
PAY015760,I018335,C1424,2026-08-22,499.0,Credit Card
PAY015761,I018336,C1424,2026-09-24,499.0,Bank Transfer
PAY015762,I018337,C1425,2024-08-06,79.0,Credit Card
PAY015763,I018338,C1425,2024-09-01,79.0,Credit Card
PAY015764,I018339,C1425,2024-10-04,79.0,Debit Card
PAY015765,I018340,C1425,2024-11-08,79.0,Debit Card
PAY015766,I018341,C1425,2024-11-23,79.0,UPI
PAY015767,I018342,C1425,2025-01-05,79.0,Credit Card
PAY015768,I018343,C1425,2025-02-03,79.0,UPI
PAY015769,I018344,C1425,2025-02-24,79.0,UPI
PAY015770,I018345,C1425,2025-03-30,79.0,UPI
PAY015771,I018347,C1425,2025-05-26,79.0,UPI
PAY015772,I018348,C1425,2025-06-25,79.0,UPI
PAY015773,I018349,C1425,2025-07-24,79.0,UPI
PAY015774,I018350,C1425,2025-08-23,79.0,Debit Card
PAY015775,I018351,C1425,2025-09-29,79.0,Credit Card
PAY015776,I018352,C1425,2025-11-09,79.0,Bank Transfer
PAY015777,I018353,C1425,2025-12-11,79.0,Credit Card
PAY015778,I018354,C1425,2026-01-05,79.0,Debit Card
PAY015779,I018355,C1425,2026-02-10,79.0,UPI
PAY015780,I018356,C1425,2026-03-02,79.0,Debit Card
PAY015781,I018358,C1425,2026-05-07,79.0,Bank Transfer
PAY015782,I018359,C1425,2026-06-04,79.0,Credit Card
PAY015783,I018360,C1425,2026-07-08,79.0,Bank Transfer
PAY015784,I018361,C1426,2026-02-22,948.0,Debit Card
PAY015785,I018363,C1427,2026-06-27,348.0,Bank Transfer
PAY015786,I018364,C1428,2025-04-06,2388.0,Bank Transfer
PAY015787,I018365,C1428,2026-04-17,2388.0,Debit Card
PAY015788,I018366,C1429,2025-05-21,948.0,Bank Transfer
PAY015789,I018367,C1430,2024-12-28,2388.0,Bank Transfer
PAY015790,I018368,C1430,2025-12-11,2388.0,Credit Card
PAY015791,I018369,C1431,2023-12-05,2388.0,Bank Transfer
PAY015792,I018370,C1431,2024-11-19,2388.0,UPI
PAY015793,I018371,C1432,2023-07-01,29.0,UPI
PAY015794,I018372,C1432,2023-07-28,29.0,UPI
PAY015795,I018374,C1432,2023-10-05,29.0,Credit Card
PAY015796,I018375,C1432,2023-10-28,29.0,Debit Card
PAY015797,I018376,C1432,2023-12-02,29.0,Bank Transfer
PAY015798,I018377,C1432,2024-01-06,29.0,Credit Card
PAY015799,I018378,C1432,2024-02-05,29.0,Bank Transfer
PAY015800,I018380,C1432,2024-04-15,29.0,Debit Card
PAY015801,I018381,C1432,2024-05-07,29.0,UPI
PAY015802,I018382,C1432,2024-05-29,29.0,Bank Transfer
PAY015803,I018383,C1432,2024-07-15,29.0,Debit Card
PAY015804,I018384,C1432,2024-08-13,29.0,Debit Card
PAY015805,I018385,C1432,2024-09-04,29.0,Credit Card
PAY015806,I018386,C1432,2024-10-11,29.0,Debit Card
PAY015807,I018387,C1432,2024-11-13,29.0,UPI
PAY015808,I018388,C1432,2024-11-29,29.0,Bank Transfer
PAY015809,I018389,C1432,2025-01-07,29.0,Debit Card
PAY015810,I018390,C1432,2025-02-14,29.0,Credit Card
PAY015811,I018391,C1432,2025-03-19,29.0,Credit Card
PAY015812,I018392,C1432,2025-03-31,29.0,Debit Card
PAY015813,I018393,C1432,2025-05-05,29.0,Bank Transfer
PAY015814,I018394,C1432,2025-06-11,29.0,UPI
PAY015815,I018395,C1433,2025-06-26,79.0,Bank Transfer
PAY015816,I018396,C1433,2025-07-29,79.0,UPI
PAY015817,I018397,C1433,2025-08-26,79.0,Debit Card
PAY015818,I018399,C1433,2025-11-03,79.0,Credit Card
PAY015819,I018400,C1433,2025-11-30,79.0,Debit Card
PAY015820,I018401,C1433,2025-12-24,79.0,UPI
PAY015821,I018403,C1433,2026-02-16,79.0,Credit Card
PAY015822,I018404,C1433,2026-04-02,79.0,UPI
PAY015823,I018405,C1433,2026-05-01,79.0,Credit Card
PAY015824,I018406,C1433,2026-05-20,79.0,UPI
PAY015825,I018407,C1433,2026-06-28,79.0,Bank Transfer
PAY015826,I018408,C1433,2026-08-03,79.0,Debit Card
PAY015827,I018410,C1433,2026-09-20,79.0,Bank Transfer
PAY015828,I018411,C1434,2023-08-23,79.0,Bank Transfer
PAY015829,I018412,C1434,2023-09-20,79.0,Debit Card
PAY015830,I018413,C1434,2023-10-25,79.0,UPI
PAY015831,I018417,C1434,2024-02-07,79.0,UPI
PAY015832,I018418,C1434,2024-03-21,79.0,UPI
PAY015833,I018419,C1434,2024-04-07,79.0,Credit Card
PAY015834,I018420,C1434,2024-05-21,79.0,Credit Card
PAY015835,I018421,C1434,2024-06-11,79.0,Bank Transfer
PAY015836,I018422,C1434,2024-07-16,79.0,Bank Transfer
PAY015837,I018423,C1434,2024-08-08,79.0,Bank Transfer
PAY015838,I018424,C1434,2024-09-07,79.0,Debit Card
PAY015839,I018425,C1434,2024-10-12,79.0,UPI
PAY015840,I018427,C1435,2026-02-27,948.0,UPI
PAY015841,I018428,C1436,2024-05-13,79.0,UPI
PAY015842,I018430,C1436,2024-07-25,79.0,Debit Card
PAY015843,I018431,C1436,2024-08-25,79.0,Credit Card
PAY015844,I018432,C1436,2024-09-12,79.0,Credit Card
PAY015845,I018433,C1436,2024-10-23,79.0,Debit Card
PAY015846,I018434,C1436,2024-11-22,79.0,UPI
PAY015847,I018435,C1436,2024-12-12,79.0,UPI
PAY015848,I018436,C1436,2025-01-13,79.0,UPI
PAY015849,I018437,C1436,2025-02-19,79.0,Credit Card
PAY015850,I018438,C1436,2025-03-14,79.0,Credit Card
PAY015851,I018439,C1436,2025-04-21,79.0,UPI
PAY015852,I018440,C1436,2025-05-24,79.0,Debit Card
PAY015853,I018441,C1436,2025-06-12,79.0,UPI
PAY015854,I018442,C1436,2025-07-07,79.0,Bank Transfer
PAY015855,I018443,C1436,2025-08-17,79.0,Debit Card
PAY015856,I018444,C1436,2025-09-13,79.0,Debit Card
PAY015857,I018445,C1436,2025-10-10,79.0,Bank Transfer
PAY015858,I018446,C1436,2025-11-14,79.0,UPI
PAY015859,I018447,C1436,2025-12-19,79.0,UPI
PAY015860,I018448,C1436,2026-01-07,79.0,Bank Transfer
PAY015861,I018449,C1436,2026-02-20,79.0,UPI
PAY015862,I018450,C1436,2026-03-07,79.0,Debit Card
PAY015863,I018451,C1436,2026-04-09,79.0,UPI
PAY015864,I018452,C1437,2023-03-05,348.0,Debit Card
PAY015865,I018453,C1437,2024-03-17,348.0,Credit Card
PAY015866,I018455,C1438,2026-01-13,29.0,UPI
PAY015867,I018456,C1438,2026-02-25,29.0,Bank Transfer
PAY015868,I018457,C1438,2026-03-25,29.0,Credit Card
PAY015869,I018458,C1438,2026-04-20,29.0,Bank Transfer
PAY015870,I018459,C1438,2026-05-17,29.0,Bank Transfer
PAY015871,I018460,C1438,2026-06-15,29.0,Credit Card
PAY015872,I018461,C1438,2026-07-18,29.0,Debit Card
PAY015873,I018462,C1438,2026-09-01,29.0,Bank Transfer
PAY015874,I018463,C1438,2026-09-14,29.0,Debit Card
PAY015875,I018464,C1439,2024-07-05,79.0,Credit Card
PAY015876,I018465,C1439,2024-07-25,79.0,Bank Transfer
PAY015877,I018466,C1439,2024-09-03,79.0,Bank Transfer
PAY015878,I018467,C1439,2024-09-30,79.0,Bank Transfer
PAY015879,I018468,C1439,2024-11-09,79.0,Bank Transfer
PAY015880,I018469,C1439,2024-11-29,79.0,Debit Card
PAY015881,I018470,C1439,2025-01-02,79.0,Credit Card
PAY015882,I018471,C1439,2025-02-05,79.0,Debit Card
PAY015883,I018472,C1439,2025-02-21,79.0,Credit Card
PAY015884,I018473,C1439,2025-04-06,79.0,UPI
PAY015885,I018474,C1439,2025-05-10,79.0,Bank Transfer
PAY015886,I018475,C1439,2025-06-02,79.0,Debit Card
PAY015887,I018476,C1439,2025-07-10,79.0,Bank Transfer
PAY015888,I018478,C1439,2025-09-06,79.0,UPI
PAY015889,I018479,C1439,2025-10-01,79.0,Credit Card
PAY015890,I018481,C1439,2025-11-24,79.0,UPI
PAY015891,I018482,C1439,2026-01-08,79.0,Credit Card
PAY015892,I018484,C1439,2026-03-08,79.0,Debit Card
PAY015893,I018486,C1439,2026-04-27,79.0,Debit Card
PAY015894,I018487,C1439,2026-06-07,79.0,UPI
PAY015895,I018488,C1440,2025-04-27,499.0,UPI
PAY015896,I018489,C1440,2025-06-02,499.0,Debit Card
PAY015897,I018490,C1440,2025-07-10,499.0,UPI
PAY015898,I018491,C1440,2025-08-07,499.0,Bank Transfer
PAY015899,I018492,C1440,2025-09-02,499.0,Debit Card
PAY015900,I018493,C1440,2025-10-05,499.0,Bank Transfer
PAY015901,I018494,C1440,2025-11-15,499.0,Bank Transfer
PAY015902,I018495,C1440,2025-12-04,499.0,UPI
PAY015903,I018496,C1440,2026-01-07,499.0,Debit Card
PAY015904,I018497,C1440,2026-01-27,499.0,Bank Transfer
PAY015905,I018498,C1440,2026-02-27,499.0,Bank Transfer
PAY015906,I018499,C1440,2026-03-27,499.0,UPI
PAY015907,I018500,C1440,2026-05-05,499.0,Credit Card
PAY015908,I018501,C1440,2026-06-10,499.0,Credit Card
PAY015909,I018502,C1440,2026-07-03,499.0,Bank Transfer
PAY015910,I018503,C1440,2026-07-31,499.0,Debit Card
PAY015911,I018504,C1440,2026-08-28,499.0,Debit Card
PAY015912,I018505,C1440,2026-10-14,499.0,Debit Card
PAY015913,I018506,C1441,2025-09-20,2388.0,Bank Transfer
PAY015914,I018507,C1441,2026-09-23,2388.0,UPI
PAY015915,I018508,C1442,2023-03-10,348.0,Credit Card
PAY015916,I018509,C1443,2024-08-26,499.0,Debit Card
PAY015917,I018510,C1443,2024-09-26,499.0,UPI
PAY015918,I018511,C1443,2024-10-08,499.0,UPI
PAY015919,I018512,C1443,2024-11-16,499.0,Credit Card
PAY015920,I018513,C1443,2024-12-10,499.0,Credit Card
PAY015921,I018514,C1443,2025-01-18,499.0,UPI
PAY015922,I018515,C1443,2025-02-25,499.0,Bank Transfer
PAY015923,I018516,C1443,2025-03-15,499.0,Bank Transfer
PAY015924,I018517,C1443,2025-04-26,499.0,Credit Card
PAY015925,I018518,C1443,2025-05-27,499.0,Bank Transfer
PAY015926,I018519,C1443,2025-06-21,499.0,Bank Transfer
PAY015927,I018520,C1443,2025-07-21,499.0,Debit Card
PAY015928,I018521,C1443,2025-08-25,499.0,Credit Card
PAY015929,I018522,C1443,2025-09-14,499.0,Credit Card
PAY015930,I018523,C1443,2025-10-15,499.0,Bank Transfer
PAY015931,I018525,C1443,2025-12-16,499.0,Bank Transfer
PAY015932,I018526,C1443,2026-01-24,499.0,Credit Card
PAY015933,I018527,C1443,2026-02-12,499.0,Debit Card
PAY015934,I018528,C1443,2026-03-23,499.0,Credit Card
PAY015935,I018529,C1443,2026-04-24,499.0,Credit Card
PAY015936,I018530,C1443,2026-05-08,499.0,Debit Card
PAY015937,I018531,C1443,2026-06-27,499.0,Debit Card
PAY015938,I018532,C1443,2026-07-24,499.0,Credit Card
PAY015939,I018533,C1444,2023-07-07,348.0,Credit Card
PAY015940,I018534,C1444,2024-06-21,348.0,Credit Card
PAY015941,I018535,C1445,2024-06-22,79.0,Debit Card
PAY015942,I018536,C1445,2024-07-19,79.0,Debit Card
PAY015943,I018537,C1445,2024-08-26,79.0,Bank Transfer
PAY015944,I018538,C1445,2024-09-26,79.0,UPI
PAY015945,I018539,C1445,2024-10-31,79.0,UPI
PAY015946,I018540,C1445,2024-11-27,79.0,Debit Card
PAY015947,I018541,C1445,2025-01-04,79.0,Bank Transfer
PAY015948,I018542,C1445,2025-02-06,79.0,UPI
PAY015949,I018543,C1445,2025-03-04,79.0,Bank Transfer
PAY015950,I018544,C1445,2025-03-23,79.0,UPI
PAY015951,I018545,C1445,2025-05-02,79.0,Credit Card
PAY015952,I018547,C1445,2025-07-01,79.0,UPI
PAY015953,I018548,C1445,2025-08-06,79.0,Credit Card
PAY015954,I018549,C1445,2025-08-20,79.0,Credit Card
PAY015955,I018550,C1445,2025-09-24,79.0,Debit Card
PAY015956,I018551,C1445,2025-11-05,79.0,Debit Card
PAY015957,I018552,C1445,2025-12-06,79.0,UPI
PAY015958,I018553,C1445,2025-12-25,79.0,UPI
PAY015959,I018554,C1445,2026-01-22,79.0,UPI
PAY015960,I018555,C1445,2026-02-19,79.0,Credit Card
PAY015961,I018556,C1445,2026-04-01,79.0,Debit Card
PAY015962,I018557,C1445,2026-04-19,79.0,Credit Card
PAY015963,I018558,C1445,2026-06-05,79.0,Bank Transfer
PAY015964,I018559,C1446,2024-11-24,2388.0,Bank Transfer
PAY015965,I018561,C1447,2023-04-23,79.0,Bank Transfer
PAY015966,I018562,C1447,2023-05-26,79.0,UPI
PAY015967,I018563,C1447,2023-06-30,79.0,Credit Card
PAY015968,I018564,C1447,2023-07-22,79.0,Debit Card
PAY015969,I018565,C1447,2023-08-28,79.0,UPI
PAY015970,I018566,C1447,2023-09-26,79.0,UPI
PAY015971,I018568,C1447,2023-11-18,79.0,Credit Card
PAY015972,I018569,C1447,2023-12-29,79.0,Debit Card
PAY015973,I018570,C1447,2024-01-27,79.0,UPI
PAY015974,I018571,C1447,2024-02-23,79.0,Credit Card
PAY015975,I018572,C1447,2024-03-31,79.0,Credit Card
PAY015976,I018573,C1447,2024-04-18,79.0,Bank Transfer
PAY015977,I018574,C1447,2024-06-06,79.0,Debit Card
PAY015978,I018575,C1447,2024-06-24,79.0,Debit Card
PAY015979,I018576,C1447,2024-08-03,79.0,UPI
PAY015980,I018577,C1448,2026-03-31,199.0,UPI
PAY015981,I018578,C1448,2026-05-19,199.0,Credit Card
PAY015982,I018580,C1448,2026-07-15,199.0,Credit Card
PAY015983,I018582,C1448,2026-08-31,199.0,UPI
PAY015984,I018583,C1448,2026-10-13,199.0,Debit Card
PAY015985,I018584,C1449,2025-04-08,2388.0,Debit Card
PAY015986,I018585,C1449,2026-04-06,2388.0,Credit Card
PAY015987,I018586,C1450,2025-10-20,29.0,Credit Card
PAY015988,I018587,C1450,2025-11-07,29.0,Credit Card
PAY015989,I018588,C1450,2025-12-03,29.0,Debit Card
PAY015990,I018589,C1450,2026-01-05,29.0,Bank Transfer
PAY015991,I018592,C1450,2026-04-18,29.0,Credit Card
PAY015992,I018594,C1451,2024-04-04,948.0,Debit Card
PAY015993,I018595,C1451,2025-04-12,948.0,UPI
PAY015994,I018596,C1452,2024-08-28,199.0,UPI
PAY015995,I018597,C1452,2024-09-16,199.0,Debit Card
PAY015996,I018598,C1452,2024-10-23,199.0,Bank Transfer
PAY015997,I018599,C1452,2024-11-18,199.0,Bank Transfer
PAY015998,I018600,C1452,2024-12-27,199.0,Bank Transfer
PAY015999,I018601,C1452,2025-01-28,199.0,Debit Card
PAY016000,I018602,C1453,2025-11-17,199.0,Credit Card
PAY016001,I018604,C1453,2026-01-08,199.0,UPI
PAY016002,I018605,C1453,2026-02-23,199.0,Debit Card
PAY016003,I018607,C1453,2026-04-15,199.0,Bank Transfer
PAY016004,I018608,C1453,2026-05-06,199.0,Credit Card
PAY016005,I018609,C1453,2026-06-06,199.0,Debit Card
PAY016006,I018610,C1453,2026-07-07,199.0,UPI
PAY016007,I018611,C1454,2023-12-02,29.0,Debit Card
PAY016008,I018612,C1454,2024-01-11,29.0,Debit Card
PAY016009,I018613,C1454,2024-02-02,29.0,Bank Transfer
PAY016010,I018614,C1454,2024-03-11,29.0,Bank Transfer
PAY016011,I018615,C1454,2024-04-11,29.0,Bank Transfer
PAY016012,I018616,C1454,2024-04-26,29.0,UPI
PAY016013,I018617,C1454,2024-06-06,29.0,Bank Transfer
PAY016014,I018618,C1454,2024-07-07,29.0,Credit Card
PAY016015,I018620,C1454,2024-08-27,29.0,UPI
PAY016016,I018621,C1454,2024-09-23,29.0,Bank Transfer
PAY016017,I018622,C1454,2024-11-08,29.0,Credit Card
PAY016018,I018623,C1454,2024-11-24,29.0,Debit Card
PAY016019,I018624,C1454,2024-12-24,29.0,Bank Transfer
PAY016020,I018625,C1454,2025-01-31,29.0,Credit Card
PAY016021,I018627,C1454,2025-04-02,29.0,Debit Card
PAY016022,I018628,C1454,2025-05-05,29.0,Debit Card
PAY016023,I018629,C1454,2025-06-05,29.0,Debit Card
PAY016024,I018630,C1454,2025-06-26,29.0,Debit Card
PAY016025,I018631,C1454,2025-07-24,29.0,UPI
PAY016026,I018632,C1454,2025-09-09,29.0,Debit Card
PAY016027,I018633,C1454,2025-10-04,29.0,Bank Transfer
PAY016028,I018634,C1454,2025-10-30,29.0,Debit Card
PAY016029,I018635,C1455,2024-09-02,348.0,Bank Transfer
PAY016030,I018636,C1455,2025-09-08,348.0,Debit Card
PAY016031,I018638,C1456,2025-11-05,948.0,Credit Card
PAY016032,I018639,C1457,2023-01-08,2388.0,Credit Card
PAY016033,I018640,C1457,2024-01-21,2388.0,Bank Transfer
PAY016034,I018641,C1458,2025-11-13,79.0,UPI
PAY016035,I018642,C1458,2025-12-16,79.0,UPI
PAY016036,I018643,C1458,2026-01-14,79.0,UPI
PAY016037,I018644,C1458,2026-02-13,79.0,UPI
PAY016038,I018645,C1458,2026-03-08,79.0,Credit Card
PAY016039,I018647,C1458,2026-05-07,79.0,Credit Card
PAY016040,I018648,C1458,2026-06-05,79.0,Bank Transfer
PAY016041,I018649,C1458,2026-07-18,79.0,Credit Card
PAY016042,I018650,C1458,2026-08-07,79.0,Bank Transfer
PAY016043,I018651,C1458,2026-09-18,79.0,UPI
PAY016044,I018652,C1458,2026-10-07,79.0,Credit Card
PAY016045,I018653,C1459,2024-03-26,199.0,Credit Card
PAY016046,I018654,C1459,2024-04-25,199.0,Bank Transfer
PAY016047,I018655,C1459,2024-05-18,199.0,Debit Card
PAY016048,I018656,C1459,2024-06-18,199.0,Credit Card
PAY016049,I018657,C1459,2024-07-14,199.0,UPI
PAY016050,I018658,C1459,2024-08-20,199.0,Debit Card
PAY016051,I018659,C1459,2024-09-15,199.0,Credit Card
PAY016052,I018661,C1459,2024-11-16,199.0,UPI
PAY016053,I018662,C1459,2024-12-12,199.0,Debit Card
PAY016054,I018663,C1459,2025-01-17,199.0,UPI
PAY016055,I018664,C1459,2025-02-27,199.0,Debit Card
PAY016056,I018665,C1459,2025-03-11,199.0,UPI
PAY016057,I018666,C1459,2025-04-27,199.0,UPI
PAY016058,I018667,C1459,2025-05-20,199.0,Credit Card
PAY016059,I018668,C1459,2025-06-12,199.0,Credit Card
PAY016060,I018669,C1459,2025-07-22,199.0,UPI
PAY016061,I018671,C1460,2023-06-19,29.0,Credit Card
PAY016062,I018672,C1460,2023-07-13,29.0,Bank Transfer
PAY016063,I018674,C1460,2023-09-23,29.0,Credit Card
PAY016064,I018675,C1460,2023-10-24,29.0,UPI
PAY016065,I018676,C1460,2023-11-13,29.0,Debit Card
PAY016066,I018677,C1460,2023-12-23,29.0,Credit Card
PAY016067,I018679,C1460,2024-02-21,29.0,Credit Card
PAY016068,I018681,C1460,2024-04-07,29.0,UPI
PAY016069,I018682,C1460,2024-05-20,29.0,UPI
PAY016070,I018684,C1460,2024-07-11,29.0,UPI
PAY016071,I018685,C1460,2024-08-10,29.0,Credit Card
PAY016072,I018686,C1460,2024-09-07,29.0,Debit Card
PAY016073,I018687,C1460,2024-10-09,29.0,Bank Transfer
PAY016074,I018688,C1460,2024-11-09,29.0,Bank Transfer
PAY016075,I018690,C1460,2025-01-11,29.0,UPI
PAY016076,I018691,C1460,2025-02-13,29.0,Bank Transfer
PAY016077,I018692,C1460,2025-03-18,29.0,UPI
PAY016078,I018694,C1461,2026-01-27,29.0,UPI
PAY016079,I018695,C1461,2026-02-17,29.0,UPI
PAY016080,I018697,C1461,2026-04-18,29.0,Credit Card
PAY016081,I018698,C1461,2026-05-24,29.0,Debit Card
PAY016082,I018700,C1461,2026-07-24,29.0,UPI
PAY016083,I018701,C1461,2026-08-28,29.0,UPI
PAY016084,I018702,C1461,2026-09-10,29.0,UPI
PAY016085,I018703,C1462,2024-04-30,948.0,UPI
PAY016086,I018704,C1462,2025-05-18,948.0,Debit Card
PAY016087,I018705,C1463,2024-10-24,79.0,Bank Transfer
PAY016088,I018706,C1463,2024-11-27,79.0,UPI
PAY016089,I018707,C1463,2024-12-27,79.0,Bank Transfer
PAY016090,I018708,C1463,2025-01-21,79.0,Credit Card
PAY016091,I018709,C1463,2025-02-21,79.0,Bank Transfer
PAY016092,I018711,C1463,2025-04-26,79.0,Bank Transfer
PAY016093,I018712,C1463,2025-05-31,79.0,Credit Card
PAY016094,I018714,C1463,2025-07-25,79.0,Debit Card
PAY016095,I018715,C1463,2025-08-14,79.0,Credit Card
PAY016096,I018716,C1463,2025-09-19,79.0,Bank Transfer
PAY016097,I018717,C1463,2025-10-14,79.0,UPI
PAY016098,I018718,C1463,2025-11-13,79.0,Debit Card
PAY016099,I018719,C1463,2025-12-24,79.0,Credit Card
PAY016100,I018720,C1463,2026-02-01,79.0,Credit Card
PAY016101,I018721,C1463,2026-02-22,79.0,UPI
PAY016102,I018723,C1463,2026-04-30,79.0,Credit Card
PAY016103,I018724,C1463,2026-06-01,79.0,Credit Card
PAY016104,I018725,C1463,2026-06-29,79.0,UPI
PAY016105,I018727,C1463,2026-08-19,79.0,Debit Card
PAY016106,I018729,C1464,2026-03-27,948.0,UPI
PAY016107,I018730,C1465,2025-03-16,5988.0,Bank Transfer
PAY016108,I018731,C1465,2026-03-18,79.0,Bank Transfer
PAY016109,I018732,C1465,2026-04-13,79.0,Debit Card
PAY016110,I018733,C1465,2026-04-27,79.0,Bank Transfer
PAY016111,I018734,C1465,2026-06-10,79.0,Debit Card
PAY016112,I018737,C1465,2026-09-03,79.0,Debit Card
PAY016113,I018739,C1466,2025-05-27,79.0,Credit Card
PAY016114,I018740,C1466,2025-07-03,79.0,UPI
PAY016115,I018741,C1466,2025-08-01,79.0,Debit Card
PAY016116,I018742,C1466,2025-08-25,79.0,Debit Card
PAY016117,I018743,C1466,2025-10-11,79.0,Credit Card
PAY016118,I018744,C1466,2026-07-10,79.0,Debit Card
PAY016119,I018745,C1466,2026-08-24,79.0,Debit Card
PAY016120,I018746,C1466,2026-09-09,79.0,UPI
PAY016121,I018748,C1467,2023-06-23,199.0,Debit Card
PAY016122,I018749,C1467,2023-07-25,199.0,Bank Transfer
PAY016123,I018750,C1467,2023-08-13,199.0,UPI
PAY016124,I018751,C1467,2023-09-16,199.0,Credit Card
PAY016125,I018752,C1467,2023-10-16,199.0,Debit Card
PAY016126,I018753,C1467,2023-11-12,199.0,Bank Transfer
PAY016127,I018754,C1467,2023-12-28,199.0,UPI
PAY016128,I018755,C1467,2024-01-09,199.0,UPI
PAY016129,I018756,C1467,2024-02-26,199.0,Credit Card
PAY016130,I018757,C1467,2024-03-12,199.0,Bank Transfer
PAY016131,I018758,C1467,2024-04-12,199.0,Bank Transfer
PAY016132,I018759,C1467,2024-05-21,199.0,Credit Card
PAY016133,I018761,C1467,2024-07-10,199.0,Debit Card
PAY016134,I018762,C1467,2024-08-12,199.0,Debit Card
PAY016135,I018763,C1467,2024-09-11,199.0,UPI
PAY016136,I018764,C1467,2024-10-21,199.0,Bank Transfer
PAY016137,I018767,C1467,2025-01-28,199.0,Debit Card
PAY016138,I018768,C1467,2025-02-26,199.0,Credit Card
PAY016139,I018769,C1467,2025-03-24,199.0,Bank Transfer
PAY016140,I018770,C1467,2025-04-26,199.0,UPI
PAY016141,I018771,C1468,2024-03-15,348.0,UPI
PAY016142,I018773,C1468,2025-06-16,29.0,Debit Card
PAY016143,I018774,C1468,2025-07-10,29.0,UPI
PAY016144,I018775,C1468,2025-08-27,29.0,UPI
PAY016145,I018776,C1468,2025-09-24,29.0,UPI
PAY016146,I018777,C1468,2025-10-18,29.0,Debit Card
PAY016147,I018778,C1468,2025-11-14,29.0,Credit Card
PAY016148,I018779,C1468,2025-12-20,29.0,Bank Transfer
PAY016149,I018780,C1468,2026-01-21,29.0,Debit Card
PAY016150,I018781,C1468,2026-02-11,29.0,Credit Card
PAY016151,I018782,C1468,2026-03-25,29.0,Debit Card
PAY016152,I018783,C1468,2026-04-24,29.0,Credit Card
PAY016153,I018785,C1468,2026-06-29,29.0,Bank Transfer
PAY016154,I018786,C1468,2026-07-24,29.0,Bank Transfer
PAY016155,I018787,C1468,2026-08-10,29.0,UPI
PAY016156,I018789,C1469,2025-01-31,79.0,Debit Card
PAY016157,I018790,C1469,2025-03-08,79.0,Credit Card
PAY016158,I018791,C1469,2025-03-29,79.0,UPI
PAY016159,I018792,C1469,2025-04-24,79.0,Debit Card
PAY016160,I018793,C1469,2025-05-30,79.0,Debit Card
PAY016161,I018794,C1469,2025-07-03,79.0,Credit Card
PAY016162,I018795,C1469,2025-07-23,79.0,UPI
PAY016163,I018796,C1469,2025-09-05,79.0,UPI
PAY016164,I018797,C1469,2025-10-01,79.0,Bank Transfer
PAY016165,I018798,C1469,2025-10-21,79.0,Bank Transfer
PAY016166,I018799,C1469,2025-11-20,79.0,Debit Card
PAY016167,I018800,C1469,2025-12-31,79.0,Bank Transfer
PAY016168,I018801,C1469,2026-02-04,79.0,Debit Card
PAY016169,I018802,C1469,2026-03-02,79.0,Debit Card
PAY016170,I018803,C1469,2026-03-27,79.0,Debit Card
PAY016171,I018805,C1469,2026-05-30,79.0,UPI
PAY016172,I018806,C1469,2026-07-07,79.0,UPI
PAY016173,I018807,C1469,2026-07-29,79.0,Credit Card
PAY016174,I018808,C1469,2026-09-01,79.0,Debit Card
PAY016175,I018809,C1469,2026-10-09,79.0,Debit Card
PAY016176,I018810,C1470,2024-05-26,79.0,UPI
PAY016177,I018811,C1470,2024-06-20,79.0,Debit Card
PAY016178,I018812,C1470,2024-07-27,79.0,Bank Transfer
PAY016179,I018813,C1470,2024-08-18,79.0,Bank Transfer
PAY016180,I018814,C1470,2024-09-18,79.0,Debit Card
PAY016181,I018815,C1470,2024-10-15,79.0,Debit Card
PAY016182,I018816,C1470,2024-11-18,79.0,Bank Transfer
PAY016183,I018818,C1470,2025-01-28,79.0,Credit Card
PAY016184,I018819,C1470,2025-03-19,29.0,Debit Card
PAY016185,I018820,C1470,2025-04-24,29.0,Debit Card
PAY016186,I018821,C1470,2025-05-19,29.0,Bank Transfer
PAY016187,I018822,C1470,2025-06-27,29.0,Bank Transfer
PAY016188,I018825,C1470,2025-09-16,29.0,Credit Card
PAY016189,I018826,C1470,2025-10-26,29.0,Bank Transfer
PAY016190,I018828,C1470,2025-12-20,29.0,Credit Card
PAY016191,I018829,C1470,2026-01-19,29.0,UPI
PAY016192,I018830,C1470,2026-02-18,29.0,Debit Card
PAY016193,I018831,C1470,2026-03-17,29.0,Credit Card
PAY016194,I018832,C1470,2026-04-15,29.0,Credit Card
PAY016195,I018833,C1470,2026-05-22,29.0,Debit Card
PAY016196,I018835,C1470,2026-07-16,29.0,Bank Transfer
PAY016197,I018836,C1470,2026-08-16,29.0,Bank Transfer
PAY016198,I018837,C1470,2026-09-25,29.0,Bank Transfer
PAY016199,I018838,C1471,2025-12-23,29.0,UPI
PAY016200,I018839,C1471,2026-01-20,29.0,Debit Card
PAY016201,I018840,C1471,2026-03-07,29.0,UPI
PAY016202,I018841,C1471,2026-03-28,29.0,Debit Card
PAY016203,I018842,C1472,2023-08-17,5988.0,UPI
PAY016204,I018843,C1472,2024-08-02,5988.0,Bank Transfer
PAY016205,I018844,C1473,2025-06-28,2388.0,Debit Card
PAY016206,I018845,C1474,2023-03-02,79.0,UPI
PAY016207,I018846,C1474,2023-03-28,79.0,Debit Card
PAY016208,I018847,C1474,2023-04-18,79.0,Bank Transfer
PAY016209,I018848,C1474,2023-05-27,79.0,Credit Card
PAY016210,I018849,C1474,2023-06-19,79.0,Debit Card
PAY016211,I018850,C1474,2023-07-29,79.0,Debit Card
PAY016212,I018851,C1474,2023-08-25,79.0,UPI
PAY016213,I018852,C1474,2023-09-19,79.0,Credit Card
PAY016214,I018853,C1474,2023-10-25,79.0,Bank Transfer
PAY016215,I018854,C1474,2023-12-03,79.0,Credit Card
PAY016216,I018855,C1474,2023-12-15,79.0,Credit Card
PAY016217,I018856,C1474,2024-01-22,79.0,Debit Card
PAY016218,I018858,C1474,2024-03-18,79.0,Credit Card
PAY016219,I018859,C1474,2024-04-30,79.0,Credit Card
PAY016220,I018860,C1475,2026-01-25,29.0,Credit Card
PAY016221,I018861,C1475,2026-03-04,29.0,Credit Card
PAY016222,I018862,C1475,2026-04-03,29.0,Debit Card
PAY016223,I018864,C1475,2026-05-25,29.0,Bank Transfer
PAY016224,I018865,C1475,2026-07-03,29.0,Bank Transfer
PAY016225,I018866,C1475,2026-08-09,29.0,Credit Card
PAY016226,I018867,C1475,2026-09-02,29.0,Debit Card
PAY016227,I018868,C1475,2026-10-09,29.0,UPI
PAY016228,I018869,C1475,2026-06-02,199.0,Debit Card
PAY016229,I018870,C1475,2026-06-17,199.0,Debit Card
PAY016230,I018872,C1475,2026-08-17,199.0,Credit Card
PAY016231,I018873,C1475,2026-09-30,199.0,UPI
PAY016232,I018874,C1476,2024-07-05,348.0,Credit Card
PAY016233,I018875,C1476,2025-06-30,348.0,Bank Transfer
PAY016234,I018876,C1477,2024-04-23,199.0,Bank Transfer
PAY016235,I018877,C1477,2024-05-11,199.0,Bank Transfer
PAY016236,I018878,C1477,2024-06-05,199.0,UPI
PAY016237,I018879,C1477,2024-07-22,199.0,Credit Card
PAY016238,I018880,C1477,2024-08-18,199.0,Debit Card
PAY016239,I018881,C1477,2024-09-12,199.0,Bank Transfer
PAY016240,I018882,C1477,2024-10-15,199.0,UPI
PAY016241,I018883,C1477,2024-11-12,199.0,Bank Transfer
PAY016242,I018884,C1477,2024-12-19,199.0,Bank Transfer
PAY016243,I018885,C1477,2025-01-09,199.0,Debit Card
PAY016244,I018886,C1477,2025-02-22,199.0,Credit Card
PAY016245,I018888,C1477,2025-04-08,199.0,Debit Card
PAY016246,I018889,C1477,2025-05-21,199.0,Debit Card
PAY016247,I018890,C1477,2025-06-16,199.0,Debit Card
PAY016248,I018892,C1477,2025-08-06,199.0,Bank Transfer
PAY016249,I018893,C1477,2025-09-05,199.0,UPI
PAY016250,I018894,C1477,2025-10-08,199.0,UPI
PAY016251,I018895,C1477,2025-11-18,199.0,Bank Transfer
PAY016252,I018896,C1477,2025-12-05,199.0,Credit Card
PAY016253,I018897,C1477,2026-01-19,199.0,Debit Card
PAY016254,I018898,C1477,2026-02-07,199.0,Bank Transfer
PAY016255,I018899,C1477,2026-03-21,199.0,UPI
PAY016256,I018900,C1478,2024-02-06,199.0,Debit Card
PAY016257,I018902,C1478,2024-04-11,199.0,Debit Card
PAY016258,I018903,C1478,2024-05-05,199.0,Bank Transfer
PAY016259,I018904,C1478,2024-06-04,199.0,Bank Transfer
PAY016260,I018905,C1478,2024-07-03,199.0,UPI
PAY016261,I018907,C1478,2024-09-04,199.0,Credit Card
PAY016262,I018908,C1478,2024-10-07,199.0,Bank Transfer
PAY016263,I018909,C1478,2024-11-14,199.0,Bank Transfer
PAY016264,I018910,C1478,2024-12-07,199.0,Bank Transfer
PAY016265,I018911,C1478,2025-01-04,199.0,Bank Transfer
PAY016266,I018912,C1478,2025-01-26,199.0,Credit Card
PAY016267,I018913,C1478,2025-03-01,199.0,Credit Card
PAY016268,I018914,C1478,2025-04-03,199.0,Debit Card
PAY016269,I018915,C1478,2025-05-12,199.0,Debit Card
PAY016270,I018918,C1478,2025-08-13,199.0,Credit Card
PAY016271,I018920,C1478,2025-10-04,199.0,UPI
PAY016272,I018921,C1478,2025-11-02,199.0,Bank Transfer
PAY016273,I018922,C1478,2025-12-05,199.0,Credit Card
PAY016274,I018923,C1478,2025-12-27,199.0,Debit Card
PAY016275,I018924,C1479,2025-12-15,2388.0,Debit Card
PAY016276,I018925,C1480,2023-02-02,2388.0,Bank Transfer
PAY016277,I018926,C1480,2024-01-31,2388.0,Bank Transfer
PAY016278,I018927,C1481,2025-03-09,199.0,UPI
PAY016279,I018928,C1481,2025-04-16,199.0,Bank Transfer
PAY016280,I018929,C1481,2025-05-05,199.0,Credit Card
PAY016281,I018930,C1481,2025-06-11,199.0,Debit Card
PAY016282,I018931,C1481,2025-07-16,199.0,Credit Card
PAY016283,I018932,C1481,2025-08-19,199.0,Bank Transfer
PAY016284,I018933,C1481,2025-09-15,199.0,Debit Card
PAY016285,I018934,C1481,2025-10-04,199.0,Bank Transfer
PAY016286,I018935,C1481,2025-11-11,199.0,Debit Card
PAY016287,I018937,C1481,2026-01-14,199.0,Bank Transfer
PAY016288,I018938,C1481,2026-02-15,199.0,Credit Card
PAY016289,I018939,C1481,2026-03-07,199.0,Debit Card
PAY016290,I018940,C1481,2026-04-16,199.0,Bank Transfer
PAY016291,I018942,C1481,2026-06-20,199.0,Debit Card
PAY016292,I018943,C1481,2026-07-12,199.0,Credit Card
PAY016293,I018944,C1481,2026-08-20,199.0,UPI
PAY016294,I018945,C1481,2026-09-21,199.0,Debit Card
PAY016295,I018946,C1482,2026-01-25,79.0,Debit Card
PAY016296,I018947,C1482,2026-03-02,79.0,UPI
PAY016297,I018948,C1482,2026-03-30,79.0,Credit Card
PAY016298,I018949,C1482,2026-05-11,79.0,UPI
PAY016299,I018950,C1482,2026-06-01,79.0,Bank Transfer
PAY016300,I018951,C1482,2026-06-26,79.0,Debit Card
PAY016301,I018952,C1482,2026-07-29,79.0,Credit Card
PAY016302,I018953,C1482,2026-09-05,79.0,Debit Card
PAY016303,I018954,C1482,2026-09-26,79.0,Credit Card
PAY016304,I018955,C1482,2026-05-21,79.0,Credit Card
PAY016305,I018956,C1482,2026-06-21,79.0,Bank Transfer
PAY016306,I018958,C1482,2026-08-26,79.0,Credit Card
PAY016307,I018960,C1483,2025-09-06,199.0,Debit Card
PAY016308,I018961,C1483,2025-10-13,199.0,Debit Card
PAY016309,I018962,C1483,2025-11-06,199.0,Credit Card
PAY016310,I018963,C1483,2025-12-11,199.0,UPI
PAY016311,I018964,C1483,2026-01-20,199.0,Bank Transfer
PAY016312,I018965,C1483,2026-02-13,199.0,Debit Card
PAY016313,I018966,C1483,2026-03-17,199.0,Bank Transfer
PAY016314,I018967,C1483,2026-04-12,199.0,Credit Card
PAY016315,I018968,C1483,2026-05-01,199.0,Bank Transfer
PAY016316,I018970,C1483,2026-07-16,199.0,UPI
PAY016317,I018971,C1483,2026-08-08,199.0,Credit Card
PAY016318,I018972,C1483,2026-09-01,199.0,Bank Transfer
PAY016319,I018973,C1484,2024-07-06,29.0,Debit Card
PAY016320,I018974,C1484,2024-08-19,29.0,Credit Card
PAY016321,I018975,C1484,2024-09-05,29.0,Debit Card
PAY016322,I018976,C1484,2024-10-14,29.0,Debit Card
PAY016323,I018977,C1484,2024-11-14,29.0,Bank Transfer
PAY016324,I018978,C1484,2024-12-15,29.0,UPI
PAY016325,I018979,C1484,2025-01-03,29.0,UPI
PAY016326,I018980,C1484,2025-02-04,29.0,UPI
PAY016327,I018981,C1484,2025-03-18,29.0,Bank Transfer
PAY016328,I018982,C1485,2024-09-13,79.0,Credit Card
PAY016329,I018983,C1485,2024-10-28,79.0,Debit Card
PAY016330,I018984,C1485,2024-11-16,79.0,Bank Transfer
PAY016331,I018985,C1485,2024-12-13,79.0,Credit Card
PAY016332,I018986,C1485,2025-01-16,79.0,Credit Card
PAY016333,I018987,C1485,2025-02-27,79.0,UPI
PAY016334,I018988,C1486,2024-07-20,2388.0,UPI
PAY016335,I018989,C1486,2025-07-24,2388.0,UPI
PAY016336,I018990,C1487,2024-12-15,79.0,Credit Card
PAY016337,I018991,C1487,2025-01-22,79.0,Credit Card
PAY016338,I018992,C1487,2025-02-19,79.0,Bank Transfer
PAY016339,I018993,C1487,2025-03-23,79.0,UPI
PAY016340,I018994,C1487,2025-04-07,79.0,Bank Transfer
PAY016341,I018995,C1487,2025-05-20,79.0,Debit Card
PAY016342,I018996,C1487,2025-06-20,79.0,UPI
PAY016343,I018997,C1487,2025-07-23,79.0,Credit Card
PAY016344,I018998,C1487,2025-08-15,79.0,Debit Card
PAY016345,I018999,C1487,2025-09-04,79.0,Bank Transfer
PAY016346,I019000,C1487,2025-10-18,79.0,Credit Card
PAY016347,I019001,C1487,2025-11-14,79.0,UPI
PAY016348,I019002,C1487,2025-12-14,79.0,UPI
PAY016349,I019003,C1487,2026-01-12,79.0,Credit Card
PAY016350,I019004,C1487,2026-02-15,79.0,Debit Card
PAY016351,I019005,C1487,2026-03-22,79.0,Credit Card
PAY016352,I019006,C1487,2026-04-16,79.0,Bank Transfer
PAY016353,I019007,C1487,2026-05-11,79.0,Credit Card
PAY016354,I019008,C1487,2026-06-14,79.0,Bank Transfer
PAY016355,I019009,C1487,2026-07-12,79.0,Bank Transfer
PAY016356,I019011,C1487,2026-09-18,79.0,UPI
PAY016357,I019012,C1488,2023-07-14,948.0,Debit Card
PAY016358,I019013,C1488,2024-07-08,948.0,Bank Transfer
PAY016359,I019014,C1489,2026-01-11,29.0,UPI
PAY016360,I019015,C1489,2026-02-07,29.0,UPI
PAY016361,I019016,C1489,2026-03-04,29.0,Credit Card
PAY016362,I019017,C1489,2026-03-28,29.0,Bank Transfer
PAY016363,I019018,C1489,2026-05-13,29.0,UPI
PAY016364,I019019,C1489,2026-06-11,29.0,Bank Transfer
PAY016365,I019020,C1489,2026-07-05,29.0,Debit Card
PAY016366,I019021,C1489,2026-08-05,29.0,Debit Card
PAY016367,I019022,C1489,2026-09-06,29.0,Bank Transfer
PAY016368,I019023,C1489,2026-10-08,29.0,Debit Card
PAY016369,I019024,C1490,2026-03-07,79.0,Credit Card
PAY016370,I019026,C1490,2026-05-03,79.0,Bank Transfer
PAY016371,I019027,C1490,2026-06-12,79.0,Credit Card
PAY016372,I019028,C1490,2026-07-09,79.0,UPI
PAY016373,I019029,C1490,2026-07-28,79.0,UPI
PAY016374,I019030,C1490,2026-09-06,79.0,Bank Transfer
PAY016375,I019032,C1490,2026-06-01,79.0,UPI
PAY016376,I019033,C1490,2026-06-25,79.0,Credit Card
PAY016377,I019034,C1490,2026-07-28,79.0,Bank Transfer
PAY016378,I019035,C1490,2026-08-29,79.0,Credit Card
PAY016379,I019036,C1490,2026-10-13,79.0,UPI
PAY016380,I019037,C1491,2025-05-06,29.0,UPI
PAY016381,I019039,C1491,2025-06-29,29.0,Debit Card
PAY016382,I019040,C1491,2025-07-27,29.0,Credit Card
PAY016383,I019041,C1491,2025-09-14,29.0,Credit Card
PAY016384,I019042,C1491,2025-10-05,29.0,Bank Transfer
PAY016385,I019043,C1491,2025-11-08,29.0,Debit Card
PAY016386,I019044,C1491,2025-12-15,29.0,Debit Card
PAY016387,I019045,C1491,2026-01-05,29.0,Credit Card
PAY016388,I019046,C1491,2026-02-11,29.0,UPI
PAY016389,I019047,C1491,2026-03-07,29.0,UPI
PAY016390,I019048,C1491,2026-04-10,29.0,Credit Card
PAY016391,I019049,C1491,2026-05-08,29.0,Credit Card
PAY016392,I019050,C1491,2026-05-31,29.0,Bank Transfer
PAY016393,I019051,C1491,2026-07-11,29.0,Bank Transfer
PAY016394,I019052,C1491,2026-08-12,29.0,Debit Card
PAY016395,I019053,C1491,2026-09-06,29.0,Credit Card
PAY016396,I019054,C1491,2026-10-15,29.0,Bank Transfer
PAY016397,I019055,C1492,2024-08-31,199.0,Debit Card
PAY016398,I019056,C1492,2024-09-24,199.0,Credit Card
PAY016399,I019058,C1492,2024-11-22,199.0,UPI
PAY016400,I019059,C1492,2025-01-02,199.0,Bank Transfer
PAY016401,I019060,C1492,2025-01-22,199.0,Debit Card
PAY016402,I019061,C1492,2025-03-10,199.0,Bank Transfer
PAY016403,I019062,C1492,2025-03-22,199.0,UPI
PAY016404,I019063,C1492,2025-05-03,199.0,Bank Transfer
PAY016405,I019064,C1492,2025-05-21,199.0,Credit Card
PAY016406,I019065,C1492,2025-06-28,199.0,Credit Card
PAY016407,I019066,C1492,2025-07-23,199.0,UPI
PAY016408,I019069,C1492,2025-10-31,199.0,Bank Transfer
PAY016409,I019070,C1492,2025-12-08,199.0,Credit Card
PAY016410,I019071,C1492,2026-01-03,199.0,Credit Card
PAY016411,I019072,C1492,2026-02-04,199.0,Bank Transfer
PAY016412,I019073,C1492,2026-02-28,199.0,Credit Card
PAY016413,I019074,C1492,2026-04-03,199.0,Bank Transfer
PAY016414,I019075,C1492,2026-04-26,199.0,Bank Transfer
PAY016415,I019076,C1492,2026-06-07,199.0,UPI
PAY016416,I019077,C1492,2026-07-06,199.0,UPI
PAY016417,I019078,C1492,2026-08-07,199.0,Bank Transfer
PAY016418,I019079,C1493,2025-03-24,348.0,Debit Card
PAY016419,I019080,C1493,2026-03-24,348.0,Bank Transfer
PAY016420,I019081,C1494,2026-04-05,79.0,Debit Card
PAY016421,I019082,C1494,2026-04-27,79.0,Credit Card
PAY016422,I019083,C1494,2026-05-31,79.0,Debit Card
PAY016423,I019084,C1494,2026-07-03,79.0,Bank Transfer
PAY016424,I019085,C1494,2026-07-27,79.0,Bank Transfer
PAY016425,I019086,C1494,2026-09-02,79.0,Credit Card
PAY016426,I019087,C1494,2026-09-30,79.0,UPI
PAY016427,I019089,C1495,2024-04-04,948.0,UPI
PAY016428,I019090,C1496,2024-08-01,199.0,Credit Card
PAY016429,I019091,C1496,2024-09-05,199.0,Bank Transfer
PAY016430,I019092,C1496,2024-10-17,199.0,Bank Transfer
PAY016431,I019094,C1496,2024-12-15,199.0,Bank Transfer
PAY016432,I019095,C1496,2025-01-12,199.0,Debit Card
PAY016433,I019096,C1496,2025-02-07,199.0,Debit Card
PAY016434,I019097,C1496,2025-03-12,199.0,Credit Card
PAY016435,I019099,C1496,2025-05-08,199.0,UPI
PAY016436,I019100,C1496,2025-06-19,199.0,Credit Card
PAY016437,I019101,C1496,2025-07-20,199.0,Debit Card
PAY016438,I019102,C1496,2025-08-08,199.0,Debit Card
PAY016439,I019103,C1496,2025-09-02,199.0,UPI
PAY016440,I019104,C1496,2025-10-12,199.0,Debit Card
PAY016441,I019105,C1496,2025-11-06,199.0,Debit Card
PAY016442,I019107,C1496,2026-01-12,199.0,Debit Card
PAY016443,I019108,C1496,2026-02-07,199.0,Bank Transfer
PAY016444,I019109,C1496,2026-03-15,199.0,UPI
PAY016445,I019111,C1496,2026-05-16,199.0,Bank Transfer
PAY016446,I019112,C1496,2026-06-18,199.0,UPI
PAY016447,I019113,C1496,2026-07-11,199.0,Credit Card
PAY016448,I019114,C1497,2024-03-03,348.0,UPI
PAY016449,I019115,C1497,2025-03-06,348.0,UPI
PAY016450,I019116,C1498,2024-07-04,199.0,Bank Transfer
PAY016451,I019117,C1498,2024-08-17,199.0,Debit Card
PAY016452,I019118,C1498,2024-09-06,199.0,UPI
PAY016453,I019119,C1498,2024-09-30,199.0,UPI
PAY016454,I019120,C1498,2024-11-13,199.0,UPI
PAY016455,I019121,C1498,2024-11-29,199.0,Credit Card
PAY016456,I019122,C1498,2025-01-13,199.0,Bank Transfer
PAY016457,I019123,C1498,2025-02-13,199.0,Bank Transfer
PAY016458,I019124,C1498,2025-03-16,199.0,UPI
PAY016459,I019125,C1498,2025-04-08,199.0,Debit Card
PAY016460,I019126,C1498,2025-05-05,199.0,Credit Card
PAY016461,I019127,C1498,2025-06-05,199.0,Credit Card
PAY016462,I019128,C1498,2025-07-13,199.0,Bank Transfer
PAY016463,I019130,C1498,2025-09-10,199.0,Debit Card
PAY016464,I019132,C1498,2025-11-02,199.0,Credit Card
PAY016465,I019133,C1498,2025-12-02,199.0,UPI
PAY016466,I019134,C1498,2026-01-02,199.0,Credit Card
PAY016467,I019135,C1498,2026-02-06,199.0,Bank Transfer
PAY016468,I019136,C1498,2026-03-14,199.0,UPI
PAY016469,I019137,C1498,2026-04-16,199.0,UPI
PAY016470,I019138,C1498,2026-05-12,199.0,Credit Card
PAY016471,I019139,C1498,2026-06-02,199.0,UPI
PAY016472,I019140,C1499,2023-06-30,79.0,Debit Card
PAY016473,I019142,C1499,2023-09-01,79.0,Debit Card
PAY016474,I019143,C1499,2023-10-02,79.0,UPI
PAY016475,I019145,C1500,2024-11-11,79.0,Debit Card
PAY016476,I019146,C1500,2024-12-15,79.0,UPI
PAY016477,I019147,C1500,2025-01-23,79.0,Bank Transfer
PAY016478,I019148,C1500,2025-02-19,79.0,UPI
PAY016479,I019150,C1500,2025-04-15,79.0,Bank Transfer
PAY016480,I019151,C1500,2025-05-21,79.0,Credit Card
PAY016481,I019153,C1500,2025-07-28,79.0,Debit Card
PAY016482,I019154,C1500,2025-08-24,79.0,Debit Card
PAY016483,I019155,C1500,2025-09-27,79.0,Credit Card
PAY016484,I019156,C1500,2025-10-24,79.0,Bank Transfer
PAY016485,I019158,C1500,2025-12-18,79.0,UPI
PAY016486,I019159,C1500,2026-01-13,79.0,Bank Transfer
