Usage_ID,Customer_ID,Usage_Month,Login_Count,Most_Used_Feature,Feature_Usage_Count
U0000001,C0001,2025-02-01,20,Integrations,17
U0000002,C0001,2025-03-01,51,API,18
U0000003,C0001,2025-04-01,28,API,11
U0000004,C0001,2025-05-01,15,Automation,4
U0000005,C0001,2025-06-01,42,API,13
U0000006,C0001,2025-07-01,46,Reports,13
U0000007,C0001,2025-08-01,54,Integrations,5
U0000008,C0001,2025-09-01,22,Integrations,1
U0000009,C0001,2025-10-01,33,Dashboard,12
U0000010,C0001,2025-11-01,13,Integrations,3
U0000011,C0001,2026-01-01,60,Automation,10
U0000012,C0001,2026-02-01,42,Exports,19
U0000013,C0001,2026-03-01,15,Automation,7
U0000014,C0001,2026-05-01,31,Exports,6
U0000015,C0001,2026-06-01,15,Dashboard,19
U0000016,C0001,2026-08-01,47,API,5
U0000017,C0001,2026-09-01,5,API,7
U0000018,C0002,2025-05-01,1,API,9
U0000019,C0002,2025-06-01,21,Exports,4
U0000020,C0002,2025-07-01,71,Integrations,18
U0000021,C0002,2025-08-01,28,Exports,12
U0000022,C0002,2025-09-01,4,Exports,5
U0000023,C0002,2025-10-01,67,Integrations,18
U0000024,C0002,2025-12-01,26,Exports,6
U0000025,C0002,2026-02-01,41,Exports,1
U0000026,C0002,2026-03-01,78,Integrations,8
U0000027,C0002,2026-05-01,15,Reports,16
U0000028,C0002,2026-06-01,5,Reports,14
U0000029,C0002,2026-07-01,18,Dashboard,11
U0000030,C0002,2026-08-01,16,Automation,17
U0000031,C0002,2026-09-01,47,API,18
U0000032,C0003,2025-01-01,2,Reports,4
U0000033,C0003,2025-02-01,42,Integrations,11
U0000034,C0003,2025-03-01,74,Automation,17
U0000035,C0003,2025-05-01,74,Integrations,19
U0000036,C0003,2025-06-01,27,Reports,2
U0000037,C0003,2025-07-01,4,Reports,16
U0000038,C0003,2025-09-01,15,Integrations,16
U0000039,C0003,2025-10-01,64,Exports,11
U0000040,C0003,2025-12-01,68,Integrations,16
U0000041,C0003,2026-01-01,77,Dashboard,10
U0000042,C0003,2026-02-01,8,Reports,1
U0000043,C0003,2026-03-01,69,API,11
U0000044,C0003,2026-04-01,73,Exports,9
U0000045,C0003,2026-05-01,22,Dashboard,3
U0000046,C0003,2026-06-01,29,Dashboard,11
U0000047,C0003,2026-07-01,20,Exports,1
U0000048,C0003,2026-09-01,60,Reports,10
U0000049,C0004,2025-01-01,54,Reports,16
U0000050,C0004,2025-03-01,11,Integrations,5
U0000051,C0004,2025-04-01,35,API,15
U0000052,C0004,2025-06-01,22,API,13
U0000053,C0004,2025-08-01,76,Reports,4
U0000054,C0004,2025-09-01,18,Dashboard,1
U0000055,C0004,2026-01-01,19,Integrations,4
U0000056,C0004,2026-03-01,33,Integrations,7
U0000057,C0004,2026-04-01,59,Reports,2
U0000058,C0004,2026-05-01,52,API,8
U0000059,C0004,2026-06-01,53,Exports,14
U0000060,C0004,2026-07-01,57,Exports,5
U0000061,C0004,2026-08-01,34,Reports,2
U0000062,C0004,2026-09-01,54,Exports,18
U0000063,C0005,2025-01-01,59,Reports,15
U0000064,C0005,2025-02-01,75,Automation,10
U0000065,C0005,2025-03-01,55,Automation,14
U0000066,C0005,2025-04-01,53,Integrations,1
U0000067,C0005,2025-05-01,76,Integrations,4
U0000068,C0005,2025-06-01,12,Dashboard,13
U0000069,C0005,2025-07-01,6,Dashboard,18
U0000070,C0005,2025-08-01,75,Reports,13
U0000071,C0005,2025-10-01,19,Exports,12
U0000072,C0005,2025-11-01,77,Exports,4
U0000073,C0005,2026-01-01,45,Integrations,10
U0000074,C0005,2026-02-01,64,Integrations,5
U0000075,C0005,2026-03-01,22,Integrations,9
U0000076,C0005,2026-04-01,79,Automation,3
U0000077,C0005,2026-05-01,14,Integrations,13
U0000078,C0005,2026-06-01,56,Reports,2
U0000079,C0005,2026-07-01,34,Automation,4
U0000080,C0005,2026-08-01,42,Exports,3
U0000081,C0005,2026-09-01,32,Automation,13
U0000082,C0006,2025-01-01,59,Reports,16
U0000083,C0006,2025-02-01,70,Integrations,19
U0000084,C0006,2025-03-01,5,Exports,17
U0000085,C0006,2025-04-01,42,Dashboard,3
U0000086,C0006,2025-05-01,39,Integrations,15
U0000087,C0006,2025-07-01,60,Integrations,2
U0000088,C0006,2025-08-01,33,Integrations,19
U0000089,C0006,2025-09-01,32,Integrations,6
U0000090,C0006,2025-10-01,37,Exports,7
U0000091,C0006,2026-01-01,61,Dashboard,17
U0000092,C0006,2026-02-01,61,Reports,14
U0000093,C0006,2026-05-01,24,Reports,9
U0000094,C0006,2026-06-01,69,Integrations,12
U0000095,C0006,2026-08-01,78,API,1
U0000096,C0006,2026-09-01,58,Reports,14
U0000097,C0007,2025-01-01,44,Automation,3
U0000098,C0007,2025-04-01,79,Automation,15
U0000099,C0007,2025-05-01,26,Automation,13
U0000100,C0007,2025-06-01,23,Automation,4
U0000101,C0007,2025-07-01,46,API,10
U0000102,C0007,2025-08-01,70,Integrations,18
U0000103,C0007,2025-10-01,30,API,4
U0000104,C0007,2025-11-01,57,Integrations,17
U0000105,C0007,2025-12-01,77,Automation,4
U0000106,C0007,2026-01-01,48,API,2
U0000107,C0007,2026-03-01,35,Integrations,17
U0000108,C0007,2026-04-01,32,Integrations,6
U0000109,C0007,2026-05-01,4,Reports,2
U0000110,C0007,2026-07-01,7,Integrations,3
U0000111,C0007,2026-08-01,36,Automation,7
U0000112,C0007,2026-09-01,40,Dashboard,15
U0000113,C0008,2025-01-01,23,Integrations,4
U0000114,C0008,2025-02-01,1,Automation,6
U0000115,C0008,2025-04-01,41,API,4
U0000116,C0008,2025-05-01,51,API,1
U0000117,C0008,2025-06-01,14,Automation,14
U0000118,C0008,2025-07-01,27,Integrations,3
U0000119,C0008,2025-08-01,19,Dashboard,2
U0000120,C0008,2025-09-01,39,Reports,15
U0000121,C0008,2025-10-01,23,API,19
U0000122,C0008,2025-11-01,45,Exports,12
U0000123,C0008,2025-12-01,75,Reports,11
U0000124,C0008,2026-01-01,64,Reports,7
U0000125,C0008,2026-02-01,24,Automation,12
U0000126,C0008,2026-03-01,50,API,5
U0000127,C0008,2026-04-01,46,Integrations,12
U0000128,C0008,2026-05-01,61,Exports,2
U0000129,C0008,2026-07-01,35,Automation,9
U0000130,C0008,2026-08-01,39,Exports,16
U0000131,C0008,2026-09-01,19,Exports,17
U0000132,C0009,2025-03-01,4,API,4
U0000133,C0009,2025-05-01,60,Automation,14
U0000134,C0009,2025-06-01,18,Exports,10
U0000135,C0009,2025-07-01,17,Reports,11
U0000136,C0009,2025-11-01,75,Dashboard,18
U0000137,C0009,2025-12-01,15,Automation,16
U0000138,C0009,2026-01-01,28,Integrations,16
U0000139,C0009,2026-02-01,45,Integrations,19
U0000140,C0009,2026-03-01,1,Integrations,8
U0000141,C0009,2026-05-01,5,Automation,12
U0000142,C0009,2026-07-01,45,Integrations,12
U0000143,C0009,2026-08-01,44,Dashboard,1
U0000144,C0009,2026-09-01,61,Reports,5
U0000145,C0010,2025-01-01,32,API,17
U0000146,C0010,2025-02-01,15,Dashboard,14
U0000147,C0010,2025-04-01,66,Reports,16
U0000148,C0010,2025-05-01,51,Exports,17
U0000149,C0010,2025-06-01,53,Automation,7
U0000150,C0010,2025-09-01,42,Exports,13
U0000151,C0010,2025-10-01,40,Integrations,6
U0000152,C0010,2025-11-01,33,Integrations,10
U0000153,C0010,2025-12-01,1,Automation,16
U0000154,C0010,2026-01-01,47,Integrations,17
U0000155,C0010,2026-02-01,71,Integrations,8
U0000156,C0010,2026-04-01,61,API,9
U0000157,C0010,2026-05-01,1,API,19
U0000158,C0010,2026-06-01,29,API,11
U0000159,C0010,2026-08-01,23,Dashboard,15
U0000160,C0011,2025-01-01,1,Dashboard,11
U0000161,C0011,2025-02-01,17,Exports,13
U0000162,C0011,2025-04-01,10,Dashboard,10
U0000163,C0011,2025-05-01,47,Dashboard,2
U0000164,C0011,2025-07-01,68,Automation,4
U0000165,C0011,2025-08-01,75,Dashboard,13
U0000166,C0011,2025-09-01,25,Dashboard,18
U0000167,C0011,2025-10-01,26,Dashboard,18
U0000168,C0011,2025-11-01,9,Reports,16
U0000169,C0011,2025-12-01,36,API,8
U0000170,C0011,2026-01-01,4,Automation,8
U0000171,C0011,2026-02-01,69,Automation,3
U0000172,C0011,2026-03-01,4,API,16
U0000173,C0011,2026-04-01,57,Integrations,16
U0000174,C0011,2026-05-01,48,Reports,14
U0000175,C0011,2026-08-01,18,Integrations,10
U0000176,C0011,2026-09-01,65,Automation,9
U0000177,C0012,2025-01-01,46,API,6
U0000178,C0012,2025-02-01,30,Automation,9
U0000179,C0012,2025-03-01,17,Reports,9
U0000180,C0012,2025-04-01,64,Reports,11
U0000181,C0012,2025-05-01,3,Integrations,17
U0000182,C0012,2025-06-01,4,Integrations,11
U0000183,C0012,2025-07-01,47,Reports,13
U0000184,C0012,2025-08-01,11,Exports,13
U0000185,C0012,2025-09-01,25,Integrations,5
U0000186,C0012,2025-10-01,26,Reports,13
U0000187,C0012,2025-12-01,33,API,16
U0000188,C0012,2026-01-01,31,Exports,16
U0000189,C0012,2026-02-01,36,Exports,16
U0000190,C0012,2026-03-01,48,Automation,16
U0000191,C0012,2026-04-01,72,Automation,7
U0000192,C0012,2026-05-01,46,Integrations,13
U0000193,C0012,2026-07-01,35,API,3
U0000194,C0012,2026-09-01,66,Integrations,17
U0000195,C0013,2025-04-01,56,Integrations,17
U0000196,C0013,2025-05-01,77,Integrations,17
U0000197,C0013,2025-06-01,14,Reports,10
U0000198,C0013,2025-07-01,35,Integrations,17
U0000199,C0013,2025-08-01,44,API,7
U0000200,C0013,2025-10-01,1,Reports,1
U0000201,C0013,2025-11-01,36,Integrations,11
U0000202,C0013,2025-12-01,40,Integrations,14
U0000203,C0013,2026-01-01,31,Reports,4
U0000204,C0013,2026-02-01,48,Integrations,15
U0000205,C0013,2026-03-01,27,Exports,13
U0000206,C0013,2026-04-01,43,API,6
U0000207,C0013,2026-05-01,20,Integrations,18
U0000208,C0013,2026-06-01,13,Dashboard,16
U0000209,C0013,2026-07-01,9,Reports,10
U0000210,C0013,2026-09-01,33,Dashboard,8
U0000211,C0014,2025-01-01,54,Exports,15
U0000212,C0014,2025-02-01,6,Dashboard,5
U0000213,C0014,2025-03-01,3,Reports,2
U0000214,C0014,2025-04-01,51,Exports,3
U0000215,C0014,2025-05-01,29,Exports,14
U0000216,C0014,2025-06-01,7,Automation,13
U0000217,C0014,2025-07-01,72,Dashboard,11
U0000218,C0014,2025-09-01,62,Integrations,1
U0000219,C0014,2025-10-01,69,Dashboard,3
U0000220,C0014,2025-11-01,4,Dashboard,17
U0000221,C0014,2025-12-01,67,Integrations,10
U0000222,C0014,2026-01-01,67,API,15
U0000223,C0014,2026-02-01,35,Integrations,1
U0000224,C0014,2026-03-01,38,API,12
U0000225,C0014,2026-04-01,66,Exports,19
U0000226,C0014,2026-05-01,6,Dashboard,2
U0000227,C0014,2026-06-01,14,Dashboard,18
U0000228,C0014,2026-07-01,22,Integrations,13
U0000229,C0014,2026-08-01,10,API,14
U0000230,C0014,2026-09-01,57,Dashboard,3
U0000231,C0015,2025-01-01,67,Integrations,4
U0000232,C0015,2025-03-01,21,Integrations,8
U0000233,C0015,2025-05-01,34,Dashboard,14
U0000234,C0015,2025-06-01,78,Automation,11
U0000235,C0015,2025-07-01,35,Exports,8
U0000236,C0015,2025-08-01,78,Integrations,8
U0000237,C0015,2025-10-01,44,Integrations,9
U0000238,C0015,2025-12-01,32,API,17
U0000239,C0015,2026-01-01,3,Exports,1
U0000240,C0015,2026-04-01,59,Dashboard,7
U0000241,C0015,2026-05-01,64,Exports,2
U0000242,C0015,2026-07-01,8,Automation,13
U0000243,C0015,2026-08-01,10,Automation,4
U0000244,C0016,2025-02-01,37,Automation,15
U0000245,C0016,2025-03-01,51,Reports,12
U0000246,C0016,2025-04-01,11,Exports,10
U0000247,C0016,2025-06-01,30,Integrations,8
U0000248,C0016,2025-07-01,40,Exports,5
U0000249,C0016,2025-09-01,49,Exports,2
U0000250,C0016,2025-12-01,10,API,5
U0000251,C0016,2026-01-01,24,Reports,2
U0000252,C0016,2026-02-01,6,Automation,17
U0000253,C0016,2026-03-01,55,Automation,1
U0000254,C0016,2026-04-01,26,Automation,18
U0000255,C0016,2026-05-01,35,Automation,7
U0000256,C0016,2026-06-01,34,Automation,8
U0000257,C0016,2026-07-01,52,Reports,1
U0000258,C0016,2026-08-01,7,Dashboard,16
U0000259,C0016,2026-09-01,24,API,9
U0000260,C0017,2025-01-01,44,Exports,12
U0000261,C0017,2025-03-01,71,API,18
U0000262,C0017,2025-04-01,28,Automation,9
U0000263,C0017,2025-05-01,45,Integrations,7
U0000264,C0017,2025-06-01,26,Exports,6
U0000265,C0017,2025-09-01,18,Dashboard,1
U0000266,C0017,2025-10-01,23,Exports,14
U0000267,C0017,2025-11-01,44,Automation,7
U0000268,C0017,2025-12-01,37,Exports,7
U0000269,C0017,2026-01-01,52,Dashboard,5
U0000270,C0017,2026-03-01,55,Dashboard,4
U0000271,C0017,2026-05-01,53,Integrations,10
U0000272,C0017,2026-06-01,62,Reports,12
U0000273,C0017,2026-07-01,16,API,18
U0000274,C0017,2026-08-01,32,Exports,18
U0000275,C0017,2026-09-01,72,Exports,5
U0000276,C0018,2025-01-01,44,Dashboard,6
U0000277,C0018,2025-02-01,10,Reports,1
U0000278,C0018,2025-03-01,67,Dashboard,10
U0000279,C0018,2025-06-01,10,Exports,13
U0000280,C0018,2025-07-01,67,API,3
U0000281,C0018,2025-08-01,40,Integrations,2
U0000282,C0018,2025-09-01,11,API,8
U0000283,C0018,2025-10-01,41,Automation,11
U0000284,C0018,2025-11-01,3,Exports,1
U0000285,C0018,2025-12-01,43,Dashboard,10
U0000286,C0018,2026-01-01,46,Automation,16
U0000287,C0018,2026-02-01,36,Automation,1
U0000288,C0018,2026-04-01,20,API,4
U0000289,C0018,2026-05-01,57,Automation,14
U0000290,C0018,2026-06-01,35,API,10
U0000291,C0018,2026-07-01,51,API,16
U0000292,C0018,2026-08-01,11,Exports,17
U0000293,C0018,2026-09-01,42,Integrations,13
U0000294,C0019,2025-01-01,71,Automation,18
U0000295,C0019,2025-03-01,75,Automation,19
U0000296,C0019,2025-04-01,12,API,8
U0000297,C0019,2025-05-01,6,API,3
U0000298,C0019,2025-06-01,25,Exports,1
U0000299,C0019,2025-07-01,65,Integrations,2
U0000300,C0019,2025-08-01,16,API,14
U0000301,C0019,2025-11-01,58,Automation,13
U0000302,C0019,2025-12-01,55,Dashboard,7
U0000303,C0019,2026-01-01,73,Automation,16
U0000304,C0019,2026-02-01,30,Dashboard,8
U0000305,C0019,2026-03-01,12,Reports,1
U0000306,C0019,2026-04-01,52,API,6
U0000307,C0019,2026-05-01,7,Automation,8
U0000308,C0019,2026-06-01,65,Reports,4
U0000309,C0019,2026-08-01,35,Reports,7
U0000310,C0019,2026-09-01,6,API,19
U0000311,C0020,2025-02-01,32,Reports,14
U0000312,C0020,2025-05-01,2,Reports,18
U0000313,C0020,2025-06-01,56,Exports,3
U0000314,C0020,2025-08-01,10,API,8
U0000315,C0020,2025-09-01,33,API,1
U0000316,C0020,2025-10-01,22,Exports,12
U0000317,C0020,2025-11-01,2,API,19
U0000318,C0020,2025-12-01,59,Dashboard,9
U0000319,C0020,2026-02-01,74,API,15
U0000320,C0020,2026-03-01,29,API,16
U0000321,C0020,2026-05-01,47,Dashboard,5
U0000322,C0020,2026-06-01,53,Integrations,18
U0000323,C0020,2026-07-01,48,Integrations,4
U0000324,C0020,2026-08-01,22,API,16
U0000325,C0020,2026-09-01,61,Exports,6
U0000326,C0021,2025-02-01,76,Exports,13
U0000327,C0021,2025-03-01,75,Dashboard,9
U0000328,C0021,2025-04-01,8,Exports,11
U0000329,C0021,2025-05-01,47,Exports,8
U0000330,C0021,2025-06-01,37,API,3
U0000331,C0021,2025-07-01,10,Automation,15
U0000332,C0021,2025-08-01,12,Automation,12
U0000333,C0021,2025-09-01,39,Integrations,13
U0000334,C0021,2025-10-01,43,Integrations,3
U0000335,C0021,2025-11-01,34,API,6
U0000336,C0021,2025-12-01,18,Automation,14
U0000337,C0021,2026-01-01,49,Integrations,10
U0000338,C0021,2026-02-01,38,Integrations,15
U0000339,C0021,2026-03-01,12,Exports,9
U0000340,C0021,2026-04-01,24,Reports,7
U0000341,C0021,2026-05-01,15,Integrations,12
U0000342,C0021,2026-06-01,56,Automation,10
U0000343,C0021,2026-07-01,21,Integrations,17
U0000344,C0021,2026-08-01,76,Exports,17
U0000345,C0022,2025-04-01,75,Exports,19
U0000346,C0022,2025-05-01,12,API,13
U0000347,C0022,2025-06-01,4,Automation,7
U0000348,C0022,2025-07-01,76,Automation,17
U0000349,C0022,2025-08-01,52,Automation,12
U0000350,C0022,2025-09-01,13,Integrations,10
U0000351,C0022,2025-10-01,27,Reports,3
U0000352,C0022,2025-12-01,71,API,19
U0000353,C0022,2026-01-01,42,Automation,2
U0000354,C0022,2026-02-01,53,API,10
U0000355,C0022,2026-03-01,37,Exports,6
U0000356,C0022,2026-04-01,45,Automation,3
U0000357,C0022,2026-05-01,76,Automation,3
U0000358,C0022,2026-07-01,57,Reports,6
U0000359,C0022,2026-08-01,2,Dashboard,16
U0000360,C0022,2026-09-01,20,Automation,5
U0000361,C0023,2025-01-01,60,Reports,12
U0000362,C0023,2025-02-01,23,Dashboard,9
U0000363,C0023,2025-03-01,46,Dashboard,17
U0000364,C0023,2025-04-01,15,API,5
U0000365,C0023,2025-05-01,14,API,12
U0000366,C0023,2025-06-01,26,API,14
U0000367,C0023,2025-07-01,46,Integrations,3
U0000368,C0023,2025-09-01,2,Integrations,14
U0000369,C0023,2025-11-01,35,Integrations,14
U0000370,C0023,2025-12-01,44,API,19
U0000371,C0023,2026-01-01,46,Dashboard,5
U0000372,C0023,2026-02-01,58,API,6
U0000373,C0023,2026-03-01,75,Automation,3
U0000374,C0023,2026-04-01,57,Integrations,9
U0000375,C0023,2026-05-01,34,API,16
U0000376,C0023,2026-06-01,22,Exports,12
U0000377,C0023,2026-07-01,6,Integrations,7
U0000378,C0023,2026-08-01,79,Automation,1
U0000379,C0023,2026-09-01,69,Integrations,17
U0000380,C0024,2025-01-01,7,Dashboard,12
U0000381,C0024,2025-02-01,7,Automation,13
U0000382,C0024,2025-03-01,16,Integrations,11
U0000383,C0024,2025-04-01,60,API,5
U0000384,C0024,2025-07-01,58,Automation,13
U0000385,C0024,2025-08-01,11,Automation,1
U0000386,C0024,2025-09-01,28,API,4
U0000387,C0024,2025-10-01,51,Reports,17
U0000388,C0024,2025-11-01,72,Dashboard,18
U0000389,C0024,2025-12-01,40,Reports,16
U0000390,C0024,2026-01-01,74,Dashboard,2
U0000391,C0024,2026-02-01,49,Reports,5
U0000392,C0024,2026-03-01,56,Reports,12
U0000393,C0024,2026-05-01,79,Integrations,2
U0000394,C0024,2026-06-01,23,Reports,8
U0000395,C0024,2026-07-01,12,Dashboard,7
U0000396,C0024,2026-08-01,62,Integrations,2
U0000397,C0024,2026-09-01,40,API,18
U0000398,C0025,2025-01-01,38,Automation,4
U0000399,C0025,2025-02-01,47,Exports,12
U0000400,C0025,2025-04-01,69,API,14
U0000401,C0025,2025-06-01,23,Integrations,4
U0000402,C0025,2025-07-01,21,Reports,6
U0000403,C0025,2025-08-01,49,Dashboard,7
U0000404,C0025,2025-10-01,54,Integrations,17
U0000405,C0025,2025-11-01,47,API,6
U0000406,C0025,2025-12-01,41,Reports,8
U0000407,C0025,2026-01-01,10,Reports,16
U0000408,C0025,2026-02-01,50,API,12
U0000409,C0025,2026-04-01,1,API,13
U0000410,C0025,2026-05-01,48,Exports,7
U0000411,C0025,2026-06-01,11,Exports,6
U0000412,C0025,2026-07-01,55,Integrations,19
U0000413,C0025,2026-08-01,40,Integrations,17
U0000414,C0025,2026-09-01,12,Automation,10
U0000415,C0026,2025-02-01,60,API,8
U0000416,C0026,2025-03-01,52,Automation,7
U0000417,C0026,2025-04-01,70,Automation,9
U0000418,C0026,2025-06-01,77,Integrations,18
U0000419,C0026,2025-09-01,31,Integrations,7
U0000420,C0026,2025-11-01,1,Automation,2
U0000421,C0026,2025-12-01,76,Automation,15
U0000422,C0026,2026-01-01,49,Integrations,7
U0000423,C0026,2026-03-01,4,Integrations,16
U0000424,C0026,2026-04-01,67,Dashboard,17
U0000425,C0026,2026-05-01,71,Dashboard,8
U0000426,C0026,2026-06-01,65,Reports,8
U0000427,C0026,2026-09-01,14,Reports,7
U0000428,C0027,2025-02-01,69,Integrations,16
U0000429,C0027,2025-03-01,17,Dashboard,11
U0000430,C0027,2025-05-01,70,Exports,15
U0000431,C0027,2025-07-01,47,Reports,13
U0000432,C0027,2025-09-01,42,Dashboard,8
U0000433,C0027,2025-12-01,11,Dashboard,2
U0000434,C0027,2026-01-01,71,Exports,5
U0000435,C0027,2026-03-01,42,Reports,13
U0000436,C0027,2026-05-01,69,Integrations,11
U0000437,C0027,2026-06-01,51,Exports,15
U0000438,C0027,2026-07-01,31,Integrations,17
U0000439,C0027,2026-08-01,30,Automation,17
U0000440,C0027,2026-09-01,22,Dashboard,4
U0000441,C0028,2025-01-01,3,Dashboard,11
U0000442,C0028,2025-02-01,28,Automation,15
U0000443,C0028,2025-03-01,35,Integrations,16
U0000444,C0028,2025-04-01,46,Reports,4
U0000445,C0028,2025-05-01,76,API,5
U0000446,C0028,2025-06-01,12,Reports,8
U0000447,C0028,2025-07-01,22,Automation,4
U0000448,C0028,2025-08-01,27,Exports,7
U0000449,C0028,2025-11-01,73,Exports,5
U0000450,C0028,2025-12-01,35,Dashboard,10
U0000451,C0028,2026-01-01,76,Integrations,4
U0000452,C0028,2026-03-01,78,API,18
U0000453,C0028,2026-05-01,3,Exports,13
U0000454,C0028,2026-06-01,78,Automation,4
U0000455,C0028,2026-07-01,21,API,13
U0000456,C0028,2026-08-01,8,Reports,17
U0000457,C0028,2026-09-01,61,Exports,5
U0000458,C0029,2025-01-01,41,Automation,12
U0000459,C0029,2025-02-01,65,Dashboard,11
U0000460,C0029,2025-04-01,16,Automation,1
U0000461,C0029,2025-07-01,47,Exports,17
U0000462,C0029,2025-08-01,35,API,1
U0000463,C0029,2025-09-01,58,Exports,8
U0000464,C0029,2025-10-01,50,API,10
U0000465,C0029,2026-01-01,48,API,17
U0000466,C0029,2026-02-01,35,Exports,1
U0000467,C0029,2026-03-01,26,Reports,6
U0000468,C0029,2026-04-01,58,Integrations,17
U0000469,C0029,2026-05-01,25,Automation,9
U0000470,C0029,2026-06-01,66,API,16
U0000471,C0029,2026-07-01,50,Reports,17
U0000472,C0029,2026-08-01,63,API,7
U0000473,C0029,2026-09-01,72,Reports,9
U0000474,C0030,2025-01-01,78,Reports,5
U0000475,C0030,2025-02-01,6,Exports,5
U0000476,C0030,2025-03-01,33,Dashboard,12
U0000477,C0030,2025-04-01,37,Dashboard,5
U0000478,C0030,2025-06-01,75,Reports,8
U0000479,C0030,2025-07-01,6,API,19
U0000480,C0030,2025-08-01,54,API,13
U0000481,C0030,2025-09-01,73,API,19
U0000482,C0030,2025-12-01,29,Dashboard,1
U0000483,C0030,2026-01-01,4,Automation,11
U0000484,C0030,2026-02-01,18,Reports,11
U0000485,C0030,2026-04-01,76,Exports,11
U0000486,C0030,2026-05-01,48,Reports,4
U0000487,C0030,2026-06-01,58,Reports,9
U0000488,C0030,2026-07-01,77,Exports,2
U0000489,C0030,2026-08-01,16,Exports,17
U0000490,C0030,2026-09-01,39,Automation,1
U0000491,C0031,2025-01-01,21,API,18
U0000492,C0031,2025-02-01,6,Exports,9
U0000493,C0031,2025-03-01,44,API,7
U0000494,C0031,2025-04-01,45,Automation,17
U0000495,C0031,2025-06-01,12,Automation,15
U0000496,C0031,2025-08-01,20,Dashboard,15
U0000497,C0031,2025-09-01,14,Automation,16
U0000498,C0031,2025-10-01,60,Dashboard,11
U0000499,C0031,2025-11-01,64,Reports,1
U0000500,C0031,2025-12-01,72,Automation,2
U0000501,C0031,2026-01-01,34,Exports,18
U0000502,C0031,2026-03-01,36,Integrations,10
U0000503,C0031,2026-04-01,52,Integrations,2
U0000504,C0031,2026-05-01,56,API,9
U0000505,C0031,2026-06-01,23,Integrations,17
U0000506,C0031,2026-07-01,25,Integrations,7
U0000507,C0031,2026-08-01,74,Exports,11
U0000508,C0031,2026-09-01,52,Automation,12
U0000509,C0032,2025-01-01,14,Exports,12
U0000510,C0032,2025-02-01,25,Dashboard,14
U0000511,C0032,2025-03-01,2,Exports,12
U0000512,C0032,2025-04-01,43,Exports,12
U0000513,C0032,2025-06-01,60,API,7
U0000514,C0032,2025-07-01,27,Integrations,2
U0000515,C0032,2025-08-01,12,Dashboard,10
U0000516,C0032,2025-09-01,72,Automation,14
U0000517,C0032,2025-11-01,64,Exports,15
U0000518,C0032,2025-12-01,32,API,2
U0000519,C0032,2026-02-01,3,Dashboard,14
U0000520,C0032,2026-03-01,31,Automation,10
U0000521,C0032,2026-04-01,32,Integrations,11
U0000522,C0032,2026-05-01,61,Exports,13
U0000523,C0032,2026-06-01,31,Reports,10
U0000524,C0032,2026-07-01,28,Reports,11
U0000525,C0032,2026-09-01,3,Reports,9
U0000526,C0033,2025-01-01,40,Automation,7
U0000527,C0033,2025-03-01,60,API,16
U0000528,C0033,2025-04-01,64,Automation,14
U0000529,C0033,2025-05-01,41,Dashboard,6
U0000530,C0033,2025-07-01,51,Dashboard,4
U0000531,C0033,2025-08-01,62,API,11
U0000532,C0033,2025-09-01,54,API,11
U0000533,C0033,2025-11-01,23,Dashboard,8
U0000534,C0033,2025-12-01,76,Exports,2
U0000535,C0033,2026-01-01,4,Automation,13
U0000536,C0033,2026-03-01,38,Reports,15
U0000537,C0033,2026-04-01,30,Exports,4
U0000538,C0033,2026-05-01,65,Reports,9
U0000539,C0033,2026-06-01,27,Exports,2
U0000540,C0033,2026-07-01,55,Reports,13
U0000541,C0033,2026-08-01,3,Integrations,8
U0000542,C0033,2026-09-01,56,API,16
U0000543,C0034,2025-01-01,53,Exports,19
U0000544,C0034,2025-03-01,75,Automation,10
U0000545,C0034,2025-04-01,19,Exports,13
U0000546,C0034,2025-05-01,54,Exports,13
U0000547,C0034,2025-06-01,18,API,17
U0000548,C0034,2025-08-01,6,API,15
U0000549,C0034,2025-09-01,35,Dashboard,12
U0000550,C0034,2025-10-01,70,Automation,7
U0000551,C0034,2025-11-01,14,Reports,14
U0000552,C0034,2025-12-01,53,API,3
U0000553,C0034,2026-01-01,48,Dashboard,15
U0000554,C0034,2026-03-01,41,Exports,2
U0000555,C0034,2026-05-01,61,Exports,2
U0000556,C0034,2026-06-01,3,API,5
U0000557,C0034,2026-07-01,72,Dashboard,4
U0000558,C0034,2026-08-01,11,Exports,11
U0000559,C0035,2025-01-01,70,Reports,8
U0000560,C0035,2025-02-01,19,Integrations,1
U0000561,C0035,2025-03-01,1,Dashboard,17
U0000562,C0035,2025-04-01,7,Integrations,13
U0000563,C0035,2025-05-01,18,Automation,7
U0000564,C0035,2025-06-01,19,Integrations,1
U0000565,C0035,2025-08-01,5,Dashboard,13
U0000566,C0035,2025-09-01,54,Automation,16
U0000567,C0035,2025-10-01,50,API,9
U0000568,C0035,2025-11-01,1,Exports,2
U0000569,C0035,2025-12-01,13,Integrations,19
U0000570,C0035,2026-01-01,2,Reports,5
U0000571,C0035,2026-02-01,30,Dashboard,13
U0000572,C0035,2026-04-01,30,Automation,19
U0000573,C0035,2026-05-01,13,Reports,8
U0000574,C0035,2026-06-01,38,Dashboard,14
U0000575,C0035,2026-07-01,55,Dashboard,16
U0000576,C0035,2026-08-01,64,Reports,18
U0000577,C0035,2026-09-01,41,Integrations,8
U0000578,C0036,2025-01-01,26,Exports,18
U0000579,C0036,2025-02-01,75,Automation,13
U0000580,C0036,2025-03-01,52,Exports,4
U0000581,C0036,2025-04-01,34,Reports,11
U0000582,C0036,2025-05-01,32,Dashboard,2
U0000583,C0036,2025-08-01,32,Reports,2
U0000584,C0036,2025-09-01,35,Automation,6
U0000585,C0036,2025-10-01,45,Exports,17
U0000586,C0036,2025-11-01,73,Integrations,3
U0000587,C0036,2025-12-01,77,Automation,19
U0000588,C0036,2026-01-01,42,Dashboard,6
U0000589,C0036,2026-03-01,57,Integrations,7
U0000590,C0036,2026-04-01,5,Integrations,18
U0000591,C0036,2026-05-01,57,Reports,5
U0000592,C0036,2026-06-01,9,Integrations,4
U0000593,C0036,2026-07-01,41,Reports,11
U0000594,C0036,2026-08-01,43,Integrations,8
U0000595,C0036,2026-09-01,68,Reports,11
U0000596,C0037,2025-01-01,73,Dashboard,5
U0000597,C0037,2025-04-01,28,Integrations,14
U0000598,C0037,2025-05-01,15,API,17
U0000599,C0037,2025-06-01,69,Dashboard,2
U0000600,C0037,2025-07-01,12,API,2
U0000601,C0037,2025-08-01,21,Reports,10
U0000602,C0037,2025-09-01,7,Dashboard,14
U0000603,C0037,2025-10-01,10,Dashboard,9
U0000604,C0037,2025-11-01,48,Reports,9
U0000605,C0037,2025-12-01,72,API,17
U0000606,C0037,2026-01-01,75,Integrations,1
U0000607,C0037,2026-03-01,61,Integrations,13
U0000608,C0037,2026-04-01,20,Integrations,11
U0000609,C0037,2026-05-01,30,Integrations,17
U0000610,C0037,2026-06-01,69,Dashboard,13
U0000611,C0037,2026-07-01,64,Dashboard,13
U0000612,C0037,2026-08-01,6,Automation,8
U0000613,C0037,2026-09-01,25,Automation,17
U0000614,C0038,2025-01-01,11,Integrations,15
U0000615,C0038,2025-02-01,75,Reports,8
U0000616,C0038,2025-03-01,74,API,10
U0000617,C0038,2025-04-01,52,Reports,5
U0000618,C0038,2025-05-01,48,Dashboard,7
U0000619,C0038,2025-06-01,44,API,15
U0000620,C0038,2025-08-01,68,Dashboard,13
U0000621,C0038,2025-09-01,41,Dashboard,8
U0000622,C0038,2025-10-01,29,Automation,19
U0000623,C0038,2025-11-01,59,API,3
U0000624,C0038,2025-12-01,36,Automation,16
U0000625,C0038,2026-01-01,71,Dashboard,11
U0000626,C0038,2026-02-01,55,Dashboard,13
U0000627,C0038,2026-03-01,58,Reports,17
U0000628,C0038,2026-04-01,16,Integrations,5
U0000629,C0038,2026-06-01,59,Integrations,13
U0000630,C0038,2026-07-01,76,Reports,13
U0000631,C0038,2026-09-01,57,Integrations,18
U0000632,C0039,2025-01-01,44,Dashboard,2
U0000633,C0039,2025-02-01,4,Dashboard,2
U0000634,C0039,2025-03-01,9,Automation,16
U0000635,C0039,2025-04-01,67,Reports,8
U0000636,C0039,2025-05-01,66,Exports,1
U0000637,C0039,2025-06-01,53,Reports,10
U0000638,C0039,2025-07-01,62,Integrations,4
U0000639,C0039,2025-08-01,35,API,12
U0000640,C0039,2025-09-01,22,Reports,4
U0000641,C0039,2025-10-01,7,Integrations,7
U0000642,C0039,2025-11-01,53,Integrations,9
U0000643,C0039,2025-12-01,61,Dashboard,14
U0000644,C0039,2026-01-01,53,Reports,9
U0000645,C0039,2026-04-01,52,Integrations,17
U0000646,C0039,2026-06-01,69,Automation,6
U0000647,C0039,2026-07-01,48,Integrations,1
U0000648,C0039,2026-08-01,79,Automation,9
U0000649,C0040,2025-01-01,7,Exports,3
U0000650,C0040,2025-04-01,8,Integrations,16
U0000651,C0040,2025-08-01,2,Exports,11
U0000652,C0040,2025-09-01,51,Dashboard,4
U0000653,C0040,2025-10-01,12,Dashboard,3
U0000654,C0040,2025-11-01,28,Integrations,1
U0000655,C0040,2025-12-01,31,Integrations,5
U0000656,C0040,2026-03-01,61,Exports,1
U0000657,C0040,2026-04-01,31,Automation,14
U0000658,C0040,2026-05-01,4,Exports,18
U0000659,C0040,2026-06-01,34,Integrations,1
U0000660,C0040,2026-07-01,32,API,19
U0000661,C0040,2026-08-01,15,Reports,19
U0000662,C0040,2026-09-01,70,Dashboard,13
U0000663,C0041,2025-03-01,36,Reports,16
U0000664,C0041,2025-04-01,67,Integrations,10
U0000665,C0041,2025-06-01,29,Automation,12
U0000666,C0041,2025-08-01,14,Integrations,19
U0000667,C0041,2025-12-01,34,Reports,1
U0000668,C0041,2026-01-01,8,Integrations,5
U0000669,C0041,2026-02-01,18,Exports,1
U0000670,C0041,2026-03-01,34,API,3
U0000671,C0041,2026-04-01,13,Exports,8
U0000672,C0041,2026-06-01,8,Automation,15
U0000673,C0041,2026-09-01,74,Integrations,19
U0000674,C0042,2025-03-01,51,Exports,11
U0000675,C0042,2025-04-01,11,Integrations,10
U0000676,C0042,2025-05-01,4,API,15
U0000677,C0042,2025-06-01,72,Reports,19
U0000678,C0042,2025-07-01,37,Exports,12
U0000679,C0042,2025-08-01,18,Dashboard,10
U0000680,C0042,2025-09-01,25,Exports,19
U0000681,C0042,2025-10-01,49,Automation,6
U0000682,C0042,2025-11-01,46,Integrations,11
U0000683,C0042,2025-12-01,32,Reports,7
U0000684,C0042,2026-01-01,38,Dashboard,13
U0000685,C0042,2026-02-01,59,Dashboard,3
U0000686,C0042,2026-03-01,58,API,15
U0000687,C0042,2026-04-01,28,Dashboard,11
U0000688,C0042,2026-05-01,4,API,10
U0000689,C0042,2026-06-01,36,Dashboard,13
U0000690,C0042,2026-07-01,13,Automation,4
U0000691,C0042,2026-08-01,8,Dashboard,14
U0000692,C0043,2025-02-01,61,Exports,18
U0000693,C0043,2025-03-01,9,API,6
U0000694,C0043,2025-04-01,65,Integrations,16
U0000695,C0043,2025-05-01,22,Dashboard,8
U0000696,C0043,2025-06-01,1,Integrations,12
U0000697,C0043,2025-07-01,19,API,13
U0000698,C0043,2025-08-01,28,Automation,13
U0000699,C0043,2025-10-01,23,API,10
U0000700,C0043,2025-11-01,63,Dashboard,14
U0000701,C0043,2026-01-01,39,Reports,17
U0000702,C0043,2026-02-01,35,Dashboard,5
U0000703,C0043,2026-04-01,60,Integrations,6
U0000704,C0043,2026-05-01,19,Integrations,15
U0000705,C0043,2026-07-01,13,Integrations,18
U0000706,C0043,2026-08-01,31,Automation,13
U0000707,C0044,2025-01-01,67,Automation,10
U0000708,C0044,2025-02-01,68,Exports,6
U0000709,C0044,2025-03-01,8,Reports,13
U0000710,C0044,2025-04-01,67,Automation,7
U0000711,C0044,2025-05-01,75,Automation,17
U0000712,C0044,2025-06-01,46,Integrations,19
U0000713,C0044,2025-09-01,29,Exports,17
U0000714,C0044,2025-10-01,2,Integrations,19
U0000715,C0044,2025-11-01,46,Reports,12
U0000716,C0044,2025-12-01,63,Exports,4
U0000717,C0044,2026-01-01,58,Automation,17
U0000718,C0044,2026-02-01,17,Automation,16
U0000719,C0044,2026-03-01,31,Reports,17
U0000720,C0044,2026-04-01,20,Exports,4
U0000721,C0044,2026-05-01,49,Integrations,13
U0000722,C0044,2026-06-01,32,Exports,19
U0000723,C0044,2026-07-01,51,Dashboard,9
U0000724,C0044,2026-08-01,72,API,3
U0000725,C0044,2026-09-01,12,API,19
U0000726,C0045,2025-01-01,6,Exports,18
U0000727,C0045,2025-02-01,26,Reports,16
U0000728,C0045,2025-03-01,21,Integrations,17
U0000729,C0045,2025-05-01,62,API,19
U0000730,C0045,2025-09-01,69,Automation,2
U0000731,C0045,2025-10-01,45,Dashboard,2
U0000732,C0045,2025-11-01,19,Automation,5
U0000733,C0045,2025-12-01,35,API,19
U0000734,C0045,2026-01-01,19,Exports,10
U0000735,C0045,2026-02-01,35,Reports,8
U0000736,C0045,2026-03-01,25,Automation,13
U0000737,C0045,2026-04-01,23,Exports,16
U0000738,C0045,2026-05-01,75,Exports,14
U0000739,C0045,2026-06-01,47,API,3
U0000740,C0045,2026-07-01,40,Automation,6
U0000741,C0045,2026-08-01,15,Exports,5
U0000742,C0045,2026-09-01,2,Dashboard,16
U0000743,C0046,2025-02-01,43,Exports,14
U0000744,C0046,2025-03-01,36,Exports,2
U0000745,C0046,2025-04-01,22,Dashboard,16
U0000746,C0046,2025-05-01,63,Reports,19
U0000747,C0046,2025-06-01,28,Integrations,14
U0000748,C0046,2025-07-01,15,Dashboard,11
U0000749,C0046,2025-08-01,38,API,14
U0000750,C0046,2025-11-01,46,Exports,12
U0000751,C0046,2025-12-01,61,Dashboard,14
U0000752,C0046,2026-01-01,46,Integrations,7
U0000753,C0046,2026-02-01,40,API,2
U0000754,C0046,2026-03-01,28,API,8
U0000755,C0046,2026-04-01,60,Reports,19
U0000756,C0046,2026-07-01,54,Reports,19
U0000757,C0046,2026-08-01,12,Exports,16
U0000758,C0046,2026-09-01,4,Automation,16
U0000759,C0047,2025-01-01,70,Exports,11
U0000760,C0047,2025-02-01,39,Automation,15
U0000761,C0047,2025-03-01,30,Dashboard,8
U0000762,C0047,2025-05-01,26,Integrations,4
U0000763,C0047,2025-06-01,63,API,16
U0000764,C0047,2025-07-01,53,API,6
U0000765,C0047,2025-08-01,9,Dashboard,11
U0000766,C0047,2025-09-01,45,Reports,19
U0000767,C0047,2025-10-01,54,Dashboard,1
U0000768,C0047,2025-11-01,64,Exports,4
U0000769,C0047,2025-12-01,3,Dashboard,17
U0000770,C0047,2026-02-01,57,Reports,18
U0000771,C0047,2026-03-01,40,Automation,12
U0000772,C0047,2026-04-01,10,Dashboard,3
U0000773,C0047,2026-06-01,15,Automation,10
U0000774,C0047,2026-07-01,46,API,16
U0000775,C0047,2026-08-01,39,Integrations,10
U0000776,C0047,2026-09-01,66,Dashboard,4
U0000777,C0048,2025-01-01,3,Reports,15
U0000778,C0048,2025-04-01,6,API,10
U0000779,C0048,2025-05-01,37,Dashboard,17
U0000780,C0048,2025-06-01,59,Reports,5
U0000781,C0048,2025-11-01,14,Exports,2
U0000782,C0048,2025-12-01,1,API,11
U0000783,C0048,2026-01-01,5,Dashboard,18
U0000784,C0048,2026-03-01,49,Reports,8
U0000785,C0048,2026-04-01,60,Integrations,4
U0000786,C0048,2026-05-01,53,Integrations,1
U0000787,C0048,2026-06-01,44,Exports,7
U0000788,C0048,2026-07-01,2,Automation,3
U0000789,C0049,2025-01-01,27,Exports,4
U0000790,C0049,2025-02-01,52,Automation,8
U0000791,C0049,2025-03-01,32,Reports,17
U0000792,C0049,2025-05-01,54,Automation,10
U0000793,C0049,2025-06-01,66,Exports,9
U0000794,C0049,2025-07-01,61,Dashboard,7
U0000795,C0049,2025-09-01,3,Dashboard,6
U0000796,C0049,2025-11-01,70,API,13
U0000797,C0049,2025-12-01,73,Automation,14
U0000798,C0049,2026-01-01,9,Exports,13
U0000799,C0049,2026-02-01,6,Reports,4
U0000800,C0049,2026-04-01,11,Dashboard,2
U0000801,C0049,2026-05-01,57,Dashboard,14
U0000802,C0049,2026-07-01,14,Dashboard,9
U0000803,C0049,2026-09-01,16,Reports,15
U0000804,C0050,2025-01-01,28,API,17
U0000805,C0050,2025-02-01,5,Exports,19
U0000806,C0050,2025-03-01,27,API,6
U0000807,C0050,2025-06-01,46,API,11
U0000808,C0050,2025-07-01,40,Exports,5
U0000809,C0050,2025-08-01,77,Exports,6
U0000810,C0050,2025-12-01,37,Reports,9
U0000811,C0050,2026-02-01,67,Exports,15
U0000812,C0050,2026-03-01,18,Automation,11
U0000813,C0050,2026-04-01,20,Automation,1
U0000814,C0050,2026-05-01,13,Dashboard,3
U0000815,C0050,2026-06-01,56,Reports,4
U0000816,C0050,2026-07-01,15,Dashboard,8
U0000817,C0050,2026-08-01,71,API,6
U0000818,C0050,2026-09-01,17,Integrations,5
U0000819,C0051,2025-01-01,76,Exports,16
U0000820,C0051,2025-02-01,59,API,6
U0000821,C0051,2025-03-01,38,Dashboard,18
U0000822,C0051,2025-04-01,73,Integrations,12
U0000823,C0051,2025-05-01,69,API,10
U0000824,C0051,2025-06-01,22,Automation,1
U0000825,C0051,2025-08-01,15,Reports,15
U0000826,C0051,2025-09-01,42,Dashboard,5
U0000827,C0051,2025-10-01,44,Dashboard,7
U0000828,C0051,2025-11-01,79,Exports,13
U0000829,C0051,2025-12-01,78,Exports,16
U0000830,C0051,2026-01-01,19,Integrations,5
U0000831,C0051,2026-02-01,78,API,1
U0000832,C0051,2026-04-01,5,Dashboard,11
U0000833,C0051,2026-06-01,17,API,14
U0000834,C0051,2026-08-01,14,Exports,4
U0000835,C0052,2025-01-01,50,API,2
U0000836,C0052,2025-02-01,56,Reports,16
U0000837,C0052,2025-03-01,55,Integrations,12
U0000838,C0052,2025-04-01,52,Dashboard,1
U0000839,C0052,2025-05-01,61,Dashboard,1
U0000840,C0052,2025-06-01,30,API,1
U0000841,C0052,2025-07-01,10,API,5
U0000842,C0052,2025-08-01,43,API,19
U0000843,C0052,2025-09-01,11,Exports,16
U0000844,C0052,2025-10-01,36,API,16
U0000845,C0052,2025-11-01,68,Automation,19
U0000846,C0052,2025-12-01,24,Exports,16
U0000847,C0052,2026-01-01,2,Reports,6
U0000848,C0052,2026-02-01,48,Exports,16
U0000849,C0052,2026-03-01,41,Dashboard,8
U0000850,C0052,2026-04-01,17,API,16
U0000851,C0052,2026-05-01,6,Exports,10
U0000852,C0052,2026-06-01,19,Reports,5
U0000853,C0052,2026-07-01,38,Reports,15
U0000854,C0052,2026-08-01,5,Reports,18
U0000855,C0053,2025-01-01,68,API,18
U0000856,C0053,2025-03-01,45,Integrations,4
U0000857,C0053,2025-05-01,75,Dashboard,6
U0000858,C0053,2025-06-01,37,API,12
U0000859,C0053,2025-07-01,6,Exports,14
U0000860,C0053,2025-08-01,75,Exports,7
U0000861,C0053,2025-09-01,77,Integrations,2
U0000862,C0053,2025-11-01,54,Exports,7
U0000863,C0053,2025-12-01,19,Reports,3
U0000864,C0053,2026-01-01,3,Reports,5
U0000865,C0053,2026-02-01,49,Integrations,3
U0000866,C0053,2026-03-01,50,Integrations,16
U0000867,C0053,2026-04-01,72,Dashboard,3
U0000868,C0053,2026-05-01,71,Reports,16
U0000869,C0053,2026-06-01,9,API,19
U0000870,C0053,2026-07-01,56,Automation,16
U0000871,C0053,2026-09-01,71,API,2
U0000872,C0054,2025-02-01,31,Exports,1
U0000873,C0054,2025-05-01,67,Integrations,10
U0000874,C0054,2025-06-01,50,Exports,17
U0000875,C0054,2025-07-01,11,API,7
U0000876,C0054,2025-08-01,51,Exports,8
U0000877,C0054,2025-09-01,67,Automation,15
U0000878,C0054,2025-10-01,42,Automation,15
U0000879,C0054,2025-11-01,14,Dashboard,15
U0000880,C0054,2025-12-01,59,Integrations,10
U0000881,C0054,2026-01-01,14,Dashboard,15
U0000882,C0054,2026-02-01,2,API,17
U0000883,C0054,2026-03-01,74,Integrations,11
U0000884,C0054,2026-04-01,61,API,1
U0000885,C0054,2026-05-01,5,Exports,3
U0000886,C0054,2026-06-01,62,API,11
U0000887,C0054,2026-07-01,26,API,13
U0000888,C0054,2026-08-01,23,Automation,8
U0000889,C0055,2025-01-01,4,API,7
U0000890,C0055,2025-02-01,13,Exports,9
U0000891,C0055,2025-03-01,48,Automation,3
U0000892,C0055,2025-04-01,78,Reports,3
U0000893,C0055,2025-05-01,38,Dashboard,3
U0000894,C0055,2025-06-01,2,Integrations,3
U0000895,C0055,2025-07-01,27,Integrations,12
U0000896,C0055,2025-08-01,6,Dashboard,16
U0000897,C0055,2025-10-01,40,API,14
U0000898,C0055,2025-12-01,26,Exports,5
U0000899,C0055,2026-01-01,72,Integrations,15
U0000900,C0055,2026-02-01,13,Exports,11
U0000901,C0055,2026-04-01,23,Automation,6
U0000902,C0055,2026-05-01,75,Dashboard,10
U0000903,C0055,2026-07-01,48,Dashboard,17
U0000904,C0055,2026-08-01,71,API,2
U0000905,C0055,2026-09-01,59,API,19
U0000906,C0056,2025-01-01,61,Exports,18
U0000907,C0056,2025-02-01,65,Automation,10
U0000908,C0056,2025-03-01,65,Exports,19
U0000909,C0056,2025-05-01,77,Dashboard,3
U0000910,C0056,2025-06-01,45,Dashboard,10
U0000911,C0056,2025-07-01,61,Integrations,7
U0000912,C0056,2025-08-01,23,Integrations,18
U0000913,C0056,2025-09-01,56,API,16
U0000914,C0056,2025-11-01,73,Dashboard,6
U0000915,C0056,2025-12-01,60,Integrations,8
U0000916,C0056,2026-02-01,29,API,19
U0000917,C0056,2026-03-01,68,Integrations,7
U0000918,C0056,2026-04-01,18,Reports,15
U0000919,C0056,2026-05-01,25,Exports,18
U0000920,C0056,2026-06-01,15,API,3
U0000921,C0056,2026-07-01,65,Reports,10
U0000922,C0056,2026-08-01,40,Integrations,1
U0000923,C0056,2026-09-01,1,Integrations,5
U0000924,C0057,2025-01-01,27,Exports,17
U0000925,C0057,2025-03-01,21,Integrations,16
U0000926,C0057,2025-04-01,34,Automation,12
U0000927,C0057,2025-09-01,62,Reports,9
U0000928,C0057,2025-10-01,7,API,2
U0000929,C0057,2025-11-01,25,Integrations,8
U0000930,C0057,2025-12-01,63,Reports,11
U0000931,C0057,2026-01-01,4,Exports,10
U0000932,C0057,2026-02-01,56,Automation,3
U0000933,C0057,2026-03-01,5,API,16
U0000934,C0057,2026-04-01,9,Exports,10
U0000935,C0057,2026-05-01,16,Reports,6
U0000936,C0057,2026-06-01,52,Integrations,5
U0000937,C0057,2026-08-01,2,Exports,16
U0000938,C0058,2025-01-01,17,Dashboard,6
U0000939,C0058,2025-02-01,32,Integrations,13
U0000940,C0058,2025-05-01,79,Dashboard,14
U0000941,C0058,2025-08-01,29,Reports,11
U0000942,C0058,2025-09-01,21,API,6
U0000943,C0058,2025-10-01,23,Reports,7
U0000944,C0058,2025-11-01,29,Dashboard,2
U0000945,C0058,2025-12-01,44,Integrations,1
U0000946,C0058,2026-01-01,76,API,19
U0000947,C0058,2026-03-01,71,Exports,18
U0000948,C0058,2026-04-01,72,Automation,13
U0000949,C0058,2026-06-01,64,Dashboard,9
U0000950,C0058,2026-07-01,7,API,13
U0000951,C0058,2026-08-01,72,API,10
U0000952,C0059,2025-05-01,26,Dashboard,1
U0000953,C0059,2025-06-01,55,Integrations,1
U0000954,C0059,2025-07-01,42,Exports,5
U0000955,C0059,2025-08-01,8,Reports,14
U0000956,C0059,2025-12-01,1,API,4
U0000957,C0059,2026-01-01,68,Automation,14
U0000958,C0059,2026-02-01,67,Automation,11
U0000959,C0059,2026-03-01,25,Reports,7
U0000960,C0059,2026-04-01,59,Automation,16
U0000961,C0059,2026-05-01,24,Exports,5
U0000962,C0059,2026-06-01,70,Automation,13
U0000963,C0059,2026-07-01,57,Automation,6
U0000964,C0059,2026-08-01,3,Dashboard,14
U0000965,C0059,2026-09-01,78,Reports,4
U0000966,C0060,2025-02-01,55,Dashboard,2
U0000967,C0060,2025-04-01,15,API,6
U0000968,C0060,2025-05-01,52,API,15
U0000969,C0060,2025-06-01,64,API,7
U0000970,C0060,2025-07-01,57,Automation,12
U0000971,C0060,2025-10-01,74,Integrations,3
U0000972,C0060,2025-11-01,53,Dashboard,13
U0000973,C0060,2025-12-01,75,Integrations,6
U0000974,C0060,2026-01-01,57,Dashboard,12
U0000975,C0060,2026-02-01,10,Dashboard,2
U0000976,C0060,2026-04-01,73,Automation,10
U0000977,C0060,2026-05-01,28,Reports,10
U0000978,C0060,2026-06-01,78,API,1
U0000979,C0060,2026-07-01,56,Integrations,5
U0000980,C0060,2026-08-01,22,Integrations,8
U0000981,C0061,2025-02-01,34,Automation,19
U0000982,C0061,2025-03-01,5,Integrations,9
U0000983,C0061,2025-04-01,61,API,1
U0000984,C0061,2025-05-01,45,API,10
U0000985,C0061,2025-06-01,48,Dashboard,15
U0000986,C0061,2025-07-01,62,Integrations,7
U0000987,C0061,2025-08-01,13,Automation,14
U0000988,C0061,2025-09-01,41,Dashboard,15
U0000989,C0061,2025-10-01,29,Automation,7
U0000990,C0061,2025-11-01,11,Reports,19
U0000991,C0061,2025-12-01,47,Reports,11
U0000992,C0061,2026-01-01,63,API,2
U0000993,C0061,2026-02-01,43,Dashboard,18
U0000994,C0061,2026-03-01,30,Automation,4
U0000995,C0061,2026-04-01,67,Integrations,1
U0000996,C0061,2026-05-01,55,Exports,1
U0000997,C0061,2026-06-01,11,Exports,1
U0000998,C0061,2026-07-01,41,Dashboard,19
U0000999,C0061,2026-08-01,7,Integrations,5
U0001000,C0062,2025-01-01,28,Dashboard,2
U0001001,C0062,2025-02-01,28,Automation,5
U0001002,C0062,2025-03-01,1,API,7
U0001003,C0062,2025-04-01,14,Automation,3
U0001004,C0062,2025-05-01,56,Dashboard,1
U0001005,C0062,2025-06-01,53,Reports,1
U0001006,C0062,2025-07-01,26,Automation,6
U0001007,C0062,2025-08-01,4,Automation,18
U0001008,C0062,2025-09-01,5,Integrations,2
U0001009,C0062,2025-10-01,18,Integrations,10
U0001010,C0062,2025-11-01,61,Integrations,10
U0001011,C0062,2025-12-01,12,Reports,1
U0001012,C0062,2026-01-01,6,Automation,6
U0001013,C0062,2026-02-01,15,Automation,2
U0001014,C0062,2026-06-01,24,Dashboard,6
U0001015,C0062,2026-07-01,41,Automation,1
U0001016,C0062,2026-08-01,43,Dashboard,7
U0001017,C0063,2025-01-01,19,Integrations,4
U0001018,C0063,2025-02-01,69,Reports,11
U0001019,C0063,2025-08-01,60,Exports,17
U0001020,C0063,2025-10-01,15,API,4
U0001021,C0063,2025-11-01,57,Automation,10
U0001022,C0063,2025-12-01,52,Integrations,19
U0001023,C0063,2026-01-01,9,Integrations,9
U0001024,C0063,2026-02-01,25,Reports,9
U0001025,C0063,2026-03-01,46,API,16
U0001026,C0063,2026-04-01,76,Dashboard,17
U0001027,C0063,2026-06-01,19,Dashboard,13
U0001028,C0063,2026-07-01,72,Integrations,14
U0001029,C0063,2026-08-01,8,Integrations,5
U0001030,C0063,2026-09-01,11,Exports,2
U0001031,C0064,2025-03-01,31,API,10
U0001032,C0064,2025-04-01,59,Dashboard,8
U0001033,C0064,2025-05-01,44,API,15
U0001034,C0064,2025-06-01,69,Integrations,13
U0001035,C0064,2025-07-01,10,Integrations,12
U0001036,C0064,2025-08-01,43,Dashboard,15
U0001037,C0064,2025-09-01,69,API,8
U0001038,C0064,2025-10-01,63,Integrations,15
U0001039,C0064,2025-11-01,70,Reports,6
U0001040,C0064,2025-12-01,20,Automation,3
U0001041,C0064,2026-01-01,67,Reports,3
U0001042,C0064,2026-03-01,26,Integrations,4
U0001043,C0064,2026-04-01,65,Reports,17
U0001044,C0064,2026-05-01,36,Reports,9
U0001045,C0064,2026-06-01,24,Reports,7
U0001046,C0064,2026-07-01,54,API,11
U0001047,C0064,2026-08-01,77,Reports,10
U0001048,C0064,2026-09-01,74,Reports,1
U0001049,C0065,2025-01-01,56,Exports,11
U0001050,C0065,2025-02-01,6,API,15
U0001051,C0065,2025-04-01,24,Automation,9
U0001052,C0065,2025-05-01,70,Automation,17
U0001053,C0065,2025-06-01,25,Integrations,3
U0001054,C0065,2025-07-01,10,Reports,7
U0001055,C0065,2025-08-01,10,API,17
U0001056,C0065,2025-10-01,3,Exports,7
U0001057,C0065,2025-11-01,39,API,14
U0001058,C0065,2025-12-01,29,API,7
U0001059,C0065,2026-01-01,69,API,18
U0001060,C0065,2026-03-01,64,Automation,13
U0001061,C0065,2026-04-01,43,Integrations,14
U0001062,C0065,2026-05-01,37,Dashboard,6
U0001063,C0065,2026-06-01,75,Exports,6
U0001064,C0065,2026-07-01,40,API,12
U0001065,C0065,2026-09-01,41,Integrations,16
U0001066,C0066,2025-01-01,73,Integrations,2
U0001067,C0066,2025-02-01,42,Integrations,10
U0001068,C0066,2025-03-01,11,Dashboard,3
U0001069,C0066,2025-04-01,4,Reports,12
U0001070,C0066,2025-05-01,49,Reports,5
U0001071,C0066,2025-07-01,73,Reports,12
U0001072,C0066,2025-09-01,41,Exports,18
U0001073,C0066,2025-10-01,54,Automation,1
U0001074,C0066,2025-11-01,38,Dashboard,18
U0001075,C0066,2025-12-01,40,Automation,3
U0001076,C0066,2026-01-01,2,Automation,8
U0001077,C0066,2026-02-01,46,Automation,13
U0001078,C0066,2026-05-01,26,Automation,8
U0001079,C0066,2026-06-01,45,Exports,3
U0001080,C0066,2026-07-01,15,Reports,18
U0001081,C0066,2026-08-01,24,Reports,10
U0001082,C0066,2026-09-01,58,Dashboard,2
U0001083,C0067,2025-01-01,7,Automation,1
U0001084,C0067,2025-02-01,13,Reports,13
U0001085,C0067,2025-03-01,29,Reports,2
U0001086,C0067,2025-04-01,42,API,10
U0001087,C0067,2025-05-01,38,API,6
U0001088,C0067,2025-08-01,8,Reports,19
U0001089,C0067,2025-09-01,71,Automation,14
U0001090,C0067,2025-10-01,12,Reports,6
U0001091,C0067,2025-11-01,25,API,16
U0001092,C0067,2025-12-01,45,Dashboard,13
U0001093,C0067,2026-01-01,2,Reports,14
U0001094,C0067,2026-03-01,24,Reports,5
U0001095,C0067,2026-04-01,34,Integrations,12
U0001096,C0067,2026-05-01,59,Automation,14
U0001097,C0067,2026-07-01,73,Dashboard,10
U0001098,C0067,2026-08-01,31,Integrations,17
U0001099,C0067,2026-09-01,57,Reports,5
U0001100,C0068,2025-01-01,29,Dashboard,18
U0001101,C0068,2025-02-01,1,Automation,10
U0001102,C0068,2025-03-01,24,Automation,18
U0001103,C0068,2025-04-01,10,Dashboard,3
U0001104,C0068,2025-05-01,75,API,11
U0001105,C0068,2025-06-01,3,Dashboard,12
U0001106,C0068,2025-09-01,10,API,15
U0001107,C0068,2025-10-01,7,Reports,19
U0001108,C0068,2025-11-01,67,Dashboard,6
U0001109,C0068,2025-12-01,15,Exports,11
U0001110,C0068,2026-01-01,67,Exports,12
U0001111,C0068,2026-02-01,59,Dashboard,19
U0001112,C0068,2026-03-01,48,Dashboard,10
U0001113,C0068,2026-04-01,5,Reports,12
U0001114,C0068,2026-05-01,69,Automation,3
U0001115,C0068,2026-06-01,32,Exports,17
U0001116,C0068,2026-07-01,60,Exports,18
U0001117,C0068,2026-08-01,26,Automation,1
U0001118,C0068,2026-09-01,32,Automation,11
U0001119,C0069,2025-01-01,69,Integrations,16
U0001120,C0069,2025-02-01,69,Reports,15
U0001121,C0069,2025-03-01,36,Automation,7
U0001122,C0069,2025-04-01,1,Reports,2
U0001123,C0069,2025-05-01,26,Dashboard,1
U0001124,C0069,2025-06-01,35,API,13
U0001125,C0069,2025-07-01,22,Automation,17
U0001126,C0069,2025-09-01,15,Automation,10
U0001127,C0069,2025-10-01,71,Dashboard,10
U0001128,C0069,2025-11-01,13,Reports,8
U0001129,C0069,2025-12-01,55,Exports,7
U0001130,C0069,2026-01-01,4,Integrations,2
U0001131,C0069,2026-03-01,41,Reports,15
U0001132,C0069,2026-04-01,21,API,2
U0001133,C0069,2026-05-01,22,Dashboard,12
U0001134,C0069,2026-06-01,28,Dashboard,18
U0001135,C0069,2026-07-01,32,Automation,14
U0001136,C0069,2026-08-01,12,Reports,15
U0001137,C0069,2026-09-01,21,Integrations,8
U0001138,C0070,2025-01-01,79,Integrations,11
U0001139,C0070,2025-02-01,4,Automation,5
U0001140,C0070,2025-06-01,16,Reports,12
U0001141,C0070,2025-07-01,48,Reports,6
U0001142,C0070,2025-08-01,34,API,9
U0001143,C0070,2025-09-01,22,Reports,5
U0001144,C0070,2025-11-01,11,API,16
U0001145,C0070,2025-12-01,4,API,14
U0001146,C0070,2026-02-01,29,Exports,8
U0001147,C0070,2026-03-01,48,Integrations,4
U0001148,C0070,2026-06-01,50,Exports,13
U0001149,C0070,2026-07-01,28,Integrations,12
U0001150,C0070,2026-09-01,38,Exports,19
U0001151,C0071,2025-01-01,72,Automation,8
U0001152,C0071,2025-03-01,77,Automation,14
U0001153,C0071,2025-06-01,58,Integrations,2
U0001154,C0071,2025-08-01,40,Exports,4
U0001155,C0071,2025-09-01,23,Dashboard,3
U0001156,C0071,2025-11-01,12,Dashboard,11
U0001157,C0071,2025-12-01,66,Automation,3
U0001158,C0071,2026-02-01,53,Automation,3
U0001159,C0071,2026-03-01,28,Integrations,2
U0001160,C0071,2026-04-01,21,Integrations,7
U0001161,C0071,2026-05-01,64,Reports,7
U0001162,C0071,2026-06-01,75,Reports,11
U0001163,C0071,2026-08-01,29,Reports,17
U0001164,C0072,2025-01-01,53,Reports,10
U0001165,C0072,2025-03-01,51,API,7
U0001166,C0072,2025-05-01,64,Automation,4
U0001167,C0072,2025-06-01,31,Exports,14
U0001168,C0072,2025-07-01,52,API,3
U0001169,C0072,2025-11-01,74,Exports,2
U0001170,C0072,2025-12-01,63,Exports,4
U0001171,C0072,2026-01-01,23,API,3
U0001172,C0072,2026-02-01,34,Automation,8
U0001173,C0072,2026-03-01,10,Reports,4
U0001174,C0072,2026-04-01,52,Dashboard,8
U0001175,C0072,2026-07-01,43,Integrations,3
U0001176,C0072,2026-08-01,68,Automation,15
U0001177,C0072,2026-09-01,8,Dashboard,2
U0001178,C0073,2025-02-01,22,Reports,9
U0001179,C0073,2025-03-01,39,Automation,5
U0001180,C0073,2025-04-01,32,Reports,8
U0001181,C0073,2025-05-01,64,Dashboard,10
U0001182,C0073,2025-07-01,38,Dashboard,14
U0001183,C0073,2025-10-01,50,Automation,1
U0001184,C0073,2025-11-01,44,Integrations,12
U0001185,C0073,2025-12-01,35,Integrations,7
U0001186,C0073,2026-01-01,41,Exports,2
U0001187,C0073,2026-03-01,50,Automation,19
U0001188,C0073,2026-04-01,39,API,17
U0001189,C0073,2026-05-01,25,Integrations,14
U0001190,C0073,2026-06-01,71,API,19
U0001191,C0073,2026-07-01,51,Automation,17
U0001192,C0073,2026-08-01,61,API,15
U0001193,C0073,2026-09-01,65,Exports,9
U0001194,C0074,2025-01-01,32,Integrations,13
U0001195,C0074,2025-02-01,33,Integrations,1
U0001196,C0074,2025-03-01,73,Automation,16
U0001197,C0074,2025-04-01,24,Exports,11
U0001198,C0074,2025-05-01,65,Exports,3
U0001199,C0074,2025-07-01,46,Integrations,18
U0001200,C0074,2025-08-01,26,Automation,9
U0001201,C0074,2025-10-01,73,Dashboard,17
U0001202,C0074,2025-11-01,15,Reports,10
U0001203,C0074,2025-12-01,19,Dashboard,13
U0001204,C0074,2026-01-01,40,Reports,8
U0001205,C0074,2026-02-01,77,Exports,12
U0001206,C0074,2026-03-01,31,Automation,13
U0001207,C0074,2026-04-01,2,Reports,5
U0001208,C0074,2026-05-01,47,Reports,2
U0001209,C0074,2026-06-01,37,Integrations,14
U0001210,C0074,2026-07-01,55,Automation,11
U0001211,C0074,2026-08-01,23,Automation,8
U0001212,C0075,2025-01-01,76,Automation,3
U0001213,C0075,2025-02-01,1,API,13
U0001214,C0075,2025-03-01,22,API,18
U0001215,C0075,2025-05-01,60,Reports,2
U0001216,C0075,2025-06-01,24,Automation,8
U0001217,C0075,2025-07-01,66,Integrations,16
U0001218,C0075,2025-08-01,2,Integrations,6
U0001219,C0075,2025-09-01,20,Automation,4
U0001220,C0075,2025-10-01,65,Dashboard,14
U0001221,C0075,2025-11-01,52,Integrations,19
U0001222,C0075,2025-12-01,78,Exports,4
U0001223,C0075,2026-01-01,40,Exports,16
U0001224,C0075,2026-02-01,74,Reports,13
U0001225,C0075,2026-03-01,3,Automation,7
U0001226,C0075,2026-04-01,43,Integrations,15
U0001227,C0075,2026-05-01,61,API,13
U0001228,C0075,2026-06-01,32,Exports,12
U0001229,C0075,2026-07-01,15,Automation,14
U0001230,C0075,2026-08-01,45,Dashboard,3
U0001231,C0075,2026-09-01,6,API,10
U0001232,C0076,2025-01-01,8,Integrations,7
U0001233,C0076,2025-02-01,76,API,11
U0001234,C0076,2025-04-01,16,Automation,8
U0001235,C0076,2025-05-01,45,API,9
U0001236,C0076,2025-06-01,55,Dashboard,6
U0001237,C0076,2025-07-01,74,Integrations,2
U0001238,C0076,2025-08-01,35,Integrations,15
U0001239,C0076,2025-09-01,17,API,14
U0001240,C0076,2025-10-01,34,Exports,16
U0001241,C0076,2025-12-01,27,Reports,9
U0001242,C0076,2026-01-01,44,Exports,6
U0001243,C0076,2026-03-01,32,Exports,2
U0001244,C0076,2026-04-01,26,Exports,5
U0001245,C0076,2026-05-01,7,Dashboard,10
U0001246,C0076,2026-06-01,78,API,9
U0001247,C0076,2026-07-01,44,Dashboard,17
U0001248,C0076,2026-08-01,33,Reports,9
U0001249,C0076,2026-09-01,13,Dashboard,11
U0001250,C0077,2025-01-01,65,Reports,4
U0001251,C0077,2025-02-01,78,Integrations,11
U0001252,C0077,2025-05-01,12,Automation,1
U0001253,C0077,2025-06-01,50,Reports,11
U0001254,C0077,2025-07-01,60,Automation,1
U0001255,C0077,2025-09-01,65,API,2
U0001256,C0077,2025-11-01,74,Exports,16
U0001257,C0077,2025-12-01,68,Reports,13
U0001258,C0077,2026-01-01,13,Automation,17
U0001259,C0077,2026-02-01,10,API,3
U0001260,C0077,2026-04-01,27,Integrations,6
U0001261,C0077,2026-05-01,24,API,5
U0001262,C0077,2026-06-01,53,API,2
U0001263,C0077,2026-07-01,1,Dashboard,16
U0001264,C0077,2026-08-01,64,Integrations,11
U0001265,C0078,2025-01-01,74,Automation,7
U0001266,C0078,2025-03-01,78,Exports,9
U0001267,C0078,2025-04-01,75,Exports,14
U0001268,C0078,2025-05-01,64,Reports,1
U0001269,C0078,2025-07-01,57,Dashboard,13
U0001270,C0078,2025-09-01,24,Integrations,8
U0001271,C0078,2025-11-01,60,Dashboard,1
U0001272,C0078,2025-12-01,61,Exports,11
U0001273,C0078,2026-01-01,75,Automation,16
U0001274,C0078,2026-03-01,74,API,3
U0001275,C0078,2026-04-01,43,API,1
U0001276,C0078,2026-05-01,79,Reports,11
U0001277,C0078,2026-07-01,22,Integrations,7
U0001278,C0078,2026-09-01,55,Dashboard,9
U0001279,C0079,2025-01-01,69,API,4
U0001280,C0079,2025-02-01,33,Automation,5
U0001281,C0079,2025-03-01,21,Reports,19
U0001282,C0079,2025-05-01,50,API,16
U0001283,C0079,2025-07-01,55,Reports,3
U0001284,C0079,2025-08-01,2,Reports,9
U0001285,C0079,2025-09-01,11,Reports,3
U0001286,C0079,2025-10-01,15,Reports,14
U0001287,C0079,2025-11-01,76,API,8
U0001288,C0079,2025-12-01,68,Integrations,8
U0001289,C0079,2026-02-01,62,Exports,9
U0001290,C0079,2026-03-01,51,Dashboard,13
U0001291,C0079,2026-04-01,55,Dashboard,10
U0001292,C0079,2026-05-01,30,Integrations,5
U0001293,C0079,2026-06-01,17,Dashboard,12
U0001294,C0079,2026-07-01,19,API,7
U0001295,C0079,2026-08-01,40,Automation,4
U0001296,C0079,2026-09-01,19,Exports,10
U0001297,C0080,2025-01-01,61,Reports,13
U0001298,C0080,2025-02-01,2,Dashboard,10
U0001299,C0080,2025-03-01,23,Reports,10
U0001300,C0080,2025-04-01,69,Automation,16
U0001301,C0080,2025-05-01,49,Reports,11
U0001302,C0080,2025-06-01,41,API,8
U0001303,C0080,2025-07-01,66,Automation,3
U0001304,C0080,2025-10-01,62,Automation,19
U0001305,C0080,2025-11-01,59,Automation,6
U0001306,C0080,2026-02-01,55,Integrations,6
U0001307,C0080,2026-03-01,59,Automation,6
U0001308,C0080,2026-04-01,42,API,1
U0001309,C0080,2026-05-01,10,Exports,19
U0001310,C0080,2026-06-01,79,Automation,4
U0001311,C0080,2026-07-01,22,Exports,1
U0001312,C0080,2026-08-01,31,Automation,13
U0001313,C0080,2026-09-01,73,API,9
U0001314,C0081,2025-01-01,23,Reports,10
U0001315,C0081,2025-02-01,43,API,19
U0001316,C0081,2025-03-01,63,API,13
U0001317,C0081,2025-04-01,49,Dashboard,4
U0001318,C0081,2025-05-01,50,Dashboard,19
U0001319,C0081,2025-07-01,44,Dashboard,13
U0001320,C0081,2025-08-01,20,Integrations,12
U0001321,C0081,2025-09-01,79,Dashboard,7
U0001322,C0081,2025-10-01,8,Automation,18
U0001323,C0081,2025-11-01,69,Integrations,7
U0001324,C0081,2025-12-01,33,Reports,9
U0001325,C0081,2026-01-01,71,Exports,13
U0001326,C0081,2026-02-01,68,API,10
U0001327,C0081,2026-04-01,27,API,8
U0001328,C0081,2026-06-01,48,API,14
U0001329,C0081,2026-07-01,28,Automation,6
U0001330,C0081,2026-08-01,33,API,13
U0001331,C0081,2026-09-01,64,Reports,7
U0001332,C0082,2025-03-01,62,Dashboard,14
U0001333,C0082,2025-04-01,1,Reports,17
U0001334,C0082,2025-05-01,1,API,4
U0001335,C0082,2025-07-01,75,API,8
U0001336,C0082,2025-08-01,25,API,19
U0001337,C0082,2025-09-01,14,Exports,14
U0001338,C0082,2025-10-01,30,Exports,14
U0001339,C0082,2025-11-01,13,Reports,6
U0001340,C0082,2025-12-01,73,Reports,8
U0001341,C0082,2026-01-01,5,Dashboard,7
U0001342,C0082,2026-02-01,55,API,14
U0001343,C0082,2026-03-01,8,Dashboard,9
U0001344,C0082,2026-06-01,60,Reports,12
U0001345,C0082,2026-07-01,59,Reports,2
U0001346,C0082,2026-08-01,44,Integrations,1
U0001347,C0083,2025-01-01,48,Dashboard,6
U0001348,C0083,2025-02-01,20,Reports,8
U0001349,C0083,2025-04-01,42,Automation,3
U0001350,C0083,2025-05-01,24,Reports,5
U0001351,C0083,2025-06-01,34,API,9
U0001352,C0083,2025-08-01,74,API,9
U0001353,C0083,2025-09-01,48,API,12
U0001354,C0083,2025-10-01,72,Reports,8
U0001355,C0083,2025-11-01,46,Exports,10
U0001356,C0083,2025-12-01,11,API,6
U0001357,C0083,2026-02-01,31,Exports,8
U0001358,C0083,2026-03-01,74,Dashboard,9
U0001359,C0083,2026-04-01,8,Dashboard,16
U0001360,C0083,2026-06-01,50,Dashboard,4
U0001361,C0083,2026-07-01,65,Reports,18
U0001362,C0083,2026-08-01,58,Dashboard,19
U0001363,C0083,2026-09-01,26,Reports,2
U0001364,C0084,2025-01-01,62,Exports,11
U0001365,C0084,2025-02-01,36,Automation,16
U0001366,C0084,2025-03-01,2,Automation,18
U0001367,C0084,2025-04-01,11,Integrations,12
U0001368,C0084,2025-05-01,77,API,11
U0001369,C0084,2025-06-01,59,Dashboard,15
U0001370,C0084,2025-08-01,65,Automation,12
U0001371,C0084,2025-12-01,54,Dashboard,14
U0001372,C0084,2026-01-01,38,Exports,11
U0001373,C0084,2026-02-01,68,Integrations,18
U0001374,C0084,2026-03-01,70,Dashboard,10
U0001375,C0084,2026-04-01,28,API,1
U0001376,C0084,2026-05-01,36,Integrations,10
U0001377,C0084,2026-06-01,19,Reports,2
U0001378,C0084,2026-08-01,33,Reports,2
U0001379,C0085,2025-01-01,37,API,2
U0001380,C0085,2025-02-01,32,Dashboard,8
U0001381,C0085,2025-03-01,38,API,1
U0001382,C0085,2025-04-01,39,Exports,17
U0001383,C0085,2025-05-01,56,Reports,18
U0001384,C0085,2025-06-01,21,API,12
U0001385,C0085,2025-07-01,71,API,4
U0001386,C0085,2025-08-01,61,Exports,16
U0001387,C0085,2025-09-01,67,API,3
U0001388,C0085,2025-10-01,27,Dashboard,15
U0001389,C0085,2025-11-01,4,Dashboard,11
U0001390,C0085,2026-01-01,57,Reports,15
U0001391,C0085,2026-02-01,27,Exports,6
U0001392,C0085,2026-03-01,9,API,8
U0001393,C0085,2026-07-01,15,API,7
U0001394,C0086,2025-01-01,52,API,2
U0001395,C0086,2025-02-01,11,API,11
U0001396,C0086,2025-03-01,37,Dashboard,10
U0001397,C0086,2025-04-01,12,Reports,7
U0001398,C0086,2025-05-01,12,Automation,15
U0001399,C0086,2025-06-01,61,API,7
U0001400,C0086,2025-07-01,22,Dashboard,17
U0001401,C0086,2025-08-01,7,Integrations,5
U0001402,C0086,2025-09-01,63,Reports,13
U0001403,C0086,2025-10-01,44,Reports,11
U0001404,C0086,2025-11-01,1,Automation,16
U0001405,C0086,2025-12-01,7,API,5
U0001406,C0086,2026-01-01,4,Integrations,6
U0001407,C0086,2026-03-01,76,Integrations,1
U0001408,C0086,2026-04-01,58,Integrations,4
U0001409,C0086,2026-06-01,33,Automation,14
U0001410,C0086,2026-08-01,38,Integrations,1
U0001411,C0086,2026-09-01,43,Integrations,4
U0001412,C0087,2025-01-01,64,Exports,5
U0001413,C0087,2025-02-01,23,Reports,9
U0001414,C0087,2025-03-01,34,API,16
U0001415,C0087,2025-04-01,76,Automation,3
U0001416,C0087,2025-06-01,63,Integrations,14
U0001417,C0087,2025-07-01,21,Exports,14
U0001418,C0087,2025-08-01,26,API,2
U0001419,C0087,2025-09-01,43,Exports,15
U0001420,C0087,2025-10-01,52,Integrations,5
U0001421,C0087,2025-11-01,30,Dashboard,15
U0001422,C0087,2025-12-01,29,Exports,8
U0001423,C0087,2026-01-01,28,Automation,17
U0001424,C0087,2026-02-01,24,Automation,12
U0001425,C0087,2026-03-01,32,Automation,3
U0001426,C0087,2026-04-01,58,Exports,6
U0001427,C0087,2026-05-01,43,API,13
U0001428,C0087,2026-06-01,5,Reports,13
U0001429,C0087,2026-07-01,23,API,17
U0001430,C0087,2026-08-01,49,Integrations,14
U0001431,C0088,2025-01-01,22,Dashboard,8
U0001432,C0088,2025-02-01,57,Exports,2
U0001433,C0088,2025-03-01,31,Automation,10
U0001434,C0088,2025-04-01,77,Reports,2
U0001435,C0088,2025-05-01,48,Integrations,13
U0001436,C0088,2025-06-01,18,Exports,1
U0001437,C0088,2025-07-01,36,Reports,10
U0001438,C0088,2025-08-01,70,API,17
U0001439,C0088,2025-09-01,59,Integrations,4
U0001440,C0088,2025-10-01,29,Reports,9
U0001441,C0088,2025-11-01,57,Exports,18
U0001442,C0088,2026-02-01,54,Exports,8
U0001443,C0088,2026-03-01,6,Integrations,8
U0001444,C0088,2026-04-01,70,Exports,7
U0001445,C0088,2026-05-01,27,Reports,14
U0001446,C0088,2026-06-01,22,Automation,12
U0001447,C0088,2026-07-01,51,Exports,6
U0001448,C0088,2026-09-01,75,API,9
U0001449,C0089,2025-01-01,57,Automation,8
U0001450,C0089,2025-02-01,28,Exports,4
U0001451,C0089,2025-04-01,69,Reports,4
U0001452,C0089,2025-05-01,54,Reports,19
U0001453,C0089,2025-06-01,21,Exports,15
U0001454,C0089,2025-08-01,23,API,10
U0001455,C0089,2025-09-01,11,Automation,19
U0001456,C0089,2025-10-01,33,API,13
U0001457,C0089,2025-12-01,38,Exports,8
U0001458,C0089,2026-01-01,40,Automation,14
U0001459,C0089,2026-02-01,25,Dashboard,4
U0001460,C0089,2026-05-01,41,Exports,11
U0001461,C0089,2026-06-01,21,Automation,18
U0001462,C0089,2026-07-01,5,Automation,12
U0001463,C0089,2026-08-01,78,API,1
U0001464,C0090,2025-01-01,74,Exports,19
U0001465,C0090,2025-03-01,48,API,16
U0001466,C0090,2025-04-01,4,Reports,9
U0001467,C0090,2025-05-01,58,Exports,18
U0001468,C0090,2025-06-01,74,Dashboard,12
U0001469,C0090,2025-07-01,75,Integrations,14
U0001470,C0090,2025-08-01,10,Integrations,10
U0001471,C0090,2025-10-01,20,API,4
U0001472,C0090,2025-11-01,3,API,4
U0001473,C0090,2025-12-01,47,Integrations,5
U0001474,C0090,2026-03-01,78,Automation,10
U0001475,C0090,2026-05-01,68,API,9
U0001476,C0090,2026-06-01,8,Exports,13
U0001477,C0090,2026-07-01,26,Integrations,11
U0001478,C0090,2026-08-01,56,Reports,5
U0001479,C0090,2026-09-01,72,Dashboard,12
U0001480,C0091,2025-01-01,49,Integrations,4
U0001481,C0091,2025-03-01,70,Exports,10
U0001482,C0091,2025-04-01,6,API,18
U0001483,C0091,2025-05-01,12,API,18
U0001484,C0091,2025-08-01,77,Exports,13
U0001485,C0091,2025-09-01,66,Dashboard,15
U0001486,C0091,2025-10-01,70,Automation,12
U0001487,C0091,2025-11-01,79,API,10
U0001488,C0091,2025-12-01,40,Integrations,11
U0001489,C0091,2026-01-01,5,Automation,9
U0001490,C0091,2026-02-01,43,Integrations,5
U0001491,C0091,2026-03-01,79,Dashboard,15
U0001492,C0091,2026-04-01,78,Automation,12
U0001493,C0091,2026-05-01,31,Reports,6
U0001494,C0091,2026-07-01,74,Automation,10
U0001495,C0091,2026-08-01,11,API,18
U0001496,C0092,2025-01-01,14,Exports,13
U0001497,C0092,2025-02-01,76,Dashboard,13
U0001498,C0092,2025-03-01,56,Reports,9
U0001499,C0092,2025-04-01,77,Reports,8
U0001500,C0092,2025-05-01,37,Dashboard,17
U0001501,C0092,2025-06-01,78,Automation,9
U0001502,C0092,2025-07-01,52,Dashboard,13
U0001503,C0092,2025-08-01,12,Integrations,6
U0001504,C0092,2025-09-01,71,Dashboard,4
U0001505,C0092,2025-10-01,30,Dashboard,2
U0001506,C0092,2025-11-01,54,Integrations,6
U0001507,C0092,2025-12-01,52,API,19
U0001508,C0092,2026-01-01,33,Exports,9
U0001509,C0092,2026-02-01,75,Automation,17
U0001510,C0092,2026-04-01,52,Exports,5
U0001511,C0092,2026-05-01,78,Exports,15
U0001512,C0092,2026-06-01,22,Reports,17
U0001513,C0092,2026-07-01,63,Exports,6
U0001514,C0092,2026-08-01,68,Integrations,2
U0001515,C0093,2025-01-01,19,Integrations,7
U0001516,C0093,2025-03-01,61,Reports,11
U0001517,C0093,2025-04-01,65,Automation,8
U0001518,C0093,2025-05-01,44,Dashboard,4
U0001519,C0093,2025-06-01,34,Dashboard,18
U0001520,C0093,2025-07-01,44,Reports,5
U0001521,C0093,2025-09-01,6,API,7
U0001522,C0093,2025-10-01,75,Exports,19
U0001523,C0093,2025-11-01,41,Exports,16
U0001524,C0093,2025-12-01,30,API,4
U0001525,C0093,2026-01-01,48,Integrations,10
U0001526,C0093,2026-02-01,71,Automation,13
U0001527,C0093,2026-03-01,63,Exports,1
U0001528,C0093,2026-05-01,19,Dashboard,10
U0001529,C0093,2026-08-01,7,Integrations,9
U0001530,C0094,2025-01-01,22,Automation,11
U0001531,C0094,2025-02-01,6,Dashboard,12
U0001532,C0094,2025-03-01,67,Reports,13
U0001533,C0094,2025-04-01,64,Exports,15
U0001534,C0094,2025-05-01,2,Reports,6
U0001535,C0094,2025-06-01,54,Exports,7
U0001536,C0094,2025-07-01,20,Reports,3
U0001537,C0094,2025-08-01,51,Automation,19
U0001538,C0094,2025-09-01,6,Reports,8
U0001539,C0094,2025-10-01,33,Integrations,1
U0001540,C0094,2026-01-01,2,Exports,17
U0001541,C0094,2026-03-01,76,Automation,15
U0001542,C0094,2026-04-01,61,Automation,6
U0001543,C0094,2026-09-01,28,API,8
U0001544,C0095,2025-01-01,1,Automation,12
U0001545,C0095,2025-02-01,29,Integrations,14
U0001546,C0095,2025-03-01,3,Integrations,3
U0001547,C0095,2025-04-01,44,Dashboard,11
U0001548,C0095,2025-05-01,28,Automation,11
U0001549,C0095,2025-06-01,39,Reports,9
U0001550,C0095,2025-07-01,29,Exports,11
U0001551,C0095,2025-08-01,15,Dashboard,3
U0001552,C0095,2025-09-01,58,Exports,11
U0001553,C0095,2025-10-01,60,Exports,14
U0001554,C0095,2025-12-01,13,API,8
U0001555,C0095,2026-02-01,58,API,18
U0001556,C0095,2026-03-01,9,API,3
U0001557,C0095,2026-04-01,22,Reports,7
U0001558,C0095,2026-06-01,77,Dashboard,9
U0001559,C0095,2026-07-01,68,Dashboard,6
U0001560,C0095,2026-08-01,64,Reports,3
U0001561,C0095,2026-09-01,7,Automation,12
U0001562,C0096,2025-01-01,49,Reports,19
U0001563,C0096,2025-02-01,12,Automation,15
U0001564,C0096,2025-03-01,47,API,1
U0001565,C0096,2025-04-01,4,Integrations,8
U0001566,C0096,2025-05-01,4,Dashboard,9
U0001567,C0096,2025-06-01,72,Dashboard,13
U0001568,C0096,2025-07-01,50,Reports,10
U0001569,C0096,2025-08-01,65,Exports,3
U0001570,C0096,2025-09-01,12,Automation,3
U0001571,C0096,2025-10-01,77,Automation,11
U0001572,C0096,2025-12-01,63,Integrations,6
U0001573,C0096,2026-01-01,58,Reports,9
U0001574,C0096,2026-04-01,65,Exports,19
U0001575,C0096,2026-05-01,14,Reports,16
U0001576,C0096,2026-06-01,32,Integrations,17
U0001577,C0096,2026-07-01,23,API,2
U0001578,C0096,2026-08-01,41,Automation,12
U0001579,C0097,2025-02-01,30,Reports,14
U0001580,C0097,2025-03-01,62,Reports,16
U0001581,C0097,2025-04-01,79,API,19
U0001582,C0097,2025-05-01,35,Exports,15
U0001583,C0097,2025-06-01,41,Reports,15
U0001584,C0097,2025-07-01,13,Reports,16
U0001585,C0097,2025-08-01,56,Reports,19
U0001586,C0097,2025-09-01,34,Automation,1
U0001587,C0097,2025-10-01,59,API,10
U0001588,C0097,2025-12-01,66,Dashboard,9
U0001589,C0097,2026-02-01,33,Dashboard,13
U0001590,C0097,2026-03-01,29,Dashboard,14
U0001591,C0097,2026-04-01,16,Automation,11
U0001592,C0097,2026-07-01,6,Exports,5
U0001593,C0097,2026-09-01,47,Automation,5
U0001594,C0098,2025-01-01,42,Exports,19
U0001595,C0098,2025-02-01,37,Integrations,2
U0001596,C0098,2025-03-01,31,Integrations,19
U0001597,C0098,2025-04-01,79,Dashboard,8
U0001598,C0098,2025-05-01,30,Integrations,11
U0001599,C0098,2025-06-01,14,Reports,10
U0001600,C0098,2025-07-01,17,API,10
U0001601,C0098,2025-08-01,3,Integrations,18
U0001602,C0098,2025-09-01,26,API,18
U0001603,C0098,2025-10-01,61,Automation,3
U0001604,C0098,2025-11-01,13,Automation,7
U0001605,C0098,2026-01-01,12,Dashboard,17
U0001606,C0098,2026-02-01,33,API,4
U0001607,C0098,2026-03-01,45,Exports,8
U0001608,C0098,2026-04-01,30,Integrations,16
U0001609,C0098,2026-05-01,53,API,9
U0001610,C0098,2026-07-01,18,Exports,16
U0001611,C0098,2026-08-01,67,Exports,14
U0001612,C0098,2026-09-01,33,Automation,8
U0001613,C0099,2025-01-01,42,API,6
U0001614,C0099,2025-02-01,60,Reports,2
U0001615,C0099,2025-03-01,49,Exports,3
U0001616,C0099,2025-06-01,10,API,9
U0001617,C0099,2025-07-01,69,Reports,15
U0001618,C0099,2025-08-01,6,Exports,13
U0001619,C0099,2025-10-01,15,Exports,13
U0001620,C0099,2025-12-01,32,Dashboard,5
U0001621,C0099,2026-01-01,67,Dashboard,10
U0001622,C0099,2026-03-01,29,Reports,5
U0001623,C0099,2026-06-01,29,Exports,18
U0001624,C0099,2026-07-01,15,API,16
U0001625,C0099,2026-08-01,34,Exports,13
U0001626,C0099,2026-09-01,77,Automation,18
U0001627,C0100,2025-01-01,25,Integrations,10
U0001628,C0100,2025-02-01,4,Integrations,4
U0001629,C0100,2025-03-01,48,Integrations,19
U0001630,C0100,2025-04-01,71,Automation,1
U0001631,C0100,2025-05-01,34,Reports,10
U0001632,C0100,2025-06-01,14,Integrations,7
U0001633,C0100,2025-08-01,1,Automation,8
U0001634,C0100,2025-09-01,60,Integrations,10
U0001635,C0100,2025-10-01,66,Automation,2
U0001636,C0100,2025-12-01,9,API,16
U0001637,C0100,2026-01-01,78,Integrations,14
U0001638,C0100,2026-02-01,43,API,18
U0001639,C0100,2026-04-01,18,Exports,13
U0001640,C0100,2026-08-01,69,Automation,9
U0001641,C0100,2026-09-01,65,Dashboard,14
U0001642,C0101,2025-02-01,59,Exports,15
U0001643,C0101,2025-04-01,39,Exports,16
U0001644,C0101,2025-05-01,21,Reports,11
U0001645,C0101,2025-07-01,79,API,9
U0001646,C0101,2025-08-01,47,Dashboard,4
U0001647,C0101,2025-09-01,13,Automation,18
U0001648,C0101,2025-11-01,67,Automation,6
U0001649,C0101,2025-12-01,17,Integrations,2
U0001650,C0101,2026-01-01,22,Dashboard,11
U0001651,C0101,2026-02-01,76,API,11
U0001652,C0101,2026-03-01,41,Exports,10
U0001653,C0101,2026-04-01,4,Automation,9
U0001654,C0101,2026-05-01,66,Dashboard,7
U0001655,C0101,2026-06-01,32,Reports,19
U0001656,C0101,2026-07-01,7,Dashboard,6
U0001657,C0101,2026-08-01,16,Integrations,18
U0001658,C0101,2026-09-01,10,Automation,7
U0001659,C0102,2025-02-01,10,Reports,7
U0001660,C0102,2025-03-01,28,Dashboard,9
U0001661,C0102,2025-04-01,29,API,18
U0001662,C0102,2025-05-01,5,API,5
U0001663,C0102,2025-06-01,50,Integrations,12
U0001664,C0102,2025-07-01,60,Reports,9
U0001665,C0102,2025-08-01,33,Integrations,1
U0001666,C0102,2025-12-01,67,Exports,4
U0001667,C0102,2026-01-01,44,Exports,14
U0001668,C0102,2026-02-01,62,Automation,17
U0001669,C0102,2026-03-01,26,Reports,12
U0001670,C0102,2026-04-01,45,Exports,18
U0001671,C0102,2026-05-01,2,Reports,10
U0001672,C0102,2026-07-01,68,Dashboard,19
U0001673,C0102,2026-08-01,37,Integrations,17
U0001674,C0102,2026-09-01,25,Automation,5
U0001675,C0103,2025-01-01,46,Exports,4
U0001676,C0103,2025-03-01,44,API,19
U0001677,C0103,2025-04-01,41,Reports,7
U0001678,C0103,2025-05-01,74,Dashboard,18
U0001679,C0103,2025-07-01,70,API,7
U0001680,C0103,2025-08-01,5,Reports,18
U0001681,C0103,2025-10-01,50,API,10
U0001682,C0103,2025-11-01,79,Reports,8
U0001683,C0103,2025-12-01,72,Automation,14
U0001684,C0103,2026-01-01,10,Integrations,18
U0001685,C0103,2026-02-01,62,Exports,18
U0001686,C0103,2026-03-01,70,Dashboard,16
U0001687,C0103,2026-04-01,11,Integrations,3
U0001688,C0103,2026-05-01,54,API,10
U0001689,C0103,2026-06-01,7,Automation,14
U0001690,C0103,2026-07-01,60,Automation,4
U0001691,C0103,2026-08-01,23,Dashboard,9
U0001692,C0104,2025-01-01,31,Integrations,4
U0001693,C0104,2025-02-01,47,Integrations,16
U0001694,C0104,2025-03-01,3,Integrations,4
U0001695,C0104,2025-05-01,16,Reports,2
U0001696,C0104,2025-07-01,43,Reports,6
U0001697,C0104,2025-08-01,51,Dashboard,5
U0001698,C0104,2025-09-01,16,API,1
U0001699,C0104,2025-10-01,35,Reports,15
U0001700,C0104,2025-11-01,35,Integrations,1
U0001701,C0104,2026-02-01,10,Exports,18
U0001702,C0104,2026-04-01,13,Exports,13
U0001703,C0104,2026-06-01,60,Dashboard,4
U0001704,C0104,2026-08-01,36,Automation,3
U0001705,C0104,2026-09-01,72,API,8
U0001706,C0105,2025-02-01,17,API,13
U0001707,C0105,2025-03-01,44,Reports,13
U0001708,C0105,2025-04-01,64,Exports,6
U0001709,C0105,2025-05-01,22,Integrations,15
U0001710,C0105,2025-06-01,41,Exports,19
U0001711,C0105,2025-07-01,58,Exports,5
U0001712,C0105,2025-08-01,3,Automation,11
U0001713,C0105,2025-09-01,73,Integrations,6
U0001714,C0105,2025-11-01,34,Reports,2
U0001715,C0105,2025-12-01,7,Exports,4
U0001716,C0105,2026-01-01,26,Exports,3
U0001717,C0105,2026-02-01,69,API,1
U0001718,C0105,2026-03-01,5,Exports,11
U0001719,C0105,2026-04-01,74,Automation,17
U0001720,C0105,2026-05-01,26,Exports,5
U0001721,C0105,2026-06-01,12,Integrations,1
U0001722,C0105,2026-07-01,7,Reports,12
U0001723,C0105,2026-08-01,42,Exports,12
U0001724,C0105,2026-09-01,42,Integrations,11
U0001725,C0106,2025-01-01,46,Dashboard,18
U0001726,C0106,2025-02-01,59,Automation,16
U0001727,C0106,2025-03-01,40,Reports,12
U0001728,C0106,2025-04-01,47,Dashboard,6
U0001729,C0106,2025-05-01,75,Exports,5
U0001730,C0106,2025-06-01,16,Reports,10
U0001731,C0106,2025-07-01,63,API,16
U0001732,C0106,2025-08-01,33,Reports,17
U0001733,C0106,2025-09-01,2,API,6
U0001734,C0106,2025-10-01,38,Exports,8
U0001735,C0106,2025-11-01,49,Reports,5
U0001736,C0106,2025-12-01,46,Dashboard,8
U0001737,C0106,2026-01-01,29,Reports,9
U0001738,C0106,2026-02-01,66,Integrations,6
U0001739,C0106,2026-03-01,10,Automation,19
U0001740,C0106,2026-04-01,2,Automation,14
U0001741,C0106,2026-05-01,59,Exports,18
U0001742,C0106,2026-06-01,78,API,17
U0001743,C0106,2026-07-01,48,Integrations,17
U0001744,C0106,2026-09-01,3,Exports,6
U0001745,C0107,2025-01-01,22,Integrations,4
U0001746,C0107,2025-02-01,71,Reports,12
U0001747,C0107,2025-05-01,35,Dashboard,10
U0001748,C0107,2025-07-01,38,Dashboard,4
U0001749,C0107,2025-08-01,44,Integrations,10
U0001750,C0107,2025-09-01,69,Exports,4
U0001751,C0107,2025-10-01,23,Automation,18
U0001752,C0107,2025-12-01,38,API,18
U0001753,C0107,2026-01-01,30,Integrations,6
U0001754,C0107,2026-02-01,72,Automation,5
U0001755,C0107,2026-03-01,17,Automation,16
U0001756,C0107,2026-04-01,29,API,3
U0001757,C0107,2026-06-01,21,Automation,3
U0001758,C0107,2026-07-01,50,API,11
U0001759,C0107,2026-08-01,33,Exports,19
U0001760,C0108,2025-01-01,30,Reports,6
U0001761,C0108,2025-02-01,52,Automation,5
U0001762,C0108,2025-03-01,49,API,18
U0001763,C0108,2025-05-01,40,API,12
U0001764,C0108,2025-07-01,45,Exports,1
U0001765,C0108,2025-08-01,63,Reports,6
U0001766,C0108,2025-09-01,42,Exports,6
U0001767,C0108,2025-11-01,34,Dashboard,7
U0001768,C0108,2025-12-01,27,Automation,2
U0001769,C0108,2026-01-01,42,Dashboard,14
U0001770,C0108,2026-02-01,20,Exports,18
U0001771,C0108,2026-03-01,69,Exports,19
U0001772,C0108,2026-04-01,16,Dashboard,6
U0001773,C0108,2026-06-01,33,Exports,5
U0001774,C0108,2026-07-01,24,Automation,19
U0001775,C0108,2026-08-01,79,Reports,9
U0001776,C0108,2026-09-01,31,Dashboard,13
U0001777,C0109,2025-01-01,42,Automation,3
U0001778,C0109,2025-02-01,20,Reports,16
U0001779,C0109,2025-03-01,57,Reports,6
U0001780,C0109,2025-05-01,30,Exports,12
U0001781,C0109,2025-07-01,27,Dashboard,18
U0001782,C0109,2025-08-01,31,Exports,3
U0001783,C0109,2025-09-01,20,Reports,7
U0001784,C0109,2025-11-01,34,Exports,18
U0001785,C0109,2025-12-01,25,Automation,14
U0001786,C0109,2026-01-01,52,Integrations,8
U0001787,C0109,2026-02-01,16,API,7
U0001788,C0109,2026-03-01,42,Reports,7
U0001789,C0109,2026-05-01,30,Reports,18
U0001790,C0109,2026-07-01,46,Integrations,14
U0001791,C0109,2026-08-01,10,Integrations,19
U0001792,C0110,2025-02-01,31,Dashboard,10
U0001793,C0110,2025-04-01,50,Automation,8
U0001794,C0110,2025-06-01,16,Exports,17
U0001795,C0110,2025-07-01,7,Integrations,12
U0001796,C0110,2025-08-01,34,Automation,4
U0001797,C0110,2025-09-01,42,Dashboard,7
U0001798,C0110,2025-10-01,21,Dashboard,16
U0001799,C0110,2025-11-01,77,Reports,5
U0001800,C0110,2025-12-01,71,Integrations,18
U0001801,C0110,2026-01-01,30,Integrations,8
U0001802,C0110,2026-02-01,71,Dashboard,5
U0001803,C0110,2026-03-01,52,Automation,14
U0001804,C0110,2026-06-01,46,API,4
U0001805,C0110,2026-07-01,8,Reports,4
U0001806,C0110,2026-08-01,57,Automation,4
U0001807,C0110,2026-09-01,66,Exports,17
U0001808,C0111,2025-01-01,6,Automation,16
U0001809,C0111,2025-02-01,37,Dashboard,5
U0001810,C0111,2025-04-01,57,Automation,3
U0001811,C0111,2025-05-01,25,Reports,4
U0001812,C0111,2025-06-01,77,API,16
U0001813,C0111,2025-07-01,2,Dashboard,16
U0001814,C0111,2025-08-01,3,Reports,14
U0001815,C0111,2025-09-01,24,API,2
U0001816,C0111,2025-10-01,6,Dashboard,4
U0001817,C0111,2025-12-01,33,API,16
U0001818,C0111,2026-01-01,34,Automation,2
U0001819,C0111,2026-02-01,61,Dashboard,19
U0001820,C0111,2026-03-01,49,Automation,8
U0001821,C0111,2026-04-01,50,Automation,17
U0001822,C0111,2026-05-01,67,Automation,11
U0001823,C0111,2026-06-01,17,Dashboard,1
U0001824,C0111,2026-07-01,54,Exports,6
U0001825,C0111,2026-08-01,52,Automation,13
U0001826,C0112,2025-01-01,22,Reports,1
U0001827,C0112,2025-02-01,49,Reports,10
U0001828,C0112,2025-03-01,13,Integrations,4
U0001829,C0112,2025-04-01,36,Automation,14
U0001830,C0112,2025-05-01,8,Reports,11
U0001831,C0112,2025-07-01,27,Automation,8
U0001832,C0112,2025-08-01,61,Dashboard,17
U0001833,C0112,2025-10-01,52,Automation,13
U0001834,C0112,2025-11-01,79,Reports,13
U0001835,C0112,2025-12-01,9,API,8
U0001836,C0112,2026-01-01,3,Reports,5
U0001837,C0112,2026-02-01,5,Automation,12
U0001838,C0112,2026-03-01,71,Integrations,9
U0001839,C0112,2026-04-01,51,Integrations,19
U0001840,C0112,2026-06-01,45,API,9
U0001841,C0112,2026-07-01,20,API,2
U0001842,C0112,2026-09-01,2,Dashboard,15
U0001843,C0113,2025-01-01,79,Exports,13
U0001844,C0113,2025-02-01,47,Reports,19
U0001845,C0113,2025-03-01,47,Reports,16
U0001846,C0113,2025-04-01,45,Dashboard,8
U0001847,C0113,2025-05-01,19,Reports,18
U0001848,C0113,2025-06-01,47,Reports,16
U0001849,C0113,2025-08-01,28,Exports,5
U0001850,C0113,2025-09-01,37,Automation,6
U0001851,C0113,2025-10-01,1,API,1
U0001852,C0113,2025-11-01,23,API,16
U0001853,C0113,2025-12-01,38,Reports,5
U0001854,C0113,2026-01-01,17,Automation,5
U0001855,C0113,2026-02-01,20,Integrations,16
U0001856,C0113,2026-05-01,41,API,12
U0001857,C0113,2026-06-01,78,API,8
U0001858,C0113,2026-07-01,62,Reports,7
U0001859,C0114,2025-01-01,42,Reports,13
U0001860,C0114,2025-03-01,18,Integrations,4
U0001861,C0114,2025-04-01,40,Exports,18
U0001862,C0114,2025-05-01,41,Exports,9
U0001863,C0114,2025-06-01,77,Dashboard,3
U0001864,C0114,2025-07-01,19,Automation,13
U0001865,C0114,2025-08-01,26,Exports,6
U0001866,C0114,2025-09-01,54,Dashboard,12
U0001867,C0114,2025-10-01,28,Exports,17
U0001868,C0114,2025-11-01,59,Automation,2
U0001869,C0114,2025-12-01,12,Reports,4
U0001870,C0114,2026-02-01,39,Reports,5
U0001871,C0114,2026-03-01,10,Reports,11
U0001872,C0114,2026-04-01,69,Integrations,14
U0001873,C0114,2026-05-01,14,Dashboard,5
U0001874,C0114,2026-06-01,78,Dashboard,3
U0001875,C0114,2026-07-01,75,Reports,1
U0001876,C0114,2026-08-01,6,Integrations,6
U0001877,C0114,2026-09-01,67,Integrations,12
U0001878,C0115,2025-01-01,7,API,13
U0001879,C0115,2025-02-01,78,Exports,18
U0001880,C0115,2025-04-01,49,Dashboard,11
U0001881,C0115,2025-05-01,24,Integrations,11
U0001882,C0115,2025-06-01,49,Reports,14
U0001883,C0115,2025-07-01,79,Reports,12
U0001884,C0115,2025-08-01,58,Exports,10
U0001885,C0115,2025-09-01,4,Integrations,14
U0001886,C0115,2025-10-01,42,Automation,7
U0001887,C0115,2025-11-01,60,Reports,13
U0001888,C0115,2025-12-01,21,Automation,16
U0001889,C0115,2026-03-01,58,API,6
U0001890,C0115,2026-04-01,15,Dashboard,4
U0001891,C0115,2026-05-01,74,Dashboard,14
U0001892,C0115,2026-06-01,14,Integrations,19
U0001893,C0115,2026-08-01,38,API,11
U0001894,C0115,2026-09-01,78,API,6
U0001895,C0116,2025-01-01,7,Integrations,10
U0001896,C0116,2025-02-01,68,Exports,15
U0001897,C0116,2025-04-01,2,Exports,2
U0001898,C0116,2025-05-01,25,Integrations,9
U0001899,C0116,2025-06-01,9,Dashboard,3
U0001900,C0116,2025-07-01,78,Dashboard,5
U0001901,C0116,2025-08-01,54,Dashboard,10
U0001902,C0116,2025-10-01,16,Dashboard,7
U0001903,C0116,2026-01-01,60,Reports,5
U0001904,C0116,2026-02-01,22,Integrations,8
U0001905,C0116,2026-03-01,22,API,14
U0001906,C0116,2026-04-01,3,Reports,7
U0001907,C0116,2026-05-01,46,Automation,1
U0001908,C0116,2026-06-01,69,Integrations,9
U0001909,C0116,2026-07-01,31,Integrations,1
U0001910,C0116,2026-08-01,34,API,17
U0001911,C0116,2026-09-01,46,API,9
U0001912,C0117,2025-01-01,4,Reports,12
U0001913,C0117,2025-03-01,1,Dashboard,9
U0001914,C0117,2025-04-01,17,API,1
U0001915,C0117,2025-05-01,20,Exports,12
U0001916,C0117,2025-07-01,30,Dashboard,2
U0001917,C0117,2025-09-01,15,Reports,2
U0001918,C0117,2025-10-01,31,Exports,10
U0001919,C0117,2025-11-01,2,Automation,10
U0001920,C0117,2025-12-01,16,Dashboard,12
U0001921,C0117,2026-01-01,12,Dashboard,12
U0001922,C0117,2026-02-01,58,Dashboard,16
U0001923,C0117,2026-04-01,66,API,1
U0001924,C0117,2026-06-01,61,Integrations,17
U0001925,C0117,2026-07-01,35,Exports,11
U0001926,C0117,2026-08-01,38,Dashboard,12
U0001927,C0118,2025-01-01,39,Reports,7
U0001928,C0118,2025-02-01,11,Integrations,8
U0001929,C0118,2025-03-01,3,Exports,4
U0001930,C0118,2025-05-01,79,Automation,5
U0001931,C0118,2025-06-01,43,Automation,3
U0001932,C0118,2025-07-01,29,Exports,3
U0001933,C0118,2025-08-01,11,Reports,1
U0001934,C0118,2025-09-01,17,Exports,1
U0001935,C0118,2025-11-01,41,Exports,8
U0001936,C0118,2025-12-01,66,Automation,17
U0001937,C0118,2026-01-01,5,Dashboard,5
U0001938,C0118,2026-02-01,11,Automation,4
U0001939,C0118,2026-03-01,35,API,3
U0001940,C0118,2026-04-01,77,Exports,12
U0001941,C0118,2026-05-01,38,Reports,13
U0001942,C0118,2026-06-01,35,Exports,9
U0001943,C0118,2026-07-01,48,Reports,11
U0001944,C0118,2026-08-01,29,Reports,6
U0001945,C0119,2025-01-01,6,Automation,9
U0001946,C0119,2025-02-01,8,Dashboard,6
U0001947,C0119,2025-04-01,10,Automation,2
U0001948,C0119,2025-05-01,70,API,17
U0001949,C0119,2025-06-01,66,Exports,9
U0001950,C0119,2025-07-01,64,Exports,1
U0001951,C0119,2025-08-01,7,Reports,8
U0001952,C0119,2025-09-01,58,Reports,14
U0001953,C0119,2025-10-01,79,Integrations,2
U0001954,C0119,2025-12-01,57,Automation,12
U0001955,C0119,2026-02-01,12,Automation,15
U0001956,C0119,2026-03-01,51,Exports,3
U0001957,C0119,2026-05-01,13,Integrations,12
U0001958,C0119,2026-06-01,72,Dashboard,4
U0001959,C0119,2026-08-01,12,Reports,15
U0001960,C0119,2026-09-01,46,Automation,16
U0001961,C0120,2025-02-01,11,Dashboard,17
U0001962,C0120,2025-03-01,44,Exports,5
U0001963,C0120,2025-05-01,76,API,4
U0001964,C0120,2025-06-01,62,Exports,16
U0001965,C0120,2025-08-01,13,Exports,11
U0001966,C0120,2025-09-01,48,Reports,19
U0001967,C0120,2025-10-01,6,Dashboard,18
U0001968,C0120,2025-11-01,18,API,12
U0001969,C0120,2026-01-01,3,Reports,16
U0001970,C0120,2026-03-01,9,Exports,18
U0001971,C0120,2026-04-01,21,Automation,10
U0001972,C0120,2026-05-01,13,Automation,5
U0001973,C0120,2026-06-01,12,API,4
U0001974,C0120,2026-07-01,35,Reports,8
U0001975,C0120,2026-09-01,66,Reports,17
U0001976,C0121,2025-01-01,58,Reports,17
U0001977,C0121,2025-02-01,64,Reports,4
U0001978,C0121,2025-03-01,14,Reports,8
U0001979,C0121,2025-05-01,21,Automation,9
U0001980,C0121,2025-06-01,69,Integrations,16
U0001981,C0121,2025-07-01,4,Automation,18
U0001982,C0121,2025-08-01,44,Integrations,17
U0001983,C0121,2025-09-01,34,Exports,11
U0001984,C0121,2025-10-01,2,Reports,10
U0001985,C0121,2025-11-01,58,Integrations,19
U0001986,C0121,2026-05-01,57,Exports,4
U0001987,C0121,2026-06-01,7,Dashboard,9
U0001988,C0121,2026-07-01,31,Exports,18
U0001989,C0122,2025-01-01,18,Integrations,9
U0001990,C0122,2025-02-01,62,Dashboard,5
U0001991,C0122,2025-04-01,69,Reports,19
U0001992,C0122,2025-05-01,30,Automation,14
U0001993,C0122,2025-07-01,38,API,17
U0001994,C0122,2025-09-01,39,API,14
U0001995,C0122,2026-02-01,37,Dashboard,11
U0001996,C0122,2026-03-01,42,API,12
U0001997,C0122,2026-04-01,61,API,9
U0001998,C0122,2026-05-01,67,Integrations,4
U0001999,C0122,2026-07-01,27,Automation,3
U0002000,C0122,2026-08-01,41,Exports,2
U0002001,C0122,2026-09-01,23,Dashboard,3
U0002002,C0123,2025-01-01,77,Dashboard,16
U0002003,C0123,2025-02-01,54,API,15
U0002004,C0123,2025-03-01,46,Integrations,18
U0002005,C0123,2025-04-01,7,Integrations,1
U0002006,C0123,2025-05-01,27,API,11
U0002007,C0123,2025-06-01,30,Integrations,3
U0002008,C0123,2025-08-01,13,Exports,8
U0002009,C0123,2025-09-01,34,Automation,4
U0002010,C0123,2025-10-01,13,Automation,1
U0002011,C0123,2025-11-01,32,API,12
U0002012,C0123,2025-12-01,68,Dashboard,17
U0002013,C0123,2026-02-01,21,API,7
U0002014,C0123,2026-04-01,33,Integrations,3
U0002015,C0123,2026-06-01,5,Dashboard,12
U0002016,C0123,2026-07-01,73,Reports,11
U0002017,C0123,2026-09-01,63,API,5
U0002018,C0124,2025-01-01,47,Dashboard,4
U0002019,C0124,2025-03-01,66,Exports,5
U0002020,C0124,2025-04-01,8,Exports,11
U0002021,C0124,2025-05-01,2,Integrations,19
U0002022,C0124,2025-06-01,49,Automation,1
U0002023,C0124,2025-07-01,42,Dashboard,16
U0002024,C0124,2025-08-01,25,Integrations,12
U0002025,C0124,2025-09-01,45,API,17
U0002026,C0124,2025-11-01,35,Automation,5
U0002027,C0124,2025-12-01,41,Dashboard,8
U0002028,C0124,2026-01-01,52,Integrations,18
U0002029,C0124,2026-02-01,45,Reports,3
U0002030,C0124,2026-03-01,17,Reports,18
U0002031,C0124,2026-04-01,46,Dashboard,5
U0002032,C0124,2026-05-01,31,Dashboard,15
U0002033,C0124,2026-06-01,56,Reports,15
U0002034,C0124,2026-07-01,28,Integrations,17
U0002035,C0124,2026-08-01,1,Reports,14
U0002036,C0124,2026-09-01,70,Dashboard,14
U0002037,C0125,2025-01-01,72,Exports,16
U0002038,C0125,2025-02-01,41,API,2
U0002039,C0125,2025-03-01,36,Reports,18
U0002040,C0125,2025-04-01,46,Automation,8
U0002041,C0125,2025-05-01,72,Integrations,17
U0002042,C0125,2025-06-01,26,Reports,3
U0002043,C0125,2025-07-01,30,Integrations,9
U0002044,C0125,2025-08-01,50,Exports,12
U0002045,C0125,2025-09-01,2,Automation,11
U0002046,C0125,2025-11-01,69,Integrations,5
U0002047,C0125,2025-12-01,44,Automation,6
U0002048,C0125,2026-01-01,46,Integrations,13
U0002049,C0125,2026-02-01,23,Integrations,9
U0002050,C0125,2026-03-01,73,Integrations,9
U0002051,C0125,2026-04-01,59,Automation,16
U0002052,C0125,2026-05-01,59,API,9
U0002053,C0125,2026-06-01,65,Integrations,19
U0002054,C0125,2026-08-01,39,Integrations,1
U0002055,C0125,2026-09-01,40,Exports,6
U0002056,C0126,2025-01-01,5,Exports,14
U0002057,C0126,2025-02-01,49,API,1
U0002058,C0126,2025-04-01,35,Reports,17
U0002059,C0126,2025-05-01,33,API,15
U0002060,C0126,2025-06-01,72,Exports,12
U0002061,C0126,2025-07-01,58,Integrations,2
U0002062,C0126,2025-08-01,25,API,2
U0002063,C0126,2025-09-01,55,Integrations,3
U0002064,C0126,2025-10-01,58,API,11
U0002065,C0126,2025-11-01,4,Automation,6
U0002066,C0126,2025-12-01,6,Integrations,16
U0002067,C0126,2026-01-01,50,Reports,7
U0002068,C0126,2026-02-01,51,Integrations,15
U0002069,C0126,2026-03-01,25,API,13
U0002070,C0126,2026-04-01,67,Integrations,3
U0002071,C0126,2026-05-01,66,Automation,9
U0002072,C0126,2026-08-01,30,Automation,11
U0002073,C0126,2026-09-01,51,Exports,11
U0002074,C0127,2025-01-01,69,Reports,10
U0002075,C0127,2025-02-01,37,Dashboard,4
U0002076,C0127,2025-04-01,35,Automation,4
U0002077,C0127,2025-06-01,54,Integrations,8
U0002078,C0127,2025-07-01,5,Automation,15
U0002079,C0127,2025-08-01,29,API,2
U0002080,C0127,2025-09-01,56,Exports,14
U0002081,C0127,2025-10-01,45,API,15
U0002082,C0127,2025-11-01,18,Integrations,15
U0002083,C0127,2025-12-01,76,Reports,5
U0002084,C0127,2026-01-01,77,Exports,13
U0002085,C0127,2026-02-01,40,API,2
U0002086,C0127,2026-03-01,67,API,11
U0002087,C0127,2026-05-01,7,Automation,1
U0002088,C0127,2026-07-01,55,API,3
U0002089,C0127,2026-08-01,10,Automation,3
U0002090,C0127,2026-09-01,37,Exports,19
U0002091,C0128,2025-03-01,45,Exports,10
U0002092,C0128,2025-04-01,34,Automation,7
U0002093,C0128,2025-05-01,43,Reports,6
U0002094,C0128,2025-06-01,13,Reports,16
U0002095,C0128,2025-07-01,47,Automation,1
U0002096,C0128,2025-08-01,13,Integrations,12
U0002097,C0128,2025-09-01,38,API,16
U0002098,C0128,2025-10-01,43,Dashboard,7
U0002099,C0128,2025-11-01,32,Dashboard,13
U0002100,C0128,2025-12-01,77,Integrations,11
U0002101,C0128,2026-01-01,45,Exports,6
U0002102,C0128,2026-02-01,32,Integrations,3
U0002103,C0128,2026-04-01,29,Automation,9
U0002104,C0128,2026-06-01,32,Integrations,10
U0002105,C0128,2026-07-01,58,Reports,14
U0002106,C0128,2026-08-01,25,Dashboard,2
U0002107,C0128,2026-09-01,70,Reports,14
U0002108,C0129,2025-02-01,7,Automation,17
U0002109,C0129,2025-03-01,17,API,12
U0002110,C0129,2025-04-01,75,Dashboard,19
U0002111,C0129,2025-09-01,22,Integrations,14
U0002112,C0129,2025-10-01,34,Integrations,11
U0002113,C0129,2025-11-01,45,API,10
U0002114,C0129,2025-12-01,51,API,15
U0002115,C0129,2026-01-01,36,Integrations,13
U0002116,C0129,2026-02-01,78,Reports,12
U0002117,C0129,2026-06-01,35,Reports,17
U0002118,C0129,2026-07-01,7,API,7
U0002119,C0129,2026-08-01,65,Integrations,11
U0002120,C0130,2025-01-01,50,Dashboard,14
U0002121,C0130,2025-03-01,31,Exports,19
U0002122,C0130,2025-04-01,7,Integrations,13
U0002123,C0130,2025-05-01,25,Automation,15
U0002124,C0130,2025-06-01,45,Exports,4
U0002125,C0130,2025-07-01,46,Automation,17
U0002126,C0130,2025-08-01,1,Exports,8
U0002127,C0130,2025-09-01,78,Reports,14
U0002128,C0130,2025-10-01,2,Automation,12
U0002129,C0130,2025-12-01,41,Integrations,4
U0002130,C0130,2026-01-01,57,Automation,8
U0002131,C0130,2026-02-01,53,Integrations,16
U0002132,C0130,2026-03-01,17,Automation,19
U0002133,C0130,2026-04-01,54,Dashboard,12
U0002134,C0130,2026-05-01,29,API,5
U0002135,C0130,2026-06-01,61,Exports,12
U0002136,C0130,2026-07-01,74,Dashboard,12
U0002137,C0130,2026-08-01,46,Dashboard,13
U0002138,C0130,2026-09-01,62,Exports,14
U0002139,C0131,2025-01-01,41,Automation,13
U0002140,C0131,2025-02-01,59,Automation,12
U0002141,C0131,2025-03-01,21,Exports,8
U0002142,C0131,2025-05-01,28,Integrations,10
U0002143,C0131,2025-06-01,8,Integrations,17
U0002144,C0131,2025-09-01,75,Integrations,7
U0002145,C0131,2025-10-01,33,Exports,16
U0002146,C0131,2025-11-01,10,Integrations,1
U0002147,C0131,2025-12-01,75,Exports,12
U0002148,C0131,2026-02-01,9,Dashboard,8
U0002149,C0131,2026-03-01,53,Automation,13
U0002150,C0131,2026-04-01,33,Automation,6
U0002151,C0131,2026-06-01,59,Integrations,3
U0002152,C0131,2026-07-01,59,Reports,6
U0002153,C0131,2026-09-01,78,Reports,4
U0002154,C0132,2025-01-01,56,Reports,17
U0002155,C0132,2025-03-01,27,API,6
U0002156,C0132,2025-04-01,41,Integrations,6
U0002157,C0132,2025-05-01,1,Reports,19
U0002158,C0132,2025-06-01,47,API,6
U0002159,C0132,2025-07-01,22,Exports,19
U0002160,C0132,2025-08-01,1,API,8
U0002161,C0132,2025-09-01,1,Automation,13
U0002162,C0132,2025-11-01,60,Dashboard,2
U0002163,C0132,2026-01-01,55,Reports,2
U0002164,C0132,2026-02-01,72,Reports,10
U0002165,C0132,2026-03-01,51,Integrations,14
U0002166,C0132,2026-04-01,46,Reports,2
U0002167,C0132,2026-06-01,68,Dashboard,3
U0002168,C0132,2026-07-01,11,Integrations,19
U0002169,C0132,2026-09-01,74,API,17
U0002170,C0133,2025-02-01,26,Dashboard,11
U0002171,C0133,2025-03-01,66,Reports,7
U0002172,C0133,2025-04-01,22,API,19
U0002173,C0133,2025-05-01,25,Automation,7
U0002174,C0133,2025-06-01,6,Exports,1
U0002175,C0133,2025-07-01,11,Exports,5
U0002176,C0133,2025-08-01,76,Automation,18
U0002177,C0133,2025-09-01,18,Reports,2
U0002178,C0133,2025-10-01,65,Integrations,9
U0002179,C0133,2025-11-01,76,Dashboard,1
U0002180,C0133,2025-12-01,62,Dashboard,5
U0002181,C0133,2026-01-01,71,Exports,17
U0002182,C0133,2026-02-01,61,API,7
U0002183,C0133,2026-03-01,14,Exports,12
U0002184,C0133,2026-04-01,62,Integrations,2
U0002185,C0133,2026-06-01,44,Automation,13
U0002186,C0133,2026-07-01,34,Dashboard,8
U0002187,C0133,2026-08-01,47,Exports,5
U0002188,C0133,2026-09-01,36,Dashboard,11
U0002189,C0134,2025-01-01,41,Automation,19
U0002190,C0134,2025-02-01,8,API,17
U0002191,C0134,2025-03-01,79,Automation,9
U0002192,C0134,2025-04-01,34,Integrations,6
U0002193,C0134,2025-07-01,22,Dashboard,4
U0002194,C0134,2025-08-01,13,Reports,3
U0002195,C0134,2025-09-01,66,Integrations,19
U0002196,C0134,2025-10-01,48,Reports,10
U0002197,C0134,2025-11-01,39,Reports,11
U0002198,C0134,2025-12-01,39,Integrations,6
U0002199,C0134,2026-01-01,59,Automation,14
U0002200,C0134,2026-02-01,50,API,10
U0002201,C0134,2026-04-01,60,API,3
U0002202,C0134,2026-05-01,63,Automation,15
U0002203,C0134,2026-06-01,26,Exports,18
U0002204,C0134,2026-07-01,43,Reports,6
U0002205,C0135,2025-02-01,60,API,12
U0002206,C0135,2025-03-01,62,Exports,10
U0002207,C0135,2025-05-01,35,Integrations,7
U0002208,C0135,2025-06-01,19,Reports,8
U0002209,C0135,2025-07-01,66,Automation,14
U0002210,C0135,2025-08-01,13,Dashboard,9
U0002211,C0135,2025-09-01,7,Integrations,11
U0002212,C0135,2025-11-01,11,Dashboard,16
U0002213,C0135,2025-12-01,74,Reports,9
U0002214,C0135,2026-01-01,65,Integrations,11
U0002215,C0135,2026-02-01,61,Automation,10
U0002216,C0135,2026-03-01,26,Automation,3
U0002217,C0135,2026-04-01,69,Dashboard,11
U0002218,C0135,2026-06-01,40,Reports,15
U0002219,C0135,2026-07-01,6,Reports,3
U0002220,C0135,2026-08-01,52,Automation,6
U0002221,C0136,2025-02-01,32,Integrations,16
U0002222,C0136,2025-04-01,21,Exports,14
U0002223,C0136,2025-05-01,21,Reports,17
U0002224,C0136,2025-06-01,4,Reports,4
U0002225,C0136,2025-07-01,22,Dashboard,4
U0002226,C0136,2025-08-01,35,Reports,14
U0002227,C0136,2025-09-01,52,Integrations,7
U0002228,C0136,2025-10-01,34,Exports,3
U0002229,C0136,2025-12-01,12,Reports,3
U0002230,C0136,2026-01-01,71,Dashboard,19
U0002231,C0136,2026-02-01,9,Exports,9
U0002232,C0136,2026-03-01,47,Reports,9
U0002233,C0136,2026-04-01,35,API,6
U0002234,C0136,2026-05-01,67,Dashboard,3
U0002235,C0136,2026-06-01,77,Dashboard,2
U0002236,C0136,2026-07-01,35,Integrations,8
U0002237,C0136,2026-08-01,54,Dashboard,19
U0002238,C0136,2026-09-01,38,Integrations,9
U0002239,C0137,2025-01-01,19,Dashboard,5
U0002240,C0137,2025-02-01,20,API,14
U0002241,C0137,2025-03-01,35,Dashboard,2
U0002242,C0137,2025-04-01,28,API,3
U0002243,C0137,2025-05-01,27,API,4
U0002244,C0137,2025-06-01,69,Dashboard,7
U0002245,C0137,2025-07-01,13,Exports,18
U0002246,C0137,2025-08-01,12,Reports,17
U0002247,C0137,2025-09-01,35,Integrations,12
U0002248,C0137,2025-11-01,35,Automation,9
U0002249,C0137,2025-12-01,17,Integrations,8
U0002250,C0137,2026-01-01,33,Reports,13
U0002251,C0137,2026-02-01,70,Dashboard,5
U0002252,C0137,2026-04-01,18,Exports,7
U0002253,C0137,2026-05-01,4,Integrations,18
U0002254,C0137,2026-06-01,73,Exports,9
U0002255,C0137,2026-07-01,7,Dashboard,2
U0002256,C0137,2026-08-01,72,Dashboard,3
U0002257,C0137,2026-09-01,1,Automation,3
U0002258,C0138,2025-01-01,39,Exports,1
U0002259,C0138,2025-02-01,53,Exports,8
U0002260,C0138,2025-03-01,11,Reports,6
U0002261,C0138,2025-04-01,69,Automation,11
U0002262,C0138,2025-05-01,28,API,17
U0002263,C0138,2025-07-01,23,Integrations,1
U0002264,C0138,2025-08-01,12,Exports,12
U0002265,C0138,2025-09-01,26,Automation,5
U0002266,C0138,2025-10-01,74,Exports,13
U0002267,C0138,2025-11-01,31,Exports,15
U0002268,C0138,2025-12-01,67,API,5
U0002269,C0138,2026-01-01,28,Integrations,6
U0002270,C0138,2026-02-01,47,Exports,18
U0002271,C0138,2026-03-01,69,API,5
U0002272,C0138,2026-05-01,2,API,15
U0002273,C0138,2026-07-01,23,Reports,19
U0002274,C0138,2026-08-01,28,Dashboard,16
U0002275,C0138,2026-09-01,13,Integrations,8
U0002276,C0139,2025-02-01,40,Exports,19
U0002277,C0139,2025-03-01,30,Integrations,14
U0002278,C0139,2025-05-01,10,Dashboard,6
U0002279,C0139,2025-06-01,50,Exports,5
U0002280,C0139,2025-07-01,10,Exports,4
U0002281,C0139,2025-08-01,73,Exports,2
U0002282,C0139,2025-09-01,19,Integrations,15
U0002283,C0139,2025-10-01,56,Reports,11
U0002284,C0139,2025-12-01,54,API,1
U0002285,C0139,2026-01-01,4,Reports,19
U0002286,C0139,2026-02-01,25,Integrations,10
U0002287,C0139,2026-03-01,65,Dashboard,1
U0002288,C0139,2026-04-01,7,Automation,9
U0002289,C0139,2026-05-01,7,Integrations,11
U0002290,C0139,2026-06-01,8,Reports,6
U0002291,C0139,2026-07-01,12,Reports,11
U0002292,C0139,2026-08-01,48,Reports,16
U0002293,C0140,2025-01-01,4,Integrations,18
U0002294,C0140,2025-02-01,67,Exports,14
U0002295,C0140,2025-03-01,2,Dashboard,17
U0002296,C0140,2025-04-01,51,Automation,17
U0002297,C0140,2025-05-01,43,API,7
U0002298,C0140,2025-06-01,67,Exports,4
U0002299,C0140,2025-07-01,23,Automation,15
U0002300,C0140,2025-09-01,72,API,11
U0002301,C0140,2025-12-01,31,Automation,1
U0002302,C0140,2026-03-01,3,API,2
U0002303,C0140,2026-04-01,79,Reports,17
U0002304,C0140,2026-05-01,30,Integrations,11
U0002305,C0140,2026-08-01,51,Dashboard,4
U0002306,C0140,2026-09-01,58,Integrations,5
U0002307,C0141,2025-01-01,60,API,10
U0002308,C0141,2025-02-01,78,Exports,15
U0002309,C0141,2025-03-01,55,Integrations,10
U0002310,C0141,2025-04-01,77,API,16
U0002311,C0141,2025-06-01,18,Dashboard,15
U0002312,C0141,2025-07-01,4,Integrations,9
U0002313,C0141,2025-09-01,8,Integrations,17
U0002314,C0141,2025-10-01,42,Reports,12
U0002315,C0141,2025-11-01,65,Reports,2
U0002316,C0141,2025-12-01,7,Automation,4
U0002317,C0141,2026-01-01,74,Exports,2
U0002318,C0141,2026-02-01,47,API,2
U0002319,C0141,2026-03-01,5,Automation,8
U0002320,C0141,2026-06-01,10,Reports,17
U0002321,C0141,2026-08-01,17,Integrations,19
U0002322,C0141,2026-09-01,30,Reports,5
U0002323,C0142,2025-01-01,5,Reports,3
U0002324,C0142,2025-04-01,30,Reports,5
U0002325,C0142,2025-05-01,2,Dashboard,7
U0002326,C0142,2025-06-01,29,Integrations,10
U0002327,C0142,2025-08-01,45,Dashboard,4
U0002328,C0142,2025-09-01,78,Exports,5
U0002329,C0142,2025-10-01,51,Integrations,16
U0002330,C0142,2025-11-01,65,Exports,12
U0002331,C0142,2025-12-01,66,Reports,10
U0002332,C0142,2026-01-01,6,Reports,16
U0002333,C0142,2026-02-01,22,Integrations,1
U0002334,C0142,2026-04-01,12,Automation,19
U0002335,C0142,2026-05-01,62,API,11
U0002336,C0142,2026-07-01,68,Dashboard,3
U0002337,C0142,2026-08-01,69,Integrations,5
U0002338,C0142,2026-09-01,23,Automation,5
U0002339,C0143,2025-01-01,3,Reports,8
U0002340,C0143,2025-03-01,6,Integrations,6
U0002341,C0143,2025-05-01,45,Integrations,17
U0002342,C0143,2025-06-01,28,Integrations,2
U0002343,C0143,2025-07-01,51,API,4
U0002344,C0143,2025-08-01,58,Integrations,9
U0002345,C0143,2025-09-01,25,Exports,11
U0002346,C0143,2025-10-01,18,Exports,17
U0002347,C0143,2025-12-01,59,Dashboard,9
U0002348,C0143,2026-01-01,32,Dashboard,15
U0002349,C0143,2026-02-01,44,Dashboard,13
U0002350,C0143,2026-03-01,21,Reports,15
U0002351,C0143,2026-05-01,37,API,9
U0002352,C0143,2026-06-01,43,API,7
U0002353,C0143,2026-07-01,51,API,19
U0002354,C0143,2026-08-01,10,Integrations,9
U0002355,C0143,2026-09-01,46,Reports,4
U0002356,C0144,2025-01-01,27,API,11
U0002357,C0144,2025-03-01,79,Exports,17
U0002358,C0144,2025-04-01,19,Automation,18
U0002359,C0144,2025-05-01,4,Exports,19
U0002360,C0144,2025-07-01,29,Automation,8
U0002361,C0144,2025-09-01,27,Dashboard,18
U0002362,C0144,2025-11-01,32,API,7
U0002363,C0144,2026-01-01,48,API,6
U0002364,C0144,2026-02-01,24,Reports,18
U0002365,C0144,2026-03-01,13,Automation,8
U0002366,C0144,2026-04-01,58,Reports,9
U0002367,C0144,2026-08-01,66,Reports,5
U0002368,C0144,2026-09-01,17,Dashboard,14
U0002369,C0145,2025-03-01,12,Reports,13
U0002370,C0145,2025-05-01,37,Automation,9
U0002371,C0145,2025-06-01,78,Automation,4
U0002372,C0145,2025-08-01,22,Integrations,8
U0002373,C0145,2025-09-01,22,Automation,9
U0002374,C0145,2025-11-01,34,API,4
U0002375,C0145,2025-12-01,71,Dashboard,6
U0002376,C0145,2026-01-01,46,Automation,13
U0002377,C0145,2026-02-01,33,Automation,2
U0002378,C0145,2026-03-01,65,API,4
U0002379,C0145,2026-06-01,46,API,2
U0002380,C0145,2026-09-01,43,Automation,2
U0002381,C0146,2025-01-01,67,Automation,6
U0002382,C0146,2025-02-01,52,Reports,12
U0002383,C0146,2025-03-01,16,API,14
U0002384,C0146,2025-04-01,33,API,6
U0002385,C0146,2025-06-01,35,Exports,17
U0002386,C0146,2025-07-01,62,Dashboard,6
U0002387,C0146,2025-08-01,70,Reports,1
U0002388,C0146,2025-10-01,61,Reports,19
U0002389,C0146,2025-12-01,46,Exports,7
U0002390,C0146,2026-01-01,26,Automation,1
U0002391,C0146,2026-04-01,30,Integrations,1
U0002392,C0146,2026-05-01,8,Dashboard,11
U0002393,C0146,2026-06-01,40,Dashboard,7
U0002394,C0147,2025-01-01,9,API,10
U0002395,C0147,2025-02-01,9,Integrations,2
U0002396,C0147,2025-03-01,27,Exports,9
U0002397,C0147,2025-04-01,50,API,9
U0002398,C0147,2025-06-01,72,Exports,6
U0002399,C0147,2025-07-01,53,Automation,16
U0002400,C0147,2025-08-01,56,Automation,18
U0002401,C0147,2025-09-01,70,Reports,2
U0002402,C0147,2025-10-01,6,Integrations,14
U0002403,C0147,2025-11-01,35,Reports,5
U0002404,C0147,2025-12-01,25,Reports,9
U0002405,C0147,2026-01-01,33,API,8
U0002406,C0147,2026-02-01,13,Automation,8
U0002407,C0147,2026-03-01,27,Integrations,3
U0002408,C0147,2026-04-01,28,Automation,9
U0002409,C0147,2026-05-01,72,Dashboard,13
U0002410,C0147,2026-06-01,30,Integrations,16
U0002411,C0147,2026-07-01,18,Integrations,6
U0002412,C0148,2025-01-01,33,Automation,7
U0002413,C0148,2025-02-01,56,Automation,9
U0002414,C0148,2025-03-01,71,Automation,8
U0002415,C0148,2025-05-01,8,Reports,16
U0002416,C0148,2025-06-01,42,Integrations,10
U0002417,C0148,2025-08-01,52,Automation,19
U0002418,C0148,2025-09-01,48,Integrations,17
U0002419,C0148,2025-10-01,9,Reports,11
U0002420,C0148,2026-01-01,55,Exports,15
U0002421,C0148,2026-02-01,36,Dashboard,7
U0002422,C0148,2026-04-01,5,Exports,17
U0002423,C0148,2026-05-01,14,Dashboard,13
U0002424,C0148,2026-06-01,9,Automation,12
U0002425,C0148,2026-09-01,69,API,2
U0002426,C0149,2025-02-01,10,Reports,11
U0002427,C0149,2025-03-01,44,Dashboard,19
U0002428,C0149,2025-06-01,67,Automation,7
U0002429,C0149,2025-08-01,67,Integrations,14
U0002430,C0149,2025-09-01,69,Integrations,19
U0002431,C0149,2025-10-01,36,Exports,14
U0002432,C0149,2025-11-01,34,Reports,4
U0002433,C0149,2026-01-01,8,API,19
U0002434,C0149,2026-02-01,20,Exports,14
U0002435,C0149,2026-03-01,62,Reports,8
U0002436,C0149,2026-04-01,18,Automation,17
U0002437,C0149,2026-05-01,21,Exports,19
U0002438,C0149,2026-06-01,33,Exports,1
U0002439,C0149,2026-07-01,59,Reports,5
U0002440,C0149,2026-08-01,49,Reports,9
U0002441,C0149,2026-09-01,49,Exports,13
U0002442,C0150,2025-01-01,50,Exports,11
U0002443,C0150,2025-02-01,63,Integrations,5
U0002444,C0150,2025-03-01,7,API,13
U0002445,C0150,2025-04-01,66,Reports,18
U0002446,C0150,2025-05-01,11,Reports,15
U0002447,C0150,2025-06-01,46,Integrations,5
U0002448,C0150,2025-07-01,68,Integrations,5
U0002449,C0150,2025-09-01,12,Exports,17
U0002450,C0150,2025-10-01,9,API,15
U0002451,C0150,2025-11-01,47,Exports,10
U0002452,C0150,2025-12-01,74,Reports,10
U0002453,C0150,2026-01-01,57,API,18
U0002454,C0150,2026-03-01,64,Integrations,1
U0002455,C0150,2026-04-01,35,Exports,1
U0002456,C0150,2026-06-01,8,API,5
U0002457,C0150,2026-07-01,51,Exports,15
U0002458,C0150,2026-08-01,13,API,8
U0002459,C0150,2026-09-01,49,Exports,11
U0002460,C0151,2025-01-01,68,Dashboard,2
U0002461,C0151,2025-02-01,30,API,5
U0002462,C0151,2025-03-01,62,Integrations,19
U0002463,C0151,2025-04-01,12,Dashboard,5
U0002464,C0151,2025-05-01,35,API,15
U0002465,C0151,2025-06-01,60,Exports,9
U0002466,C0151,2025-07-01,3,Dashboard,11
U0002467,C0151,2025-08-01,61,Automation,2
U0002468,C0151,2025-09-01,21,Dashboard,5
U0002469,C0151,2025-10-01,66,Reports,9
U0002470,C0151,2025-11-01,58,Integrations,15
U0002471,C0151,2026-01-01,60,Integrations,8
U0002472,C0151,2026-02-01,24,Reports,9
U0002473,C0151,2026-05-01,4,API,8
U0002474,C0151,2026-06-01,13,Automation,14
U0002475,C0151,2026-07-01,62,Dashboard,11
U0002476,C0151,2026-08-01,17,API,10
U0002477,C0152,2025-01-01,35,API,11
U0002478,C0152,2025-02-01,75,Exports,19
U0002479,C0152,2025-03-01,60,Reports,8
U0002480,C0152,2025-04-01,7,Reports,8
U0002481,C0152,2025-05-01,11,Exports,4
U0002482,C0152,2025-06-01,62,Dashboard,8
U0002483,C0152,2025-07-01,64,API,18
U0002484,C0152,2025-10-01,58,Integrations,18
U0002485,C0152,2025-11-01,61,API,18
U0002486,C0152,2025-12-01,59,Integrations,14
U0002487,C0152,2026-01-01,79,Integrations,12
U0002488,C0152,2026-02-01,18,Exports,4
U0002489,C0152,2026-03-01,55,API,4
U0002490,C0152,2026-04-01,76,Exports,11
U0002491,C0152,2026-05-01,30,Dashboard,12
U0002492,C0152,2026-06-01,28,Exports,17
U0002493,C0152,2026-07-01,49,Automation,1
U0002494,C0152,2026-08-01,27,API,8
U0002495,C0152,2026-09-01,72,Integrations,15
U0002496,C0153,2025-01-01,70,Integrations,6
U0002497,C0153,2025-02-01,19,Exports,2
U0002498,C0153,2025-03-01,13,Exports,11
U0002499,C0153,2025-04-01,60,Automation,11
U0002500,C0153,2025-05-01,26,Dashboard,4
U0002501,C0153,2025-06-01,48,Automation,6
U0002502,C0153,2025-09-01,55,API,7
U0002503,C0153,2025-10-01,38,Integrations,8
U0002504,C0153,2025-11-01,66,Dashboard,5
U0002505,C0153,2025-12-01,47,API,18
U0002506,C0153,2026-01-01,26,Dashboard,4
U0002507,C0153,2026-04-01,65,API,10
U0002508,C0153,2026-06-01,64,Dashboard,12
U0002509,C0153,2026-07-01,12,Exports,11
U0002510,C0153,2026-08-01,51,Automation,17
U0002511,C0153,2026-09-01,68,Reports,7
U0002512,C0154,2025-01-01,36,Automation,12
U0002513,C0154,2025-02-01,3,Integrations,11
U0002514,C0154,2025-03-01,59,Automation,8
U0002515,C0154,2025-04-01,55,Reports,6
U0002516,C0154,2025-05-01,48,Exports,18
U0002517,C0154,2025-06-01,45,API,12
U0002518,C0154,2025-08-01,5,API,19
U0002519,C0154,2025-09-01,12,Exports,5
U0002520,C0154,2025-10-01,63,Automation,4
U0002521,C0154,2025-11-01,54,Integrations,7
U0002522,C0154,2025-12-01,15,Automation,9
U0002523,C0154,2026-01-01,38,Integrations,5
U0002524,C0154,2026-02-01,60,Automation,12
U0002525,C0154,2026-04-01,10,Automation,19
U0002526,C0154,2026-05-01,67,API,18
U0002527,C0154,2026-08-01,46,API,11
U0002528,C0154,2026-09-01,40,Integrations,14
U0002529,C0155,2025-01-01,23,Exports,12
U0002530,C0155,2025-02-01,42,Integrations,16
U0002531,C0155,2025-04-01,35,Dashboard,5
U0002532,C0155,2025-05-01,16,Reports,18
U0002533,C0155,2025-06-01,76,Reports,2
U0002534,C0155,2025-07-01,60,API,1
U0002535,C0155,2025-08-01,4,Automation,16
U0002536,C0155,2025-09-01,56,Dashboard,15
U0002537,C0155,2025-10-01,3,Exports,5
U0002538,C0155,2025-12-01,58,Dashboard,3
U0002539,C0155,2026-01-01,10,Automation,7
U0002540,C0155,2026-03-01,53,Reports,12
U0002541,C0155,2026-04-01,77,Reports,18
U0002542,C0155,2026-05-01,3,API,7
U0002543,C0155,2026-06-01,61,Integrations,16
U0002544,C0155,2026-07-01,17,Automation,11
U0002545,C0155,2026-08-01,44,Exports,9
U0002546,C0156,2025-02-01,13,Automation,19
U0002547,C0156,2025-03-01,18,Dashboard,17
U0002548,C0156,2025-04-01,10,Dashboard,12
U0002549,C0156,2025-06-01,36,Integrations,7
U0002550,C0156,2025-08-01,74,Reports,16
U0002551,C0156,2025-09-01,29,Reports,15
U0002552,C0156,2025-11-01,42,Exports,15
U0002553,C0156,2025-12-01,2,Integrations,15
U0002554,C0156,2026-01-01,30,Dashboard,19
U0002555,C0156,2026-05-01,29,Reports,10
U0002556,C0156,2026-08-01,28,Automation,7
U0002557,C0157,2025-01-01,53,Dashboard,14
U0002558,C0157,2025-02-01,16,Reports,19
U0002559,C0157,2025-03-01,76,Integrations,18
U0002560,C0157,2025-04-01,69,Dashboard,7
U0002561,C0157,2025-06-01,48,Integrations,17
U0002562,C0157,2025-08-01,69,Exports,11
U0002563,C0157,2025-09-01,30,Dashboard,19
U0002564,C0157,2025-12-01,39,Integrations,7
U0002565,C0157,2026-02-01,10,Exports,13
U0002566,C0157,2026-03-01,20,Automation,7
U0002567,C0157,2026-04-01,48,Reports,15
U0002568,C0157,2026-05-01,45,Dashboard,19
U0002569,C0157,2026-06-01,76,Automation,6
U0002570,C0157,2026-07-01,27,Reports,15
U0002571,C0157,2026-08-01,69,Exports,13
U0002572,C0157,2026-09-01,74,Reports,5
U0002573,C0158,2025-01-01,9,Reports,1
U0002574,C0158,2025-03-01,15,Exports,4
U0002575,C0158,2025-04-01,33,Dashboard,6
U0002576,C0158,2025-05-01,48,API,5
U0002577,C0158,2025-06-01,16,API,18
U0002578,C0158,2025-08-01,65,API,15
U0002579,C0158,2025-09-01,12,Automation,16
U0002580,C0158,2025-10-01,10,Automation,7
U0002581,C0158,2025-11-01,29,Reports,15
U0002582,C0158,2025-12-01,71,Reports,19
U0002583,C0158,2026-01-01,14,Dashboard,16
U0002584,C0158,2026-02-01,41,Exports,9
U0002585,C0158,2026-03-01,24,Automation,2
U0002586,C0158,2026-04-01,71,Exports,19
U0002587,C0158,2026-05-01,10,Integrations,2
U0002588,C0158,2026-06-01,50,Dashboard,15
U0002589,C0158,2026-07-01,2,Reports,4
U0002590,C0158,2026-08-01,11,API,13
U0002591,C0159,2025-02-01,73,API,18
U0002592,C0159,2025-03-01,24,API,3
U0002593,C0159,2025-04-01,22,API,7
U0002594,C0159,2025-05-01,76,Exports,13
U0002595,C0159,2025-06-01,65,Reports,2
U0002596,C0159,2025-08-01,40,Reports,8
U0002597,C0159,2025-11-01,76,Reports,19
U0002598,C0159,2025-12-01,22,Dashboard,11
U0002599,C0159,2026-01-01,16,Automation,11
U0002600,C0159,2026-03-01,35,Automation,1
U0002601,C0159,2026-04-01,14,API,14
U0002602,C0159,2026-05-01,60,Reports,2
U0002603,C0159,2026-06-01,15,Reports,16
U0002604,C0159,2026-07-01,56,API,9
U0002605,C0159,2026-08-01,27,API,5
U0002606,C0159,2026-09-01,40,API,12
U0002607,C0160,2025-02-01,79,Dashboard,15
U0002608,C0160,2025-04-01,6,Integrations,9
U0002609,C0160,2025-05-01,2,API,12
U0002610,C0160,2025-06-01,12,API,16
U0002611,C0160,2025-07-01,70,Dashboard,1
U0002612,C0160,2025-09-01,59,Integrations,16
U0002613,C0160,2025-10-01,50,Dashboard,1
U0002614,C0160,2025-12-01,77,Reports,13
U0002615,C0160,2026-01-01,11,Integrations,11
U0002616,C0160,2026-02-01,78,Reports,1
U0002617,C0160,2026-03-01,23,Automation,7
U0002618,C0160,2026-06-01,59,Exports,12
U0002619,C0160,2026-07-01,15,Integrations,4
U0002620,C0160,2026-08-01,58,Exports,5
U0002621,C0160,2026-09-01,28,Automation,9
U0002622,C0161,2025-01-01,19,Integrations,9
U0002623,C0161,2025-02-01,60,Exports,13
U0002624,C0161,2025-03-01,45,API,12
U0002625,C0161,2025-04-01,73,Integrations,12
U0002626,C0161,2025-06-01,41,Automation,11
U0002627,C0161,2025-07-01,10,Dashboard,4
U0002628,C0161,2025-08-01,19,Reports,18
U0002629,C0161,2025-12-01,72,Reports,19
U0002630,C0161,2026-01-01,3,Exports,18
U0002631,C0161,2026-02-01,73,Integrations,16
U0002632,C0161,2026-03-01,26,Automation,5
U0002633,C0161,2026-05-01,69,Exports,17
U0002634,C0161,2026-06-01,71,Integrations,15
U0002635,C0161,2026-07-01,60,Reports,8
U0002636,C0161,2026-09-01,61,Exports,11
U0002637,C0162,2025-01-01,66,Exports,7
U0002638,C0162,2025-03-01,1,Reports,12
U0002639,C0162,2025-04-01,72,Exports,3
U0002640,C0162,2025-05-01,33,Dashboard,19
U0002641,C0162,2025-08-01,55,Exports,9
U0002642,C0162,2025-10-01,75,Exports,11
U0002643,C0162,2025-12-01,4,Automation,14
U0002644,C0162,2026-01-01,41,API,10
U0002645,C0162,2026-03-01,16,API,7
U0002646,C0162,2026-04-01,68,API,1
U0002647,C0162,2026-06-01,67,Automation,6
U0002648,C0162,2026-07-01,52,Reports,6
U0002649,C0162,2026-09-01,46,Exports,10
U0002650,C0163,2025-01-01,79,Integrations,10
U0002651,C0163,2025-03-01,29,Reports,2
U0002652,C0163,2025-04-01,72,Integrations,18
U0002653,C0163,2025-05-01,30,Reports,14
U0002654,C0163,2025-07-01,24,Reports,10
U0002655,C0163,2025-08-01,50,Dashboard,10
U0002656,C0163,2025-12-01,71,Exports,7
U0002657,C0163,2026-01-01,31,Dashboard,18
U0002658,C0163,2026-02-01,39,Exports,3
U0002659,C0163,2026-03-01,47,API,4
U0002660,C0163,2026-04-01,19,Automation,11
U0002661,C0163,2026-06-01,76,Automation,10
U0002662,C0163,2026-07-01,22,Integrations,12
U0002663,C0163,2026-08-01,61,API,16
U0002664,C0163,2026-09-01,17,Exports,14
U0002665,C0164,2025-03-01,76,API,1
U0002666,C0164,2025-04-01,29,API,8
U0002667,C0164,2025-05-01,21,Exports,4
U0002668,C0164,2025-06-01,26,Exports,6
U0002669,C0164,2025-07-01,75,Automation,12
U0002670,C0164,2025-08-01,9,Dashboard,9
U0002671,C0164,2025-09-01,66,Dashboard,18
U0002672,C0164,2025-10-01,66,Integrations,1
U0002673,C0164,2025-11-01,27,Reports,4
U0002674,C0164,2025-12-01,79,API,8
U0002675,C0164,2026-01-01,49,Exports,17
U0002676,C0164,2026-02-01,70,Integrations,19
U0002677,C0164,2026-03-01,26,Automation,4
U0002678,C0164,2026-04-01,58,Automation,16
U0002679,C0164,2026-05-01,25,Reports,18
U0002680,C0164,2026-06-01,56,Dashboard,17
U0002681,C0164,2026-07-01,2,Reports,6
U0002682,C0164,2026-08-01,53,Exports,6
U0002683,C0164,2026-09-01,6,API,3
U0002684,C0165,2025-01-01,33,Exports,12
U0002685,C0165,2025-02-01,37,Reports,16
U0002686,C0165,2025-03-01,11,API,5
U0002687,C0165,2025-04-01,19,Integrations,17
U0002688,C0165,2025-05-01,57,Reports,12
U0002689,C0165,2025-06-01,17,Reports,15
U0002690,C0165,2025-07-01,32,API,13
U0002691,C0165,2025-08-01,28,Exports,17
U0002692,C0165,2025-09-01,2,Automation,2
U0002693,C0165,2025-10-01,69,Integrations,18
U0002694,C0165,2025-12-01,9,Automation,8
U0002695,C0165,2026-01-01,73,Integrations,19
U0002696,C0165,2026-02-01,19,Dashboard,13
U0002697,C0165,2026-04-01,62,Automation,18
U0002698,C0165,2026-06-01,77,Exports,9
U0002699,C0165,2026-07-01,79,Exports,17
U0002700,C0166,2025-01-01,61,API,18
U0002701,C0166,2025-02-01,62,Dashboard,17
U0002702,C0166,2025-03-01,2,Exports,17
U0002703,C0166,2025-04-01,50,Exports,14
U0002704,C0166,2025-05-01,29,Reports,16
U0002705,C0166,2025-06-01,61,Dashboard,2
U0002706,C0166,2025-07-01,39,Exports,17
U0002707,C0166,2025-08-01,45,Exports,8
U0002708,C0166,2025-09-01,70,Dashboard,10
U0002709,C0166,2025-10-01,14,Exports,15
U0002710,C0166,2025-11-01,77,Dashboard,13
U0002711,C0166,2025-12-01,45,Dashboard,18
U0002712,C0166,2026-01-01,40,Dashboard,13
U0002713,C0166,2026-02-01,77,API,1
U0002714,C0166,2026-03-01,53,Dashboard,5
U0002715,C0166,2026-05-01,60,Reports,19
U0002716,C0166,2026-06-01,8,Reports,18
U0002717,C0166,2026-07-01,62,Integrations,5
U0002718,C0166,2026-08-01,77,Exports,17
U0002719,C0167,2025-01-01,66,Exports,11
U0002720,C0167,2025-02-01,48,Integrations,5
U0002721,C0167,2025-03-01,42,API,2
U0002722,C0167,2025-04-01,76,Exports,3
U0002723,C0167,2025-05-01,27,API,13
U0002724,C0167,2025-06-01,56,Automation,11
U0002725,C0167,2025-07-01,59,API,12
U0002726,C0167,2025-08-01,5,Dashboard,19
U0002727,C0167,2025-09-01,6,Automation,3
U0002728,C0167,2025-11-01,2,Automation,5
U0002729,C0167,2025-12-01,42,API,19
U0002730,C0167,2026-01-01,76,Dashboard,3
U0002731,C0167,2026-02-01,27,Reports,18
U0002732,C0167,2026-03-01,73,API,9
U0002733,C0167,2026-04-01,35,Exports,19
U0002734,C0167,2026-05-01,37,Automation,5
U0002735,C0167,2026-06-01,5,Dashboard,7
U0002736,C0167,2026-07-01,19,Reports,12
U0002737,C0167,2026-08-01,48,API,18
U0002738,C0167,2026-09-01,58,Automation,12
U0002739,C0168,2025-02-01,71,Automation,13
U0002740,C0168,2025-03-01,46,Automation,12
U0002741,C0168,2025-04-01,40,Integrations,15
U0002742,C0168,2025-05-01,59,Reports,7
U0002743,C0168,2025-08-01,37,Automation,9
U0002744,C0168,2025-09-01,15,Exports,9
U0002745,C0168,2025-10-01,47,Automation,15
U0002746,C0168,2025-11-01,42,Integrations,12
U0002747,C0168,2025-12-01,37,Dashboard,5
U0002748,C0168,2026-02-01,7,Automation,17
U0002749,C0168,2026-03-01,60,Exports,1
U0002750,C0168,2026-05-01,60,Exports,9
U0002751,C0168,2026-06-01,41,API,11
U0002752,C0168,2026-07-01,4,Reports,2
U0002753,C0168,2026-08-01,47,Exports,18
U0002754,C0168,2026-09-01,1,Reports,3
U0002755,C0169,2025-01-01,45,Integrations,17
U0002756,C0169,2025-02-01,48,Exports,19
U0002757,C0169,2025-03-01,79,Automation,9
U0002758,C0169,2025-04-01,57,Reports,12
U0002759,C0169,2025-05-01,60,Exports,2
U0002760,C0169,2025-06-01,62,Automation,17
U0002761,C0169,2025-08-01,20,API,19
U0002762,C0169,2025-09-01,20,API,12
U0002763,C0169,2025-10-01,26,API,9
U0002764,C0169,2025-11-01,24,Dashboard,5
U0002765,C0169,2025-12-01,58,Reports,13
U0002766,C0169,2026-04-01,74,Reports,15
U0002767,C0169,2026-05-01,5,API,1
U0002768,C0169,2026-06-01,3,Reports,15
U0002769,C0169,2026-07-01,48,API,4
U0002770,C0169,2026-08-01,20,API,5
U0002771,C0169,2026-09-01,60,Integrations,15
U0002772,C0170,2025-01-01,23,Exports,7
U0002773,C0170,2025-03-01,37,Integrations,2
U0002774,C0170,2025-04-01,50,Automation,2
U0002775,C0170,2025-05-01,74,Automation,2
U0002776,C0170,2025-07-01,61,Automation,18
U0002777,C0170,2025-08-01,68,Exports,4
U0002778,C0170,2025-09-01,63,Reports,1
U0002779,C0170,2025-10-01,27,Automation,10
U0002780,C0170,2025-11-01,31,API,18
U0002781,C0170,2025-12-01,75,Dashboard,2
U0002782,C0170,2026-04-01,25,Automation,9
U0002783,C0170,2026-05-01,28,Automation,9
U0002784,C0170,2026-06-01,24,Dashboard,16
U0002785,C0170,2026-07-01,10,Exports,18
U0002786,C0170,2026-08-01,63,Integrations,1
U0002787,C0170,2026-09-01,76,Integrations,17
U0002788,C0171,2025-02-01,4,Exports,9
U0002789,C0171,2025-04-01,20,Reports,7
U0002790,C0171,2025-05-01,7,Reports,4
U0002791,C0171,2025-06-01,14,Dashboard,4
U0002792,C0171,2025-07-01,24,Reports,15
U0002793,C0171,2025-08-01,31,Reports,4
U0002794,C0171,2025-09-01,44,Reports,19
U0002795,C0171,2025-10-01,33,Exports,15
U0002796,C0171,2025-11-01,34,Integrations,2
U0002797,C0171,2025-12-01,72,Dashboard,12
U0002798,C0171,2026-01-01,1,Exports,10
U0002799,C0171,2026-02-01,49,Integrations,1
U0002800,C0171,2026-04-01,28,Reports,1
U0002801,C0171,2026-05-01,52,Reports,2
U0002802,C0171,2026-06-01,63,Exports,5
U0002803,C0171,2026-07-01,3,Dashboard,14
U0002804,C0171,2026-08-01,25,Dashboard,5
U0002805,C0171,2026-09-01,6,Exports,14
U0002806,C0172,2025-01-01,38,Automation,2
U0002807,C0172,2025-02-01,7,Reports,12
U0002808,C0172,2025-03-01,65,Dashboard,1
U0002809,C0172,2025-05-01,53,Dashboard,1
U0002810,C0172,2025-07-01,10,Reports,19
U0002811,C0172,2025-09-01,16,Dashboard,7
U0002812,C0172,2025-11-01,67,API,3
U0002813,C0172,2026-01-01,61,Exports,12
U0002814,C0172,2026-02-01,31,Dashboard,7
U0002815,C0172,2026-03-01,20,Reports,1
U0002816,C0172,2026-04-01,6,API,6
U0002817,C0172,2026-06-01,42,Dashboard,18
U0002818,C0172,2026-07-01,7,Automation,3
U0002819,C0172,2026-09-01,44,Automation,3
U0002820,C0173,2025-02-01,77,API,5
U0002821,C0173,2025-03-01,27,Exports,10
U0002822,C0173,2025-05-01,20,Automation,15
U0002823,C0173,2025-06-01,51,Reports,2
U0002824,C0173,2025-07-01,30,Automation,17
U0002825,C0173,2025-08-01,43,Automation,17
U0002826,C0173,2025-10-01,34,Dashboard,17
U0002827,C0173,2025-11-01,56,Automation,17
U0002828,C0173,2025-12-01,61,Dashboard,15
U0002829,C0173,2026-02-01,17,Integrations,13
U0002830,C0173,2026-03-01,66,Automation,17
U0002831,C0173,2026-04-01,38,Dashboard,10
U0002832,C0173,2026-06-01,24,Exports,16
U0002833,C0173,2026-07-01,46,Automation,19
U0002834,C0173,2026-08-01,79,Automation,17
U0002835,C0173,2026-09-01,46,Reports,8
U0002836,C0174,2025-01-01,39,Integrations,5
U0002837,C0174,2025-02-01,31,Automation,4
U0002838,C0174,2025-04-01,11,Dashboard,7
U0002839,C0174,2025-05-01,33,Exports,18
U0002840,C0174,2025-06-01,45,Exports,4
U0002841,C0174,2025-07-01,59,API,17
U0002842,C0174,2025-08-01,45,Integrations,16
U0002843,C0174,2025-09-01,31,Exports,16
U0002844,C0174,2025-10-01,46,Reports,9
U0002845,C0174,2025-11-01,10,Integrations,3
U0002846,C0174,2025-12-01,19,Integrations,10
U0002847,C0174,2026-09-01,31,Integrations,4
U0002848,C0175,2025-01-01,59,API,13
U0002849,C0175,2025-02-01,48,Reports,6
U0002850,C0175,2025-03-01,31,Dashboard,17
U0002851,C0175,2025-04-01,29,Dashboard,16
U0002852,C0175,2025-05-01,66,Dashboard,5
U0002853,C0175,2025-06-01,1,Dashboard,14
U0002854,C0175,2025-07-01,40,Dashboard,12
U0002855,C0175,2025-09-01,76,API,11
U0002856,C0175,2025-11-01,35,Automation,1
U0002857,C0175,2026-02-01,1,API,1
U0002858,C0175,2026-03-01,54,Automation,19
U0002859,C0175,2026-05-01,31,Automation,11
U0002860,C0175,2026-06-01,26,Reports,14
U0002861,C0175,2026-07-01,13,Reports,8
U0002862,C0175,2026-08-01,65,Dashboard,4
U0002863,C0176,2025-01-01,71,Dashboard,7
U0002864,C0176,2025-02-01,73,Integrations,9
U0002865,C0176,2025-03-01,15,Dashboard,15
U0002866,C0176,2025-04-01,4,Reports,16
U0002867,C0176,2025-05-01,76,API,4
U0002868,C0176,2025-06-01,22,Exports,17
U0002869,C0176,2025-07-01,15,Exports,8
U0002870,C0176,2025-08-01,60,Reports,3
U0002871,C0176,2025-09-01,79,Exports,17
U0002872,C0176,2025-10-01,10,Reports,15
U0002873,C0176,2025-12-01,76,API,2
U0002874,C0176,2026-01-01,59,Dashboard,8
U0002875,C0176,2026-02-01,12,Dashboard,11
U0002876,C0176,2026-04-01,54,API,15
U0002877,C0176,2026-05-01,6,Exports,10
U0002878,C0176,2026-07-01,3,Exports,12
U0002879,C0176,2026-08-01,44,Integrations,18
U0002880,C0176,2026-09-01,64,Dashboard,3
U0002881,C0177,2025-01-01,23,Dashboard,17
U0002882,C0177,2025-02-01,37,Automation,10
U0002883,C0177,2025-03-01,67,Reports,18
U0002884,C0177,2025-04-01,74,Automation,4
U0002885,C0177,2025-06-01,19,Reports,11
U0002886,C0177,2025-08-01,45,Integrations,11
U0002887,C0177,2025-09-01,48,Integrations,16
U0002888,C0177,2025-10-01,55,Exports,17
U0002889,C0177,2025-11-01,44,Automation,19
U0002890,C0177,2025-12-01,61,Integrations,19
U0002891,C0177,2026-02-01,19,Dashboard,15
U0002892,C0177,2026-03-01,3,Reports,13
U0002893,C0177,2026-04-01,54,Exports,2
U0002894,C0177,2026-05-01,27,Exports,13
U0002895,C0177,2026-08-01,17,Exports,14
U0002896,C0178,2025-01-01,20,Integrations,3
U0002897,C0178,2025-02-01,62,API,12
U0002898,C0178,2025-03-01,33,Automation,9
U0002899,C0178,2025-05-01,7,Reports,11
U0002900,C0178,2025-06-01,61,Automation,17
U0002901,C0178,2025-07-01,30,Exports,2
U0002902,C0178,2025-08-01,76,Integrations,19
U0002903,C0178,2025-09-01,29,Integrations,19
U0002904,C0178,2025-11-01,20,Automation,9
U0002905,C0178,2025-12-01,50,Reports,12
U0002906,C0178,2026-01-01,11,Integrations,3
U0002907,C0178,2026-02-01,22,API,15
U0002908,C0178,2026-03-01,65,Integrations,11
U0002909,C0178,2026-04-01,61,Automation,14
U0002910,C0178,2026-05-01,25,Reports,18
U0002911,C0178,2026-07-01,66,Automation,10
U0002912,C0179,2025-02-01,6,Integrations,18
U0002913,C0179,2025-04-01,48,API,12
U0002914,C0179,2025-05-01,14,Integrations,3
U0002915,C0179,2025-06-01,74,Dashboard,18
U0002916,C0179,2025-07-01,65,Reports,5
U0002917,C0179,2025-08-01,65,Integrations,17
U0002918,C0179,2025-09-01,36,Reports,8
U0002919,C0179,2026-02-01,35,Exports,5
U0002920,C0179,2026-03-01,79,Automation,8
U0002921,C0179,2026-04-01,30,Dashboard,10
U0002922,C0179,2026-05-01,74,Reports,17
U0002923,C0179,2026-06-01,59,Integrations,13
U0002924,C0179,2026-07-01,70,Dashboard,1
U0002925,C0179,2026-08-01,12,Dashboard,9
U0002926,C0180,2025-01-01,75,Integrations,11
U0002927,C0180,2025-02-01,58,Reports,19
U0002928,C0180,2025-03-01,18,Reports,6
U0002929,C0180,2025-04-01,43,Reports,5
U0002930,C0180,2025-06-01,23,API,15
U0002931,C0180,2025-08-01,14,Dashboard,3
U0002932,C0180,2025-09-01,60,Integrations,7
U0002933,C0180,2025-10-01,52,Dashboard,8
U0002934,C0180,2025-12-01,29,Reports,10
U0002935,C0180,2026-01-01,10,API,10
U0002936,C0180,2026-03-01,71,Automation,12
U0002937,C0180,2026-04-01,33,Reports,7
U0002938,C0180,2026-06-01,60,Dashboard,5
U0002939,C0180,2026-08-01,8,Automation,3
U0002940,C0180,2026-09-01,11,Automation,8
U0002941,C0181,2025-04-01,17,API,12
U0002942,C0181,2025-06-01,75,API,7
U0002943,C0181,2025-07-01,67,API,9
U0002944,C0181,2025-08-01,57,Exports,7
U0002945,C0181,2025-09-01,64,Integrations,1
U0002946,C0181,2025-10-01,31,Dashboard,9
U0002947,C0181,2025-11-01,28,Dashboard,4
U0002948,C0181,2026-02-01,69,API,6
U0002949,C0181,2026-05-01,45,Integrations,16
U0002950,C0181,2026-07-01,29,API,17
U0002951,C0181,2026-08-01,69,Automation,10
U0002952,C0181,2026-09-01,68,Exports,10
U0002953,C0182,2025-01-01,44,Integrations,3
U0002954,C0182,2025-02-01,27,Exports,15
U0002955,C0182,2025-03-01,39,API,16
U0002956,C0182,2025-04-01,57,API,13
U0002957,C0182,2025-05-01,31,Integrations,2
U0002958,C0182,2025-06-01,22,Reports,6
U0002959,C0182,2025-07-01,19,Automation,10
U0002960,C0182,2025-08-01,79,Exports,9
U0002961,C0182,2025-10-01,74,Exports,5
U0002962,C0182,2026-01-01,8,Reports,5
U0002963,C0182,2026-02-01,66,Integrations,9
U0002964,C0182,2026-05-01,33,Dashboard,5
U0002965,C0182,2026-06-01,51,Reports,3
U0002966,C0182,2026-08-01,74,Reports,4
U0002967,C0182,2026-09-01,77,Dashboard,16
U0002968,C0183,2025-01-01,5,Integrations,5
U0002969,C0183,2025-02-01,78,Dashboard,6
U0002970,C0183,2025-03-01,51,Integrations,12
U0002971,C0183,2025-04-01,75,Reports,4
U0002972,C0183,2025-05-01,52,Integrations,14
U0002973,C0183,2025-07-01,57,Automation,15
U0002974,C0183,2025-08-01,60,Automation,9
U0002975,C0183,2025-10-01,64,Dashboard,8
U0002976,C0183,2025-11-01,54,Integrations,2
U0002977,C0183,2025-12-01,37,Integrations,18
U0002978,C0183,2026-01-01,60,Reports,16
U0002979,C0183,2026-03-01,72,Exports,18
U0002980,C0183,2026-04-01,8,Reports,7
U0002981,C0183,2026-05-01,59,Reports,2
U0002982,C0183,2026-06-01,42,Automation,1
U0002983,C0183,2026-07-01,60,Integrations,1
U0002984,C0183,2026-08-01,2,Reports,17
U0002985,C0183,2026-09-01,64,Reports,10
U0002986,C0184,2025-01-01,23,Automation,8
U0002987,C0184,2025-02-01,33,Dashboard,19
U0002988,C0184,2025-03-01,30,Dashboard,17
U0002989,C0184,2025-04-01,57,Exports,10
U0002990,C0184,2025-05-01,7,Exports,13
U0002991,C0184,2025-07-01,45,Reports,9
U0002992,C0184,2025-09-01,76,Reports,15
U0002993,C0184,2025-10-01,17,Reports,11
U0002994,C0184,2025-12-01,53,Integrations,9
U0002995,C0184,2026-01-01,65,API,4
U0002996,C0184,2026-02-01,22,API,8
U0002997,C0184,2026-03-01,4,Automation,19
U0002998,C0184,2026-05-01,59,Automation,15
U0002999,C0184,2026-06-01,3,Dashboard,18
U0003000,C0184,2026-07-01,16,Integrations,9
U0003001,C0184,2026-08-01,29,API,17
U0003002,C0184,2026-09-01,78,Exports,6
U0003003,C0185,2025-02-01,40,Dashboard,11
U0003004,C0185,2025-03-01,7,Exports,16
U0003005,C0185,2025-04-01,47,API,3
U0003006,C0185,2025-05-01,72,Exports,3
U0003007,C0185,2025-06-01,66,API,3
U0003008,C0185,2025-10-01,46,Dashboard,4
U0003009,C0185,2025-11-01,21,Integrations,2
U0003010,C0185,2026-01-01,76,Exports,18
U0003011,C0185,2026-02-01,6,Automation,16
U0003012,C0185,2026-05-01,24,Dashboard,12
U0003013,C0185,2026-06-01,9,Exports,6
U0003014,C0185,2026-07-01,41,Reports,10
U0003015,C0185,2026-08-01,63,Dashboard,4
U0003016,C0185,2026-09-01,20,API,6
U0003017,C0186,2025-01-01,16,Integrations,11
U0003018,C0186,2025-03-01,41,Reports,15
U0003019,C0186,2025-04-01,40,Automation,19
U0003020,C0186,2025-06-01,28,Integrations,16
U0003021,C0186,2025-07-01,38,Reports,12
U0003022,C0186,2025-08-01,5,Dashboard,10
U0003023,C0186,2025-09-01,42,Reports,15
U0003024,C0186,2025-10-01,29,Dashboard,4
U0003025,C0186,2025-11-01,21,Reports,16
U0003026,C0186,2025-12-01,9,Exports,3
U0003027,C0186,2026-01-01,38,Reports,7
U0003028,C0186,2026-03-01,55,Dashboard,7
U0003029,C0186,2026-05-01,38,Exports,12
U0003030,C0186,2026-06-01,10,Dashboard,12
U0003031,C0186,2026-07-01,51,Integrations,19
U0003032,C0186,2026-08-01,24,Reports,4
U0003033,C0186,2026-09-01,58,Exports,2
U0003034,C0187,2025-01-01,49,Dashboard,14
U0003035,C0187,2025-02-01,55,Integrations,12
U0003036,C0187,2025-03-01,35,Automation,10
U0003037,C0187,2025-05-01,16,Exports,11
U0003038,C0187,2025-07-01,3,API,9
U0003039,C0187,2025-08-01,75,Integrations,1
U0003040,C0187,2025-09-01,44,API,10
U0003041,C0187,2025-10-01,17,Integrations,7
U0003042,C0187,2025-11-01,37,Exports,7
U0003043,C0187,2025-12-01,14,Reports,4
U0003044,C0187,2026-01-01,11,Dashboard,9
U0003045,C0187,2026-02-01,15,Automation,8
U0003046,C0187,2026-04-01,46,Reports,3
U0003047,C0187,2026-05-01,24,Exports,6
U0003048,C0187,2026-06-01,43,Automation,16
U0003049,C0187,2026-07-01,63,Dashboard,5
U0003050,C0187,2026-08-01,52,Dashboard,1
U0003051,C0187,2026-09-01,77,API,18
U0003052,C0188,2025-01-01,41,API,3
U0003053,C0188,2025-03-01,30,API,17
U0003054,C0188,2025-04-01,7,Dashboard,5
U0003055,C0188,2025-05-01,47,Integrations,4
U0003056,C0188,2025-06-01,7,API,10
U0003057,C0188,2025-07-01,3,API,18
U0003058,C0188,2025-10-01,75,Dashboard,17
U0003059,C0188,2025-11-01,19,Exports,2
U0003060,C0188,2025-12-01,29,Integrations,16
U0003061,C0188,2026-01-01,52,API,18
U0003062,C0188,2026-02-01,58,Automation,8
U0003063,C0188,2026-03-01,15,Exports,7
U0003064,C0188,2026-04-01,70,Reports,9
U0003065,C0188,2026-05-01,13,Reports,8
U0003066,C0188,2026-06-01,14,Integrations,9
U0003067,C0188,2026-07-01,34,API,4
U0003068,C0188,2026-08-01,1,Automation,17
U0003069,C0188,2026-09-01,16,API,9
U0003070,C0189,2025-01-01,39,Integrations,11
U0003071,C0189,2025-02-01,74,API,3
U0003072,C0189,2025-03-01,27,Dashboard,2
U0003073,C0189,2025-04-01,63,Reports,1
U0003074,C0189,2025-05-01,51,Automation,10
U0003075,C0189,2025-06-01,31,Dashboard,18
U0003076,C0189,2025-08-01,57,Automation,11
U0003077,C0189,2025-09-01,65,Exports,6
U0003078,C0189,2025-10-01,52,Exports,12
U0003079,C0189,2025-11-01,79,API,10
U0003080,C0189,2025-12-01,25,Exports,16
U0003081,C0189,2026-01-01,74,Integrations,14
U0003082,C0189,2026-02-01,32,Automation,14
U0003083,C0189,2026-03-01,54,Exports,19
U0003084,C0189,2026-04-01,41,Integrations,11
U0003085,C0189,2026-05-01,4,Automation,17
U0003086,C0189,2026-06-01,18,Integrations,16
U0003087,C0189,2026-07-01,15,Reports,13
U0003088,C0189,2026-08-01,41,Automation,12
U0003089,C0189,2026-09-01,13,Integrations,8
U0003090,C0190,2025-03-01,55,Automation,13
U0003091,C0190,2025-05-01,65,Exports,2
U0003092,C0190,2025-07-01,38,Automation,5
U0003093,C0190,2025-08-01,40,Integrations,18
U0003094,C0190,2025-09-01,19,Dashboard,1
U0003095,C0190,2025-11-01,39,Automation,11
U0003096,C0190,2026-01-01,27,Reports,19
U0003097,C0190,2026-02-01,62,Automation,16
U0003098,C0190,2026-03-01,10,Dashboard,4
U0003099,C0190,2026-04-01,23,Automation,17
U0003100,C0190,2026-05-01,1,Dashboard,7
U0003101,C0190,2026-06-01,57,API,16
U0003102,C0190,2026-07-01,18,Automation,8
U0003103,C0190,2026-08-01,70,Reports,8
U0003104,C0191,2025-01-01,35,API,7
U0003105,C0191,2025-02-01,46,Integrations,11
U0003106,C0191,2025-04-01,42,Integrations,12
U0003107,C0191,2025-05-01,20,API,12
U0003108,C0191,2025-06-01,17,Exports,5
U0003109,C0191,2025-07-01,56,Exports,5
U0003110,C0191,2025-08-01,29,Integrations,8
U0003111,C0191,2025-09-01,70,Reports,10
U0003112,C0191,2025-10-01,6,API,19
U0003113,C0191,2025-11-01,35,API,5
U0003114,C0191,2025-12-01,23,Automation,19
U0003115,C0191,2026-01-01,32,Dashboard,17
U0003116,C0191,2026-03-01,71,Automation,19
U0003117,C0191,2026-05-01,51,Exports,15
U0003118,C0191,2026-07-01,72,API,7
U0003119,C0191,2026-09-01,68,Reports,7
U0003120,C0192,2025-01-01,67,Dashboard,12
U0003121,C0192,2025-03-01,56,Reports,3
U0003122,C0192,2025-04-01,63,Automation,19
U0003123,C0192,2025-06-01,5,Exports,16
U0003124,C0192,2025-07-01,77,Exports,8
U0003125,C0192,2025-08-01,37,Integrations,6
U0003126,C0192,2025-09-01,23,Dashboard,17
U0003127,C0192,2025-10-01,55,Automation,3
U0003128,C0192,2025-11-01,35,Exports,16
U0003129,C0192,2025-12-01,4,API,12
U0003130,C0192,2026-01-01,63,Reports,2
U0003131,C0192,2026-03-01,37,Reports,14
U0003132,C0192,2026-04-01,37,Reports,14
U0003133,C0192,2026-06-01,13,API,4
U0003134,C0192,2026-07-01,34,Automation,9
U0003135,C0192,2026-09-01,3,Exports,9
U0003136,C0193,2025-01-01,57,Integrations,16
U0003137,C0193,2025-05-01,20,Integrations,13
U0003138,C0193,2025-06-01,37,API,17
U0003139,C0193,2025-07-01,29,Integrations,19
U0003140,C0193,2025-08-01,36,Dashboard,17
U0003141,C0193,2025-09-01,51,Exports,14
U0003142,C0193,2025-11-01,70,Reports,2
U0003143,C0193,2026-01-01,6,Automation,1
U0003144,C0193,2026-02-01,28,Integrations,19
U0003145,C0193,2026-03-01,50,Reports,6
U0003146,C0193,2026-04-01,17,API,5
U0003147,C0193,2026-05-01,38,Dashboard,19
U0003148,C0193,2026-06-01,15,Dashboard,11
U0003149,C0193,2026-08-01,20,Dashboard,16
U0003150,C0193,2026-09-01,57,Integrations,5
U0003151,C0194,2025-01-01,71,Exports,17
U0003152,C0194,2025-02-01,19,Integrations,18
U0003153,C0194,2025-03-01,1,Dashboard,15
U0003154,C0194,2025-04-01,27,Dashboard,7
U0003155,C0194,2025-06-01,62,Automation,2
U0003156,C0194,2025-09-01,69,Reports,11
U0003157,C0194,2025-10-01,34,Dashboard,14
U0003158,C0194,2025-11-01,75,Dashboard,14
U0003159,C0194,2025-12-01,5,API,6
U0003160,C0194,2026-01-01,37,Automation,2
U0003161,C0194,2026-02-01,36,Automation,1
U0003162,C0194,2026-04-01,67,Integrations,7
U0003163,C0194,2026-05-01,3,Reports,5
U0003164,C0194,2026-06-01,56,Exports,15
U0003165,C0194,2026-07-01,30,Reports,5
U0003166,C0194,2026-08-01,61,Dashboard,14
U0003167,C0194,2026-09-01,73,Exports,2
U0003168,C0195,2025-01-01,50,Reports,14
U0003169,C0195,2025-03-01,8,Reports,14
U0003170,C0195,2025-05-01,34,Reports,5
U0003171,C0195,2025-06-01,55,Automation,8
U0003172,C0195,2025-09-01,17,Dashboard,10
U0003173,C0195,2025-10-01,69,Reports,15
U0003174,C0195,2026-01-01,34,Reports,17
U0003175,C0195,2026-05-01,50,Reports,7
U0003176,C0195,2026-06-01,47,Integrations,13
U0003177,C0195,2026-07-01,4,Integrations,15
U0003178,C0195,2026-08-01,60,Dashboard,4
U0003179,C0195,2026-09-01,28,Automation,16
U0003180,C0196,2025-02-01,44,API,1
U0003181,C0196,2025-03-01,69,Exports,1
U0003182,C0196,2025-04-01,64,Exports,9
U0003183,C0196,2025-05-01,77,Reports,10
U0003184,C0196,2025-06-01,65,API,8
U0003185,C0196,2025-08-01,72,Automation,2
U0003186,C0196,2025-10-01,25,Reports,11
U0003187,C0196,2025-11-01,41,Integrations,14
U0003188,C0196,2026-01-01,58,API,8
U0003189,C0196,2026-02-01,16,Integrations,7
U0003190,C0196,2026-03-01,58,Automation,9
U0003191,C0196,2026-04-01,25,Automation,5
U0003192,C0196,2026-05-01,20,Automation,12
U0003193,C0196,2026-06-01,62,Reports,11
U0003194,C0196,2026-07-01,20,Integrations,13
U0003195,C0197,2025-02-01,34,API,8
U0003196,C0197,2025-03-01,28,Dashboard,2
U0003197,C0197,2025-04-01,17,Exports,1
U0003198,C0197,2025-05-01,37,Automation,8
U0003199,C0197,2025-06-01,55,Integrations,8
U0003200,C0197,2025-07-01,69,Reports,5
U0003201,C0197,2025-10-01,38,Dashboard,8
U0003202,C0197,2026-01-01,30,Reports,7
U0003203,C0197,2026-02-01,16,API,5
U0003204,C0197,2026-04-01,59,Exports,10
U0003205,C0197,2026-05-01,51,Reports,4
U0003206,C0197,2026-06-01,73,API,11
U0003207,C0197,2026-07-01,71,Dashboard,18
U0003208,C0197,2026-09-01,26,Dashboard,17
U0003209,C0198,2025-01-01,79,Reports,9
U0003210,C0198,2025-02-01,19,Dashboard,2
U0003211,C0198,2025-03-01,41,Reports,1
U0003212,C0198,2025-04-01,4,Integrations,6
U0003213,C0198,2025-05-01,79,Reports,3
U0003214,C0198,2025-06-01,73,Dashboard,15
U0003215,C0198,2025-07-01,35,API,13
U0003216,C0198,2025-08-01,71,Reports,5
U0003217,C0198,2025-09-01,35,Exports,3
U0003218,C0198,2025-10-01,16,API,17
U0003219,C0198,2025-12-01,12,Automation,7
U0003220,C0198,2026-02-01,8,Integrations,19
U0003221,C0198,2026-04-01,66,Integrations,11
U0003222,C0198,2026-06-01,57,API,11
U0003223,C0198,2026-07-01,37,API,8
U0003224,C0198,2026-08-01,23,Reports,12
U0003225,C0198,2026-09-01,11,Dashboard,5
U0003226,C0199,2025-01-01,18,Dashboard,16
U0003227,C0199,2025-02-01,9,Exports,9
U0003228,C0199,2025-03-01,3,Automation,5
U0003229,C0199,2025-04-01,54,Automation,18
U0003230,C0199,2025-05-01,67,Integrations,9
U0003231,C0199,2025-06-01,8,Automation,11
U0003232,C0199,2025-07-01,60,API,14
U0003233,C0199,2025-08-01,5,Automation,16
U0003234,C0199,2025-09-01,60,Integrations,16
U0003235,C0199,2025-11-01,71,Integrations,5
U0003236,C0199,2025-12-01,33,Integrations,2
U0003237,C0199,2026-01-01,65,Reports,9
U0003238,C0199,2026-03-01,31,Integrations,13
U0003239,C0199,2026-04-01,32,API,15
U0003240,C0199,2026-07-01,56,API,16
U0003241,C0199,2026-08-01,15,Integrations,14
U0003242,C0200,2025-01-01,69,API,12
U0003243,C0200,2025-02-01,35,Dashboard,9
U0003244,C0200,2025-03-01,60,Integrations,10
U0003245,C0200,2025-04-01,16,Automation,12
U0003246,C0200,2025-05-01,38,Integrations,9
U0003247,C0200,2025-06-01,15,Reports,4
U0003248,C0200,2025-07-01,63,Exports,17
U0003249,C0200,2025-09-01,19,Integrations,7
U0003250,C0200,2026-01-01,35,Dashboard,17
U0003251,C0200,2026-02-01,73,API,11
U0003252,C0200,2026-03-01,63,Reports,17
U0003253,C0200,2026-04-01,66,Dashboard,1
U0003254,C0200,2026-05-01,9,API,10
U0003255,C0200,2026-07-01,45,Reports,6
U0003256,C0200,2026-08-01,59,Dashboard,11
U0003257,C0200,2026-09-01,61,Integrations,17
U0003258,C0201,2025-01-01,45,Dashboard,2
U0003259,C0201,2025-02-01,50,Integrations,2
U0003260,C0201,2025-03-01,43,Dashboard,9
U0003261,C0201,2025-04-01,52,Reports,17
U0003262,C0201,2025-05-01,28,Exports,5
U0003263,C0201,2025-09-01,64,Reports,5
U0003264,C0201,2025-10-01,57,Exports,14
U0003265,C0201,2025-12-01,60,Integrations,9
U0003266,C0201,2026-01-01,76,Integrations,17
U0003267,C0201,2026-03-01,67,Reports,14
U0003268,C0201,2026-04-01,38,Integrations,4
U0003269,C0201,2026-05-01,27,Dashboard,11
U0003270,C0201,2026-09-01,24,Dashboard,11
U0003271,C0202,2025-01-01,42,Dashboard,5
U0003272,C0202,2025-02-01,11,Exports,9
U0003273,C0202,2025-04-01,55,Exports,12
U0003274,C0202,2025-05-01,71,API,8
U0003275,C0202,2025-06-01,40,API,4
U0003276,C0202,2025-07-01,32,Automation,7
U0003277,C0202,2025-09-01,34,Reports,15
U0003278,C0202,2025-10-01,71,Reports,2
U0003279,C0202,2025-11-01,54,Automation,14
U0003280,C0202,2025-12-01,36,Exports,7
U0003281,C0202,2026-01-01,59,Exports,12
U0003282,C0202,2026-02-01,38,Reports,2
U0003283,C0202,2026-03-01,63,Reports,17
U0003284,C0202,2026-05-01,7,Exports,11
U0003285,C0202,2026-06-01,40,Integrations,6
U0003286,C0202,2026-07-01,12,Dashboard,13
U0003287,C0203,2025-01-01,77,Dashboard,11
U0003288,C0203,2025-03-01,23,Dashboard,6
U0003289,C0203,2025-04-01,57,Automation,3
U0003290,C0203,2025-05-01,75,Exports,12
U0003291,C0203,2025-06-01,18,Automation,19
U0003292,C0203,2025-09-01,25,Automation,18
U0003293,C0203,2025-11-01,26,Reports,19
U0003294,C0203,2025-12-01,78,Dashboard,1
U0003295,C0203,2026-01-01,75,API,5
U0003296,C0203,2026-02-01,37,Exports,18
U0003297,C0203,2026-03-01,21,Integrations,9
U0003298,C0203,2026-04-01,47,Exports,4
U0003299,C0203,2026-07-01,16,Exports,12
U0003300,C0203,2026-08-01,15,API,18
U0003301,C0203,2026-09-01,28,API,11
U0003302,C0204,2025-01-01,45,Dashboard,13
U0003303,C0204,2025-02-01,4,Dashboard,6
U0003304,C0204,2025-03-01,25,Reports,18
U0003305,C0204,2025-04-01,52,Integrations,14
U0003306,C0204,2025-05-01,15,Integrations,1
U0003307,C0204,2025-06-01,12,Integrations,3
U0003308,C0204,2025-07-01,23,Integrations,5
U0003309,C0204,2025-08-01,31,Exports,7
U0003310,C0204,2025-09-01,20,Integrations,11
U0003311,C0204,2025-10-01,2,API,5
U0003312,C0204,2025-12-01,16,Exports,8
U0003313,C0204,2026-01-01,68,Exports,18
U0003314,C0204,2026-02-01,44,Dashboard,16
U0003315,C0204,2026-03-01,20,Integrations,11
U0003316,C0204,2026-05-01,16,Exports,8
U0003317,C0204,2026-07-01,63,Integrations,14
U0003318,C0204,2026-08-01,44,API,1
U0003319,C0204,2026-09-01,11,Exports,15
U0003320,C0205,2025-01-01,73,Exports,17
U0003321,C0205,2025-02-01,79,Exports,5
U0003322,C0205,2025-03-01,52,Dashboard,16
U0003323,C0205,2025-04-01,49,Integrations,5
U0003324,C0205,2025-06-01,70,Dashboard,13
U0003325,C0205,2025-07-01,30,Exports,4
U0003326,C0205,2025-08-01,34,Automation,6
U0003327,C0205,2025-09-01,51,Reports,7
U0003328,C0205,2026-01-01,62,Dashboard,7
U0003329,C0205,2026-03-01,31,Reports,4
U0003330,C0205,2026-04-01,59,Automation,9
U0003331,C0205,2026-05-01,54,API,6
U0003332,C0205,2026-06-01,18,Reports,4
U0003333,C0205,2026-07-01,51,Reports,19
U0003334,C0205,2026-09-01,31,Dashboard,8
U0003335,C0206,2025-01-01,17,Reports,1
U0003336,C0206,2025-03-01,28,Integrations,6
U0003337,C0206,2025-05-01,28,Automation,7
U0003338,C0206,2025-06-01,57,API,10
U0003339,C0206,2025-07-01,14,Reports,6
U0003340,C0206,2025-08-01,3,Dashboard,11
U0003341,C0206,2025-10-01,5,Dashboard,15
U0003342,C0206,2025-11-01,64,Exports,19
U0003343,C0206,2026-02-01,79,Integrations,17
U0003344,C0206,2026-03-01,23,Exports,4
U0003345,C0206,2026-04-01,24,Automation,8
U0003346,C0206,2026-06-01,10,Reports,12
U0003347,C0206,2026-07-01,10,Exports,19
U0003348,C0206,2026-08-01,10,API,9
U0003349,C0206,2026-09-01,40,Exports,5
U0003350,C0207,2025-01-01,67,Integrations,15
U0003351,C0207,2025-03-01,67,Integrations,1
U0003352,C0207,2025-05-01,33,Automation,10
U0003353,C0207,2025-06-01,52,Reports,13
U0003354,C0207,2025-08-01,38,Dashboard,10
U0003355,C0207,2025-09-01,39,Reports,10
U0003356,C0207,2025-11-01,73,API,10
U0003357,C0207,2025-12-01,25,Dashboard,2
U0003358,C0207,2026-02-01,39,Automation,13
U0003359,C0207,2026-03-01,43,Automation,5
U0003360,C0207,2026-04-01,2,Reports,10
U0003361,C0207,2026-05-01,20,Reports,6
U0003362,C0207,2026-08-01,10,Reports,4
U0003363,C0208,2025-01-01,16,Reports,10
U0003364,C0208,2025-02-01,42,Dashboard,19
U0003365,C0208,2025-04-01,8,Integrations,16
U0003366,C0208,2025-05-01,7,Exports,5
U0003367,C0208,2025-06-01,41,Exports,16
U0003368,C0208,2025-07-01,49,Exports,5
U0003369,C0208,2025-08-01,60,Exports,15
U0003370,C0208,2025-09-01,7,Integrations,9
U0003371,C0208,2025-10-01,67,Exports,16
U0003372,C0208,2025-11-01,32,Dashboard,8
U0003373,C0208,2026-01-01,73,Integrations,10
U0003374,C0208,2026-02-01,26,Dashboard,5
U0003375,C0208,2026-03-01,56,API,14
U0003376,C0208,2026-04-01,56,Exports,18
U0003377,C0208,2026-05-01,8,Exports,19
U0003378,C0208,2026-06-01,66,API,3
U0003379,C0208,2026-07-01,53,Automation,3
U0003380,C0208,2026-08-01,37,Reports,18
U0003381,C0209,2025-01-01,30,Integrations,2
U0003382,C0209,2025-02-01,39,Reports,7
U0003383,C0209,2025-04-01,57,Automation,17
U0003384,C0209,2025-05-01,31,Dashboard,3
U0003385,C0209,2025-06-01,30,Automation,7
U0003386,C0209,2025-08-01,42,Dashboard,6
U0003387,C0209,2025-09-01,63,Reports,15
U0003388,C0209,2025-10-01,20,Reports,10
U0003389,C0209,2025-11-01,35,Integrations,5
U0003390,C0209,2025-12-01,39,Exports,12
U0003391,C0209,2026-01-01,7,API,17
U0003392,C0209,2026-02-01,28,Exports,18
U0003393,C0209,2026-03-01,51,Automation,12
U0003394,C0209,2026-06-01,70,Exports,12
U0003395,C0209,2026-07-01,19,Dashboard,3
U0003396,C0209,2026-08-01,46,Integrations,5
U0003397,C0210,2025-01-01,47,Integrations,15
U0003398,C0210,2025-02-01,30,Dashboard,2
U0003399,C0210,2025-04-01,61,API,10
U0003400,C0210,2025-05-01,60,API,11
U0003401,C0210,2025-06-01,41,Exports,1
U0003402,C0210,2025-07-01,69,Exports,11
U0003403,C0210,2025-08-01,39,Integrations,19
U0003404,C0210,2025-09-01,37,Dashboard,19
U0003405,C0210,2025-10-01,33,API,7
U0003406,C0210,2025-11-01,36,Automation,8
U0003407,C0210,2025-12-01,23,Reports,14
U0003408,C0210,2026-02-01,67,Reports,15
U0003409,C0210,2026-03-01,64,Exports,18
U0003410,C0210,2026-05-01,58,Integrations,11
U0003411,C0210,2026-06-01,63,Dashboard,12
U0003412,C0210,2026-07-01,47,Dashboard,12
U0003413,C0210,2026-08-01,27,Reports,17
U0003414,C0211,2025-01-01,5,API,7
U0003415,C0211,2025-03-01,46,Dashboard,7
U0003416,C0211,2025-04-01,48,Dashboard,11
U0003417,C0211,2025-05-01,4,Dashboard,2
U0003418,C0211,2025-06-01,2,Reports,8
U0003419,C0211,2025-07-01,38,Automation,18
U0003420,C0211,2025-08-01,43,Integrations,12
U0003421,C0211,2025-09-01,37,Integrations,15
U0003422,C0211,2025-10-01,71,API,8
U0003423,C0211,2025-11-01,19,Integrations,1
U0003424,C0211,2025-12-01,50,Automation,19
U0003425,C0211,2026-01-01,45,Reports,19
U0003426,C0211,2026-03-01,18,Reports,15
U0003427,C0211,2026-04-01,63,Reports,6
U0003428,C0211,2026-05-01,52,Integrations,3
U0003429,C0211,2026-07-01,65,Dashboard,3
U0003430,C0211,2026-08-01,54,Integrations,14
U0003431,C0212,2025-02-01,12,Reports,6
U0003432,C0212,2025-04-01,21,Exports,12
U0003433,C0212,2025-05-01,21,Dashboard,7
U0003434,C0212,2025-06-01,24,Dashboard,11
U0003435,C0212,2025-08-01,37,Integrations,2
U0003436,C0212,2025-09-01,29,Integrations,5
U0003437,C0212,2025-10-01,45,Reports,14
U0003438,C0212,2025-11-01,4,Integrations,17
U0003439,C0212,2025-12-01,3,Automation,2
U0003440,C0212,2026-03-01,73,Reports,12
U0003441,C0212,2026-04-01,39,Dashboard,15
U0003442,C0212,2026-05-01,77,Automation,14
U0003443,C0212,2026-06-01,41,Reports,6
U0003444,C0212,2026-07-01,40,API,11
U0003445,C0212,2026-08-01,74,Automation,5
U0003446,C0212,2026-09-01,44,Automation,6
U0003447,C0213,2025-01-01,19,Reports,7
U0003448,C0213,2025-02-01,53,Exports,3
U0003449,C0213,2025-04-01,78,Dashboard,18
U0003450,C0213,2025-05-01,76,Integrations,9
U0003451,C0213,2025-07-01,6,Automation,3
U0003452,C0213,2025-08-01,11,API,15
U0003453,C0213,2025-09-01,1,Automation,16
U0003454,C0213,2025-10-01,39,Integrations,3
U0003455,C0213,2025-11-01,41,Reports,11
U0003456,C0213,2026-01-01,22,Integrations,12
U0003457,C0213,2026-02-01,17,Automation,5
U0003458,C0213,2026-03-01,49,API,15
U0003459,C0213,2026-04-01,26,Dashboard,15
U0003460,C0213,2026-05-01,20,Automation,16
U0003461,C0213,2026-06-01,24,Integrations,12
U0003462,C0213,2026-07-01,43,Automation,15
U0003463,C0213,2026-09-01,6,Automation,3
U0003464,C0214,2025-01-01,36,Reports,7
U0003465,C0214,2025-04-01,55,Automation,17
U0003466,C0214,2025-05-01,14,Integrations,10
U0003467,C0214,2025-06-01,32,API,5
U0003468,C0214,2025-07-01,25,Exports,9
U0003469,C0214,2025-08-01,33,Reports,12
U0003470,C0214,2025-09-01,57,API,11
U0003471,C0214,2025-10-01,30,Exports,9
U0003472,C0214,2025-11-01,51,Reports,5
U0003473,C0214,2025-12-01,44,Integrations,2
U0003474,C0214,2026-01-01,10,Exports,3
U0003475,C0214,2026-02-01,47,Integrations,3
U0003476,C0214,2026-03-01,26,Exports,4
U0003477,C0214,2026-04-01,40,Reports,13
U0003478,C0214,2026-05-01,3,Automation,7
U0003479,C0214,2026-06-01,4,API,6
U0003480,C0214,2026-08-01,66,Integrations,19
U0003481,C0214,2026-09-01,64,Reports,11
U0003482,C0215,2025-02-01,1,Dashboard,13
U0003483,C0215,2025-03-01,45,Integrations,7
U0003484,C0215,2025-06-01,52,Dashboard,18
U0003485,C0215,2025-07-01,41,Automation,16
U0003486,C0215,2025-08-01,55,Reports,12
U0003487,C0215,2025-09-01,76,Integrations,6
U0003488,C0215,2025-10-01,40,Exports,15
U0003489,C0215,2026-02-01,63,Automation,14
U0003490,C0215,2026-04-01,64,Reports,7
U0003491,C0215,2026-06-01,14,Reports,14
U0003492,C0215,2026-07-01,75,Exports,11
U0003493,C0215,2026-08-01,20,Reports,6
U0003494,C0215,2026-09-01,69,Automation,13
U0003495,C0216,2025-02-01,65,Reports,10
U0003496,C0216,2025-03-01,35,Dashboard,4
U0003497,C0216,2025-04-01,79,API,19
U0003498,C0216,2025-05-01,27,Integrations,17
U0003499,C0216,2025-06-01,79,Reports,15
U0003500,C0216,2025-07-01,56,Dashboard,13
U0003501,C0216,2025-10-01,24,Integrations,5
U0003502,C0216,2025-11-01,44,Reports,1
U0003503,C0216,2025-12-01,72,Dashboard,15
U0003504,C0216,2026-01-01,78,Automation,10
U0003505,C0216,2026-03-01,46,Automation,1
U0003506,C0216,2026-04-01,52,Reports,4
U0003507,C0216,2026-05-01,38,API,4
U0003508,C0216,2026-07-01,66,API,8
U0003509,C0216,2026-08-01,41,Dashboard,2
U0003510,C0217,2025-01-01,8,Dashboard,3
U0003511,C0217,2025-03-01,10,Reports,19
U0003512,C0217,2025-05-01,6,Integrations,8
U0003513,C0217,2025-06-01,22,Integrations,4
U0003514,C0217,2025-07-01,34,API,17
U0003515,C0217,2025-08-01,50,Integrations,4
U0003516,C0217,2025-09-01,55,Integrations,19
U0003517,C0217,2025-10-01,50,API,9
U0003518,C0217,2025-11-01,38,API,4
U0003519,C0217,2025-12-01,79,Dashboard,11
U0003520,C0217,2026-01-01,33,Dashboard,19
U0003521,C0217,2026-02-01,21,Reports,17
U0003522,C0217,2026-04-01,41,Automation,1
U0003523,C0217,2026-05-01,25,Exports,3
U0003524,C0217,2026-06-01,7,Dashboard,12
U0003525,C0217,2026-07-01,25,Integrations,4
U0003526,C0218,2025-01-01,2,API,3
U0003527,C0218,2025-02-01,70,API,5
U0003528,C0218,2025-03-01,13,Integrations,1
U0003529,C0218,2025-05-01,32,Dashboard,14
U0003530,C0218,2025-06-01,3,Exports,11
U0003531,C0218,2025-09-01,2,Automation,3
U0003532,C0218,2025-10-01,78,Automation,7
U0003533,C0218,2025-11-01,43,API,2
U0003534,C0218,2025-12-01,27,API,2
U0003535,C0218,2026-01-01,41,Reports,1
U0003536,C0218,2026-02-01,61,Integrations,18
U0003537,C0218,2026-03-01,19,Exports,6
U0003538,C0218,2026-05-01,46,Integrations,18
U0003539,C0218,2026-06-01,35,Reports,19
U0003540,C0218,2026-07-01,22,Dashboard,6
U0003541,C0219,2025-01-01,18,Dashboard,9
U0003542,C0219,2025-02-01,69,Dashboard,1
U0003543,C0219,2025-03-01,17,API,16
U0003544,C0219,2025-04-01,60,Integrations,2
U0003545,C0219,2025-05-01,60,API,9
U0003546,C0219,2025-06-01,59,Reports,16
U0003547,C0219,2025-07-01,66,Automation,12
U0003548,C0219,2025-09-01,25,API,1
U0003549,C0219,2025-10-01,47,Dashboard,6
U0003550,C0219,2025-11-01,12,Reports,8
U0003551,C0219,2025-12-01,13,API,19
U0003552,C0219,2026-02-01,36,Automation,9
U0003553,C0219,2026-03-01,18,Reports,1
U0003554,C0219,2026-04-01,78,Automation,5
U0003555,C0219,2026-05-01,71,Reports,9
U0003556,C0219,2026-06-01,15,Dashboard,3
U0003557,C0219,2026-07-01,21,Integrations,12
U0003558,C0219,2026-08-01,44,Automation,1
U0003559,C0219,2026-09-01,69,Exports,8
U0003560,C0220,2025-01-01,37,Integrations,2
U0003561,C0220,2025-02-01,60,Automation,14
U0003562,C0220,2025-04-01,18,Automation,5
U0003563,C0220,2025-05-01,54,Reports,3
U0003564,C0220,2025-06-01,41,Exports,6
U0003565,C0220,2025-07-01,30,Dashboard,18
U0003566,C0220,2025-08-01,34,Dashboard,12
U0003567,C0220,2025-09-01,24,Dashboard,2
U0003568,C0220,2025-10-01,74,Integrations,2
U0003569,C0220,2025-11-01,1,Integrations,6
U0003570,C0220,2026-01-01,64,Integrations,9
U0003571,C0220,2026-02-01,67,Integrations,9
U0003572,C0220,2026-03-01,10,Integrations,8
U0003573,C0220,2026-04-01,71,Reports,18
U0003574,C0220,2026-05-01,38,Automation,18
U0003575,C0220,2026-06-01,49,Dashboard,12
U0003576,C0220,2026-07-01,53,Exports,6
U0003577,C0220,2026-09-01,62,API,5
U0003578,C0221,2025-02-01,74,Exports,18
U0003579,C0221,2025-04-01,62,Exports,14
U0003580,C0221,2025-06-01,79,Reports,1
U0003581,C0221,2025-07-01,27,Reports,14
U0003582,C0221,2025-08-01,32,API,19
U0003583,C0221,2025-09-01,39,Dashboard,5
U0003584,C0221,2025-10-01,17,Reports,14
U0003585,C0221,2025-11-01,62,Automation,3
U0003586,C0221,2025-12-01,54,Reports,7
U0003587,C0221,2026-01-01,50,API,11
U0003588,C0221,2026-03-01,22,Exports,5
U0003589,C0221,2026-04-01,67,Integrations,1
U0003590,C0221,2026-06-01,2,API,2
U0003591,C0221,2026-07-01,41,Exports,8
U0003592,C0221,2026-08-01,5,Reports,17
U0003593,C0221,2026-09-01,59,Reports,17
U0003594,C0222,2025-01-01,52,Reports,9
U0003595,C0222,2025-02-01,79,Dashboard,1
U0003596,C0222,2025-03-01,17,Exports,5
U0003597,C0222,2025-04-01,6,API,1
U0003598,C0222,2025-05-01,61,Integrations,1
U0003599,C0222,2025-06-01,36,Dashboard,16
U0003600,C0222,2025-07-01,5,Integrations,14
U0003601,C0222,2025-08-01,70,Dashboard,1
U0003602,C0222,2025-09-01,11,Exports,12
U0003603,C0222,2025-10-01,74,Reports,14
U0003604,C0222,2025-11-01,8,Reports,10
U0003605,C0222,2025-12-01,14,API,9
U0003606,C0222,2026-01-01,38,Automation,16
U0003607,C0222,2026-02-01,76,API,6
U0003608,C0222,2026-03-01,31,Automation,8
U0003609,C0222,2026-04-01,55,Dashboard,15
U0003610,C0222,2026-06-01,30,Reports,7
U0003611,C0222,2026-08-01,33,Integrations,16
U0003612,C0222,2026-09-01,13,API,10
U0003613,C0223,2025-01-01,20,Reports,5
U0003614,C0223,2025-02-01,65,Dashboard,1
U0003615,C0223,2025-03-01,21,API,15
U0003616,C0223,2025-04-01,35,Integrations,13
U0003617,C0223,2025-05-01,63,API,19
U0003618,C0223,2025-06-01,79,Exports,7
U0003619,C0223,2025-07-01,61,Exports,2
U0003620,C0223,2025-08-01,11,Dashboard,5
U0003621,C0223,2025-09-01,34,Integrations,2
U0003622,C0223,2025-11-01,54,Integrations,12
U0003623,C0223,2026-01-01,50,Dashboard,17
U0003624,C0223,2026-04-01,42,Integrations,19
U0003625,C0223,2026-05-01,13,Dashboard,4
U0003626,C0223,2026-06-01,39,Exports,6
U0003627,C0223,2026-07-01,18,API,3
U0003628,C0223,2026-08-01,49,Integrations,3
U0003629,C0223,2026-09-01,13,Integrations,14
U0003630,C0224,2025-02-01,72,Exports,8
U0003631,C0224,2025-03-01,79,Automation,15
U0003632,C0224,2025-04-01,64,Reports,3
U0003633,C0224,2025-05-01,65,Automation,3
U0003634,C0224,2025-06-01,14,Integrations,14
U0003635,C0224,2025-07-01,3,Reports,13
U0003636,C0224,2025-08-01,29,Reports,3
U0003637,C0224,2025-09-01,18,Automation,12
U0003638,C0224,2025-10-01,55,API,1
U0003639,C0224,2025-11-01,54,API,1
U0003640,C0224,2025-12-01,9,Automation,5
U0003641,C0224,2026-02-01,16,Automation,12
U0003642,C0224,2026-03-01,10,Automation,15
U0003643,C0224,2026-04-01,64,Integrations,11
U0003644,C0224,2026-05-01,63,Reports,9
U0003645,C0224,2026-06-01,75,Integrations,17
U0003646,C0224,2026-07-01,7,Automation,17
U0003647,C0224,2026-08-01,64,Integrations,14
U0003648,C0224,2026-09-01,71,Integrations,5
U0003649,C0225,2025-01-01,57,Dashboard,10
U0003650,C0225,2025-02-01,63,Automation,7
U0003651,C0225,2025-04-01,30,Exports,10
U0003652,C0225,2025-05-01,6,Exports,9
U0003653,C0225,2025-06-01,77,Reports,2
U0003654,C0225,2025-07-01,61,Automation,14
U0003655,C0225,2025-09-01,16,Reports,1
U0003656,C0225,2025-10-01,14,Dashboard,18
U0003657,C0225,2025-11-01,49,Exports,12
U0003658,C0225,2025-12-01,34,Reports,19
U0003659,C0225,2026-01-01,23,Dashboard,8
U0003660,C0225,2026-02-01,30,Reports,15
U0003661,C0225,2026-03-01,67,Dashboard,5
U0003662,C0225,2026-04-01,70,Exports,4
U0003663,C0225,2026-05-01,17,API,7
U0003664,C0225,2026-06-01,67,Exports,15
U0003665,C0225,2026-07-01,70,Automation,13
U0003666,C0225,2026-08-01,50,Reports,8
U0003667,C0226,2025-01-01,37,Exports,13
U0003668,C0226,2025-02-01,1,API,9
U0003669,C0226,2025-03-01,67,API,3
U0003670,C0226,2025-04-01,52,Integrations,7
U0003671,C0226,2025-05-01,20,API,10
U0003672,C0226,2025-06-01,37,API,13
U0003673,C0226,2025-07-01,67,Exports,3
U0003674,C0226,2025-08-01,12,Reports,17
U0003675,C0226,2025-09-01,22,Exports,17
U0003676,C0226,2025-10-01,46,API,16
U0003677,C0226,2026-03-01,38,Reports,9
U0003678,C0226,2026-04-01,34,API,11
U0003679,C0226,2026-05-01,21,Exports,11
U0003680,C0226,2026-07-01,34,Dashboard,4
U0003681,C0226,2026-08-01,56,Integrations,16
U0003682,C0226,2026-09-01,10,Exports,1
U0003683,C0227,2025-01-01,74,Automation,10
U0003684,C0227,2025-03-01,27,Dashboard,12
U0003685,C0227,2025-04-01,53,Integrations,7
U0003686,C0227,2025-05-01,17,API,18
U0003687,C0227,2025-06-01,73,Dashboard,16
U0003688,C0227,2025-07-01,66,API,7
U0003689,C0227,2025-09-01,25,Integrations,9
U0003690,C0227,2025-12-01,34,Exports,3
U0003691,C0227,2026-01-01,56,Automation,16
U0003692,C0227,2026-02-01,8,Automation,7
U0003693,C0227,2026-03-01,13,Exports,17
U0003694,C0227,2026-04-01,10,API,11
U0003695,C0227,2026-06-01,42,Reports,10
U0003696,C0227,2026-07-01,22,Reports,4
U0003697,C0227,2026-08-01,67,Automation,9
U0003698,C0227,2026-09-01,21,API,17
U0003699,C0228,2025-01-01,9,Reports,4
U0003700,C0228,2025-02-01,69,Reports,9
U0003701,C0228,2025-03-01,48,Automation,5
U0003702,C0228,2025-04-01,6,Automation,19
U0003703,C0228,2025-05-01,57,Integrations,19
U0003704,C0228,2025-07-01,45,Automation,1
U0003705,C0228,2025-08-01,31,Integrations,4
U0003706,C0228,2025-09-01,40,Automation,12
U0003707,C0228,2025-10-01,13,Integrations,8
U0003708,C0228,2025-11-01,22,Integrations,15
U0003709,C0228,2025-12-01,54,Exports,8
U0003710,C0228,2026-01-01,25,Integrations,16
U0003711,C0228,2026-02-01,50,Dashboard,17
U0003712,C0228,2026-04-01,28,Exports,16
U0003713,C0228,2026-05-01,6,Automation,13
U0003714,C0228,2026-06-01,59,API,14
U0003715,C0228,2026-07-01,37,Reports,4
U0003716,C0228,2026-08-01,28,Dashboard,19
U0003717,C0228,2026-09-01,39,Integrations,2
U0003718,C0229,2025-01-01,28,Exports,13
U0003719,C0229,2025-03-01,64,Integrations,12
U0003720,C0229,2025-04-01,66,Exports,18
U0003721,C0229,2025-05-01,73,Integrations,17
U0003722,C0229,2025-07-01,7,Exports,8
U0003723,C0229,2025-09-01,39,Dashboard,1
U0003724,C0229,2025-10-01,63,Reports,11
U0003725,C0229,2025-11-01,56,Dashboard,9
U0003726,C0229,2026-01-01,78,Exports,4
U0003727,C0229,2026-02-01,47,Integrations,10
U0003728,C0229,2026-03-01,79,API,19
U0003729,C0229,2026-04-01,12,Integrations,8
U0003730,C0229,2026-05-01,68,Automation,11
U0003731,C0229,2026-06-01,19,Exports,6
U0003732,C0229,2026-07-01,19,Integrations,16
U0003733,C0229,2026-09-01,46,Exports,18
U0003734,C0230,2025-01-01,1,Integrations,4
U0003735,C0230,2025-02-01,69,Integrations,1
U0003736,C0230,2025-03-01,63,Dashboard,5
U0003737,C0230,2025-04-01,70,Reports,10
U0003738,C0230,2025-05-01,35,Automation,15
U0003739,C0230,2025-06-01,42,API,16
U0003740,C0230,2025-07-01,69,API,19
U0003741,C0230,2025-08-01,75,Integrations,16
U0003742,C0230,2025-09-01,67,API,1
U0003743,C0230,2025-10-01,43,Automation,14
U0003744,C0230,2025-11-01,76,Integrations,6
U0003745,C0230,2025-12-01,60,Dashboard,17
U0003746,C0230,2026-01-01,33,Integrations,2
U0003747,C0230,2026-02-01,71,Automation,7
U0003748,C0230,2026-03-01,60,Dashboard,10
U0003749,C0230,2026-04-01,21,Exports,13
U0003750,C0230,2026-06-01,21,Reports,14
U0003751,C0230,2026-07-01,29,API,8
U0003752,C0230,2026-09-01,32,Automation,2
U0003753,C0231,2025-02-01,5,Automation,4
U0003754,C0231,2025-03-01,3,Automation,3
U0003755,C0231,2025-04-01,4,Reports,3
U0003756,C0231,2025-05-01,19,Exports,3
U0003757,C0231,2025-08-01,7,API,6
U0003758,C0231,2025-09-01,45,Exports,2
U0003759,C0231,2025-10-01,31,Reports,6
U0003760,C0231,2025-11-01,9,Reports,11
U0003761,C0231,2025-12-01,76,Exports,6
U0003762,C0231,2026-02-01,15,Reports,16
U0003763,C0231,2026-03-01,69,API,2
U0003764,C0231,2026-04-01,27,API,1
U0003765,C0231,2026-05-01,35,API,18
U0003766,C0231,2026-06-01,54,Dashboard,3
U0003767,C0231,2026-07-01,3,Dashboard,15
U0003768,C0231,2026-08-01,15,API,11
U0003769,C0231,2026-09-01,18,Integrations,9
U0003770,C0232,2025-01-01,72,Integrations,6
U0003771,C0232,2025-02-01,47,Reports,12
U0003772,C0232,2025-03-01,5,Reports,12
U0003773,C0232,2025-04-01,26,Dashboard,17
U0003774,C0232,2025-05-01,38,Exports,13
U0003775,C0232,2025-06-01,2,Automation,2
U0003776,C0232,2025-07-01,62,Integrations,1
U0003777,C0232,2025-08-01,63,Exports,16
U0003778,C0232,2025-09-01,55,Integrations,10
U0003779,C0232,2025-11-01,9,Reports,7
U0003780,C0232,2025-12-01,16,Automation,6
U0003781,C0232,2026-01-01,37,Automation,13
U0003782,C0232,2026-02-01,17,Integrations,2
U0003783,C0232,2026-03-01,54,Reports,1
U0003784,C0232,2026-04-01,40,Dashboard,11
U0003785,C0232,2026-05-01,20,Reports,5
U0003786,C0232,2026-06-01,9,Dashboard,10
U0003787,C0232,2026-07-01,49,Reports,12
U0003788,C0232,2026-08-01,23,Integrations,7
U0003789,C0233,2025-01-01,25,Exports,6
U0003790,C0233,2025-02-01,65,Dashboard,6
U0003791,C0233,2025-03-01,49,Exports,18
U0003792,C0233,2025-04-01,59,Dashboard,16
U0003793,C0233,2025-05-01,33,Integrations,15
U0003794,C0233,2025-06-01,26,Dashboard,17
U0003795,C0233,2025-07-01,24,API,19
U0003796,C0233,2025-09-01,8,Automation,9
U0003797,C0233,2025-10-01,22,Dashboard,5
U0003798,C0233,2025-11-01,30,Reports,14
U0003799,C0233,2025-12-01,52,Automation,9
U0003800,C0233,2026-01-01,39,Integrations,16
U0003801,C0233,2026-02-01,23,Exports,18
U0003802,C0233,2026-03-01,74,Integrations,7
U0003803,C0233,2026-04-01,19,Exports,9
U0003804,C0233,2026-05-01,27,API,16
U0003805,C0233,2026-06-01,5,Automation,6
U0003806,C0233,2026-08-01,48,Automation,1
U0003807,C0233,2026-09-01,6,Integrations,10
U0003808,C0234,2025-02-01,7,Automation,16
U0003809,C0234,2025-03-01,35,Dashboard,6
U0003810,C0234,2025-05-01,58,Integrations,16
U0003811,C0234,2025-06-01,52,API,8
U0003812,C0234,2025-07-01,29,API,13
U0003813,C0234,2025-08-01,11,Exports,2
U0003814,C0234,2025-09-01,13,API,19
U0003815,C0234,2025-10-01,56,Dashboard,13
U0003816,C0234,2025-11-01,16,Automation,11
U0003817,C0234,2025-12-01,20,Automation,13
U0003818,C0234,2026-01-01,45,API,19
U0003819,C0234,2026-02-01,27,Reports,8
U0003820,C0234,2026-04-01,27,Dashboard,17
U0003821,C0234,2026-05-01,65,API,2
U0003822,C0234,2026-06-01,29,API,15
U0003823,C0234,2026-07-01,6,API,12
U0003824,C0234,2026-08-01,26,Automation,13
U0003825,C0234,2026-09-01,9,API,12
U0003826,C0235,2025-01-01,58,API,19
U0003827,C0235,2025-02-01,37,Reports,9
U0003828,C0235,2025-05-01,13,Exports,12
U0003829,C0235,2025-06-01,73,Integrations,10
U0003830,C0235,2025-07-01,72,Reports,2
U0003831,C0235,2025-08-01,5,API,15
U0003832,C0235,2025-09-01,64,Exports,16
U0003833,C0235,2025-10-01,25,Reports,18
U0003834,C0235,2025-11-01,5,Exports,7
U0003835,C0235,2025-12-01,6,Dashboard,12
U0003836,C0235,2026-01-01,21,Reports,18
U0003837,C0235,2026-03-01,3,Dashboard,13
U0003838,C0235,2026-04-01,19,API,5
U0003839,C0235,2026-05-01,70,API,12
U0003840,C0235,2026-07-01,16,Integrations,16
U0003841,C0235,2026-09-01,46,Integrations,17
U0003842,C0236,2025-01-01,62,Dashboard,18
U0003843,C0236,2025-02-01,12,Integrations,14
U0003844,C0236,2025-03-01,35,Dashboard,6
U0003845,C0236,2025-04-01,76,Dashboard,6
U0003846,C0236,2025-05-01,54,API,9
U0003847,C0236,2025-06-01,13,Integrations,1
U0003848,C0236,2025-07-01,66,Integrations,19
U0003849,C0236,2025-09-01,50,Dashboard,7
U0003850,C0236,2026-01-01,74,Integrations,9
U0003851,C0236,2026-02-01,25,Automation,12
U0003852,C0236,2026-03-01,50,Dashboard,3
U0003853,C0236,2026-04-01,6,Reports,5
U0003854,C0236,2026-05-01,14,Exports,11
U0003855,C0236,2026-06-01,7,Automation,12
U0003856,C0236,2026-07-01,17,API,7
U0003857,C0236,2026-08-01,1,Reports,5
U0003858,C0236,2026-09-01,13,Dashboard,19
U0003859,C0237,2025-01-01,60,API,12
U0003860,C0237,2025-03-01,47,API,15
U0003861,C0237,2025-06-01,76,Integrations,5
U0003862,C0237,2025-07-01,10,Exports,6
U0003863,C0237,2025-08-01,52,Reports,4
U0003864,C0237,2025-09-01,27,Exports,13
U0003865,C0237,2025-11-01,78,Automation,7
U0003866,C0237,2025-12-01,45,Automation,8
U0003867,C0237,2026-01-01,19,Exports,2
U0003868,C0237,2026-02-01,70,API,18
U0003869,C0237,2026-03-01,30,Dashboard,2
U0003870,C0237,2026-04-01,68,API,5
U0003871,C0237,2026-06-01,52,Dashboard,16
U0003872,C0237,2026-07-01,20,Reports,7
U0003873,C0237,2026-08-01,21,Reports,17
U0003874,C0237,2026-09-01,45,Exports,3
U0003875,C0238,2025-05-01,53,Automation,11
U0003876,C0238,2025-06-01,4,API,11
U0003877,C0238,2025-08-01,31,Integrations,10
U0003878,C0238,2025-09-01,68,Dashboard,6
U0003879,C0238,2025-11-01,12,Integrations,13
U0003880,C0238,2025-12-01,5,Integrations,14
U0003881,C0238,2026-01-01,26,Integrations,4
U0003882,C0238,2026-02-01,12,Automation,5
U0003883,C0238,2026-04-01,71,Dashboard,13
U0003884,C0238,2026-05-01,45,Automation,2
U0003885,C0238,2026-06-01,45,Reports,17
U0003886,C0238,2026-07-01,57,Dashboard,15
U0003887,C0238,2026-08-01,64,Exports,7
U0003888,C0238,2026-09-01,8,Dashboard,8
U0003889,C0239,2025-01-01,48,Dashboard,13
U0003890,C0239,2025-02-01,43,Dashboard,15
U0003891,C0239,2025-04-01,57,Integrations,15
U0003892,C0239,2025-05-01,1,Dashboard,14
U0003893,C0239,2025-06-01,78,Automation,19
U0003894,C0239,2025-07-01,15,Exports,18
U0003895,C0239,2025-08-01,65,Automation,2
U0003896,C0239,2025-09-01,2,Dashboard,10
U0003897,C0239,2025-11-01,27,Dashboard,14
U0003898,C0239,2025-12-01,60,Reports,10
U0003899,C0239,2026-01-01,66,Integrations,2
U0003900,C0239,2026-02-01,18,Dashboard,15
U0003901,C0239,2026-03-01,59,Reports,11
U0003902,C0239,2026-04-01,29,API,18
U0003903,C0239,2026-05-01,9,Dashboard,6
U0003904,C0239,2026-06-01,35,Reports,9
U0003905,C0239,2026-07-01,19,Reports,14
U0003906,C0239,2026-08-01,43,Integrations,8
U0003907,C0239,2026-09-01,58,Reports,15
U0003908,C0240,2025-02-01,79,Dashboard,3
U0003909,C0240,2025-05-01,2,Reports,8
U0003910,C0240,2025-09-01,31,Integrations,1
U0003911,C0240,2025-10-01,27,API,5
U0003912,C0240,2026-01-01,60,Exports,3
U0003913,C0240,2026-03-01,47,Exports,1
U0003914,C0240,2026-04-01,64,Dashboard,14
U0003915,C0240,2026-06-01,51,API,5
U0003916,C0240,2026-07-01,72,Automation,13
U0003917,C0240,2026-08-01,53,Dashboard,4
U0003918,C0240,2026-09-01,71,Reports,13
U0003919,C0241,2025-01-01,14,Automation,18
U0003920,C0241,2025-03-01,30,Reports,14
U0003921,C0241,2025-04-01,59,Dashboard,10
U0003922,C0241,2025-05-01,19,Automation,2
U0003923,C0241,2025-06-01,36,Dashboard,8
U0003924,C0241,2025-08-01,64,API,9
U0003925,C0241,2025-10-01,45,Dashboard,4
U0003926,C0241,2025-11-01,33,Automation,18
U0003927,C0241,2026-01-01,69,Reports,16
U0003928,C0241,2026-02-01,72,Exports,1
U0003929,C0241,2026-03-01,3,Reports,2
U0003930,C0241,2026-04-01,75,Integrations,18
U0003931,C0241,2026-05-01,7,Dashboard,4
U0003932,C0241,2026-06-01,1,API,12
U0003933,C0241,2026-07-01,28,Integrations,3
U0003934,C0241,2026-08-01,4,Automation,17
U0003935,C0242,2025-01-01,51,Exports,12
U0003936,C0242,2025-02-01,17,Automation,4
U0003937,C0242,2025-05-01,77,Automation,9
U0003938,C0242,2025-06-01,34,Dashboard,15
U0003939,C0242,2025-08-01,45,Dashboard,15
U0003940,C0242,2025-09-01,49,Automation,10
U0003941,C0242,2026-01-01,38,Exports,4
U0003942,C0242,2026-05-01,9,Automation,10
U0003943,C0242,2026-07-01,47,API,6
U0003944,C0242,2026-08-01,47,Automation,7
U0003945,C0243,2025-01-01,31,API,19
U0003946,C0243,2025-02-01,70,Dashboard,3
U0003947,C0243,2025-03-01,16,Dashboard,4
U0003948,C0243,2025-04-01,33,Reports,18
U0003949,C0243,2025-06-01,4,API,4
U0003950,C0243,2025-07-01,77,Exports,10
U0003951,C0243,2025-08-01,26,Reports,19
U0003952,C0243,2025-11-01,75,Exports,16
U0003953,C0243,2025-12-01,59,Integrations,16
U0003954,C0243,2026-01-01,36,Exports,11
U0003955,C0243,2026-02-01,4,Automation,11
U0003956,C0243,2026-03-01,38,Dashboard,13
U0003957,C0243,2026-04-01,64,Dashboard,17
U0003958,C0243,2026-07-01,7,Automation,13
U0003959,C0243,2026-08-01,22,Reports,10
U0003960,C0243,2026-09-01,72,Automation,7
U0003961,C0244,2025-02-01,16,API,16
U0003962,C0244,2025-04-01,70,Automation,18
U0003963,C0244,2025-05-01,27,Reports,9
U0003964,C0244,2025-07-01,63,API,11
U0003965,C0244,2025-09-01,8,Reports,6
U0003966,C0244,2025-10-01,50,Reports,9
U0003967,C0244,2025-11-01,79,Exports,2
U0003968,C0244,2025-12-01,55,Exports,3
U0003969,C0244,2026-01-01,11,Integrations,16
U0003970,C0244,2026-02-01,56,Automation,9
U0003971,C0244,2026-03-01,65,Integrations,13
U0003972,C0244,2026-04-01,23,Reports,18
U0003973,C0244,2026-05-01,48,Dashboard,15
U0003974,C0244,2026-06-01,59,Dashboard,5
U0003975,C0244,2026-07-01,16,Exports,9
U0003976,C0244,2026-08-01,21,Dashboard,13
U0003977,C0244,2026-09-01,73,Automation,14
U0003978,C0245,2025-01-01,58,Exports,18
U0003979,C0245,2025-05-01,31,Integrations,16
U0003980,C0245,2025-06-01,7,Automation,4
U0003981,C0245,2025-07-01,18,Reports,7
U0003982,C0245,2025-08-01,65,Automation,6
U0003983,C0245,2025-09-01,77,Dashboard,18
U0003984,C0245,2025-10-01,71,Exports,6
U0003985,C0245,2025-11-01,55,Integrations,8
U0003986,C0245,2025-12-01,55,Dashboard,13
U0003987,C0245,2026-01-01,60,Integrations,8
U0003988,C0245,2026-02-01,36,Dashboard,6
U0003989,C0245,2026-03-01,34,Exports,7
U0003990,C0245,2026-04-01,41,Reports,5
U0003991,C0245,2026-06-01,45,Automation,1
U0003992,C0246,2025-03-01,72,Dashboard,19
U0003993,C0246,2025-04-01,41,API,6
U0003994,C0246,2025-05-01,16,Dashboard,10
U0003995,C0246,2025-07-01,62,API,9
U0003996,C0246,2025-08-01,59,Automation,9
U0003997,C0246,2025-10-01,66,Integrations,6
U0003998,C0246,2025-11-01,65,Reports,7
U0003999,C0246,2025-12-01,57,Exports,12
U0004000,C0246,2026-01-01,23,Exports,2
U0004001,C0246,2026-02-01,48,Dashboard,6
U0004002,C0246,2026-03-01,26,Reports,18
U0004003,C0246,2026-04-01,73,Automation,10
U0004004,C0246,2026-05-01,15,API,2
U0004005,C0246,2026-06-01,20,Automation,5
U0004006,C0246,2026-07-01,70,Automation,5
U0004007,C0246,2026-08-01,69,Exports,9
U0004008,C0246,2026-09-01,2,Dashboard,19
U0004009,C0247,2025-01-01,17,API,18
U0004010,C0247,2025-02-01,28,Reports,14
U0004011,C0247,2025-04-01,78,Reports,6
U0004012,C0247,2025-05-01,27,Integrations,11
U0004013,C0247,2025-06-01,44,Exports,4
U0004014,C0247,2025-07-01,60,Dashboard,14
U0004015,C0247,2025-08-01,71,Dashboard,6
U0004016,C0247,2025-09-01,23,Exports,15
U0004017,C0247,2025-11-01,25,Dashboard,1
U0004018,C0247,2025-12-01,53,Automation,5
U0004019,C0247,2026-01-01,12,Automation,18
U0004020,C0247,2026-02-01,21,Reports,8
U0004021,C0247,2026-04-01,20,Reports,9
U0004022,C0247,2026-06-01,12,API,1
U0004023,C0247,2026-07-01,59,Exports,9
U0004024,C0247,2026-09-01,61,Integrations,4
U0004025,C0248,2025-02-01,46,Automation,3
U0004026,C0248,2025-03-01,23,Reports,12
U0004027,C0248,2025-04-01,61,Exports,19
U0004028,C0248,2025-07-01,23,Dashboard,16
U0004029,C0248,2025-08-01,28,Exports,13
U0004030,C0248,2025-09-01,2,Dashboard,6
U0004031,C0248,2025-11-01,23,Automation,12
U0004032,C0248,2025-12-01,13,Reports,1
U0004033,C0248,2026-01-01,20,Integrations,10
U0004034,C0248,2026-02-01,63,Automation,18
U0004035,C0248,2026-03-01,8,Dashboard,9
U0004036,C0248,2026-05-01,16,Integrations,14
U0004037,C0248,2026-06-01,65,Integrations,17
U0004038,C0248,2026-07-01,40,Reports,8
U0004039,C0248,2026-08-01,66,Automation,14
U0004040,C0248,2026-09-01,61,Dashboard,17
U0004041,C0249,2025-03-01,72,Dashboard,10
U0004042,C0249,2025-04-01,55,Automation,3
U0004043,C0249,2025-05-01,54,Integrations,17
U0004044,C0249,2025-06-01,33,API,8
U0004045,C0249,2025-07-01,75,API,1
U0004046,C0249,2025-09-01,49,Automation,2
U0004047,C0249,2025-11-01,7,Integrations,6
U0004048,C0249,2025-12-01,27,API,9
U0004049,C0249,2026-01-01,58,Dashboard,14
U0004050,C0249,2026-02-01,59,Automation,14
U0004051,C0249,2026-03-01,75,Reports,13
U0004052,C0249,2026-04-01,42,Integrations,11
U0004053,C0249,2026-06-01,49,Automation,4
U0004054,C0249,2026-07-01,49,Reports,3
U0004055,C0249,2026-08-01,33,Reports,16
U0004056,C0249,2026-09-01,37,Reports,4
U0004057,C0250,2025-01-01,31,Integrations,6
U0004058,C0250,2025-02-01,53,Integrations,1
U0004059,C0250,2025-04-01,65,Integrations,6
U0004060,C0250,2025-05-01,75,Exports,8
U0004061,C0250,2025-06-01,23,Exports,7
U0004062,C0250,2025-07-01,68,Dashboard,1
U0004063,C0250,2025-08-01,79,Reports,14
U0004064,C0250,2025-09-01,66,Automation,11
U0004065,C0250,2025-11-01,63,API,1
U0004066,C0250,2025-12-01,34,Integrations,2
U0004067,C0250,2026-01-01,27,API,7
U0004068,C0250,2026-04-01,21,Exports,17
U0004069,C0250,2026-06-01,31,Integrations,12
U0004070,C0250,2026-07-01,12,Reports,4
U0004071,C0250,2026-08-01,20,Reports,13
U0004072,C0250,2026-09-01,51,Integrations,4
U0004073,C0251,2025-02-01,63,Integrations,12
U0004074,C0251,2025-04-01,78,API,3
U0004075,C0251,2025-06-01,76,Exports,9
U0004076,C0251,2025-07-01,9,Integrations,15
U0004077,C0251,2025-08-01,2,API,10
U0004078,C0251,2025-09-01,18,API,9
U0004079,C0251,2025-11-01,9,Integrations,5
U0004080,C0251,2026-01-01,49,Integrations,14
U0004081,C0251,2026-02-01,13,API,5
U0004082,C0251,2026-03-01,23,Exports,9
U0004083,C0251,2026-04-01,18,Dashboard,6
U0004084,C0251,2026-06-01,70,Exports,14
U0004085,C0251,2026-07-01,42,Reports,19
U0004086,C0251,2026-09-01,18,Automation,10
U0004087,C0252,2025-01-01,8,Integrations,2
U0004088,C0252,2025-02-01,17,Automation,3
U0004089,C0252,2025-03-01,75,Dashboard,14
U0004090,C0252,2025-06-01,1,Reports,4
U0004091,C0252,2025-07-01,25,Integrations,13
U0004092,C0252,2025-08-01,35,Integrations,15
U0004093,C0252,2025-09-01,25,Integrations,19
U0004094,C0252,2025-10-01,1,Automation,7
U0004095,C0252,2025-11-01,71,Integrations,13
U0004096,C0252,2025-12-01,29,API,13
U0004097,C0252,2026-01-01,79,API,7
U0004098,C0252,2026-02-01,23,API,11
U0004099,C0252,2026-03-01,40,Integrations,6
U0004100,C0252,2026-04-01,23,Reports,2
U0004101,C0252,2026-05-01,37,Integrations,16
U0004102,C0252,2026-06-01,74,Integrations,6
U0004103,C0252,2026-07-01,74,Exports,17
U0004104,C0252,2026-08-01,10,Dashboard,2
U0004105,C0252,2026-09-01,4,Integrations,12
U0004106,C0253,2025-01-01,24,API,18
U0004107,C0253,2025-03-01,30,Dashboard,8
U0004108,C0253,2025-05-01,34,Reports,2
U0004109,C0253,2025-06-01,59,Exports,13
U0004110,C0253,2025-07-01,60,Reports,6
U0004111,C0253,2025-08-01,13,Reports,5
U0004112,C0253,2025-09-01,64,API,9
U0004113,C0253,2025-10-01,19,API,10
U0004114,C0253,2025-11-01,35,Exports,3
U0004115,C0253,2026-02-01,43,Automation,8
U0004116,C0253,2026-04-01,34,API,18
U0004117,C0253,2026-05-01,27,Integrations,7
U0004118,C0253,2026-06-01,73,Exports,14
U0004119,C0253,2026-07-01,51,Integrations,19
U0004120,C0253,2026-08-01,36,Dashboard,5
U0004121,C0253,2026-09-01,23,Integrations,14
U0004122,C0254,2025-01-01,48,API,1
U0004123,C0254,2025-02-01,6,Automation,5
U0004124,C0254,2025-03-01,6,Dashboard,19
U0004125,C0254,2025-05-01,48,Integrations,17
U0004126,C0254,2025-06-01,33,Reports,4
U0004127,C0254,2025-07-01,20,Exports,11
U0004128,C0254,2025-08-01,34,Integrations,5
U0004129,C0254,2025-09-01,55,API,6
U0004130,C0254,2025-10-01,48,Exports,5
U0004131,C0254,2025-11-01,2,API,1
U0004132,C0254,2025-12-01,74,Integrations,9
U0004133,C0254,2026-01-01,51,Automation,14
U0004134,C0254,2026-02-01,76,Integrations,10
U0004135,C0254,2026-03-01,67,Exports,9
U0004136,C0254,2026-05-01,56,Automation,5
U0004137,C0254,2026-06-01,14,API,4
U0004138,C0254,2026-07-01,14,Dashboard,9
U0004139,C0254,2026-09-01,12,Reports,12
U0004140,C0255,2025-01-01,58,Integrations,19
U0004141,C0255,2025-02-01,43,Integrations,9
U0004142,C0255,2025-03-01,39,Dashboard,4
U0004143,C0255,2025-04-01,7,Reports,5
U0004144,C0255,2025-05-01,28,API,14
U0004145,C0255,2025-06-01,58,Dashboard,13
U0004146,C0255,2025-07-01,45,Automation,6
U0004147,C0255,2025-08-01,25,Reports,15
U0004148,C0255,2025-09-01,39,Exports,5
U0004149,C0255,2025-10-01,22,Dashboard,15
U0004150,C0255,2025-11-01,4,Exports,4
U0004151,C0255,2025-12-01,14,Reports,16
U0004152,C0255,2026-01-01,70,API,15
U0004153,C0255,2026-03-01,52,Exports,10
U0004154,C0255,2026-07-01,19,Dashboard,8
U0004155,C0255,2026-08-01,68,API,6
U0004156,C0255,2026-09-01,46,Exports,10
U0004157,C0256,2025-01-01,23,Exports,12
U0004158,C0256,2025-02-01,30,Dashboard,1
U0004159,C0256,2025-04-01,18,Dashboard,7
U0004160,C0256,2025-06-01,10,Dashboard,7
U0004161,C0256,2025-07-01,18,API,8
U0004162,C0256,2025-08-01,37,API,7
U0004163,C0256,2025-09-01,52,Integrations,6
U0004164,C0256,2025-10-01,64,API,6
U0004165,C0256,2025-11-01,52,Reports,12
U0004166,C0256,2025-12-01,64,API,13
U0004167,C0256,2026-01-01,48,Automation,5
U0004168,C0256,2026-02-01,49,Exports,2
U0004169,C0256,2026-03-01,2,Dashboard,17
U0004170,C0256,2026-06-01,39,Reports,11
U0004171,C0256,2026-08-01,16,API,16
U0004172,C0256,2026-09-01,49,Automation,12
U0004173,C0257,2025-01-01,60,Reports,10
U0004174,C0257,2025-02-01,21,Dashboard,6
U0004175,C0257,2025-03-01,65,Automation,14
U0004176,C0257,2025-04-01,12,Automation,8
U0004177,C0257,2025-05-01,35,Integrations,19
U0004178,C0257,2025-06-01,26,Exports,18
U0004179,C0257,2025-07-01,45,Reports,11
U0004180,C0257,2025-08-01,14,Exports,6
U0004181,C0257,2025-09-01,29,Reports,17
U0004182,C0257,2025-10-01,45,Reports,19
U0004183,C0257,2025-11-01,66,Reports,7
U0004184,C0257,2026-01-01,21,Dashboard,2
U0004185,C0257,2026-02-01,15,Integrations,12
U0004186,C0257,2026-04-01,46,Reports,10
U0004187,C0257,2026-05-01,11,Automation,14
U0004188,C0257,2026-06-01,43,API,13
U0004189,C0257,2026-07-01,6,Automation,6
U0004190,C0257,2026-08-01,14,Dashboard,3
U0004191,C0258,2025-01-01,19,API,2
U0004192,C0258,2025-02-01,56,Integrations,5
U0004193,C0258,2025-04-01,66,Automation,13
U0004194,C0258,2025-05-01,55,API,7
U0004195,C0258,2025-06-01,19,API,18
U0004196,C0258,2025-08-01,40,API,6
U0004197,C0258,2025-10-01,23,Dashboard,5
U0004198,C0258,2025-11-01,58,Automation,11
U0004199,C0258,2025-12-01,63,Exports,15
U0004200,C0258,2026-01-01,4,Automation,18
U0004201,C0258,2026-04-01,1,API,5
U0004202,C0258,2026-05-01,6,Exports,4
U0004203,C0258,2026-06-01,32,Automation,8
U0004204,C0258,2026-07-01,42,Reports,8
U0004205,C0258,2026-08-01,60,Integrations,4
U0004206,C0258,2026-09-01,38,Automation,19
U0004207,C0259,2025-01-01,77,API,11
U0004208,C0259,2025-02-01,46,Dashboard,18
U0004209,C0259,2025-03-01,67,Integrations,3
U0004210,C0259,2025-04-01,77,API,2
U0004211,C0259,2025-05-01,44,Exports,15
U0004212,C0259,2025-06-01,76,Dashboard,10
U0004213,C0259,2025-07-01,6,Dashboard,15
U0004214,C0259,2025-08-01,56,Dashboard,14
U0004215,C0259,2025-09-01,27,API,5
U0004216,C0259,2025-10-01,20,Dashboard,18
U0004217,C0259,2025-11-01,37,Automation,5
U0004218,C0259,2025-12-01,9,Integrations,1
U0004219,C0259,2026-02-01,57,Reports,7
U0004220,C0259,2026-03-01,48,API,16
U0004221,C0259,2026-04-01,3,Exports,14
U0004222,C0259,2026-05-01,4,Exports,3
U0004223,C0259,2026-06-01,23,API,3
U0004224,C0259,2026-08-01,77,API,6
U0004225,C0259,2026-09-01,9,Integrations,17
U0004226,C0260,2025-01-01,76,Integrations,2
U0004227,C0260,2025-02-01,28,Dashboard,3
U0004228,C0260,2025-03-01,48,Exports,3
U0004229,C0260,2025-04-01,33,Exports,10
U0004230,C0260,2025-05-01,8,Integrations,6
U0004231,C0260,2025-06-01,54,Automation,16
U0004232,C0260,2025-07-01,45,Reports,8
U0004233,C0260,2025-08-01,54,API,15
U0004234,C0260,2025-10-01,23,Dashboard,10
U0004235,C0260,2025-11-01,1,Automation,4
U0004236,C0260,2025-12-01,60,API,2
U0004237,C0260,2026-01-01,74,API,9
U0004238,C0260,2026-03-01,60,Automation,4
U0004239,C0260,2026-05-01,4,Exports,1
U0004240,C0260,2026-06-01,9,Integrations,7
U0004241,C0260,2026-07-01,5,Integrations,13
U0004242,C0260,2026-08-01,12,Automation,7
U0004243,C0260,2026-09-01,60,Reports,10
U0004244,C0261,2025-01-01,56,Exports,16
U0004245,C0261,2025-02-01,20,Reports,14
U0004246,C0261,2025-03-01,24,Dashboard,12
U0004247,C0261,2025-04-01,50,Reports,14
U0004248,C0261,2025-05-01,57,Integrations,6
U0004249,C0261,2025-06-01,19,Automation,7
U0004250,C0261,2025-09-01,5,Reports,14
U0004251,C0261,2025-10-01,76,API,6
U0004252,C0261,2025-12-01,45,Reports,17
U0004253,C0261,2026-01-01,66,Automation,1
U0004254,C0261,2026-02-01,43,Exports,4
U0004255,C0261,2026-03-01,13,Integrations,4
U0004256,C0261,2026-04-01,18,Automation,19
U0004257,C0261,2026-05-01,57,Reports,1
U0004258,C0261,2026-06-01,28,Exports,5
U0004259,C0261,2026-07-01,76,Automation,7
U0004260,C0261,2026-08-01,10,Exports,19
U0004261,C0261,2026-09-01,79,API,17
U0004262,C0262,2025-01-01,77,Reports,15
U0004263,C0262,2025-02-01,65,Integrations,1
U0004264,C0262,2025-04-01,11,API,13
U0004265,C0262,2025-05-01,41,Dashboard,7
U0004266,C0262,2025-06-01,25,Reports,2
U0004267,C0262,2025-07-01,54,Automation,1
U0004268,C0262,2025-08-01,16,Reports,16
U0004269,C0262,2025-09-01,34,Reports,10
U0004270,C0262,2025-10-01,76,Automation,8
U0004271,C0262,2026-01-01,46,Dashboard,11
U0004272,C0262,2026-02-01,65,Exports,10
U0004273,C0262,2026-03-01,59,API,9
U0004274,C0262,2026-06-01,11,Reports,8
U0004275,C0262,2026-07-01,3,Automation,5
U0004276,C0263,2025-02-01,2,Reports,7
U0004277,C0263,2025-04-01,71,Reports,12
U0004278,C0263,2025-07-01,25,Integrations,14
U0004279,C0263,2025-08-01,51,Exports,11
U0004280,C0263,2025-09-01,3,Dashboard,11
U0004281,C0263,2025-12-01,4,Dashboard,4
U0004282,C0263,2026-01-01,30,Integrations,1
U0004283,C0263,2026-02-01,20,API,4
U0004284,C0263,2026-04-01,12,Automation,14
U0004285,C0263,2026-05-01,48,Automation,16
U0004286,C0263,2026-07-01,4,Reports,7
U0004287,C0263,2026-08-01,47,Dashboard,10
U0004288,C0264,2025-01-01,66,API,6
U0004289,C0264,2025-03-01,77,Integrations,2
U0004290,C0264,2025-04-01,72,Dashboard,2
U0004291,C0264,2025-05-01,49,Exports,13
U0004292,C0264,2025-06-01,67,Automation,19
U0004293,C0264,2025-07-01,18,Reports,16
U0004294,C0264,2025-08-01,23,API,12
U0004295,C0264,2025-09-01,49,Reports,4
U0004296,C0264,2025-11-01,64,Automation,4
U0004297,C0264,2025-12-01,57,Dashboard,9
U0004298,C0264,2026-01-01,53,Integrations,7
U0004299,C0264,2026-02-01,61,Dashboard,18
U0004300,C0264,2026-03-01,2,Reports,9
U0004301,C0264,2026-06-01,35,Reports,11
U0004302,C0264,2026-09-01,12,API,19
U0004303,C0265,2025-01-01,59,Reports,2
U0004304,C0265,2025-02-01,33,Exports,5
U0004305,C0265,2025-03-01,14,API,18
U0004306,C0265,2025-04-01,15,Reports,4
U0004307,C0265,2025-05-01,49,Automation,18
U0004308,C0265,2025-06-01,25,Exports,15
U0004309,C0265,2025-08-01,67,Exports,1
U0004310,C0265,2025-09-01,43,Automation,3
U0004311,C0265,2025-10-01,53,Dashboard,8
U0004312,C0265,2025-11-01,48,API,4
U0004313,C0265,2026-01-01,79,Reports,2
U0004314,C0265,2026-03-01,25,Dashboard,18
U0004315,C0265,2026-04-01,37,Dashboard,10
U0004316,C0265,2026-06-01,22,Reports,13
U0004317,C0265,2026-07-01,40,Integrations,14
U0004318,C0265,2026-09-01,67,Integrations,11
U0004319,C0266,2025-02-01,3,Integrations,11
U0004320,C0266,2025-03-01,16,Integrations,19
U0004321,C0266,2025-04-01,66,Reports,10
U0004322,C0266,2025-05-01,12,API,9
U0004323,C0266,2025-06-01,11,API,3
U0004324,C0266,2025-08-01,25,Exports,10
U0004325,C0266,2025-09-01,53,API,3
U0004326,C0266,2025-11-01,55,Reports,19
U0004327,C0266,2025-12-01,30,Reports,1
U0004328,C0266,2026-02-01,75,Integrations,18
U0004329,C0266,2026-03-01,65,Automation,10
U0004330,C0266,2026-04-01,46,Reports,12
U0004331,C0266,2026-05-01,79,Integrations,11
U0004332,C0266,2026-07-01,41,Reports,3
U0004333,C0266,2026-08-01,27,Reports,18
U0004334,C0266,2026-09-01,27,Exports,1
U0004335,C0267,2025-01-01,45,Exports,19
U0004336,C0267,2025-02-01,45,Reports,12
U0004337,C0267,2025-03-01,16,Integrations,8
U0004338,C0267,2025-04-01,16,Exports,9
U0004339,C0267,2025-05-01,11,API,15
U0004340,C0267,2025-06-01,33,Exports,1
U0004341,C0267,2025-07-01,75,API,12
U0004342,C0267,2025-08-01,72,Automation,5
U0004343,C0267,2025-09-01,66,Dashboard,13
U0004344,C0267,2025-11-01,52,Dashboard,15
U0004345,C0267,2025-12-01,57,Dashboard,5
U0004346,C0267,2026-02-01,47,Exports,15
U0004347,C0267,2026-03-01,79,Reports,4
U0004348,C0267,2026-04-01,60,Automation,2
U0004349,C0267,2026-05-01,44,API,8
U0004350,C0267,2026-08-01,50,Dashboard,10
U0004351,C0267,2026-09-01,40,Reports,10
U0004352,C0268,2025-01-01,10,Exports,6
U0004353,C0268,2025-02-01,18,Integrations,7
U0004354,C0268,2025-03-01,16,Integrations,1
U0004355,C0268,2025-05-01,50,Automation,7
U0004356,C0268,2025-06-01,40,Exports,7
U0004357,C0268,2025-07-01,75,API,18
U0004358,C0268,2025-08-01,55,Dashboard,3
U0004359,C0268,2025-10-01,67,Automation,12
U0004360,C0268,2025-12-01,78,Reports,10
U0004361,C0268,2026-02-01,73,API,17
U0004362,C0268,2026-03-01,26,Integrations,11
U0004363,C0268,2026-04-01,30,API,9
U0004364,C0268,2026-05-01,16,Integrations,14
U0004365,C0268,2026-06-01,10,Reports,7
U0004366,C0268,2026-08-01,50,Dashboard,1
U0004367,C0268,2026-09-01,64,Reports,4
U0004368,C0269,2025-01-01,59,Exports,9
U0004369,C0269,2025-02-01,78,Dashboard,19
U0004370,C0269,2025-03-01,18,Automation,18
U0004371,C0269,2025-05-01,3,Dashboard,2
U0004372,C0269,2025-06-01,1,Exports,5
U0004373,C0269,2025-08-01,38,Automation,5
U0004374,C0269,2025-09-01,53,API,2
U0004375,C0269,2025-10-01,11,Integrations,1
U0004376,C0269,2025-11-01,56,API,7
U0004377,C0269,2025-12-01,19,Automation,7
U0004378,C0269,2026-01-01,43,Automation,14
U0004379,C0269,2026-04-01,4,Automation,2
U0004380,C0269,2026-05-01,46,Exports,16
U0004381,C0269,2026-06-01,70,API,17
U0004382,C0269,2026-07-01,57,Automation,12
U0004383,C0270,2025-01-01,33,Automation,4
U0004384,C0270,2025-02-01,25,API,6
U0004385,C0270,2025-03-01,39,API,15
U0004386,C0270,2025-04-01,22,Dashboard,15
U0004387,C0270,2025-05-01,35,Reports,1
U0004388,C0270,2025-06-01,4,Automation,12
U0004389,C0270,2025-07-01,35,Automation,17
U0004390,C0270,2025-09-01,41,Dashboard,4
U0004391,C0270,2025-11-01,44,Integrations,8
U0004392,C0270,2026-01-01,31,Dashboard,18
U0004393,C0270,2026-02-01,2,Integrations,10
U0004394,C0270,2026-03-01,44,Integrations,13
U0004395,C0270,2026-04-01,52,Integrations,15
U0004396,C0270,2026-06-01,36,Exports,3
U0004397,C0270,2026-07-01,40,Integrations,13
U0004398,C0270,2026-09-01,66,Integrations,14
U0004399,C0271,2025-01-01,2,Reports,12
U0004400,C0271,2025-03-01,11,Integrations,2
U0004401,C0271,2025-04-01,34,Reports,16
U0004402,C0271,2025-06-01,35,Reports,6
U0004403,C0271,2025-07-01,62,Automation,2
U0004404,C0271,2025-08-01,38,Integrations,2
U0004405,C0271,2025-09-01,68,Automation,14
U0004406,C0271,2025-10-01,14,API,10
U0004407,C0271,2025-11-01,57,Integrations,17
U0004408,C0271,2025-12-01,47,Reports,4
U0004409,C0271,2026-01-01,56,API,11
U0004410,C0271,2026-02-01,58,Exports,2
U0004411,C0271,2026-03-01,49,Dashboard,17
U0004412,C0271,2026-04-01,3,Reports,16
U0004413,C0271,2026-05-01,31,Integrations,1
U0004414,C0271,2026-06-01,69,Dashboard,16
U0004415,C0271,2026-07-01,59,Automation,12
U0004416,C0271,2026-08-01,4,Dashboard,9
U0004417,C0271,2026-09-01,72,Dashboard,8
U0004418,C0272,2025-01-01,79,Integrations,6
U0004419,C0272,2025-02-01,40,Automation,10
U0004420,C0272,2025-03-01,36,API,13
U0004421,C0272,2025-04-01,37,Exports,12
U0004422,C0272,2025-05-01,63,Exports,18
U0004423,C0272,2025-07-01,69,Exports,14
U0004424,C0272,2025-08-01,42,Dashboard,6
U0004425,C0272,2025-12-01,69,Integrations,16
U0004426,C0272,2026-01-01,16,Exports,12
U0004427,C0272,2026-02-01,21,Dashboard,17
U0004428,C0272,2026-03-01,30,Dashboard,2
U0004429,C0272,2026-05-01,41,Dashboard,3
U0004430,C0272,2026-06-01,39,Exports,13
U0004431,C0272,2026-07-01,23,Exports,6
U0004432,C0272,2026-08-01,7,API,14
U0004433,C0272,2026-09-01,23,Reports,7
U0004434,C0273,2025-01-01,33,API,18
U0004435,C0273,2025-02-01,63,Automation,16
U0004436,C0273,2025-03-01,26,API,1
U0004437,C0273,2025-04-01,7,Reports,13
U0004438,C0273,2025-05-01,47,Integrations,16
U0004439,C0273,2025-06-01,9,API,19
U0004440,C0273,2025-07-01,37,Reports,2
U0004441,C0273,2025-08-01,47,Integrations,14
U0004442,C0273,2025-09-01,33,Reports,15
U0004443,C0273,2025-10-01,40,Dashboard,1
U0004444,C0273,2025-11-01,12,API,8
U0004445,C0273,2025-12-01,58,Automation,14
U0004446,C0273,2026-01-01,15,API,14
U0004447,C0273,2026-02-01,34,Automation,9
U0004448,C0273,2026-03-01,79,Reports,3
U0004449,C0273,2026-04-01,22,Exports,7
U0004450,C0273,2026-06-01,5,API,11
U0004451,C0273,2026-07-01,4,Exports,10
U0004452,C0273,2026-08-01,60,Reports,6
U0004453,C0273,2026-09-01,27,API,14
U0004454,C0274,2025-03-01,57,Exports,15
U0004455,C0274,2025-05-01,60,API,8
U0004456,C0274,2025-06-01,37,Integrations,16
U0004457,C0274,2025-07-01,13,Integrations,7
U0004458,C0274,2025-09-01,75,Dashboard,8
U0004459,C0274,2025-10-01,42,API,7
U0004460,C0274,2025-11-01,24,API,5
U0004461,C0274,2025-12-01,3,Integrations,16
U0004462,C0274,2026-01-01,40,Dashboard,10
U0004463,C0274,2026-03-01,35,API,13
U0004464,C0274,2026-04-01,2,Exports,6
U0004465,C0274,2026-05-01,23,Exports,1
U0004466,C0274,2026-06-01,30,Dashboard,7
U0004467,C0274,2026-07-01,71,Reports,15
U0004468,C0274,2026-08-01,28,Reports,10
U0004469,C0274,2026-09-01,79,Automation,6
U0004470,C0275,2025-01-01,33,Integrations,9
U0004471,C0275,2025-02-01,6,API,9
U0004472,C0275,2025-04-01,75,Exports,19
U0004473,C0275,2025-05-01,60,Integrations,16
U0004474,C0275,2025-09-01,62,Integrations,15
U0004475,C0275,2025-10-01,72,Automation,10
U0004476,C0275,2025-11-01,7,Automation,13
U0004477,C0275,2025-12-01,64,API,12
U0004478,C0275,2026-01-01,57,Automation,5
U0004479,C0275,2026-02-01,68,Integrations,1
U0004480,C0275,2026-03-01,52,Dashboard,2
U0004481,C0275,2026-04-01,61,API,11
U0004482,C0275,2026-05-01,69,Automation,9
U0004483,C0275,2026-06-01,79,Reports,16
U0004484,C0275,2026-07-01,37,Reports,19
U0004485,C0275,2026-08-01,65,Dashboard,7
U0004486,C0275,2026-09-01,4,Exports,13
U0004487,C0276,2025-01-01,18,Exports,11
U0004488,C0276,2025-03-01,31,Reports,6
U0004489,C0276,2025-04-01,11,Automation,15
U0004490,C0276,2025-05-01,72,Dashboard,3
U0004491,C0276,2025-06-01,52,Integrations,2
U0004492,C0276,2025-07-01,63,Integrations,2
U0004493,C0276,2025-09-01,44,Dashboard,2
U0004494,C0276,2025-10-01,54,Exports,11
U0004495,C0276,2025-11-01,65,Automation,8
U0004496,C0276,2025-12-01,16,API,16
U0004497,C0276,2026-01-01,7,API,5
U0004498,C0276,2026-02-01,68,Reports,3
U0004499,C0276,2026-03-01,3,API,13
U0004500,C0276,2026-04-01,42,Integrations,8
U0004501,C0276,2026-05-01,24,Dashboard,12
U0004502,C0276,2026-06-01,19,Automation,4
U0004503,C0276,2026-07-01,55,Exports,2
U0004504,C0276,2026-08-01,4,Exports,6
U0004505,C0277,2025-01-01,41,Exports,19
U0004506,C0277,2025-03-01,69,Automation,18
U0004507,C0277,2025-04-01,64,Integrations,10
U0004508,C0277,2025-05-01,49,Automation,1
U0004509,C0277,2025-06-01,56,Automation,9
U0004510,C0277,2025-07-01,70,Integrations,4
U0004511,C0277,2025-09-01,50,Integrations,10
U0004512,C0277,2025-10-01,24,Reports,19
U0004513,C0277,2025-11-01,79,API,13
U0004514,C0277,2025-12-01,44,Dashboard,16
U0004515,C0277,2026-01-01,56,Integrations,10
U0004516,C0277,2026-03-01,16,Reports,9
U0004517,C0277,2026-05-01,65,API,9
U0004518,C0277,2026-07-01,33,Automation,14
U0004519,C0277,2026-09-01,47,Dashboard,7
U0004520,C0278,2025-01-01,34,Integrations,7
U0004521,C0278,2025-02-01,79,API,7
U0004522,C0278,2025-03-01,74,Exports,9
U0004523,C0278,2025-05-01,9,Reports,15
U0004524,C0278,2025-07-01,8,Integrations,7
U0004525,C0278,2025-08-01,9,Integrations,16
U0004526,C0278,2025-09-01,29,API,13
U0004527,C0278,2025-12-01,35,Integrations,7
U0004528,C0278,2026-01-01,15,Reports,9
U0004529,C0278,2026-02-01,10,Reports,15
U0004530,C0278,2026-03-01,13,Exports,12
U0004531,C0278,2026-04-01,55,Dashboard,8
U0004532,C0278,2026-05-01,35,API,14
U0004533,C0278,2026-07-01,1,Reports,11
U0004534,C0278,2026-08-01,10,Exports,8
U0004535,C0278,2026-09-01,39,Exports,13
U0004536,C0279,2025-01-01,24,Exports,11
U0004537,C0279,2025-02-01,20,Automation,19
U0004538,C0279,2025-03-01,58,Integrations,5
U0004539,C0279,2025-04-01,29,Exports,4
U0004540,C0279,2025-05-01,22,Reports,19
U0004541,C0279,2025-06-01,74,API,6
U0004542,C0279,2025-07-01,28,Integrations,18
U0004543,C0279,2025-09-01,68,Dashboard,13
U0004544,C0279,2025-10-01,7,Reports,13
U0004545,C0279,2025-11-01,7,Integrations,11
U0004546,C0279,2025-12-01,61,Dashboard,12
U0004547,C0279,2026-01-01,37,Automation,1
U0004548,C0279,2026-02-01,72,API,1
U0004549,C0279,2026-03-01,44,API,14
U0004550,C0279,2026-04-01,45,Automation,9
U0004551,C0279,2026-07-01,67,Integrations,9
U0004552,C0279,2026-08-01,69,Integrations,13
U0004553,C0279,2026-09-01,21,Automation,19
U0004554,C0280,2025-01-01,73,Reports,9
U0004555,C0280,2025-02-01,75,Exports,18
U0004556,C0280,2025-03-01,39,Dashboard,7
U0004557,C0280,2025-04-01,45,Automation,13
U0004558,C0280,2025-05-01,62,Automation,17
U0004559,C0280,2025-06-01,13,Exports,8
U0004560,C0280,2025-07-01,24,Exports,17
U0004561,C0280,2025-08-01,6,Reports,11
U0004562,C0280,2025-09-01,63,Reports,3
U0004563,C0280,2025-10-01,33,Automation,16
U0004564,C0280,2025-12-01,9,API,16
U0004565,C0280,2026-01-01,24,Integrations,19
U0004566,C0280,2026-02-01,3,Integrations,17
U0004567,C0280,2026-04-01,10,Dashboard,17
U0004568,C0280,2026-05-01,68,Automation,19
U0004569,C0280,2026-06-01,43,Integrations,6
U0004570,C0280,2026-07-01,30,API,19
U0004571,C0280,2026-08-01,19,Reports,14
U0004572,C0280,2026-09-01,79,Reports,17
U0004573,C0281,2025-01-01,24,Integrations,13
U0004574,C0281,2025-02-01,15,Exports,12
U0004575,C0281,2025-03-01,46,API,14
U0004576,C0281,2025-04-01,29,Integrations,7
U0004577,C0281,2025-05-01,74,Integrations,18
U0004578,C0281,2025-06-01,17,Reports,14
U0004579,C0281,2025-07-01,39,Dashboard,2
U0004580,C0281,2025-09-01,39,API,3
U0004581,C0281,2025-10-01,64,Exports,7
U0004582,C0281,2025-11-01,13,Exports,19
U0004583,C0281,2026-01-01,75,Integrations,16
U0004584,C0281,2026-03-01,75,Dashboard,1
U0004585,C0281,2026-04-01,9,Automation,18
U0004586,C0281,2026-06-01,20,Dashboard,12
U0004587,C0281,2026-08-01,33,Automation,1
U0004588,C0281,2026-09-01,62,Dashboard,5
U0004589,C0282,2025-01-01,78,Exports,16
U0004590,C0282,2025-02-01,51,Automation,19
U0004591,C0282,2025-03-01,5,Exports,16
U0004592,C0282,2025-04-01,27,Dashboard,18
U0004593,C0282,2025-08-01,21,Exports,12
U0004594,C0282,2025-10-01,64,Exports,2
U0004595,C0282,2025-11-01,12,Reports,12
U0004596,C0282,2025-12-01,8,Dashboard,17
U0004597,C0282,2026-01-01,7,Automation,13
U0004598,C0282,2026-02-01,12,Dashboard,19
U0004599,C0282,2026-05-01,36,Dashboard,4
U0004600,C0282,2026-07-01,8,Automation,8
U0004601,C0282,2026-08-01,25,API,15
U0004602,C0282,2026-09-01,29,Reports,19
U0004603,C0283,2025-02-01,73,Automation,10
U0004604,C0283,2025-04-01,13,Exports,7
U0004605,C0283,2025-06-01,28,Integrations,17
U0004606,C0283,2025-07-01,71,API,4
U0004607,C0283,2025-08-01,62,Exports,7
U0004608,C0283,2025-09-01,14,Integrations,13
U0004609,C0283,2025-10-01,29,API,15
U0004610,C0283,2026-01-01,12,Automation,15
U0004611,C0283,2026-02-01,72,Exports,5
U0004612,C0283,2026-05-01,70,API,18
U0004613,C0283,2026-07-01,79,Automation,19
U0004614,C0283,2026-08-01,2,Integrations,14
U0004615,C0283,2026-09-01,7,Dashboard,2
U0004616,C0284,2025-02-01,7,API,11
U0004617,C0284,2025-04-01,61,Dashboard,1
U0004618,C0284,2025-06-01,76,Dashboard,16
U0004619,C0284,2025-08-01,57,Dashboard,3
U0004620,C0284,2025-10-01,6,Exports,15
U0004621,C0284,2025-11-01,17,Integrations,9
U0004622,C0284,2025-12-01,65,Exports,17
U0004623,C0284,2026-01-01,22,Reports,14
U0004624,C0284,2026-02-01,11,API,11
U0004625,C0284,2026-03-01,27,Exports,11
U0004626,C0284,2026-04-01,19,Dashboard,6
U0004627,C0284,2026-05-01,18,Integrations,14
U0004628,C0284,2026-06-01,9,Integrations,3
U0004629,C0284,2026-07-01,53,Integrations,3
U0004630,C0284,2026-08-01,59,Dashboard,19
U0004631,C0285,2025-01-01,9,Dashboard,6
U0004632,C0285,2025-03-01,35,API,1
U0004633,C0285,2025-04-01,58,API,1
U0004634,C0285,2025-05-01,5,API,3
U0004635,C0285,2025-07-01,24,Integrations,19
U0004636,C0285,2025-08-01,65,Exports,2
U0004637,C0285,2025-10-01,45,Automation,17
U0004638,C0285,2025-11-01,79,API,6
U0004639,C0285,2026-03-01,13,Automation,6
U0004640,C0285,2026-04-01,49,API,7
U0004641,C0285,2026-05-01,50,Automation,3
U0004642,C0285,2026-06-01,70,Integrations,14
U0004643,C0285,2026-07-01,45,Dashboard,4
U0004644,C0285,2026-08-01,38,Dashboard,14
U0004645,C0285,2026-09-01,32,Reports,17
U0004646,C0286,2025-01-01,52,Integrations,9
U0004647,C0286,2025-02-01,22,Automation,2
U0004648,C0286,2025-03-01,56,API,17
U0004649,C0286,2025-04-01,38,Automation,12
U0004650,C0286,2025-05-01,21,Automation,8
U0004651,C0286,2025-06-01,2,Integrations,1
U0004652,C0286,2025-08-01,11,Automation,14
U0004653,C0286,2025-09-01,17,Reports,5
U0004654,C0286,2025-10-01,53,Automation,3
U0004655,C0286,2025-11-01,59,Reports,4
U0004656,C0286,2025-12-01,73,API,13
U0004657,C0286,2026-01-01,69,Integrations,1
U0004658,C0286,2026-02-01,77,Reports,9
U0004659,C0286,2026-03-01,76,Integrations,4
U0004660,C0286,2026-04-01,50,Reports,14
U0004661,C0286,2026-05-01,75,Automation,4
U0004662,C0286,2026-06-01,50,Dashboard,12
U0004663,C0286,2026-07-01,5,Exports,5
U0004664,C0286,2026-08-01,3,API,17
U0004665,C0286,2026-09-01,79,Integrations,11
U0004666,C0287,2025-01-01,35,Automation,3
U0004667,C0287,2025-02-01,78,Exports,3
U0004668,C0287,2025-03-01,72,Integrations,19
U0004669,C0287,2025-04-01,57,Exports,14
U0004670,C0287,2025-05-01,58,Dashboard,9
U0004671,C0287,2025-07-01,72,Exports,18
U0004672,C0287,2025-08-01,24,Reports,17
U0004673,C0287,2025-09-01,8,Automation,3
U0004674,C0287,2025-10-01,52,Automation,6
U0004675,C0287,2025-11-01,2,Integrations,2
U0004676,C0287,2025-12-01,15,API,18
U0004677,C0287,2026-01-01,30,Integrations,5
U0004678,C0287,2026-02-01,64,API,8
U0004679,C0287,2026-03-01,68,Reports,3
U0004680,C0287,2026-04-01,44,API,5
U0004681,C0287,2026-05-01,43,Exports,3
U0004682,C0287,2026-06-01,54,Reports,5
U0004683,C0287,2026-07-01,26,Dashboard,1
U0004684,C0287,2026-08-01,71,Dashboard,16
U0004685,C0287,2026-09-01,28,Exports,10
U0004686,C0288,2025-01-01,76,Dashboard,19
U0004687,C0288,2025-02-01,77,Reports,8
U0004688,C0288,2025-03-01,25,Automation,13
U0004689,C0288,2025-05-01,52,Dashboard,19
U0004690,C0288,2025-07-01,25,Exports,12
U0004691,C0288,2025-09-01,59,Dashboard,3
U0004692,C0288,2025-10-01,9,Dashboard,12
U0004693,C0288,2025-12-01,79,Dashboard,9
U0004694,C0288,2026-01-01,18,API,16
U0004695,C0288,2026-02-01,59,Exports,15
U0004696,C0288,2026-03-01,60,Dashboard,2
U0004697,C0288,2026-04-01,22,API,10
U0004698,C0288,2026-05-01,31,API,10
U0004699,C0288,2026-06-01,72,Reports,12
U0004700,C0288,2026-07-01,22,Integrations,15
U0004701,C0288,2026-08-01,54,Reports,16
U0004702,C0288,2026-09-01,28,Reports,18
U0004703,C0289,2025-02-01,60,API,19
U0004704,C0289,2025-03-01,64,Exports,7
U0004705,C0289,2025-04-01,54,Exports,16
U0004706,C0289,2025-05-01,1,Automation,17
U0004707,C0289,2025-07-01,24,Reports,2
U0004708,C0289,2025-09-01,61,Automation,19
U0004709,C0289,2025-10-01,75,Automation,3
U0004710,C0289,2025-11-01,67,Exports,4
U0004711,C0289,2025-12-01,24,API,4
U0004712,C0289,2026-01-01,12,Dashboard,9
U0004713,C0289,2026-02-01,44,Automation,13
U0004714,C0289,2026-05-01,29,Integrations,12
U0004715,C0289,2026-07-01,74,Integrations,1
U0004716,C0289,2026-08-01,40,Automation,17
U0004717,C0290,2025-02-01,73,API,17
U0004718,C0290,2025-03-01,55,Reports,17
U0004719,C0290,2025-05-01,60,API,7
U0004720,C0290,2025-06-01,64,Exports,9
U0004721,C0290,2025-07-01,51,Dashboard,19
U0004722,C0290,2025-08-01,12,Reports,4
U0004723,C0290,2025-09-01,11,Automation,12
U0004724,C0290,2025-10-01,63,Dashboard,9
U0004725,C0290,2025-11-01,9,Integrations,17
U0004726,C0290,2026-03-01,66,Reports,4
U0004727,C0290,2026-04-01,37,Reports,2
U0004728,C0290,2026-07-01,20,Exports,14
U0004729,C0290,2026-08-01,3,Dashboard,12
U0004730,C0290,2026-09-01,36,Dashboard,3
U0004731,C0291,2025-01-01,35,API,6
U0004732,C0291,2025-02-01,9,Automation,12
U0004733,C0291,2025-03-01,46,Reports,8
U0004734,C0291,2025-04-01,6,Automation,16
U0004735,C0291,2025-05-01,4,Automation,8
U0004736,C0291,2025-06-01,65,API,5
U0004737,C0291,2025-07-01,79,Automation,9
U0004738,C0291,2025-08-01,79,Automation,12
U0004739,C0291,2025-09-01,48,Reports,13
U0004740,C0291,2025-10-01,73,Automation,12
U0004741,C0291,2025-11-01,53,Integrations,13
U0004742,C0291,2025-12-01,73,Automation,7
U0004743,C0291,2026-01-01,5,Automation,19
U0004744,C0291,2026-03-01,21,Dashboard,6
U0004745,C0291,2026-04-01,25,Reports,14
U0004746,C0291,2026-06-01,10,Reports,19
U0004747,C0291,2026-08-01,78,API,2
U0004748,C0291,2026-09-01,65,Reports,12
U0004749,C0292,2025-02-01,53,API,1
U0004750,C0292,2025-03-01,58,Integrations,1
U0004751,C0292,2025-04-01,6,Exports,5
U0004752,C0292,2025-06-01,22,Automation,2
U0004753,C0292,2025-07-01,62,Exports,18
U0004754,C0292,2025-08-01,53,Exports,19
U0004755,C0292,2025-09-01,57,Reports,14
U0004756,C0292,2025-10-01,41,Dashboard,16
U0004757,C0292,2025-12-01,10,Integrations,10
U0004758,C0292,2026-01-01,33,Reports,15
U0004759,C0292,2026-02-01,79,Dashboard,10
U0004760,C0292,2026-03-01,37,Integrations,11
U0004761,C0292,2026-04-01,22,Dashboard,5
U0004762,C0292,2026-05-01,63,Automation,11
U0004763,C0292,2026-06-01,40,Integrations,16
U0004764,C0292,2026-07-01,72,Exports,19
U0004765,C0292,2026-08-01,61,Reports,19
U0004766,C0292,2026-09-01,26,Reports,3
U0004767,C0293,2025-02-01,19,API,9
U0004768,C0293,2025-04-01,70,Reports,1
U0004769,C0293,2025-05-01,57,API,13
U0004770,C0293,2025-07-01,33,Reports,2
U0004771,C0293,2025-08-01,65,API,7
U0004772,C0293,2025-09-01,28,Dashboard,6
U0004773,C0293,2025-11-01,18,Reports,1
U0004774,C0293,2025-12-01,59,Reports,7
U0004775,C0293,2026-01-01,61,Integrations,4
U0004776,C0293,2026-02-01,69,Integrations,5
U0004777,C0293,2026-03-01,68,Dashboard,8
U0004778,C0293,2026-04-01,57,API,5
U0004779,C0293,2026-05-01,42,Reports,8
U0004780,C0293,2026-07-01,32,Integrations,4
U0004781,C0294,2025-01-01,72,Integrations,4
U0004782,C0294,2025-02-01,24,Dashboard,2
U0004783,C0294,2025-04-01,79,Dashboard,12
U0004784,C0294,2025-05-01,59,Exports,17
U0004785,C0294,2025-06-01,30,Automation,6
U0004786,C0294,2025-07-01,35,Dashboard,17
U0004787,C0294,2025-09-01,15,Automation,12
U0004788,C0294,2025-11-01,31,Exports,16
U0004789,C0294,2025-12-01,62,Integrations,11
U0004790,C0294,2026-01-01,27,Integrations,5
U0004791,C0294,2026-02-01,74,Automation,9
U0004792,C0294,2026-03-01,69,Automation,11
U0004793,C0294,2026-04-01,21,Exports,17
U0004794,C0294,2026-05-01,60,Integrations,1
U0004795,C0294,2026-06-01,42,Reports,10
U0004796,C0294,2026-07-01,65,Integrations,12
U0004797,C0294,2026-08-01,22,Reports,17
U0004798,C0294,2026-09-01,41,Dashboard,1
U0004799,C0295,2025-01-01,59,API,4
U0004800,C0295,2025-02-01,3,Reports,4
U0004801,C0295,2025-03-01,35,Reports,7
U0004802,C0295,2025-05-01,62,Automation,11
U0004803,C0295,2025-06-01,35,Automation,6
U0004804,C0295,2025-07-01,61,Reports,4
U0004805,C0295,2025-08-01,42,Dashboard,11
U0004806,C0295,2025-11-01,31,Integrations,1
U0004807,C0295,2025-12-01,56,Integrations,6
U0004808,C0295,2026-01-01,12,API,2
U0004809,C0295,2026-02-01,21,Integrations,6
U0004810,C0295,2026-04-01,73,Integrations,3
U0004811,C0295,2026-05-01,14,Exports,13
U0004812,C0295,2026-08-01,66,Automation,8
U0004813,C0296,2025-02-01,40,Dashboard,7
U0004814,C0296,2025-03-01,22,Automation,15
U0004815,C0296,2025-04-01,35,Integrations,4
U0004816,C0296,2025-05-01,26,Integrations,11
U0004817,C0296,2025-06-01,41,Dashboard,6
U0004818,C0296,2025-07-01,40,Exports,19
U0004819,C0296,2025-08-01,23,Exports,7
U0004820,C0296,2025-09-01,43,Integrations,11
U0004821,C0296,2025-10-01,31,Automation,10
U0004822,C0296,2025-12-01,58,Exports,15
U0004823,C0296,2026-01-01,62,Automation,3
U0004824,C0296,2026-02-01,34,Automation,1
U0004825,C0296,2026-04-01,22,Exports,12
U0004826,C0296,2026-05-01,48,Exports,2
U0004827,C0296,2026-06-01,16,Reports,3
U0004828,C0296,2026-07-01,36,Integrations,11
U0004829,C0296,2026-09-01,45,Reports,13
U0004830,C0297,2025-01-01,1,Automation,4
U0004831,C0297,2025-02-01,75,Integrations,12
U0004832,C0297,2025-04-01,68,Dashboard,19
U0004833,C0297,2025-05-01,74,Reports,2
U0004834,C0297,2025-06-01,51,Exports,19
U0004835,C0297,2025-07-01,16,Reports,6
U0004836,C0297,2025-08-01,11,Integrations,19
U0004837,C0297,2025-09-01,18,Integrations,9
U0004838,C0297,2026-01-01,9,Automation,17
U0004839,C0297,2026-02-01,39,API,19
U0004840,C0297,2026-03-01,38,Integrations,14
U0004841,C0297,2026-04-01,32,Automation,17
U0004842,C0297,2026-05-01,6,Integrations,12
U0004843,C0297,2026-06-01,9,Exports,13
U0004844,C0297,2026-07-01,19,Exports,7
U0004845,C0297,2026-08-01,58,Automation,16
U0004846,C0297,2026-09-01,73,Reports,1
U0004847,C0298,2025-01-01,45,API,10
U0004848,C0298,2025-02-01,48,Reports,6
U0004849,C0298,2025-04-01,27,Exports,8
U0004850,C0298,2025-05-01,77,Integrations,1
U0004851,C0298,2025-06-01,22,Dashboard,15
U0004852,C0298,2025-07-01,24,Automation,3
U0004853,C0298,2025-08-01,7,Integrations,5
U0004854,C0298,2025-09-01,73,Integrations,10
U0004855,C0298,2025-10-01,13,Automation,19
U0004856,C0298,2025-11-01,57,Integrations,14
U0004857,C0298,2025-12-01,22,Integrations,5
U0004858,C0298,2026-01-01,51,Automation,18
U0004859,C0298,2026-02-01,34,Automation,4
U0004860,C0298,2026-03-01,57,Exports,1
U0004861,C0298,2026-04-01,65,Reports,17
U0004862,C0298,2026-05-01,57,Integrations,17
U0004863,C0298,2026-06-01,79,Exports,17
U0004864,C0298,2026-07-01,9,Automation,5
U0004865,C0298,2026-08-01,1,Automation,12
U0004866,C0299,2025-01-01,49,Reports,7
U0004867,C0299,2025-02-01,57,API,18
U0004868,C0299,2025-04-01,7,Integrations,3
U0004869,C0299,2025-05-01,51,Automation,12
U0004870,C0299,2025-07-01,39,Dashboard,1
U0004871,C0299,2025-09-01,43,API,14
U0004872,C0299,2025-10-01,56,Integrations,9
U0004873,C0299,2025-11-01,52,Automation,16
U0004874,C0299,2026-01-01,6,API,4
U0004875,C0299,2026-02-01,16,API,4
U0004876,C0299,2026-03-01,35,Exports,3
U0004877,C0299,2026-05-01,4,Reports,12
U0004878,C0299,2026-08-01,42,Exports,6
U0004879,C0299,2026-09-01,58,Exports,18
U0004880,C0300,2025-01-01,50,Reports,19
U0004881,C0300,2025-02-01,13,Dashboard,17
U0004882,C0300,2025-03-01,37,Integrations,17
U0004883,C0300,2025-04-01,56,Exports,12
U0004884,C0300,2025-05-01,37,API,14
U0004885,C0300,2025-06-01,34,Dashboard,15
U0004886,C0300,2025-07-01,1,Automation,6
U0004887,C0300,2025-08-01,66,Exports,10
U0004888,C0300,2025-10-01,77,API,16
U0004889,C0300,2025-11-01,36,Exports,17
U0004890,C0300,2025-12-01,52,API,13
U0004891,C0300,2026-01-01,34,Reports,5
U0004892,C0300,2026-02-01,25,Exports,2
U0004893,C0300,2026-03-01,19,Automation,7
U0004894,C0300,2026-05-01,52,Dashboard,4
U0004895,C0300,2026-06-01,17,Dashboard,11
U0004896,C0300,2026-08-01,55,Integrations,16
U0004897,C0301,2025-01-01,43,Reports,9
U0004898,C0301,2025-02-01,20,Automation,6
U0004899,C0301,2025-03-01,66,Exports,8
U0004900,C0301,2025-04-01,30,Automation,4
U0004901,C0301,2025-05-01,29,Reports,19
U0004902,C0301,2025-06-01,20,Integrations,11
U0004903,C0301,2025-07-01,25,Dashboard,5
U0004904,C0301,2025-08-01,29,Reports,9
U0004905,C0301,2025-09-01,6,Exports,1
U0004906,C0301,2025-12-01,46,API,1
U0004907,C0301,2026-02-01,32,API,1
U0004908,C0301,2026-03-01,45,Integrations,4
U0004909,C0301,2026-05-01,49,Reports,6
U0004910,C0301,2026-06-01,75,Automation,1
U0004911,C0301,2026-07-01,27,Reports,14
U0004912,C0301,2026-08-01,58,Dashboard,13
U0004913,C0302,2025-01-01,26,Reports,17
U0004914,C0302,2025-03-01,52,Reports,17
U0004915,C0302,2025-04-01,59,Automation,17
U0004916,C0302,2025-05-01,43,Dashboard,8
U0004917,C0302,2025-06-01,51,Automation,9
U0004918,C0302,2025-07-01,33,Reports,15
U0004919,C0302,2025-09-01,69,API,16
U0004920,C0302,2025-11-01,74,Exports,1
U0004921,C0302,2026-01-01,27,Exports,4
U0004922,C0302,2026-03-01,49,API,4
U0004923,C0302,2026-04-01,15,Automation,14
U0004924,C0302,2026-06-01,1,Reports,8
U0004925,C0302,2026-07-01,54,Exports,13
U0004926,C0302,2026-09-01,68,Exports,11
U0004927,C0303,2025-01-01,24,Automation,8
U0004928,C0303,2025-02-01,25,Reports,6
U0004929,C0303,2025-03-01,46,API,7
U0004930,C0303,2025-04-01,38,Automation,17
U0004931,C0303,2025-05-01,50,Reports,19
U0004932,C0303,2025-06-01,21,Automation,19
U0004933,C0303,2025-08-01,14,Integrations,7
U0004934,C0303,2025-09-01,49,Exports,3
U0004935,C0303,2025-10-01,27,Exports,18
U0004936,C0303,2025-11-01,25,API,13
U0004937,C0303,2025-12-01,15,Integrations,11
U0004938,C0303,2026-03-01,72,Automation,11
U0004939,C0303,2026-04-01,74,Exports,7
U0004940,C0303,2026-05-01,33,Integrations,11
U0004941,C0303,2026-06-01,35,Dashboard,10
U0004942,C0303,2026-07-01,49,Reports,14
U0004943,C0303,2026-08-01,79,Automation,19
U0004944,C0303,2026-09-01,36,Integrations,1
U0004945,C0304,2025-01-01,38,Integrations,15
U0004946,C0304,2025-02-01,68,Integrations,12
U0004947,C0304,2025-03-01,57,Exports,7
U0004948,C0304,2025-04-01,39,Integrations,19
U0004949,C0304,2025-05-01,23,Exports,10
U0004950,C0304,2025-06-01,36,API,8
U0004951,C0304,2025-07-01,13,Reports,16
U0004952,C0304,2025-08-01,3,Dashboard,2
U0004953,C0304,2025-09-01,17,Integrations,11
U0004954,C0304,2025-10-01,67,Exports,15
U0004955,C0304,2025-11-01,35,Automation,16
U0004956,C0304,2026-01-01,75,Dashboard,7
U0004957,C0304,2026-02-01,70,Integrations,17
U0004958,C0304,2026-03-01,38,Integrations,19
U0004959,C0304,2026-04-01,16,API,4
U0004960,C0304,2026-07-01,33,Exports,15
U0004961,C0304,2026-08-01,70,Exports,4
U0004962,C0304,2026-09-01,57,Integrations,4
U0004963,C0305,2025-01-01,75,Automation,9
U0004964,C0305,2025-02-01,10,Reports,3
U0004965,C0305,2025-05-01,27,Reports,5
U0004966,C0305,2025-07-01,17,Reports,4
U0004967,C0305,2025-09-01,26,Exports,5
U0004968,C0305,2025-10-01,62,Dashboard,4
U0004969,C0305,2025-11-01,2,Reports,19
U0004970,C0305,2025-12-01,41,Integrations,12
U0004971,C0305,2026-01-01,66,Exports,7
U0004972,C0305,2026-03-01,60,Exports,1
U0004973,C0305,2026-04-01,41,API,1
U0004974,C0305,2026-05-01,43,API,11
U0004975,C0305,2026-06-01,1,API,6
U0004976,C0305,2026-07-01,11,Dashboard,12
U0004977,C0305,2026-09-01,36,Automation,16
U0004978,C0306,2025-01-01,28,API,12
U0004979,C0306,2025-02-01,45,Integrations,8
U0004980,C0306,2025-04-01,77,Dashboard,15
U0004981,C0306,2025-05-01,74,Exports,5
U0004982,C0306,2025-07-01,37,API,5
U0004983,C0306,2025-09-01,57,Automation,1
U0004984,C0306,2025-10-01,60,Automation,6
U0004985,C0306,2025-12-01,69,Automation,7
U0004986,C0306,2026-02-01,21,API,10
U0004987,C0306,2026-03-01,13,API,19
U0004988,C0306,2026-04-01,66,Exports,13
U0004989,C0306,2026-05-01,60,Reports,15
U0004990,C0306,2026-06-01,35,Exports,7
U0004991,C0306,2026-07-01,24,Reports,1
U0004992,C0306,2026-08-01,65,Automation,3
U0004993,C0306,2026-09-01,60,Integrations,12
U0004994,C0307,2025-02-01,69,Dashboard,1
U0004995,C0307,2025-03-01,30,Dashboard,2
U0004996,C0307,2025-04-01,35,Reports,15
U0004997,C0307,2025-05-01,65,Dashboard,10
U0004998,C0307,2025-06-01,9,Dashboard,16
U0004999,C0307,2025-07-01,59,Dashboard,19
U0005000,C0307,2025-08-01,25,API,7
U0005001,C0307,2025-09-01,46,Integrations,15
U0005002,C0307,2025-10-01,42,Exports,17
U0005003,C0307,2025-12-01,56,Reports,1
U0005004,C0307,2026-01-01,34,Dashboard,16
U0005005,C0307,2026-02-01,69,Dashboard,10
U0005006,C0307,2026-03-01,69,API,3
U0005007,C0307,2026-04-01,28,Integrations,11
U0005008,C0307,2026-05-01,10,API,15
U0005009,C0307,2026-06-01,37,Dashboard,9
U0005010,C0307,2026-07-01,3,Dashboard,13
U0005011,C0307,2026-08-01,52,Automation,10
U0005012,C0307,2026-09-01,15,Reports,5
U0005013,C0308,2025-01-01,59,Exports,8
U0005014,C0308,2025-02-01,64,API,3
U0005015,C0308,2025-03-01,12,Automation,19
U0005016,C0308,2025-05-01,29,API,19
U0005017,C0308,2025-06-01,31,Dashboard,13
U0005018,C0308,2025-07-01,30,Reports,8
U0005019,C0308,2025-09-01,3,Exports,1
U0005020,C0308,2025-10-01,34,Integrations,13
U0005021,C0308,2025-11-01,45,Automation,8
U0005022,C0308,2025-12-01,63,Automation,13
U0005023,C0308,2026-01-01,75,Dashboard,10
U0005024,C0308,2026-02-01,72,Automation,4
U0005025,C0308,2026-03-01,40,Integrations,12
U0005026,C0308,2026-04-01,55,Automation,15
U0005027,C0308,2026-05-01,38,API,6
U0005028,C0308,2026-06-01,50,Integrations,14
U0005029,C0308,2026-07-01,50,Integrations,3
U0005030,C0308,2026-08-01,31,Dashboard,11
U0005031,C0308,2026-09-01,7,Automation,10
U0005032,C0309,2025-01-01,50,Integrations,13
U0005033,C0309,2025-03-01,29,API,7
U0005034,C0309,2025-04-01,26,Automation,7
U0005035,C0309,2025-05-01,5,Automation,6
U0005036,C0309,2025-06-01,33,API,1
U0005037,C0309,2025-07-01,61,Reports,14
U0005038,C0309,2025-08-01,34,Dashboard,7
U0005039,C0309,2025-09-01,1,Integrations,8
U0005040,C0309,2025-12-01,74,Exports,13
U0005041,C0309,2026-02-01,68,Automation,14
U0005042,C0309,2026-03-01,14,Reports,2
U0005043,C0309,2026-04-01,53,Dashboard,13
U0005044,C0309,2026-05-01,52,Integrations,15
U0005045,C0309,2026-06-01,13,API,13
U0005046,C0309,2026-07-01,35,Automation,1
U0005047,C0309,2026-09-01,2,Reports,5
U0005048,C0310,2025-01-01,54,Dashboard,17
U0005049,C0310,2025-03-01,63,Exports,19
U0005050,C0310,2025-04-01,75,Reports,5
U0005051,C0310,2025-06-01,46,Integrations,9
U0005052,C0310,2025-07-01,77,Exports,10
U0005053,C0310,2025-08-01,31,Dashboard,8
U0005054,C0310,2025-09-01,14,Exports,2
U0005055,C0310,2025-10-01,27,Reports,11
U0005056,C0310,2025-11-01,32,API,18
U0005057,C0310,2025-12-01,19,Dashboard,14
U0005058,C0310,2026-01-01,70,API,19
U0005059,C0310,2026-02-01,62,API,17
U0005060,C0310,2026-03-01,68,Exports,19
U0005061,C0310,2026-05-01,57,Dashboard,2
U0005062,C0310,2026-07-01,65,Reports,8
U0005063,C0310,2026-09-01,17,Reports,2
U0005064,C0311,2025-01-01,67,Exports,4
U0005065,C0311,2025-02-01,35,API,5
U0005066,C0311,2025-03-01,28,Reports,19
U0005067,C0311,2025-04-01,37,Exports,6
U0005068,C0311,2025-05-01,15,Reports,4
U0005069,C0311,2025-06-01,39,Dashboard,15
U0005070,C0311,2025-07-01,49,Automation,6
U0005071,C0311,2025-08-01,61,Reports,1
U0005072,C0311,2025-09-01,36,Automation,13
U0005073,C0311,2025-10-01,63,Reports,6
U0005074,C0311,2025-12-01,73,API,15
U0005075,C0311,2026-01-01,61,Exports,14
U0005076,C0311,2026-02-01,10,Automation,9
U0005077,C0311,2026-05-01,62,Dashboard,4
U0005078,C0311,2026-06-01,34,Integrations,4
U0005079,C0311,2026-08-01,15,API,5
U0005080,C0311,2026-09-01,21,Reports,4
U0005081,C0312,2025-01-01,42,Automation,16
U0005082,C0312,2025-02-01,4,Exports,10
U0005083,C0312,2025-04-01,19,Exports,10
U0005084,C0312,2025-05-01,2,Dashboard,7
U0005085,C0312,2025-06-01,11,API,13
U0005086,C0312,2025-07-01,58,Automation,17
U0005087,C0312,2025-08-01,19,Exports,18
U0005088,C0312,2025-09-01,50,Reports,2
U0005089,C0312,2025-10-01,1,Reports,7
U0005090,C0312,2025-11-01,74,Exports,13
U0005091,C0312,2025-12-01,24,Automation,18
U0005092,C0312,2026-01-01,78,Exports,5
U0005093,C0312,2026-03-01,23,Integrations,3
U0005094,C0312,2026-04-01,77,Dashboard,2
U0005095,C0312,2026-05-01,33,API,2
U0005096,C0312,2026-06-01,50,API,2
U0005097,C0312,2026-07-01,39,Integrations,10
U0005098,C0312,2026-09-01,57,Integrations,6
U0005099,C0313,2025-02-01,69,Reports,7
U0005100,C0313,2025-03-01,60,Automation,12
U0005101,C0313,2025-04-01,21,Dashboard,14
U0005102,C0313,2025-06-01,11,Reports,18
U0005103,C0313,2025-08-01,3,Reports,4
U0005104,C0313,2025-10-01,77,Automation,14
U0005105,C0313,2025-11-01,22,Automation,14
U0005106,C0313,2025-12-01,3,API,15
U0005107,C0313,2026-01-01,24,Dashboard,10
U0005108,C0313,2026-02-01,58,Integrations,18
U0005109,C0313,2026-04-01,74,Automation,17
U0005110,C0313,2026-05-01,70,Integrations,19
U0005111,C0313,2026-06-01,48,Integrations,14
U0005112,C0313,2026-07-01,13,Integrations,10
U0005113,C0313,2026-08-01,44,API,8
U0005114,C0313,2026-09-01,55,Dashboard,7
U0005115,C0314,2025-01-01,58,Dashboard,16
U0005116,C0314,2025-02-01,72,Exports,13
U0005117,C0314,2025-03-01,31,Reports,3
U0005118,C0314,2025-04-01,21,Dashboard,3
U0005119,C0314,2025-05-01,62,API,4
U0005120,C0314,2025-07-01,71,Dashboard,13
U0005121,C0314,2025-08-01,53,Integrations,6
U0005122,C0314,2025-10-01,15,Reports,19
U0005123,C0314,2025-11-01,73,Exports,8
U0005124,C0314,2025-12-01,70,Dashboard,13
U0005125,C0314,2026-01-01,18,Dashboard,1
U0005126,C0314,2026-04-01,36,Exports,11
U0005127,C0314,2026-06-01,16,Exports,14
U0005128,C0314,2026-07-01,58,Automation,7
U0005129,C0314,2026-08-01,46,Dashboard,9
U0005130,C0314,2026-09-01,27,Automation,17
U0005131,C0315,2025-01-01,55,API,5
U0005132,C0315,2025-02-01,34,Integrations,5
U0005133,C0315,2025-03-01,38,Automation,6
U0005134,C0315,2025-04-01,19,Automation,14
U0005135,C0315,2025-05-01,61,Automation,6
U0005136,C0315,2025-06-01,73,API,16
U0005137,C0315,2025-07-01,19,API,8
U0005138,C0315,2025-08-01,70,API,6
U0005139,C0315,2025-09-01,11,API,6
U0005140,C0315,2025-10-01,28,Dashboard,19
U0005141,C0315,2025-11-01,58,Reports,12
U0005142,C0315,2025-12-01,76,Automation,17
U0005143,C0315,2026-01-01,1,API,12
U0005144,C0315,2026-02-01,63,Integrations,3
U0005145,C0315,2026-03-01,53,Exports,9
U0005146,C0315,2026-04-01,12,Exports,15
U0005147,C0315,2026-05-01,30,API,6
U0005148,C0315,2026-06-01,30,Automation,16
U0005149,C0315,2026-07-01,33,API,12
U0005150,C0315,2026-08-01,54,Integrations,7
U0005151,C0315,2026-09-01,65,Exports,5
U0005152,C0316,2025-01-01,32,Dashboard,6
U0005153,C0316,2025-02-01,65,Exports,14
U0005154,C0316,2025-03-01,41,API,3
U0005155,C0316,2025-04-01,12,Dashboard,17
U0005156,C0316,2025-05-01,1,API,2
U0005157,C0316,2025-06-01,72,Reports,4
U0005158,C0316,2025-07-01,26,Dashboard,11
U0005159,C0316,2025-09-01,50,API,9
U0005160,C0316,2025-11-01,42,Reports,18
U0005161,C0316,2025-12-01,21,API,10
U0005162,C0316,2026-01-01,26,Dashboard,12
U0005163,C0316,2026-02-01,56,Reports,19
U0005164,C0316,2026-03-01,73,Integrations,2
U0005165,C0316,2026-04-01,71,Integrations,6
U0005166,C0316,2026-05-01,59,API,15
U0005167,C0316,2026-06-01,28,Integrations,10
U0005168,C0316,2026-07-01,65,Reports,16
U0005169,C0316,2026-08-01,62,Reports,2
U0005170,C0316,2026-09-01,4,Dashboard,9
U0005171,C0317,2025-01-01,46,Automation,14
U0005172,C0317,2025-02-01,30,Dashboard,17
U0005173,C0317,2025-03-01,73,API,6
U0005174,C0317,2025-06-01,6,Reports,14
U0005175,C0317,2025-07-01,59,Dashboard,13
U0005176,C0317,2025-09-01,59,API,17
U0005177,C0317,2025-10-01,75,Exports,3
U0005178,C0317,2025-11-01,6,Automation,8
U0005179,C0317,2025-12-01,12,Exports,12
U0005180,C0317,2026-01-01,19,Automation,17
U0005181,C0317,2026-02-01,75,Automation,18
U0005182,C0317,2026-03-01,65,Dashboard,7
U0005183,C0317,2026-04-01,16,Automation,13
U0005184,C0317,2026-05-01,73,Reports,5
U0005185,C0317,2026-06-01,31,API,15
U0005186,C0317,2026-07-01,32,Reports,16
U0005187,C0317,2026-08-01,71,Reports,13
U0005188,C0318,2025-01-01,69,Exports,15
U0005189,C0318,2025-02-01,68,Automation,15
U0005190,C0318,2025-03-01,45,Integrations,16
U0005191,C0318,2025-04-01,68,Dashboard,11
U0005192,C0318,2025-05-01,65,Dashboard,7
U0005193,C0318,2025-06-01,1,Dashboard,7
U0005194,C0318,2025-07-01,37,Integrations,15
U0005195,C0318,2025-08-01,4,Reports,11
U0005196,C0318,2025-09-01,15,Integrations,5
U0005197,C0318,2025-11-01,16,Reports,6
U0005198,C0318,2025-12-01,5,Integrations,11
U0005199,C0318,2026-01-01,67,Reports,5
U0005200,C0318,2026-02-01,59,Integrations,10
U0005201,C0318,2026-03-01,70,API,13
U0005202,C0318,2026-05-01,38,Exports,6
U0005203,C0318,2026-06-01,33,Reports,11
U0005204,C0318,2026-07-01,28,Automation,11
U0005205,C0318,2026-08-01,16,Dashboard,7
U0005206,C0318,2026-09-01,41,Automation,7
U0005207,C0319,2025-01-01,22,Reports,1
U0005208,C0319,2025-02-01,22,Integrations,11
U0005209,C0319,2025-03-01,12,API,7
U0005210,C0319,2025-06-01,61,Integrations,18
U0005211,C0319,2025-07-01,28,API,9
U0005212,C0319,2025-09-01,50,Reports,2
U0005213,C0319,2025-10-01,20,Dashboard,17
U0005214,C0319,2026-02-01,10,Exports,1
U0005215,C0319,2026-03-01,78,Exports,4
U0005216,C0319,2026-04-01,72,Dashboard,19
U0005217,C0319,2026-06-01,20,Integrations,6
U0005218,C0319,2026-07-01,19,Integrations,12
U0005219,C0320,2025-01-01,58,Dashboard,15
U0005220,C0320,2025-02-01,1,API,2
U0005221,C0320,2025-03-01,76,Exports,7
U0005222,C0320,2025-06-01,60,Integrations,7
U0005223,C0320,2025-07-01,26,Integrations,2
U0005224,C0320,2025-08-01,78,Automation,1
U0005225,C0320,2025-09-01,65,Reports,18
U0005226,C0320,2025-10-01,41,Reports,13
U0005227,C0320,2025-11-01,24,API,4
U0005228,C0320,2025-12-01,2,Dashboard,12
U0005229,C0320,2026-01-01,72,Integrations,10
U0005230,C0320,2026-05-01,28,Exports,13
U0005231,C0320,2026-07-01,4,Automation,9
U0005232,C0320,2026-08-01,6,Integrations,13
U0005233,C0320,2026-09-01,27,API,8
U0005234,C0321,2025-02-01,63,API,1
U0005235,C0321,2025-04-01,33,Exports,5
U0005236,C0321,2025-07-01,7,Reports,14
U0005237,C0321,2025-10-01,38,Exports,14
U0005238,C0321,2025-11-01,23,Integrations,16
U0005239,C0321,2025-12-01,77,Dashboard,3
U0005240,C0321,2026-01-01,30,Dashboard,14
U0005241,C0321,2026-02-01,37,Automation,5
U0005242,C0321,2026-04-01,65,Integrations,11
U0005243,C0321,2026-05-01,10,Integrations,19
U0005244,C0321,2026-06-01,73,Automation,7
U0005245,C0321,2026-07-01,66,API,1
U0005246,C0321,2026-08-01,55,Dashboard,19
U0005247,C0321,2026-09-01,21,Integrations,8
U0005248,C0322,2025-01-01,25,Reports,11
U0005249,C0322,2025-02-01,75,Reports,16
U0005250,C0322,2025-03-01,45,Dashboard,13
U0005251,C0322,2025-04-01,20,API,17
U0005252,C0322,2025-05-01,14,Reports,16
U0005253,C0322,2025-07-01,39,Integrations,4
U0005254,C0322,2025-09-01,61,Reports,14
U0005255,C0322,2025-11-01,3,API,6
U0005256,C0322,2026-01-01,70,Reports,3
U0005257,C0322,2026-02-01,78,API,4
U0005258,C0322,2026-03-01,47,Exports,11
U0005259,C0322,2026-04-01,48,Integrations,6
U0005260,C0322,2026-05-01,60,Dashboard,12
U0005261,C0322,2026-07-01,56,Exports,10
U0005262,C0322,2026-09-01,67,Exports,10
U0005263,C0323,2025-01-01,68,Exports,4
U0005264,C0323,2025-03-01,3,Reports,1
U0005265,C0323,2025-04-01,39,API,12
U0005266,C0323,2025-06-01,65,Reports,3
U0005267,C0323,2025-10-01,11,API,6
U0005268,C0323,2025-11-01,74,Exports,16
U0005269,C0323,2025-12-01,66,Automation,14
U0005270,C0323,2026-02-01,61,Integrations,17
U0005271,C0323,2026-04-01,13,Dashboard,16
U0005272,C0323,2026-05-01,26,Exports,6
U0005273,C0323,2026-06-01,39,Dashboard,2
U0005274,C0323,2026-07-01,72,Dashboard,13
U0005275,C0323,2026-09-01,63,Reports,9
U0005276,C0324,2025-01-01,30,Exports,16
U0005277,C0324,2025-02-01,47,Automation,10
U0005278,C0324,2025-03-01,15,Exports,6
U0005279,C0324,2025-04-01,57,Dashboard,3
U0005280,C0324,2025-05-01,53,Reports,8
U0005281,C0324,2025-07-01,62,Exports,13
U0005282,C0324,2025-08-01,61,Exports,19
U0005283,C0324,2025-12-01,72,API,8
U0005284,C0324,2026-02-01,1,Dashboard,9
U0005285,C0324,2026-03-01,18,Exports,10
U0005286,C0324,2026-06-01,49,Dashboard,19
U0005287,C0324,2026-07-01,16,API,9
U0005288,C0324,2026-08-01,36,Reports,14
U0005289,C0324,2026-09-01,4,Integrations,19
U0005290,C0325,2025-02-01,18,Dashboard,5
U0005291,C0325,2025-03-01,39,Automation,17
U0005292,C0325,2025-04-01,35,Integrations,11
U0005293,C0325,2025-05-01,15,Exports,5
U0005294,C0325,2025-06-01,64,Reports,2
U0005295,C0325,2025-07-01,12,Integrations,8
U0005296,C0325,2025-09-01,3,API,5
U0005297,C0325,2025-10-01,25,Exports,5
U0005298,C0325,2025-11-01,9,Dashboard,19
U0005299,C0325,2025-12-01,68,Dashboard,12
U0005300,C0325,2026-01-01,14,API,15
U0005301,C0325,2026-02-01,2,Exports,17
U0005302,C0325,2026-03-01,23,Integrations,2
U0005303,C0325,2026-04-01,74,Reports,4
U0005304,C0325,2026-05-01,18,Exports,7
U0005305,C0325,2026-06-01,66,Integrations,4
U0005306,C0325,2026-07-01,46,Exports,6
U0005307,C0325,2026-08-01,57,Exports,16
U0005308,C0325,2026-09-01,67,Integrations,18
U0005309,C0326,2025-04-01,47,API,2
U0005310,C0326,2025-06-01,29,Automation,15
U0005311,C0326,2025-07-01,48,Exports,14
U0005312,C0326,2025-08-01,66,Automation,13
U0005313,C0326,2025-09-01,13,Dashboard,10
U0005314,C0326,2025-10-01,29,Integrations,9
U0005315,C0326,2025-11-01,43,Integrations,17
U0005316,C0326,2025-12-01,73,Reports,18
U0005317,C0326,2026-01-01,6,Dashboard,14
U0005318,C0326,2026-02-01,42,API,1
U0005319,C0326,2026-03-01,65,API,2
U0005320,C0326,2026-04-01,14,Automation,4
U0005321,C0326,2026-05-01,9,Automation,3
U0005322,C0326,2026-06-01,46,Automation,9
U0005323,C0326,2026-08-01,32,Integrations,18
U0005324,C0326,2026-09-01,67,Reports,8
U0005325,C0327,2025-02-01,78,Automation,7
U0005326,C0327,2025-03-01,62,Automation,6
U0005327,C0327,2025-05-01,37,Dashboard,1
U0005328,C0327,2025-06-01,33,API,10
U0005329,C0327,2025-07-01,58,Reports,19
U0005330,C0327,2025-08-01,8,API,17
U0005331,C0327,2025-09-01,15,Reports,17
U0005332,C0327,2025-10-01,26,Dashboard,9
U0005333,C0327,2025-11-01,9,Integrations,11
U0005334,C0327,2025-12-01,62,Exports,19
U0005335,C0327,2026-01-01,63,API,13
U0005336,C0327,2026-02-01,10,Reports,3
U0005337,C0327,2026-03-01,43,Dashboard,17
U0005338,C0327,2026-04-01,36,Dashboard,11
U0005339,C0327,2026-05-01,29,Integrations,5
U0005340,C0327,2026-06-01,15,Integrations,19
U0005341,C0327,2026-07-01,79,Reports,17
U0005342,C0327,2026-09-01,46,API,16
U0005343,C0328,2025-02-01,29,Dashboard,17
U0005344,C0328,2025-04-01,51,Reports,8
U0005345,C0328,2025-05-01,65,Reports,15
U0005346,C0328,2025-08-01,12,Automation,16
U0005347,C0328,2025-09-01,60,Automation,11
U0005348,C0328,2025-10-01,77,API,19
U0005349,C0328,2025-11-01,36,Dashboard,6
U0005350,C0328,2026-02-01,41,Exports,17
U0005351,C0328,2026-03-01,23,Dashboard,6
U0005352,C0328,2026-04-01,54,Integrations,19
U0005353,C0328,2026-05-01,31,Integrations,19
U0005354,C0328,2026-06-01,77,Dashboard,18
U0005355,C0328,2026-07-01,32,Dashboard,2
U0005356,C0328,2026-08-01,44,API,5
U0005357,C0329,2025-01-01,26,Exports,14
U0005358,C0329,2025-03-01,32,API,2
U0005359,C0329,2025-04-01,61,Integrations,12
U0005360,C0329,2025-05-01,29,Exports,3
U0005361,C0329,2025-06-01,57,Dashboard,15
U0005362,C0329,2025-08-01,24,Reports,12
U0005363,C0329,2025-09-01,3,Automation,3
U0005364,C0329,2025-10-01,54,Integrations,1
U0005365,C0329,2026-01-01,60,API,10
U0005366,C0329,2026-02-01,14,Automation,13
U0005367,C0329,2026-03-01,60,Integrations,17
U0005368,C0329,2026-04-01,70,Integrations,14
U0005369,C0329,2026-05-01,52,Integrations,17
U0005370,C0329,2026-06-01,2,API,5
U0005371,C0329,2026-07-01,9,Integrations,17
U0005372,C0329,2026-08-01,35,Reports,4
U0005373,C0329,2026-09-01,25,Integrations,8
U0005374,C0330,2025-04-01,55,Exports,1
U0005375,C0330,2025-05-01,9,Reports,2
U0005376,C0330,2025-06-01,65,API,16
U0005377,C0330,2025-07-01,27,Integrations,1
U0005378,C0330,2025-08-01,48,Dashboard,19
U0005379,C0330,2025-09-01,58,Automation,15
U0005380,C0330,2025-10-01,62,Dashboard,7
U0005381,C0330,2025-12-01,49,Automation,17
U0005382,C0330,2026-01-01,10,Reports,7
U0005383,C0330,2026-05-01,1,Integrations,4
U0005384,C0330,2026-06-01,44,Dashboard,14
U0005385,C0330,2026-07-01,4,Automation,7
U0005386,C0330,2026-08-01,73,Integrations,18
U0005387,C0330,2026-09-01,17,Integrations,5
U0005388,C0331,2025-01-01,61,Reports,17
U0005389,C0331,2025-02-01,19,Exports,14
U0005390,C0331,2025-03-01,46,Integrations,4
U0005391,C0331,2025-04-01,24,Reports,18
U0005392,C0331,2025-05-01,48,Integrations,16
U0005393,C0331,2025-06-01,27,Integrations,6
U0005394,C0331,2025-07-01,78,Dashboard,1
U0005395,C0331,2025-08-01,72,Dashboard,1
U0005396,C0331,2025-09-01,77,Integrations,13
U0005397,C0331,2025-10-01,22,API,14
U0005398,C0331,2025-11-01,33,Exports,5
U0005399,C0331,2025-12-01,2,API,14
U0005400,C0331,2026-01-01,55,Integrations,9
U0005401,C0331,2026-02-01,71,Dashboard,8
U0005402,C0331,2026-03-01,40,Automation,19
U0005403,C0331,2026-04-01,76,Integrations,7
U0005404,C0331,2026-05-01,56,Integrations,9
U0005405,C0331,2026-07-01,30,Dashboard,18
U0005406,C0331,2026-08-01,18,Dashboard,11
U0005407,C0331,2026-09-01,23,Reports,17
U0005408,C0332,2025-02-01,26,Automation,13
U0005409,C0332,2025-03-01,37,Automation,11
U0005410,C0332,2025-04-01,34,Dashboard,12
U0005411,C0332,2025-07-01,76,Exports,1
U0005412,C0332,2025-08-01,2,Exports,2
U0005413,C0332,2025-09-01,78,Dashboard,5
U0005414,C0332,2025-12-01,63,Automation,19
U0005415,C0332,2026-01-01,33,Reports,3
U0005416,C0332,2026-02-01,36,Exports,19
U0005417,C0332,2026-03-01,26,Automation,4
U0005418,C0332,2026-04-01,57,Reports,16
U0005419,C0332,2026-05-01,74,Reports,1
U0005420,C0332,2026-06-01,66,Exports,9
U0005421,C0332,2026-07-01,45,Exports,6
U0005422,C0332,2026-08-01,47,Integrations,17
U0005423,C0332,2026-09-01,79,Automation,18
U0005424,C0333,2025-01-01,4,API,1
U0005425,C0333,2025-03-01,22,Automation,14
U0005426,C0333,2025-04-01,9,Exports,14
U0005427,C0333,2025-06-01,78,Exports,4
U0005428,C0333,2025-07-01,52,API,7
U0005429,C0333,2025-09-01,8,Dashboard,15
U0005430,C0333,2025-10-01,79,Dashboard,16
U0005431,C0333,2025-11-01,24,Reports,16
U0005432,C0333,2026-01-01,58,Reports,2
U0005433,C0333,2026-02-01,44,Automation,19
U0005434,C0333,2026-03-01,50,API,7
U0005435,C0333,2026-04-01,1,Reports,7
U0005436,C0333,2026-05-01,67,API,9
U0005437,C0333,2026-06-01,35,Automation,13
U0005438,C0333,2026-07-01,25,API,11
U0005439,C0333,2026-08-01,33,Integrations,2
U0005440,C0333,2026-09-01,69,Exports,8
U0005441,C0334,2025-01-01,22,Integrations,17
U0005442,C0334,2025-02-01,38,Automation,17
U0005443,C0334,2025-04-01,27,Automation,17
U0005444,C0334,2025-06-01,62,Exports,14
U0005445,C0334,2025-07-01,25,Automation,8
U0005446,C0334,2025-09-01,34,Automation,19
U0005447,C0334,2025-10-01,1,Reports,1
U0005448,C0334,2025-11-01,57,Integrations,11
U0005449,C0334,2025-12-01,7,Automation,7
U0005450,C0334,2026-01-01,40,Dashboard,19
U0005451,C0334,2026-02-01,73,Reports,17
U0005452,C0334,2026-03-01,17,Integrations,4
U0005453,C0334,2026-05-01,27,Integrations,8
U0005454,C0334,2026-06-01,32,Integrations,14
U0005455,C0334,2026-07-01,29,Exports,17
U0005456,C0334,2026-08-01,54,Exports,11
U0005457,C0334,2026-09-01,76,API,19
U0005458,C0335,2025-01-01,73,Dashboard,4
U0005459,C0335,2025-02-01,13,Automation,15
U0005460,C0335,2025-03-01,62,Automation,9
U0005461,C0335,2025-04-01,27,Automation,5
U0005462,C0335,2025-05-01,15,Automation,1
U0005463,C0335,2025-06-01,47,Exports,17
U0005464,C0335,2025-07-01,34,Reports,12
U0005465,C0335,2025-08-01,2,Exports,18
U0005466,C0335,2025-10-01,17,API,7
U0005467,C0335,2025-11-01,66,Exports,3
U0005468,C0335,2025-12-01,28,Exports,18
U0005469,C0335,2026-01-01,5,Dashboard,14
U0005470,C0335,2026-03-01,66,Dashboard,15
U0005471,C0335,2026-05-01,65,Automation,18
U0005472,C0335,2026-06-01,39,Dashboard,17
U0005473,C0335,2026-08-01,48,Exports,7
U0005474,C0335,2026-09-01,30,Reports,11
U0005475,C0336,2025-01-01,78,Exports,12
U0005476,C0336,2025-02-01,58,API,10
U0005477,C0336,2025-04-01,34,Reports,2
U0005478,C0336,2025-05-01,45,Automation,9
U0005479,C0336,2025-06-01,26,Exports,19
U0005480,C0336,2025-07-01,42,Exports,3
U0005481,C0336,2025-08-01,75,Dashboard,1
U0005482,C0336,2025-09-01,36,Reports,3
U0005483,C0336,2025-11-01,23,Reports,1
U0005484,C0336,2025-12-01,58,Dashboard,5
U0005485,C0336,2026-01-01,5,Reports,3
U0005486,C0336,2026-02-01,26,Dashboard,10
U0005487,C0336,2026-03-01,54,API,18
U0005488,C0336,2026-04-01,75,Integrations,3
U0005489,C0336,2026-05-01,12,Dashboard,3
U0005490,C0336,2026-06-01,54,Dashboard,13
U0005491,C0336,2026-09-01,4,Reports,5
U0005492,C0337,2025-01-01,61,Reports,16
U0005493,C0337,2025-02-01,12,Reports,17
U0005494,C0337,2025-03-01,21,Integrations,15
U0005495,C0337,2025-04-01,15,API,3
U0005496,C0337,2025-05-01,11,Automation,9
U0005497,C0337,2025-06-01,56,Exports,3
U0005498,C0337,2025-07-01,70,API,9
U0005499,C0337,2025-08-01,17,Dashboard,19
U0005500,C0337,2025-10-01,79,API,1
U0005501,C0337,2026-01-01,5,Exports,1
U0005502,C0337,2026-02-01,79,API,5
U0005503,C0337,2026-04-01,9,Dashboard,3
U0005504,C0337,2026-05-01,17,Dashboard,11
U0005505,C0337,2026-06-01,56,Automation,12
U0005506,C0337,2026-07-01,78,Automation,11
U0005507,C0337,2026-08-01,27,Reports,17
U0005508,C0337,2026-09-01,5,Integrations,8
U0005509,C0338,2025-01-01,15,Integrations,7
U0005510,C0338,2025-02-01,13,Automation,2
U0005511,C0338,2025-03-01,21,Dashboard,3
U0005512,C0338,2025-04-01,67,Dashboard,15
U0005513,C0338,2025-05-01,60,Dashboard,7
U0005514,C0338,2025-06-01,17,Automation,14
U0005515,C0338,2025-07-01,56,Dashboard,1
U0005516,C0338,2025-08-01,15,Reports,12
U0005517,C0338,2025-09-01,42,Reports,2
U0005518,C0338,2025-10-01,78,API,12
U0005519,C0338,2025-12-01,15,Automation,6
U0005520,C0338,2026-01-01,65,Dashboard,10
U0005521,C0338,2026-02-01,51,Exports,14
U0005522,C0338,2026-04-01,31,Reports,4
U0005523,C0338,2026-05-01,8,Automation,2
U0005524,C0338,2026-07-01,34,Exports,4
U0005525,C0338,2026-08-01,26,Dashboard,9
U0005526,C0339,2025-01-01,42,Integrations,13
U0005527,C0339,2025-03-01,50,Exports,3
U0005528,C0339,2025-04-01,56,Integrations,12
U0005529,C0339,2025-05-01,59,Dashboard,5
U0005530,C0339,2025-06-01,37,Dashboard,18
U0005531,C0339,2025-07-01,49,Integrations,3
U0005532,C0339,2025-08-01,13,Automation,9
U0005533,C0339,2025-09-01,33,Dashboard,8
U0005534,C0339,2025-10-01,14,Integrations,17
U0005535,C0339,2026-01-01,13,Dashboard,7
U0005536,C0339,2026-03-01,43,Integrations,3
U0005537,C0339,2026-04-01,55,Reports,14
U0005538,C0339,2026-05-01,25,Reports,19
U0005539,C0339,2026-06-01,37,Reports,2
U0005540,C0339,2026-07-01,38,Reports,12
U0005541,C0339,2026-09-01,79,Reports,4
U0005542,C0340,2025-01-01,9,Automation,17
U0005543,C0340,2025-02-01,53,Automation,4
U0005544,C0340,2025-03-01,78,Reports,19
U0005545,C0340,2025-04-01,75,API,3
U0005546,C0340,2025-05-01,13,Dashboard,10
U0005547,C0340,2025-06-01,55,API,14
U0005548,C0340,2025-07-01,30,API,1
U0005549,C0340,2025-08-01,49,Exports,3
U0005550,C0340,2025-09-01,65,Automation,18
U0005551,C0340,2025-10-01,41,Automation,11
U0005552,C0340,2025-12-01,39,Exports,15
U0005553,C0340,2026-01-01,10,Exports,12
U0005554,C0340,2026-02-01,30,Reports,12
U0005555,C0340,2026-04-01,27,Exports,2
U0005556,C0340,2026-05-01,78,Automation,9
U0005557,C0340,2026-06-01,8,Integrations,12
U0005558,C0340,2026-08-01,55,Exports,14
U0005559,C0340,2026-09-01,45,Reports,13
U0005560,C0341,2025-01-01,28,Dashboard,5
U0005561,C0341,2025-04-01,14,API,14
U0005562,C0341,2025-07-01,70,Exports,3
U0005563,C0341,2025-08-01,20,Dashboard,12
U0005564,C0341,2025-09-01,11,Integrations,9
U0005565,C0341,2025-11-01,29,Integrations,9
U0005566,C0341,2025-12-01,63,Automation,6
U0005567,C0341,2026-01-01,7,Reports,12
U0005568,C0341,2026-02-01,25,Integrations,3
U0005569,C0341,2026-03-01,22,Automation,9
U0005570,C0341,2026-04-01,73,Reports,14
U0005571,C0341,2026-05-01,5,Reports,4
U0005572,C0341,2026-06-01,14,API,12
U0005573,C0341,2026-08-01,38,Automation,15
U0005574,C0341,2026-09-01,2,Automation,16
U0005575,C0342,2025-01-01,18,Exports,2
U0005576,C0342,2025-02-01,64,API,15
U0005577,C0342,2025-03-01,14,Exports,11
U0005578,C0342,2025-05-01,33,Automation,9
U0005579,C0342,2025-06-01,27,Reports,19
U0005580,C0342,2025-08-01,74,Reports,1
U0005581,C0342,2025-09-01,29,Automation,9
U0005582,C0342,2025-10-01,41,API,13
U0005583,C0342,2025-11-01,67,Integrations,6
U0005584,C0342,2025-12-01,1,Exports,14
U0005585,C0342,2026-01-01,26,Reports,3
U0005586,C0342,2026-02-01,23,Integrations,10
U0005587,C0342,2026-03-01,74,Reports,15
U0005588,C0342,2026-04-01,9,API,14
U0005589,C0342,2026-05-01,31,Automation,10
U0005590,C0342,2026-06-01,18,API,12
U0005591,C0342,2026-08-01,75,Integrations,17
U0005592,C0343,2025-02-01,53,Exports,5
U0005593,C0343,2025-03-01,3,Dashboard,15
U0005594,C0343,2025-04-01,23,Dashboard,4
U0005595,C0343,2025-05-01,3,Integrations,17
U0005596,C0343,2025-06-01,10,Dashboard,19
U0005597,C0343,2025-07-01,20,Integrations,3
U0005598,C0343,2025-08-01,50,Integrations,14
U0005599,C0343,2025-09-01,34,API,19
U0005600,C0343,2025-11-01,26,API,2
U0005601,C0343,2025-12-01,32,API,6
U0005602,C0343,2026-02-01,45,Integrations,6
U0005603,C0343,2026-03-01,8,Integrations,8
U0005604,C0343,2026-04-01,3,Dashboard,17
U0005605,C0343,2026-05-01,70,Dashboard,17
U0005606,C0343,2026-06-01,59,Automation,5
U0005607,C0343,2026-07-01,23,Reports,15
U0005608,C0343,2026-08-01,65,Dashboard,1
U0005609,C0343,2026-09-01,1,Exports,3
U0005610,C0344,2025-01-01,37,Reports,13
U0005611,C0344,2025-02-01,65,Reports,9
U0005612,C0344,2025-03-01,11,Exports,11
U0005613,C0344,2025-04-01,15,Integrations,8
U0005614,C0344,2025-05-01,70,Dashboard,16
U0005615,C0344,2025-06-01,16,Automation,12
U0005616,C0344,2025-07-01,4,Integrations,17
U0005617,C0344,2025-08-01,74,API,15
U0005618,C0344,2025-09-01,19,API,11
U0005619,C0344,2025-10-01,41,API,3
U0005620,C0344,2025-12-01,77,Dashboard,7
U0005621,C0344,2026-01-01,45,Automation,18
U0005622,C0344,2026-02-01,67,Exports,16
U0005623,C0344,2026-04-01,23,Reports,6
U0005624,C0344,2026-06-01,28,Automation,3
U0005625,C0344,2026-07-01,65,Dashboard,4
U0005626,C0344,2026-09-01,17,Integrations,8
U0005627,C0345,2025-01-01,62,Exports,8
U0005628,C0345,2025-02-01,59,Dashboard,17
U0005629,C0345,2025-03-01,6,Reports,9
U0005630,C0345,2025-06-01,5,API,18
U0005631,C0345,2025-07-01,77,API,6
U0005632,C0345,2025-08-01,53,API,14
U0005633,C0345,2025-09-01,55,Automation,14
U0005634,C0345,2025-10-01,62,Exports,3
U0005635,C0345,2025-11-01,34,Exports,12
U0005636,C0345,2025-12-01,18,Exports,6
U0005637,C0345,2026-01-01,20,Exports,19
U0005638,C0345,2026-02-01,3,Exports,8
U0005639,C0345,2026-04-01,1,Reports,10
U0005640,C0345,2026-05-01,51,Exports,18
U0005641,C0345,2026-06-01,38,Integrations,14
U0005642,C0345,2026-08-01,62,Dashboard,9
U0005643,C0346,2025-01-01,32,Reports,11
U0005644,C0346,2025-02-01,61,Exports,15
U0005645,C0346,2025-03-01,7,Reports,2
U0005646,C0346,2025-04-01,29,Reports,14
U0005647,C0346,2025-05-01,17,Integrations,19
U0005648,C0346,2025-06-01,16,Dashboard,15
U0005649,C0346,2025-08-01,56,Reports,5
U0005650,C0346,2025-09-01,33,API,17
U0005651,C0346,2025-10-01,21,Integrations,9
U0005652,C0346,2025-11-01,1,Exports,14
U0005653,C0346,2025-12-01,23,Automation,14
U0005654,C0346,2026-02-01,59,Reports,7
U0005655,C0346,2026-03-01,45,Reports,2
U0005656,C0346,2026-06-01,11,Exports,3
U0005657,C0346,2026-07-01,40,Dashboard,18
U0005658,C0346,2026-08-01,71,Automation,12
U0005659,C0346,2026-09-01,67,Reports,11
U0005660,C0347,2025-01-01,50,Exports,13
U0005661,C0347,2025-02-01,33,Dashboard,16
U0005662,C0347,2025-03-01,72,Integrations,10
U0005663,C0347,2025-05-01,51,Integrations,6
U0005664,C0347,2025-06-01,21,Automation,7
U0005665,C0347,2025-07-01,15,Exports,4
U0005666,C0347,2025-08-01,59,Automation,18
U0005667,C0347,2025-09-01,4,Dashboard,16
U0005668,C0347,2025-10-01,13,API,19
U0005669,C0347,2025-11-01,8,API,18
U0005670,C0347,2025-12-01,44,Dashboard,19
U0005671,C0347,2026-01-01,30,API,13
U0005672,C0347,2026-02-01,10,Integrations,18
U0005673,C0347,2026-03-01,34,Exports,7
U0005674,C0347,2026-04-01,68,API,8
U0005675,C0347,2026-05-01,27,Reports,4
U0005676,C0347,2026-06-01,72,Automation,8
U0005677,C0347,2026-07-01,44,API,10
U0005678,C0347,2026-08-01,61,Automation,12
U0005679,C0347,2026-09-01,28,Integrations,18
U0005680,C0348,2025-01-01,58,API,14
U0005681,C0348,2025-02-01,25,Dashboard,6
U0005682,C0348,2025-03-01,20,Reports,10
U0005683,C0348,2025-04-01,55,API,2
U0005684,C0348,2025-05-01,67,Integrations,7
U0005685,C0348,2025-06-01,59,Integrations,12
U0005686,C0348,2025-07-01,21,Dashboard,19
U0005687,C0348,2025-08-01,40,Dashboard,2
U0005688,C0348,2025-09-01,16,Reports,17
U0005689,C0348,2025-10-01,41,Reports,13
U0005690,C0348,2025-11-01,27,Integrations,3
U0005691,C0348,2025-12-01,41,Reports,12
U0005692,C0348,2026-01-01,45,Reports,1
U0005693,C0348,2026-03-01,52,Exports,15
U0005694,C0348,2026-04-01,78,Integrations,1
U0005695,C0348,2026-06-01,13,API,2
U0005696,C0348,2026-07-01,38,Automation,13
U0005697,C0348,2026-08-01,34,Integrations,11
U0005698,C0349,2025-01-01,74,Automation,7
U0005699,C0349,2025-02-01,36,Reports,16
U0005700,C0349,2025-04-01,27,Dashboard,19
U0005701,C0349,2025-05-01,58,Reports,10
U0005702,C0349,2025-06-01,64,API,8
U0005703,C0349,2025-07-01,23,Dashboard,7
U0005704,C0349,2025-08-01,53,Exports,16
U0005705,C0349,2025-09-01,74,Integrations,9
U0005706,C0349,2025-10-01,31,Integrations,2
U0005707,C0349,2025-11-01,19,API,6
U0005708,C0349,2025-12-01,36,Dashboard,16
U0005709,C0349,2026-01-01,23,API,12
U0005710,C0349,2026-02-01,15,API,3
U0005711,C0349,2026-03-01,8,API,2
U0005712,C0349,2026-05-01,26,API,11
U0005713,C0349,2026-06-01,74,Reports,17
U0005714,C0349,2026-07-01,78,Dashboard,16
U0005715,C0349,2026-08-01,54,Integrations,3
U0005716,C0349,2026-09-01,56,Reports,3
U0005717,C0350,2025-01-01,61,Automation,11
U0005718,C0350,2025-02-01,67,Automation,7
U0005719,C0350,2025-03-01,75,Exports,4
U0005720,C0350,2025-04-01,25,Dashboard,18
U0005721,C0350,2025-05-01,52,Exports,10
U0005722,C0350,2025-07-01,19,Automation,13
U0005723,C0350,2025-08-01,30,Dashboard,12
U0005724,C0350,2025-09-01,38,API,14
U0005725,C0350,2025-11-01,10,Exports,2
U0005726,C0350,2025-12-01,22,Integrations,19
U0005727,C0350,2026-01-01,62,Integrations,19
U0005728,C0350,2026-02-01,1,Reports,4
U0005729,C0350,2026-04-01,37,API,2
U0005730,C0350,2026-05-01,65,Integrations,15
U0005731,C0350,2026-06-01,18,Dashboard,5
U0005732,C0350,2026-07-01,62,Dashboard,17
U0005733,C0350,2026-08-01,46,Reports,14
U0005734,C0350,2026-09-01,67,Dashboard,2
U0005735,C0351,2025-02-01,25,Dashboard,15
U0005736,C0351,2025-03-01,56,Automation,10
U0005737,C0351,2025-04-01,72,Exports,12
U0005738,C0351,2025-05-01,63,Reports,10
U0005739,C0351,2025-06-01,15,Automation,12
U0005740,C0351,2025-09-01,16,Dashboard,19
U0005741,C0351,2025-10-01,32,API,4
U0005742,C0351,2025-11-01,13,Exports,13
U0005743,C0351,2025-12-01,13,Automation,17
U0005744,C0351,2026-01-01,49,Reports,1
U0005745,C0351,2026-02-01,34,Integrations,13
U0005746,C0351,2026-03-01,31,API,15
U0005747,C0351,2026-04-01,27,Dashboard,12
U0005748,C0351,2026-05-01,52,Dashboard,19
U0005749,C0351,2026-06-01,63,Exports,13
U0005750,C0351,2026-07-01,22,Integrations,8
U0005751,C0351,2026-08-01,12,Dashboard,8
U0005752,C0351,2026-09-01,67,Automation,18
U0005753,C0352,2025-01-01,62,Integrations,4
U0005754,C0352,2025-02-01,79,Dashboard,13
U0005755,C0352,2025-03-01,38,API,12
U0005756,C0352,2025-04-01,71,Dashboard,11
U0005757,C0352,2025-05-01,25,Integrations,1
U0005758,C0352,2025-06-01,49,Integrations,2
U0005759,C0352,2025-07-01,20,API,6
U0005760,C0352,2025-08-01,22,Automation,12
U0005761,C0352,2025-09-01,22,Integrations,16
U0005762,C0352,2025-10-01,45,Automation,15
U0005763,C0352,2025-11-01,44,Exports,12
U0005764,C0352,2025-12-01,25,Reports,3
U0005765,C0352,2026-01-01,12,Reports,8
U0005766,C0352,2026-02-01,23,Exports,14
U0005767,C0352,2026-03-01,61,Automation,15
U0005768,C0352,2026-05-01,76,Dashboard,14
U0005769,C0352,2026-06-01,53,Automation,4
U0005770,C0352,2026-08-01,3,Reports,13
U0005771,C0352,2026-09-01,12,Reports,4
U0005772,C0353,2025-03-01,25,API,5
U0005773,C0353,2025-07-01,39,Reports,17
U0005774,C0353,2025-08-01,14,Integrations,8
U0005775,C0353,2025-09-01,19,Reports,17
U0005776,C0353,2025-10-01,73,Dashboard,6
U0005777,C0353,2025-11-01,17,Dashboard,11
U0005778,C0353,2026-01-01,7,API,12
U0005779,C0353,2026-02-01,11,Automation,10
U0005780,C0353,2026-03-01,76,Dashboard,6
U0005781,C0353,2026-04-01,8,Automation,16
U0005782,C0353,2026-07-01,59,Exports,9
U0005783,C0353,2026-08-01,35,Exports,3
U0005784,C0353,2026-09-01,29,Automation,3
U0005785,C0354,2025-01-01,61,Integrations,4
U0005786,C0354,2025-02-01,37,Reports,18
U0005787,C0354,2025-04-01,51,Exports,12
U0005788,C0354,2025-05-01,63,Automation,5
U0005789,C0354,2025-06-01,31,Integrations,9
U0005790,C0354,2025-07-01,46,Dashboard,1
U0005791,C0354,2025-08-01,30,API,18
U0005792,C0354,2025-09-01,30,Dashboard,5
U0005793,C0354,2025-10-01,34,Dashboard,2
U0005794,C0354,2025-12-01,31,API,12
U0005795,C0354,2026-01-01,33,Reports,19
U0005796,C0354,2026-03-01,56,Dashboard,7
U0005797,C0354,2026-04-01,67,Exports,4
U0005798,C0354,2026-06-01,31,Automation,13
U0005799,C0354,2026-07-01,50,Automation,3
U0005800,C0354,2026-08-01,2,Exports,9
U0005801,C0354,2026-09-01,39,Exports,6
U0005802,C0355,2025-02-01,3,Integrations,18
U0005803,C0355,2025-03-01,33,Dashboard,12
U0005804,C0355,2025-04-01,2,Reports,7
U0005805,C0355,2025-05-01,34,API,18
U0005806,C0355,2025-06-01,45,Integrations,18
U0005807,C0355,2025-07-01,1,Dashboard,2
U0005808,C0355,2025-09-01,2,Automation,2
U0005809,C0355,2025-10-01,34,Integrations,3
U0005810,C0355,2025-11-01,76,Exports,17
U0005811,C0355,2026-01-01,73,Reports,12
U0005812,C0355,2026-03-01,79,Automation,17
U0005813,C0355,2026-04-01,23,Integrations,7
U0005814,C0355,2026-05-01,59,Reports,18
U0005815,C0355,2026-06-01,30,Exports,10
U0005816,C0355,2026-07-01,39,Automation,9
U0005817,C0355,2026-08-01,62,Reports,15
U0005818,C0355,2026-09-01,46,Integrations,2
U0005819,C0356,2025-02-01,29,Reports,4
U0005820,C0356,2025-03-01,25,Exports,18
U0005821,C0356,2025-06-01,21,Exports,3
U0005822,C0356,2025-07-01,49,Integrations,2
U0005823,C0356,2025-08-01,68,Integrations,11
U0005824,C0356,2025-09-01,75,Dashboard,4
U0005825,C0356,2025-10-01,57,Integrations,6
U0005826,C0356,2025-11-01,24,Exports,7
U0005827,C0356,2026-02-01,40,Automation,18
U0005828,C0356,2026-04-01,26,Exports,8
U0005829,C0356,2026-05-01,60,Dashboard,10
U0005830,C0356,2026-06-01,75,Reports,19
U0005831,C0356,2026-08-01,15,Exports,19
U0005832,C0356,2026-09-01,19,Exports,16
U0005833,C0357,2025-01-01,61,Automation,10
U0005834,C0357,2025-02-01,23,Dashboard,10
U0005835,C0357,2025-03-01,29,Automation,3
U0005836,C0357,2025-05-01,64,API,14
U0005837,C0357,2025-06-01,38,Reports,11
U0005838,C0357,2025-07-01,45,Dashboard,17
U0005839,C0357,2025-08-01,9,Exports,1
U0005840,C0357,2025-09-01,37,Reports,7
U0005841,C0357,2025-10-01,76,Exports,13
U0005842,C0357,2025-11-01,44,Integrations,16
U0005843,C0357,2025-12-01,18,Automation,3
U0005844,C0357,2026-01-01,27,Automation,10
U0005845,C0357,2026-02-01,33,API,5
U0005846,C0357,2026-03-01,11,Automation,6
U0005847,C0357,2026-05-01,53,Integrations,10
U0005848,C0357,2026-06-01,34,Dashboard,1
U0005849,C0357,2026-07-01,17,Reports,17
U0005850,C0357,2026-08-01,13,Exports,4
U0005851,C0358,2025-01-01,73,API,12
U0005852,C0358,2025-02-01,5,Reports,18
U0005853,C0358,2025-03-01,68,API,11
U0005854,C0358,2025-04-01,22,Automation,5
U0005855,C0358,2025-06-01,67,API,7
U0005856,C0358,2025-07-01,58,Exports,5
U0005857,C0358,2025-08-01,64,Exports,17
U0005858,C0358,2025-09-01,40,Reports,11
U0005859,C0358,2025-10-01,40,Integrations,13
U0005860,C0358,2025-11-01,34,Reports,7
U0005861,C0358,2025-12-01,46,Integrations,7
U0005862,C0358,2026-02-01,2,Automation,8
U0005863,C0358,2026-04-01,53,Exports,17
U0005864,C0358,2026-05-01,59,Dashboard,18
U0005865,C0358,2026-06-01,75,API,2
U0005866,C0358,2026-07-01,22,Integrations,11
U0005867,C0358,2026-08-01,15,Dashboard,17
U0005868,C0358,2026-09-01,4,Dashboard,15
U0005869,C0359,2025-01-01,31,Integrations,1
U0005870,C0359,2025-02-01,58,Integrations,1
U0005871,C0359,2025-03-01,36,Integrations,10
U0005872,C0359,2025-06-01,10,Dashboard,19
U0005873,C0359,2025-07-01,55,Dashboard,4
U0005874,C0359,2025-08-01,74,Reports,15
U0005875,C0359,2025-11-01,57,Reports,5
U0005876,C0359,2025-12-01,26,Automation,9
U0005877,C0359,2026-04-01,71,Exports,8
U0005878,C0359,2026-06-01,17,API,1
U0005879,C0359,2026-07-01,60,Integrations,4
U0005880,C0359,2026-08-01,25,Dashboard,8
U0005881,C0359,2026-09-01,29,Dashboard,8
U0005882,C0360,2025-01-01,49,Dashboard,4
U0005883,C0360,2025-02-01,9,Reports,19
U0005884,C0360,2025-03-01,26,API,15
U0005885,C0360,2025-04-01,78,Exports,19
U0005886,C0360,2025-07-01,15,API,11
U0005887,C0360,2025-08-01,70,Exports,8
U0005888,C0360,2025-12-01,8,Dashboard,7
U0005889,C0360,2026-02-01,64,Exports,15
U0005890,C0360,2026-03-01,77,API,16
U0005891,C0360,2026-04-01,77,Integrations,9
U0005892,C0360,2026-05-01,16,Reports,5
U0005893,C0360,2026-06-01,11,Reports,19
U0005894,C0360,2026-07-01,62,Exports,7
U0005895,C0360,2026-09-01,60,Integrations,10
U0005896,C0361,2025-01-01,77,Dashboard,8
U0005897,C0361,2025-03-01,37,API,18
U0005898,C0361,2025-04-01,34,Integrations,15
U0005899,C0361,2025-05-01,68,Reports,18
U0005900,C0361,2025-06-01,62,Exports,7
U0005901,C0361,2025-07-01,40,Integrations,19
U0005902,C0361,2025-08-01,9,Dashboard,8
U0005903,C0361,2025-09-01,8,Automation,3
U0005904,C0361,2025-10-01,28,Exports,2
U0005905,C0361,2025-11-01,58,Dashboard,19
U0005906,C0361,2026-01-01,31,Integrations,19
U0005907,C0361,2026-02-01,39,Integrations,5
U0005908,C0361,2026-03-01,39,Reports,16
U0005909,C0361,2026-04-01,12,Dashboard,8
U0005910,C0361,2026-05-01,5,Exports,19
U0005911,C0361,2026-06-01,25,API,19
U0005912,C0361,2026-07-01,77,Integrations,18
U0005913,C0361,2026-08-01,45,Dashboard,14
U0005914,C0361,2026-09-01,73,Reports,3
U0005915,C0362,2025-02-01,42,Integrations,11
U0005916,C0362,2025-05-01,28,Automation,14
U0005917,C0362,2025-07-01,70,Integrations,1
U0005918,C0362,2025-08-01,40,Integrations,5
U0005919,C0362,2025-09-01,1,Automation,16
U0005920,C0362,2025-10-01,14,Exports,17
U0005921,C0362,2025-12-01,2,Exports,14
U0005922,C0362,2026-01-01,75,Automation,14
U0005923,C0362,2026-02-01,27,Dashboard,6
U0005924,C0362,2026-03-01,1,Automation,6
U0005925,C0362,2026-04-01,38,Dashboard,1
U0005926,C0362,2026-05-01,30,Automation,7
U0005927,C0362,2026-06-01,44,Dashboard,13
U0005928,C0362,2026-08-01,52,Reports,12
U0005929,C0362,2026-09-01,1,Exports,17
U0005930,C0363,2025-01-01,31,Dashboard,9
U0005931,C0363,2025-02-01,1,Reports,8
U0005932,C0363,2025-03-01,35,API,14
U0005933,C0363,2025-04-01,79,Dashboard,3
U0005934,C0363,2025-05-01,50,Exports,6
U0005935,C0363,2025-06-01,14,Integrations,19
U0005936,C0363,2025-09-01,29,Exports,18
U0005937,C0363,2025-10-01,9,Automation,1
U0005938,C0363,2026-01-01,77,Dashboard,2
U0005939,C0363,2026-02-01,45,Dashboard,18
U0005940,C0363,2026-03-01,39,API,15
U0005941,C0363,2026-04-01,77,API,18
U0005942,C0363,2026-05-01,10,Exports,4
U0005943,C0363,2026-07-01,16,Dashboard,8
U0005944,C0363,2026-08-01,2,Automation,16
U0005945,C0363,2026-09-01,34,Integrations,7
U0005946,C0364,2025-01-01,49,API,16
U0005947,C0364,2025-02-01,14,Automation,3
U0005948,C0364,2025-03-01,25,Exports,11
U0005949,C0364,2025-05-01,68,Reports,16
U0005950,C0364,2025-06-01,45,Automation,3
U0005951,C0364,2025-07-01,13,Dashboard,16
U0005952,C0364,2025-08-01,2,Reports,3
U0005953,C0364,2025-11-01,38,Integrations,10
U0005954,C0364,2025-12-01,45,Exports,2
U0005955,C0364,2026-01-01,51,Exports,16
U0005956,C0364,2026-02-01,21,Exports,4
U0005957,C0364,2026-03-01,19,Reports,15
U0005958,C0364,2026-04-01,44,Automation,1
U0005959,C0364,2026-06-01,41,API,17
U0005960,C0364,2026-08-01,9,Reports,9
U0005961,C0364,2026-09-01,18,Integrations,8
U0005962,C0365,2025-01-01,9,Reports,17
U0005963,C0365,2025-02-01,70,Automation,12
U0005964,C0365,2025-03-01,30,Exports,17
U0005965,C0365,2025-04-01,70,Reports,12
U0005966,C0365,2025-06-01,32,Integrations,9
U0005967,C0365,2025-07-01,12,Automation,16
U0005968,C0365,2025-08-01,52,Automation,11
U0005969,C0365,2025-09-01,33,Dashboard,18
U0005970,C0365,2025-10-01,35,API,17
U0005971,C0365,2025-11-01,78,Integrations,17
U0005972,C0365,2025-12-01,77,API,17
U0005973,C0365,2026-01-01,68,Automation,1
U0005974,C0365,2026-02-01,29,Reports,1
U0005975,C0365,2026-03-01,77,Exports,3
U0005976,C0365,2026-04-01,30,Integrations,11
U0005977,C0365,2026-05-01,71,Dashboard,16
U0005978,C0365,2026-07-01,3,Automation,10
U0005979,C0365,2026-08-01,33,Integrations,3
U0005980,C0366,2025-01-01,31,Dashboard,9
U0005981,C0366,2025-06-01,58,Automation,4
U0005982,C0366,2025-07-01,46,Dashboard,17
U0005983,C0366,2025-09-01,33,Dashboard,4
U0005984,C0366,2025-10-01,13,API,1
U0005985,C0366,2025-11-01,53,Automation,1
U0005986,C0366,2025-12-01,61,Reports,12
U0005987,C0366,2026-01-01,41,Dashboard,6
U0005988,C0366,2026-02-01,52,API,2
U0005989,C0366,2026-03-01,57,Integrations,7
U0005990,C0366,2026-05-01,67,Reports,2
U0005991,C0366,2026-06-01,69,API,3
U0005992,C0366,2026-07-01,34,API,11
U0005993,C0366,2026-08-01,32,Dashboard,2
U0005994,C0366,2026-09-01,65,Exports,17
U0005995,C0367,2025-01-01,33,Exports,10
U0005996,C0367,2025-02-01,73,Reports,17
U0005997,C0367,2025-03-01,34,Integrations,9
U0005998,C0367,2025-06-01,43,Exports,9
U0005999,C0367,2025-07-01,56,Dashboard,12
U0006000,C0367,2025-09-01,13,Automation,5
U0006001,C0367,2025-10-01,40,Reports,5
U0006002,C0367,2025-12-01,79,Integrations,5
U0006003,C0367,2026-02-01,58,Integrations,15
U0006004,C0367,2026-04-01,78,Integrations,1
U0006005,C0367,2026-05-01,66,Automation,8
U0006006,C0367,2026-06-01,41,Reports,10
U0006007,C0367,2026-07-01,38,Exports,12
U0006008,C0367,2026-08-01,18,API,5
U0006009,C0367,2026-09-01,11,Exports,5
U0006010,C0368,2025-01-01,75,Exports,17
U0006011,C0368,2025-02-01,34,Dashboard,6
U0006012,C0368,2025-03-01,24,Reports,8
U0006013,C0368,2025-04-01,16,Exports,19
U0006014,C0368,2025-05-01,14,Reports,2
U0006015,C0368,2025-06-01,66,Reports,17
U0006016,C0368,2025-07-01,49,API,17
U0006017,C0368,2025-08-01,57,Automation,4
U0006018,C0368,2025-09-01,46,Dashboard,18
U0006019,C0368,2025-10-01,58,Exports,2
U0006020,C0368,2025-11-01,70,Automation,18
U0006021,C0368,2025-12-01,32,Reports,13
U0006022,C0368,2026-01-01,28,API,1
U0006023,C0368,2026-04-01,45,Automation,19
U0006024,C0368,2026-05-01,9,Automation,19
U0006025,C0368,2026-06-01,39,Dashboard,10
U0006026,C0368,2026-07-01,67,Exports,1
U0006027,C0368,2026-08-01,39,Reports,4
U0006028,C0368,2026-09-01,22,Integrations,1
U0006029,C0369,2025-02-01,51,Exports,10
U0006030,C0369,2025-04-01,34,Integrations,7
U0006031,C0369,2025-06-01,15,API,10
U0006032,C0369,2025-07-01,62,Reports,4
U0006033,C0369,2025-08-01,41,Automation,17
U0006034,C0369,2025-09-01,35,API,10
U0006035,C0369,2025-10-01,39,Dashboard,1
U0006036,C0369,2025-12-01,45,API,16
U0006037,C0369,2026-01-01,14,API,9
U0006038,C0369,2026-03-01,6,Exports,14
U0006039,C0369,2026-04-01,61,Reports,1
U0006040,C0369,2026-05-01,32,Integrations,1
U0006041,C0369,2026-06-01,5,Integrations,10
U0006042,C0369,2026-07-01,40,Integrations,9
U0006043,C0369,2026-08-01,56,Exports,1
U0006044,C0369,2026-09-01,52,Reports,7
U0006045,C0370,2025-01-01,47,Integrations,7
U0006046,C0370,2025-04-01,11,Integrations,15
U0006047,C0370,2025-05-01,32,Automation,17
U0006048,C0370,2025-06-01,39,API,5
U0006049,C0370,2025-07-01,53,Dashboard,13
U0006050,C0370,2025-08-01,29,Integrations,14
U0006051,C0370,2025-09-01,62,Integrations,19
U0006052,C0370,2025-11-01,4,Integrations,4
U0006053,C0370,2025-12-01,65,Automation,17
U0006054,C0370,2026-01-01,42,Reports,14
U0006055,C0370,2026-03-01,56,Exports,2
U0006056,C0370,2026-06-01,42,Reports,14
U0006057,C0370,2026-08-01,12,Exports,8
U0006058,C0370,2026-09-01,39,Reports,16
U0006059,C0371,2025-01-01,74,Dashboard,6
U0006060,C0371,2025-03-01,69,Integrations,18
U0006061,C0371,2025-04-01,71,Reports,6
U0006062,C0371,2025-05-01,19,Automation,11
U0006063,C0371,2025-06-01,11,Automation,3
U0006064,C0371,2025-07-01,56,API,5
U0006065,C0371,2025-08-01,26,Exports,7
U0006066,C0371,2025-09-01,17,Reports,2
U0006067,C0371,2025-10-01,61,Integrations,15
U0006068,C0371,2025-11-01,24,Integrations,8
U0006069,C0371,2025-12-01,49,Dashboard,9
U0006070,C0371,2026-01-01,45,Dashboard,4
U0006071,C0371,2026-02-01,11,Automation,13
U0006072,C0371,2026-03-01,1,API,3
U0006073,C0371,2026-05-01,21,Exports,1
U0006074,C0371,2026-06-01,72,Automation,7
U0006075,C0371,2026-08-01,76,API,8
U0006076,C0371,2026-09-01,34,Integrations,18
U0006077,C0372,2025-01-01,45,Reports,17
U0006078,C0372,2025-02-01,51,Reports,16
U0006079,C0372,2025-03-01,25,Integrations,2
U0006080,C0372,2025-05-01,32,API,9
U0006081,C0372,2025-08-01,36,Reports,2
U0006082,C0372,2025-10-01,4,Automation,4
U0006083,C0372,2025-11-01,79,Integrations,15
U0006084,C0372,2025-12-01,14,Exports,1
U0006085,C0372,2026-01-01,65,Integrations,7
U0006086,C0372,2026-02-01,66,Integrations,9
U0006087,C0372,2026-04-01,7,API,13
U0006088,C0372,2026-06-01,39,Automation,5
U0006089,C0372,2026-07-01,55,API,2
U0006090,C0372,2026-08-01,32,Reports,10
U0006091,C0373,2025-01-01,62,API,14
U0006092,C0373,2025-02-01,30,Integrations,8
U0006093,C0373,2025-03-01,70,Reports,14
U0006094,C0373,2025-04-01,56,Exports,5
U0006095,C0373,2025-07-01,38,Automation,6
U0006096,C0373,2025-08-01,12,Automation,14
U0006097,C0373,2025-09-01,72,Dashboard,13
U0006098,C0373,2025-10-01,17,Integrations,7
U0006099,C0373,2025-11-01,74,Automation,10
U0006100,C0373,2026-02-01,13,Dashboard,10
U0006101,C0373,2026-04-01,1,API,19
U0006102,C0373,2026-05-01,54,Integrations,15
U0006103,C0373,2026-06-01,37,API,17
U0006104,C0373,2026-07-01,40,Reports,3
U0006105,C0373,2026-08-01,79,API,13
U0006106,C0373,2026-09-01,13,Reports,16
U0006107,C0374,2025-01-01,52,Reports,8
U0006108,C0374,2025-03-01,77,API,7
U0006109,C0374,2025-05-01,31,Integrations,3
U0006110,C0374,2025-06-01,79,Reports,15
U0006111,C0374,2025-08-01,18,Reports,4
U0006112,C0374,2025-09-01,30,Exports,14
U0006113,C0374,2025-10-01,44,Automation,2
U0006114,C0374,2025-11-01,55,Reports,5
U0006115,C0374,2025-12-01,19,Integrations,19
U0006116,C0374,2026-01-01,77,Dashboard,11
U0006117,C0374,2026-02-01,24,Integrations,7
U0006118,C0374,2026-03-01,27,API,16
U0006119,C0374,2026-04-01,57,Dashboard,1
U0006120,C0374,2026-06-01,67,Exports,1
U0006121,C0374,2026-07-01,52,API,3
U0006122,C0374,2026-08-01,46,Integrations,1
U0006123,C0375,2025-01-01,66,Reports,5
U0006124,C0375,2025-02-01,32,Integrations,6
U0006125,C0375,2025-03-01,5,Automation,14
U0006126,C0375,2025-04-01,60,API,11
U0006127,C0375,2025-05-01,25,Reports,16
U0006128,C0375,2025-06-01,15,Dashboard,11
U0006129,C0375,2025-08-01,52,Dashboard,12
U0006130,C0375,2025-09-01,12,Dashboard,12
U0006131,C0375,2025-10-01,5,Dashboard,19
U0006132,C0375,2025-11-01,13,Exports,5
U0006133,C0375,2026-02-01,30,Dashboard,11
U0006134,C0375,2026-04-01,31,Dashboard,19
U0006135,C0375,2026-06-01,17,Automation,16
U0006136,C0375,2026-08-01,79,API,5
U0006137,C0375,2026-09-01,79,Dashboard,15
U0006138,C0376,2025-01-01,31,Exports,15
U0006139,C0376,2025-02-01,74,Integrations,3
U0006140,C0376,2025-03-01,73,Exports,10
U0006141,C0376,2025-05-01,23,Reports,1
U0006142,C0376,2025-07-01,36,Dashboard,4
U0006143,C0376,2025-08-01,23,Integrations,1
U0006144,C0376,2025-09-01,34,Integrations,3
U0006145,C0376,2025-10-01,75,Exports,18
U0006146,C0376,2025-11-01,53,Dashboard,17
U0006147,C0376,2025-12-01,33,Dashboard,14
U0006148,C0376,2026-01-01,30,Integrations,19
U0006149,C0376,2026-02-01,72,Automation,7
U0006150,C0376,2026-03-01,28,Integrations,1
U0006151,C0376,2026-04-01,54,Reports,11
U0006152,C0376,2026-05-01,78,Exports,1
U0006153,C0376,2026-06-01,43,Dashboard,12
U0006154,C0376,2026-07-01,1,Integrations,5
U0006155,C0376,2026-08-01,28,Integrations,19
U0006156,C0376,2026-09-01,71,Automation,3
U0006157,C0377,2025-01-01,31,Reports,10
U0006158,C0377,2025-02-01,79,Automation,16
U0006159,C0377,2025-03-01,40,Dashboard,14
U0006160,C0377,2025-05-01,32,Exports,6
U0006161,C0377,2025-06-01,49,API,4
U0006162,C0377,2025-07-01,24,Automation,7
U0006163,C0377,2025-08-01,19,Integrations,12
U0006164,C0377,2025-11-01,32,Reports,13
U0006165,C0377,2026-01-01,6,Dashboard,8
U0006166,C0377,2026-03-01,67,Reports,14
U0006167,C0377,2026-04-01,77,Automation,17
U0006168,C0377,2026-06-01,30,Automation,5
U0006169,C0377,2026-08-01,69,Integrations,10
U0006170,C0377,2026-09-01,56,API,5
U0006171,C0378,2025-01-01,40,API,13
U0006172,C0378,2025-02-01,23,Automation,8
U0006173,C0378,2025-04-01,66,API,4
U0006174,C0378,2025-05-01,25,Reports,3
U0006175,C0378,2025-06-01,68,Dashboard,11
U0006176,C0378,2025-07-01,32,Integrations,13
U0006177,C0378,2025-08-01,71,Dashboard,9
U0006178,C0378,2025-09-01,28,Automation,19
U0006179,C0378,2025-10-01,43,Integrations,19
U0006180,C0378,2025-11-01,53,API,18
U0006181,C0378,2025-12-01,46,Automation,9
U0006182,C0378,2026-02-01,27,Dashboard,16
U0006183,C0378,2026-03-01,54,Integrations,15
U0006184,C0378,2026-04-01,76,Reports,10
U0006185,C0378,2026-05-01,18,Reports,14
U0006186,C0378,2026-07-01,21,Exports,2
U0006187,C0378,2026-08-01,3,Exports,3
U0006188,C0378,2026-09-01,25,Reports,5
U0006189,C0379,2025-01-01,11,Exports,10
U0006190,C0379,2025-03-01,5,API,1
U0006191,C0379,2025-04-01,23,Integrations,2
U0006192,C0379,2025-06-01,13,Exports,4
U0006193,C0379,2025-07-01,67,Exports,12
U0006194,C0379,2025-08-01,40,Integrations,13
U0006195,C0379,2025-10-01,25,Integrations,17
U0006196,C0379,2026-01-01,28,Integrations,8
U0006197,C0379,2026-03-01,51,Exports,6
U0006198,C0379,2026-05-01,38,Dashboard,12
U0006199,C0379,2026-07-01,73,Integrations,7
U0006200,C0379,2026-08-01,45,Reports,10
U0006201,C0379,2026-09-01,24,Automation,18
U0006202,C0380,2025-01-01,72,Dashboard,4
U0006203,C0380,2025-03-01,59,Integrations,17
U0006204,C0380,2025-04-01,58,Automation,19
U0006205,C0380,2025-05-01,47,Reports,15
U0006206,C0380,2025-06-01,7,Integrations,14
U0006207,C0380,2025-07-01,6,Automation,11
U0006208,C0380,2025-08-01,41,Exports,19
U0006209,C0380,2025-09-01,19,Dashboard,16
U0006210,C0380,2025-10-01,54,Reports,19
U0006211,C0380,2025-12-01,12,Automation,5
U0006212,C0380,2026-01-01,6,Dashboard,11
U0006213,C0380,2026-02-01,39,Dashboard,18
U0006214,C0380,2026-03-01,1,API,5
U0006215,C0380,2026-04-01,77,Automation,18
U0006216,C0380,2026-05-01,35,Dashboard,14
U0006217,C0380,2026-06-01,22,Integrations,17
U0006218,C0380,2026-07-01,36,Dashboard,18
U0006219,C0380,2026-08-01,2,Reports,2
U0006220,C0381,2025-01-01,2,Exports,10
U0006221,C0381,2025-02-01,36,Integrations,6
U0006222,C0381,2025-03-01,2,API,7
U0006223,C0381,2025-04-01,41,Automation,11
U0006224,C0381,2025-05-01,14,Dashboard,13
U0006225,C0381,2025-06-01,29,Exports,2
U0006226,C0381,2025-08-01,18,API,9
U0006227,C0381,2025-09-01,77,API,19
U0006228,C0381,2025-10-01,19,Exports,2
U0006229,C0381,2025-12-01,10,Exports,19
U0006230,C0381,2026-01-01,10,Exports,7
U0006231,C0381,2026-02-01,13,Dashboard,3
U0006232,C0381,2026-04-01,78,Dashboard,12
U0006233,C0381,2026-05-01,36,Reports,17
U0006234,C0381,2026-06-01,42,Automation,5
U0006235,C0381,2026-07-01,30,Dashboard,16
U0006236,C0382,2025-01-01,31,Dashboard,7
U0006237,C0382,2025-02-01,31,Dashboard,11
U0006238,C0382,2025-03-01,43,API,14
U0006239,C0382,2025-05-01,44,Dashboard,3
U0006240,C0382,2025-06-01,41,Integrations,3
U0006241,C0382,2025-08-01,9,API,15
U0006242,C0382,2025-09-01,9,Exports,5
U0006243,C0382,2025-10-01,60,Integrations,7
U0006244,C0382,2025-12-01,6,Integrations,6
U0006245,C0382,2026-01-01,51,Automation,17
U0006246,C0382,2026-02-01,76,Dashboard,5
U0006247,C0382,2026-03-01,61,Integrations,6
U0006248,C0382,2026-04-01,19,Exports,16
U0006249,C0382,2026-07-01,50,Integrations,16
U0006250,C0382,2026-08-01,3,Integrations,15
U0006251,C0382,2026-09-01,16,Exports,13
U0006252,C0383,2025-01-01,43,Dashboard,9
U0006253,C0383,2025-03-01,64,Exports,3
U0006254,C0383,2025-04-01,38,Dashboard,2
U0006255,C0383,2025-05-01,51,Automation,7
U0006256,C0383,2025-07-01,27,Reports,6
U0006257,C0383,2025-08-01,20,Integrations,11
U0006258,C0383,2025-12-01,53,Dashboard,16
U0006259,C0383,2026-01-01,16,API,13
U0006260,C0383,2026-02-01,57,API,7
U0006261,C0383,2026-05-01,5,Integrations,4
U0006262,C0383,2026-06-01,4,API,13
U0006263,C0383,2026-09-01,74,Dashboard,6
U0006264,C0384,2025-02-01,37,Reports,15
U0006265,C0384,2025-04-01,12,Integrations,9
U0006266,C0384,2025-05-01,34,API,7
U0006267,C0384,2025-06-01,76,Automation,18
U0006268,C0384,2025-07-01,7,API,13
U0006269,C0384,2025-08-01,7,Exports,15
U0006270,C0384,2025-09-01,7,API,18
U0006271,C0384,2025-10-01,64,Reports,7
U0006272,C0384,2025-11-01,34,Reports,2
U0006273,C0384,2025-12-01,56,Integrations,10
U0006274,C0384,2026-01-01,75,Exports,13
U0006275,C0384,2026-02-01,5,API,8
U0006276,C0384,2026-03-01,28,Exports,11
U0006277,C0384,2026-04-01,20,API,6
U0006278,C0384,2026-05-01,12,Automation,15
U0006279,C0384,2026-06-01,63,Automation,4
U0006280,C0384,2026-08-01,49,Integrations,11
U0006281,C0385,2025-01-01,21,Automation,15
U0006282,C0385,2025-02-01,23,API,19
U0006283,C0385,2025-03-01,76,API,19
U0006284,C0385,2025-04-01,46,Dashboard,14
U0006285,C0385,2025-05-01,61,Reports,9
U0006286,C0385,2025-07-01,7,API,11
U0006287,C0385,2025-08-01,44,Exports,12
U0006288,C0385,2025-09-01,34,Exports,12
U0006289,C0385,2025-10-01,2,Automation,12
U0006290,C0385,2025-11-01,77,Dashboard,18
U0006291,C0385,2025-12-01,12,Exports,4
U0006292,C0385,2026-01-01,24,Reports,4
U0006293,C0385,2026-02-01,29,Reports,4
U0006294,C0385,2026-03-01,56,Integrations,13
U0006295,C0385,2026-04-01,12,Integrations,14
U0006296,C0385,2026-06-01,47,Reports,15
U0006297,C0385,2026-07-01,43,Reports,2
U0006298,C0385,2026-09-01,66,Exports,13
U0006299,C0386,2025-01-01,36,API,15
U0006300,C0386,2025-02-01,28,API,17
U0006301,C0386,2025-05-01,66,Exports,7
U0006302,C0386,2025-06-01,11,Integrations,10
U0006303,C0386,2025-07-01,47,Reports,3
U0006304,C0386,2025-08-01,50,Dashboard,17
U0006305,C0386,2025-09-01,14,Reports,3
U0006306,C0386,2025-11-01,23,Exports,18
U0006307,C0386,2026-03-01,22,Integrations,5
U0006308,C0386,2026-04-01,78,Exports,12
U0006309,C0386,2026-05-01,48,Integrations,8
U0006310,C0386,2026-06-01,45,Exports,5
U0006311,C0386,2026-07-01,38,Automation,7
U0006312,C0386,2026-08-01,14,Integrations,4
U0006313,C0386,2026-09-01,77,Exports,14
U0006314,C0387,2025-01-01,73,Dashboard,6
U0006315,C0387,2025-02-01,7,API,3
U0006316,C0387,2025-03-01,33,API,3
U0006317,C0387,2025-04-01,13,Automation,12
U0006318,C0387,2025-05-01,55,Exports,19
U0006319,C0387,2025-06-01,15,Reports,6
U0006320,C0387,2025-07-01,55,Dashboard,15
U0006321,C0387,2025-08-01,14,Reports,15
U0006322,C0387,2025-09-01,31,Reports,9
U0006323,C0387,2025-10-01,38,Reports,1
U0006324,C0387,2025-11-01,25,Automation,8
U0006325,C0387,2025-12-01,79,API,17
U0006326,C0387,2026-01-01,6,Exports,10
U0006327,C0387,2026-02-01,34,Automation,11
U0006328,C0387,2026-03-01,61,API,15
U0006329,C0387,2026-04-01,11,Automation,18
U0006330,C0387,2026-05-01,22,Integrations,14
U0006331,C0387,2026-07-01,51,API,17
U0006332,C0387,2026-08-01,17,Reports,10
U0006333,C0387,2026-09-01,27,Automation,8
U0006334,C0388,2025-01-01,17,Automation,16
U0006335,C0388,2025-02-01,3,Reports,9
U0006336,C0388,2025-03-01,78,Dashboard,19
U0006337,C0388,2025-04-01,72,Exports,15
U0006338,C0388,2025-06-01,75,Exports,14
U0006339,C0388,2025-09-01,42,Reports,1
U0006340,C0388,2025-10-01,78,Dashboard,10
U0006341,C0388,2025-11-01,53,Dashboard,13
U0006342,C0388,2025-12-01,37,Exports,17
U0006343,C0388,2026-01-01,52,Integrations,11
U0006344,C0388,2026-02-01,3,Automation,7
U0006345,C0388,2026-03-01,42,API,13
U0006346,C0388,2026-04-01,29,Reports,7
U0006347,C0388,2026-07-01,47,Exports,8
U0006348,C0388,2026-08-01,57,Automation,14
U0006349,C0388,2026-09-01,33,Exports,9
U0006350,C0389,2025-01-01,34,Dashboard,4
U0006351,C0389,2025-02-01,21,Dashboard,11
U0006352,C0389,2025-03-01,49,API,5
U0006353,C0389,2025-04-01,66,Dashboard,16
U0006354,C0389,2025-05-01,12,Reports,4
U0006355,C0389,2025-06-01,27,Automation,16
U0006356,C0389,2025-08-01,3,Integrations,14
U0006357,C0389,2025-09-01,29,Dashboard,17
U0006358,C0389,2025-10-01,11,API,2
U0006359,C0389,2025-11-01,16,Exports,9
U0006360,C0389,2026-03-01,15,Exports,13
U0006361,C0389,2026-04-01,16,Dashboard,2
U0006362,C0389,2026-07-01,58,Dashboard,3
U0006363,C0389,2026-09-01,76,Reports,5
U0006364,C0390,2025-01-01,39,Dashboard,17
U0006365,C0390,2025-02-01,77,Exports,5
U0006366,C0390,2025-03-01,70,Reports,13
U0006367,C0390,2025-04-01,68,Exports,16
U0006368,C0390,2025-05-01,67,Integrations,19
U0006369,C0390,2025-08-01,11,Integrations,18
U0006370,C0390,2025-09-01,48,Exports,16
U0006371,C0390,2025-10-01,62,Integrations,6
U0006372,C0390,2025-11-01,40,Integrations,7
U0006373,C0390,2025-12-01,11,Dashboard,10
U0006374,C0390,2026-02-01,25,Automation,5
U0006375,C0390,2026-03-01,68,Exports,6
U0006376,C0390,2026-04-01,38,Integrations,5
U0006377,C0390,2026-05-01,25,Exports,14
U0006378,C0390,2026-06-01,68,Exports,8
U0006379,C0390,2026-07-01,30,API,15
U0006380,C0390,2026-08-01,47,Reports,5
U0006381,C0390,2026-09-01,42,Reports,7
U0006382,C0391,2025-01-01,54,Dashboard,13
U0006383,C0391,2025-02-01,61,Automation,3
U0006384,C0391,2025-03-01,3,API,19
U0006385,C0391,2025-05-01,16,API,6
U0006386,C0391,2025-06-01,34,API,9
U0006387,C0391,2025-07-01,3,Automation,18
U0006388,C0391,2025-08-01,15,Reports,12
U0006389,C0391,2025-09-01,57,Integrations,8
U0006390,C0391,2025-12-01,14,Exports,5
U0006391,C0391,2026-01-01,25,API,4
U0006392,C0391,2026-02-01,7,Exports,16
U0006393,C0391,2026-03-01,30,Exports,8
U0006394,C0391,2026-04-01,37,API,9
U0006395,C0391,2026-05-01,10,Dashboard,11
U0006396,C0391,2026-06-01,1,Integrations,11
U0006397,C0391,2026-07-01,46,Reports,9
U0006398,C0392,2025-01-01,16,Automation,4
U0006399,C0392,2025-02-01,13,Reports,8
U0006400,C0392,2025-03-01,8,Automation,2
U0006401,C0392,2025-04-01,21,Automation,13
U0006402,C0392,2025-05-01,4,Automation,4
U0006403,C0392,2025-06-01,73,Dashboard,9
U0006404,C0392,2025-07-01,64,Dashboard,8
U0006405,C0392,2025-08-01,45,Automation,8
U0006406,C0392,2025-10-01,61,Reports,9
U0006407,C0392,2025-11-01,3,Automation,1
U0006408,C0392,2025-12-01,39,Reports,18
U0006409,C0392,2026-01-01,46,Integrations,6
U0006410,C0392,2026-03-01,46,Dashboard,17
U0006411,C0392,2026-04-01,66,Dashboard,15
U0006412,C0392,2026-05-01,49,API,6
U0006413,C0392,2026-06-01,73,Exports,17
U0006414,C0393,2025-01-01,9,Automation,10
U0006415,C0393,2025-02-01,40,API,19
U0006416,C0393,2025-04-01,75,API,2
U0006417,C0393,2025-05-01,47,Automation,18
U0006418,C0393,2025-07-01,20,Dashboard,19
U0006419,C0393,2025-08-01,65,Automation,8
U0006420,C0393,2025-10-01,25,Dashboard,17
U0006421,C0393,2025-11-01,16,Automation,2
U0006422,C0393,2025-12-01,5,Dashboard,15
U0006423,C0393,2026-03-01,6,API,17
U0006424,C0393,2026-05-01,14,Reports,18
U0006425,C0393,2026-06-01,78,Reports,18
U0006426,C0393,2026-07-01,7,API,6
U0006427,C0393,2026-08-01,54,Exports,5
U0006428,C0393,2026-09-01,24,API,13
U0006429,C0394,2025-02-01,39,Exports,5
U0006430,C0394,2025-03-01,49,Exports,14
U0006431,C0394,2025-04-01,44,Automation,4
U0006432,C0394,2025-05-01,32,Automation,5
U0006433,C0394,2025-06-01,4,Integrations,1
U0006434,C0394,2025-07-01,77,Dashboard,15
U0006435,C0394,2025-08-01,10,Automation,3
U0006436,C0394,2025-10-01,38,Integrations,8
U0006437,C0394,2025-11-01,43,API,15
U0006438,C0394,2026-02-01,59,Integrations,5
U0006439,C0394,2026-04-01,39,API,16
U0006440,C0394,2026-05-01,5,Dashboard,4
U0006441,C0394,2026-06-01,26,API,4
U0006442,C0394,2026-07-01,26,Exports,13
U0006443,C0394,2026-08-01,24,API,3
U0006444,C0395,2025-03-01,50,Exports,16
U0006445,C0395,2025-04-01,2,API,9
U0006446,C0395,2025-05-01,62,Exports,2
U0006447,C0395,2025-06-01,77,API,14
U0006448,C0395,2025-07-01,33,API,11
U0006449,C0395,2025-08-01,18,Exports,9
U0006450,C0395,2025-10-01,42,API,4
U0006451,C0395,2025-11-01,55,Reports,7
U0006452,C0395,2025-12-01,62,Reports,9
U0006453,C0395,2026-02-01,10,Integrations,1
U0006454,C0395,2026-03-01,78,Integrations,6
U0006455,C0395,2026-05-01,58,Integrations,10
U0006456,C0395,2026-06-01,7,API,5
U0006457,C0395,2026-07-01,20,Exports,6
U0006458,C0395,2026-09-01,62,Exports,14
U0006459,C0396,2025-03-01,41,Automation,3
U0006460,C0396,2025-04-01,25,Reports,4
U0006461,C0396,2025-07-01,33,Exports,6
U0006462,C0396,2025-09-01,16,Integrations,18
U0006463,C0396,2025-11-01,41,Reports,5
U0006464,C0396,2025-12-01,34,Reports,10
U0006465,C0396,2026-02-01,6,Integrations,7
U0006466,C0396,2026-05-01,74,Integrations,2
U0006467,C0396,2026-06-01,8,Reports,9
U0006468,C0396,2026-07-01,37,Dashboard,16
U0006469,C0396,2026-08-01,2,Dashboard,17
U0006470,C0396,2026-09-01,10,Dashboard,5
U0006471,C0397,2025-02-01,19,Automation,1
U0006472,C0397,2025-04-01,23,Integrations,1
U0006473,C0397,2025-05-01,76,API,13
U0006474,C0397,2025-08-01,27,Exports,15
U0006475,C0397,2025-09-01,70,API,14
U0006476,C0397,2025-10-01,30,Reports,9
U0006477,C0397,2025-12-01,60,Automation,1
U0006478,C0397,2026-02-01,23,Exports,1
U0006479,C0397,2026-03-01,48,Integrations,15
U0006480,C0397,2026-06-01,49,Exports,13
U0006481,C0397,2026-07-01,43,Exports,14
U0006482,C0397,2026-08-01,67,API,16
U0006483,C0397,2026-09-01,76,API,8
U0006484,C0398,2025-01-01,15,Exports,5
U0006485,C0398,2025-02-01,6,API,8
U0006486,C0398,2025-03-01,10,Automation,8
U0006487,C0398,2025-04-01,56,Exports,12
U0006488,C0398,2025-05-01,47,Exports,14
U0006489,C0398,2025-08-01,22,Integrations,13
U0006490,C0398,2025-09-01,5,Reports,15
U0006491,C0398,2025-10-01,21,Dashboard,2
U0006492,C0398,2025-11-01,64,Integrations,5
U0006493,C0398,2025-12-01,68,Dashboard,8
U0006494,C0398,2026-01-01,25,API,10
U0006495,C0398,2026-04-01,42,Integrations,18
U0006496,C0398,2026-05-01,53,Integrations,14
U0006497,C0398,2026-06-01,20,Automation,12
U0006498,C0398,2026-07-01,52,Dashboard,7
U0006499,C0398,2026-08-01,69,Exports,18
U0006500,C0398,2026-09-01,77,Integrations,16
U0006501,C0399,2025-01-01,67,Exports,17
U0006502,C0399,2025-02-01,51,Exports,13
U0006503,C0399,2025-03-01,76,Integrations,17
U0006504,C0399,2025-05-01,21,API,5
U0006505,C0399,2025-06-01,65,Integrations,17
U0006506,C0399,2025-08-01,66,Integrations,19
U0006507,C0399,2025-09-01,10,Automation,7
U0006508,C0399,2025-10-01,61,Automation,11
U0006509,C0399,2025-11-01,34,Automation,15
U0006510,C0399,2025-12-01,5,Dashboard,8
U0006511,C0399,2026-01-01,48,Reports,18
U0006512,C0399,2026-02-01,69,Integrations,16
U0006513,C0399,2026-03-01,17,Exports,1
U0006514,C0399,2026-04-01,37,API,11
U0006515,C0399,2026-05-01,78,API,11
U0006516,C0399,2026-06-01,8,API,1
U0006517,C0399,2026-07-01,58,Automation,15
U0006518,C0399,2026-08-01,16,Exports,12
U0006519,C0399,2026-09-01,19,API,7
U0006520,C0400,2025-01-01,28,Automation,15
U0006521,C0400,2025-02-01,58,API,4
U0006522,C0400,2025-04-01,1,Exports,16
U0006523,C0400,2025-05-01,25,Dashboard,11
U0006524,C0400,2025-06-01,39,API,7
U0006525,C0400,2025-09-01,79,Reports,10
U0006526,C0400,2025-10-01,53,Integrations,19
U0006527,C0400,2025-11-01,28,Dashboard,9
U0006528,C0400,2025-12-01,53,Dashboard,1
U0006529,C0400,2026-01-01,9,Integrations,15
U0006530,C0400,2026-02-01,18,Integrations,6
U0006531,C0400,2026-03-01,58,Exports,13
U0006532,C0400,2026-04-01,15,Integrations,6
U0006533,C0400,2026-06-01,68,Integrations,5
U0006534,C0400,2026-07-01,42,Integrations,16
U0006535,C0400,2026-08-01,51,API,18
U0006536,C0400,2026-09-01,28,Integrations,2
U0006537,C0401,2025-01-01,36,Dashboard,4
U0006538,C0401,2025-02-01,70,Automation,6
U0006539,C0401,2025-03-01,31,API,8
U0006540,C0401,2025-04-01,64,Automation,9
U0006541,C0401,2025-05-01,7,Automation,8
U0006542,C0401,2025-06-01,3,Dashboard,5
U0006543,C0401,2025-07-01,73,API,6
U0006544,C0401,2025-08-01,26,Exports,3
U0006545,C0401,2025-09-01,25,API,6
U0006546,C0401,2025-11-01,62,Integrations,16
U0006547,C0401,2025-12-01,36,Dashboard,5
U0006548,C0401,2026-01-01,44,Dashboard,6
U0006549,C0401,2026-02-01,2,Dashboard,10
U0006550,C0401,2026-04-01,47,Integrations,10
U0006551,C0401,2026-06-01,60,Dashboard,4
U0006552,C0401,2026-07-01,57,Exports,2
U0006553,C0401,2026-08-01,57,API,16
U0006554,C0401,2026-09-01,12,API,15
U0006555,C0402,2025-04-01,5,Automation,11
U0006556,C0402,2025-05-01,20,API,6
U0006557,C0402,2025-07-01,62,API,6
U0006558,C0402,2025-09-01,15,Dashboard,11
U0006559,C0402,2025-10-01,41,Automation,9
U0006560,C0402,2025-11-01,68,Automation,19
U0006561,C0402,2025-12-01,21,API,12
U0006562,C0402,2026-03-01,69,Automation,9
U0006563,C0402,2026-04-01,64,Dashboard,1
U0006564,C0402,2026-05-01,76,Dashboard,12
U0006565,C0402,2026-07-01,3,API,17
U0006566,C0402,2026-08-01,73,Reports,1
U0006567,C0402,2026-09-01,5,API,5
U0006568,C0403,2025-01-01,11,API,11
U0006569,C0403,2025-02-01,64,Exports,3
U0006570,C0403,2025-03-01,25,Integrations,8
U0006571,C0403,2025-05-01,35,API,4
U0006572,C0403,2025-06-01,29,API,9
U0006573,C0403,2025-07-01,38,Exports,14
U0006574,C0403,2025-08-01,48,Automation,8
U0006575,C0403,2025-09-01,49,Integrations,3
U0006576,C0403,2025-10-01,60,Automation,11
U0006577,C0403,2025-11-01,51,Automation,3
U0006578,C0403,2025-12-01,41,Exports,12
U0006579,C0403,2026-03-01,41,API,19
U0006580,C0403,2026-04-01,23,Integrations,9
U0006581,C0403,2026-05-01,3,Reports,19
U0006582,C0403,2026-06-01,69,Integrations,10
U0006583,C0403,2026-07-01,19,Dashboard,19
U0006584,C0403,2026-08-01,8,Reports,19
U0006585,C0404,2025-01-01,13,API,11
U0006586,C0404,2025-02-01,24,Reports,9
U0006587,C0404,2025-03-01,48,Dashboard,4
U0006588,C0404,2025-04-01,62,Dashboard,11
U0006589,C0404,2025-05-01,70,Exports,5
U0006590,C0404,2025-06-01,65,Integrations,15
U0006591,C0404,2025-08-01,62,Exports,15
U0006592,C0404,2025-09-01,15,Exports,18
U0006593,C0404,2025-10-01,76,Reports,18
U0006594,C0404,2025-11-01,40,Automation,12
U0006595,C0404,2025-12-01,68,Reports,13
U0006596,C0404,2026-01-01,39,Dashboard,7
U0006597,C0404,2026-02-01,64,API,1
U0006598,C0404,2026-03-01,46,Reports,11
U0006599,C0404,2026-04-01,75,Integrations,8
U0006600,C0404,2026-05-01,61,Integrations,8
U0006601,C0404,2026-06-01,55,Dashboard,14
U0006602,C0404,2026-07-01,11,Integrations,18
U0006603,C0404,2026-08-01,44,API,9
U0006604,C0405,2025-01-01,72,Integrations,5
U0006605,C0405,2025-03-01,49,Integrations,2
U0006606,C0405,2025-05-01,68,API,18
U0006607,C0405,2025-07-01,39,Dashboard,17
U0006608,C0405,2025-08-01,37,API,2
U0006609,C0405,2025-09-01,78,Integrations,2
U0006610,C0405,2025-10-01,29,Reports,1
U0006611,C0405,2025-11-01,4,Dashboard,14
U0006612,C0405,2026-01-01,44,Exports,14
U0006613,C0405,2026-02-01,35,Automation,6
U0006614,C0405,2026-04-01,37,Reports,4
U0006615,C0405,2026-05-01,15,Automation,14
U0006616,C0405,2026-06-01,8,Integrations,7
U0006617,C0405,2026-07-01,23,Dashboard,9
U0006618,C0405,2026-08-01,75,Automation,1
U0006619,C0405,2026-09-01,64,API,9
U0006620,C0406,2025-01-01,53,Reports,19
U0006621,C0406,2025-02-01,46,Reports,12
U0006622,C0406,2025-03-01,71,Dashboard,19
U0006623,C0406,2025-04-01,16,Exports,3
U0006624,C0406,2025-05-01,17,Dashboard,4
U0006625,C0406,2025-06-01,40,Integrations,11
U0006626,C0406,2025-07-01,47,Exports,12
U0006627,C0406,2025-08-01,58,Integrations,10
U0006628,C0406,2025-09-01,24,Exports,8
U0006629,C0406,2025-10-01,71,API,3
U0006630,C0406,2025-11-01,46,API,2
U0006631,C0406,2025-12-01,26,Dashboard,10
U0006632,C0406,2026-01-01,7,Reports,11
U0006633,C0406,2026-02-01,72,Integrations,11
U0006634,C0406,2026-03-01,6,Integrations,5
U0006635,C0406,2026-04-01,14,Reports,18
U0006636,C0406,2026-05-01,67,Dashboard,18
U0006637,C0406,2026-06-01,13,Integrations,10
U0006638,C0406,2026-07-01,73,Integrations,13
U0006639,C0406,2026-09-01,2,Exports,7
U0006640,C0407,2025-02-01,20,Automation,15
U0006641,C0407,2025-03-01,26,Dashboard,16
U0006642,C0407,2025-04-01,75,Automation,15
U0006643,C0407,2025-05-01,29,Dashboard,17
U0006644,C0407,2025-07-01,52,Exports,9
U0006645,C0407,2025-08-01,52,Reports,10
U0006646,C0407,2025-09-01,19,Reports,4
U0006647,C0407,2025-11-01,60,API,3
U0006648,C0407,2026-01-01,27,Automation,6
U0006649,C0407,2026-02-01,33,Dashboard,5
U0006650,C0407,2026-03-01,58,Automation,6
U0006651,C0407,2026-04-01,68,API,2
U0006652,C0407,2026-07-01,32,Automation,17
U0006653,C0407,2026-08-01,69,Reports,10
U0006654,C0407,2026-09-01,49,API,12
U0006655,C0408,2025-01-01,3,Automation,4
U0006656,C0408,2025-02-01,39,Integrations,6
U0006657,C0408,2025-06-01,35,Reports,15
U0006658,C0408,2025-07-01,19,API,13
U0006659,C0408,2025-08-01,78,Dashboard,19
U0006660,C0408,2025-11-01,51,Automation,13
U0006661,C0408,2025-12-01,55,Reports,17
U0006662,C0408,2026-02-01,58,API,12
U0006663,C0408,2026-03-01,51,Exports,2
U0006664,C0408,2026-04-01,38,Integrations,3
U0006665,C0408,2026-07-01,75,Dashboard,11
U0006666,C0408,2026-09-01,24,Exports,3
U0006667,C0409,2025-01-01,16,Dashboard,9
U0006668,C0409,2025-02-01,18,API,17
U0006669,C0409,2025-04-01,26,Integrations,11
U0006670,C0409,2025-05-01,67,Reports,8
U0006671,C0409,2025-06-01,30,Reports,13
U0006672,C0409,2025-08-01,30,Integrations,6
U0006673,C0409,2025-09-01,79,Exports,15
U0006674,C0409,2025-10-01,36,Reports,11
U0006675,C0409,2025-11-01,79,Exports,19
U0006676,C0409,2025-12-01,74,Integrations,2
U0006677,C0409,2026-01-01,35,Exports,8
U0006678,C0409,2026-02-01,15,API,10
U0006679,C0409,2026-05-01,18,Dashboard,2
U0006680,C0409,2026-07-01,76,Automation,16
U0006681,C0409,2026-08-01,59,API,4
U0006682,C0409,2026-09-01,10,Integrations,19
U0006683,C0410,2025-03-01,68,Integrations,4
U0006684,C0410,2025-04-01,32,API,19
U0006685,C0410,2025-05-01,19,Integrations,12
U0006686,C0410,2025-06-01,40,Dashboard,8
U0006687,C0410,2025-09-01,63,API,2
U0006688,C0410,2025-10-01,8,Integrations,11
U0006689,C0410,2025-11-01,22,Automation,13
U0006690,C0410,2025-12-01,37,Reports,13
U0006691,C0410,2026-01-01,34,Reports,19
U0006692,C0410,2026-03-01,42,Reports,19
U0006693,C0410,2026-05-01,75,API,7
U0006694,C0410,2026-06-01,65,Exports,18
U0006695,C0410,2026-07-01,13,Reports,15
U0006696,C0410,2026-08-01,39,Automation,12
U0006697,C0410,2026-09-01,26,API,1
U0006698,C0411,2025-01-01,65,Reports,11
U0006699,C0411,2025-02-01,43,Dashboard,11
U0006700,C0411,2025-04-01,34,Reports,3
U0006701,C0411,2025-06-01,11,Reports,14
U0006702,C0411,2025-07-01,10,Integrations,15
U0006703,C0411,2025-08-01,30,Exports,9
U0006704,C0411,2025-10-01,77,Dashboard,14
U0006705,C0411,2025-11-01,71,Reports,2
U0006706,C0411,2025-12-01,67,Dashboard,19
U0006707,C0411,2026-01-01,62,Dashboard,19
U0006708,C0411,2026-02-01,51,Reports,19
U0006709,C0411,2026-03-01,75,Dashboard,7
U0006710,C0411,2026-05-01,58,Integrations,8
U0006711,C0411,2026-07-01,19,Automation,6
U0006712,C0411,2026-08-01,24,Integrations,7
U0006713,C0411,2026-09-01,49,API,4
U0006714,C0412,2025-01-01,19,Automation,18
U0006715,C0412,2025-02-01,23,Integrations,15
U0006716,C0412,2025-03-01,44,Dashboard,9
U0006717,C0412,2025-04-01,74,Reports,8
U0006718,C0412,2025-05-01,22,Exports,18
U0006719,C0412,2025-06-01,23,Exports,9
U0006720,C0412,2025-07-01,56,Reports,19
U0006721,C0412,2025-08-01,29,Integrations,9
U0006722,C0412,2025-09-01,29,Exports,18
U0006723,C0412,2025-10-01,63,Dashboard,1
U0006724,C0412,2025-11-01,16,Automation,18
U0006725,C0412,2026-01-01,65,Dashboard,7
U0006726,C0412,2026-03-01,18,Automation,18
U0006727,C0412,2026-04-01,53,Integrations,14
U0006728,C0412,2026-05-01,11,Automation,5
U0006729,C0412,2026-06-01,64,API,1
U0006730,C0412,2026-08-01,69,Reports,16
U0006731,C0413,2025-01-01,78,Automation,12
U0006732,C0413,2025-02-01,16,API,4
U0006733,C0413,2025-03-01,76,API,17
U0006734,C0413,2025-04-01,21,Integrations,7
U0006735,C0413,2025-07-01,11,Integrations,15
U0006736,C0413,2025-08-01,30,API,4
U0006737,C0413,2025-09-01,29,Automation,6
U0006738,C0413,2025-10-01,7,Dashboard,9
U0006739,C0413,2025-11-01,51,API,11
U0006740,C0413,2026-02-01,72,API,14
U0006741,C0413,2026-03-01,75,Exports,10
U0006742,C0413,2026-04-01,70,Integrations,14
U0006743,C0413,2026-05-01,6,Dashboard,1
U0006744,C0413,2026-06-01,27,Integrations,14
U0006745,C0413,2026-07-01,32,Reports,12
U0006746,C0413,2026-08-01,16,Reports,7
U0006747,C0414,2025-01-01,28,Integrations,19
U0006748,C0414,2025-03-01,56,Dashboard,10
U0006749,C0414,2025-04-01,62,Automation,1
U0006750,C0414,2025-06-01,5,Exports,5
U0006751,C0414,2025-08-01,14,API,8
U0006752,C0414,2025-09-01,43,Automation,14
U0006753,C0414,2025-10-01,49,Integrations,4
U0006754,C0414,2025-11-01,27,Dashboard,14
U0006755,C0414,2025-12-01,44,API,1
U0006756,C0414,2026-02-01,43,Automation,9
U0006757,C0414,2026-03-01,2,Reports,14
U0006758,C0414,2026-05-01,69,Reports,7
U0006759,C0414,2026-06-01,16,Integrations,5
U0006760,C0414,2026-07-01,13,Reports,8
U0006761,C0414,2026-08-01,37,API,4
U0006762,C0414,2026-09-01,59,Integrations,5
U0006763,C0415,2025-01-01,18,Integrations,5
U0006764,C0415,2025-02-01,22,Automation,14
U0006765,C0415,2025-03-01,28,Exports,17
U0006766,C0415,2025-05-01,34,Integrations,1
U0006767,C0415,2025-06-01,43,Automation,3
U0006768,C0415,2025-07-01,20,Integrations,14
U0006769,C0415,2025-08-01,69,Dashboard,2
U0006770,C0415,2025-09-01,74,Exports,8
U0006771,C0415,2025-10-01,28,Automation,15
U0006772,C0415,2025-12-01,2,Reports,16
U0006773,C0415,2026-01-01,39,Dashboard,17
U0006774,C0415,2026-02-01,26,Automation,6
U0006775,C0415,2026-03-01,67,Exports,9
U0006776,C0415,2026-04-01,19,Integrations,8
U0006777,C0415,2026-05-01,66,Integrations,11
U0006778,C0415,2026-07-01,10,Dashboard,11
U0006779,C0415,2026-08-01,45,Integrations,10
U0006780,C0415,2026-09-01,69,API,4
U0006781,C0416,2025-01-01,28,Reports,7
U0006782,C0416,2025-02-01,19,Integrations,16
U0006783,C0416,2025-03-01,24,Integrations,10
U0006784,C0416,2025-05-01,34,API,7
U0006785,C0416,2025-07-01,54,Dashboard,5
U0006786,C0416,2025-08-01,33,Automation,3
U0006787,C0416,2025-09-01,46,Automation,14
U0006788,C0416,2025-10-01,69,Dashboard,3
U0006789,C0416,2025-11-01,58,Integrations,6
U0006790,C0416,2025-12-01,56,Exports,2
U0006791,C0416,2026-02-01,19,Exports,19
U0006792,C0416,2026-04-01,7,Reports,14
U0006793,C0416,2026-06-01,59,API,6
U0006794,C0416,2026-07-01,43,Integrations,10
U0006795,C0416,2026-08-01,4,API,17
U0006796,C0417,2025-01-01,35,Automation,5
U0006797,C0417,2025-02-01,55,Dashboard,2
U0006798,C0417,2025-03-01,78,Automation,12
U0006799,C0417,2025-07-01,55,Reports,10
U0006800,C0417,2025-10-01,40,Automation,9
U0006801,C0417,2025-11-01,60,API,10
U0006802,C0417,2026-01-01,56,Integrations,18
U0006803,C0417,2026-02-01,59,Automation,15
U0006804,C0417,2026-03-01,9,Reports,14
U0006805,C0417,2026-04-01,17,Dashboard,19
U0006806,C0417,2026-05-01,77,Dashboard,4
U0006807,C0417,2026-06-01,55,Reports,10
U0006808,C0417,2026-07-01,65,Integrations,10
U0006809,C0417,2026-08-01,22,Dashboard,17
U0006810,C0417,2026-09-01,37,Dashboard,7
U0006811,C0418,2025-01-01,64,Reports,3
U0006812,C0418,2025-03-01,55,Reports,9
U0006813,C0418,2025-04-01,45,API,9
U0006814,C0418,2025-05-01,76,Integrations,3
U0006815,C0418,2025-06-01,77,Integrations,10
U0006816,C0418,2025-07-01,28,Exports,5
U0006817,C0418,2025-08-01,60,Automation,9
U0006818,C0418,2025-09-01,7,Reports,1
U0006819,C0418,2025-10-01,14,API,3
U0006820,C0418,2025-11-01,73,API,18
U0006821,C0418,2025-12-01,17,Integrations,12
U0006822,C0418,2026-01-01,66,Exports,4
U0006823,C0418,2026-02-01,11,Integrations,4
U0006824,C0418,2026-03-01,62,Reports,2
U0006825,C0418,2026-04-01,45,Automation,19
U0006826,C0418,2026-07-01,64,Exports,11
U0006827,C0418,2026-08-01,55,Integrations,10
U0006828,C0418,2026-09-01,46,Automation,10
U0006829,C0419,2025-01-01,53,Reports,19
U0006830,C0419,2025-02-01,20,Integrations,1
U0006831,C0419,2025-03-01,65,API,8
U0006832,C0419,2025-04-01,28,Exports,16
U0006833,C0419,2025-05-01,64,Integrations,5
U0006834,C0419,2025-07-01,34,Automation,11
U0006835,C0419,2025-08-01,54,Automation,17
U0006836,C0419,2025-11-01,36,Automation,17
U0006837,C0419,2025-12-01,3,Dashboard,3
U0006838,C0419,2026-01-01,70,API,2
U0006839,C0419,2026-03-01,9,Exports,19
U0006840,C0419,2026-05-01,27,Dashboard,12
U0006841,C0419,2026-06-01,47,Reports,17
U0006842,C0419,2026-07-01,22,API,2
U0006843,C0419,2026-08-01,69,Integrations,1
U0006844,C0419,2026-09-01,7,Automation,5
U0006845,C0420,2025-02-01,23,Dashboard,16
U0006846,C0420,2025-03-01,77,Reports,17
U0006847,C0420,2025-04-01,13,API,1
U0006848,C0420,2025-05-01,25,Integrations,14
U0006849,C0420,2025-06-01,29,Automation,11
U0006850,C0420,2025-07-01,35,API,15
U0006851,C0420,2025-10-01,20,Dashboard,13
U0006852,C0420,2025-11-01,70,Integrations,6
U0006853,C0420,2025-12-01,46,Reports,3
U0006854,C0420,2026-01-01,67,Exports,7
U0006855,C0420,2026-02-01,45,Integrations,7
U0006856,C0420,2026-03-01,43,Exports,7
U0006857,C0420,2026-04-01,69,Integrations,19
U0006858,C0420,2026-05-01,62,Automation,14
U0006859,C0420,2026-06-01,30,Exports,4
U0006860,C0420,2026-07-01,75,API,4
U0006861,C0420,2026-09-01,38,Reports,16
U0006862,C0421,2025-01-01,63,API,19
U0006863,C0421,2025-02-01,52,Integrations,1
U0006864,C0421,2025-03-01,44,API,17
U0006865,C0421,2025-04-01,59,Reports,19
U0006866,C0421,2025-06-01,21,API,16
U0006867,C0421,2025-08-01,77,Automation,8
U0006868,C0421,2025-09-01,72,API,10
U0006869,C0421,2025-11-01,31,Integrations,14
U0006870,C0421,2025-12-01,4,Automation,4
U0006871,C0421,2026-01-01,60,Integrations,8
U0006872,C0421,2026-02-01,55,Reports,19
U0006873,C0421,2026-04-01,21,Automation,11
U0006874,C0421,2026-05-01,31,Automation,11
U0006875,C0421,2026-07-01,23,Exports,3
U0006876,C0421,2026-08-01,20,Integrations,6
U0006877,C0421,2026-09-01,29,Integrations,8
U0006878,C0422,2025-02-01,65,Integrations,2
U0006879,C0422,2025-03-01,69,Exports,5
U0006880,C0422,2025-04-01,76,API,2
U0006881,C0422,2025-05-01,45,Integrations,3
U0006882,C0422,2025-07-01,54,Automation,13
U0006883,C0422,2025-08-01,4,Reports,12
U0006884,C0422,2025-09-01,3,Integrations,6
U0006885,C0422,2025-10-01,44,API,9
U0006886,C0422,2025-11-01,19,Automation,7
U0006887,C0422,2025-12-01,30,API,1
U0006888,C0422,2026-02-01,29,Integrations,11
U0006889,C0422,2026-03-01,33,Automation,6
U0006890,C0422,2026-04-01,45,Reports,9
U0006891,C0422,2026-06-01,55,Dashboard,11
U0006892,C0422,2026-07-01,57,Exports,7
U0006893,C0422,2026-08-01,53,API,9
U0006894,C0422,2026-09-01,8,Dashboard,13
U0006895,C0423,2025-01-01,50,Automation,1
U0006896,C0423,2025-03-01,50,Reports,18
U0006897,C0423,2025-04-01,58,Integrations,3
U0006898,C0423,2025-05-01,40,API,18
U0006899,C0423,2025-06-01,70,API,12
U0006900,C0423,2025-07-01,30,Integrations,4
U0006901,C0423,2025-09-01,9,API,6
U0006902,C0423,2025-10-01,72,API,2
U0006903,C0423,2025-11-01,32,Dashboard,5
U0006904,C0423,2025-12-01,65,Integrations,7
U0006905,C0423,2026-01-01,78,Dashboard,18
U0006906,C0423,2026-02-01,73,Exports,7
U0006907,C0423,2026-03-01,56,Reports,3
U0006908,C0423,2026-04-01,37,Reports,4
U0006909,C0423,2026-05-01,54,Dashboard,19
U0006910,C0423,2026-07-01,55,Exports,19
U0006911,C0423,2026-08-01,31,API,5
U0006912,C0424,2025-01-01,27,Reports,13
U0006913,C0424,2025-02-01,65,Reports,15
U0006914,C0424,2025-03-01,69,Reports,15
U0006915,C0424,2025-05-01,73,Exports,1
U0006916,C0424,2025-06-01,67,Integrations,5
U0006917,C0424,2025-07-01,25,API,11
U0006918,C0424,2025-08-01,52,API,9
U0006919,C0424,2025-09-01,5,Integrations,8
U0006920,C0424,2025-10-01,66,Automation,19
U0006921,C0424,2025-11-01,15,Integrations,1
U0006922,C0424,2025-12-01,51,Automation,8
U0006923,C0424,2026-01-01,53,Reports,6
U0006924,C0424,2026-02-01,1,Dashboard,18
U0006925,C0424,2026-03-01,16,API,10
U0006926,C0424,2026-06-01,61,API,3
U0006927,C0424,2026-07-01,13,Integrations,19
U0006928,C0424,2026-09-01,25,Dashboard,1
U0006929,C0425,2025-02-01,52,Dashboard,15
U0006930,C0425,2025-03-01,62,API,9
U0006931,C0425,2025-04-01,40,API,15
U0006932,C0425,2025-06-01,1,Dashboard,11
U0006933,C0425,2025-07-01,76,Integrations,12
U0006934,C0425,2025-08-01,15,Dashboard,15
U0006935,C0425,2025-10-01,33,Integrations,16
U0006936,C0425,2026-01-01,71,Integrations,14
U0006937,C0425,2026-02-01,33,API,4
U0006938,C0425,2026-03-01,29,Integrations,19
U0006939,C0425,2026-04-01,25,Reports,10
U0006940,C0425,2026-05-01,51,API,10
U0006941,C0425,2026-06-01,46,Integrations,15
U0006942,C0425,2026-08-01,52,API,19
U0006943,C0426,2025-01-01,10,API,8
U0006944,C0426,2025-02-01,51,Dashboard,9
U0006945,C0426,2025-03-01,12,Integrations,9
U0006946,C0426,2025-04-01,78,Integrations,15
U0006947,C0426,2025-05-01,63,Integrations,13
U0006948,C0426,2025-06-01,5,Reports,18
U0006949,C0426,2025-07-01,11,Integrations,12
U0006950,C0426,2025-09-01,56,API,19
U0006951,C0426,2025-10-01,66,Dashboard,6
U0006952,C0426,2026-01-01,6,Dashboard,4
U0006953,C0426,2026-02-01,62,API,2
U0006954,C0426,2026-03-01,11,API,16
U0006955,C0426,2026-06-01,62,Reports,15
U0006956,C0426,2026-08-01,11,API,19
U0006957,C0426,2026-09-01,3,Exports,16
U0006958,C0427,2025-01-01,40,Reports,2
U0006959,C0427,2025-02-01,14,Reports,3
U0006960,C0427,2025-03-01,69,Reports,6
U0006961,C0427,2025-04-01,2,API,15
U0006962,C0427,2025-05-01,78,Exports,3
U0006963,C0427,2025-06-01,20,Reports,19
U0006964,C0427,2025-07-01,78,Reports,19
U0006965,C0427,2025-08-01,26,Dashboard,14
U0006966,C0427,2025-10-01,38,Dashboard,19
U0006967,C0427,2025-11-01,68,Reports,13
U0006968,C0427,2026-01-01,53,Integrations,16
U0006969,C0427,2026-03-01,47,API,13
U0006970,C0427,2026-04-01,32,Dashboard,14
U0006971,C0427,2026-05-01,55,Exports,8
U0006972,C0427,2026-06-01,39,Reports,11
U0006973,C0427,2026-07-01,20,Reports,11
U0006974,C0427,2026-08-01,58,Exports,17
U0006975,C0428,2025-01-01,23,Reports,11
U0006976,C0428,2025-02-01,73,Reports,12
U0006977,C0428,2025-03-01,76,Exports,12
U0006978,C0428,2025-04-01,26,API,14
U0006979,C0428,2025-06-01,8,Exports,1
U0006980,C0428,2025-07-01,6,API,2
U0006981,C0428,2025-08-01,53,API,9
U0006982,C0428,2025-09-01,62,Exports,8
U0006983,C0428,2025-10-01,56,Automation,6
U0006984,C0428,2025-11-01,15,Integrations,14
U0006985,C0428,2025-12-01,1,API,15
U0006986,C0428,2026-02-01,49,API,14
U0006987,C0428,2026-03-01,76,Exports,12
U0006988,C0428,2026-04-01,61,Automation,6
U0006989,C0428,2026-05-01,79,Exports,2
U0006990,C0428,2026-07-01,26,Dashboard,18
U0006991,C0428,2026-08-01,20,Reports,13
U0006992,C0428,2026-09-01,65,Integrations,8
U0006993,C0429,2025-01-01,39,API,8
U0006994,C0429,2025-02-01,16,Automation,18
U0006995,C0429,2025-03-01,13,Automation,19
U0006996,C0429,2025-04-01,38,API,16
U0006997,C0429,2025-05-01,44,Reports,16
U0006998,C0429,2025-06-01,11,Reports,16
U0006999,C0429,2025-08-01,18,Reports,3
U0007000,C0429,2025-09-01,30,Dashboard,11
U0007001,C0429,2025-10-01,64,Dashboard,13
U0007002,C0429,2025-11-01,52,Reports,17
U0007003,C0429,2025-12-01,28,Dashboard,4
U0007004,C0429,2026-01-01,17,Reports,17
U0007005,C0429,2026-03-01,11,Automation,17
U0007006,C0429,2026-04-01,55,Automation,11
U0007007,C0429,2026-05-01,70,Reports,3
U0007008,C0429,2026-07-01,60,Automation,14
U0007009,C0429,2026-08-01,4,Reports,9
U0007010,C0429,2026-09-01,12,Automation,7
U0007011,C0430,2025-01-01,29,API,4
U0007012,C0430,2025-02-01,30,Automation,2
U0007013,C0430,2025-03-01,1,API,19
U0007014,C0430,2025-04-01,18,Integrations,17
U0007015,C0430,2025-07-01,43,Automation,9
U0007016,C0430,2025-08-01,18,Dashboard,19
U0007017,C0430,2025-09-01,28,Dashboard,7
U0007018,C0430,2025-10-01,61,Dashboard,17
U0007019,C0430,2025-12-01,32,Integrations,11
U0007020,C0430,2026-01-01,62,Reports,1
U0007021,C0430,2026-02-01,57,Dashboard,18
U0007022,C0430,2026-03-01,19,Automation,12
U0007023,C0430,2026-04-01,66,Exports,5
U0007024,C0430,2026-05-01,75,Integrations,14
U0007025,C0430,2026-06-01,39,API,3
U0007026,C0430,2026-07-01,41,Dashboard,4
U0007027,C0430,2026-08-01,70,API,4
U0007028,C0430,2026-09-01,49,API,11
U0007029,C0431,2025-01-01,47,Dashboard,14
U0007030,C0431,2025-02-01,69,Exports,19
U0007031,C0431,2025-03-01,30,Dashboard,1
U0007032,C0431,2025-05-01,6,Exports,17
U0007033,C0431,2025-06-01,10,Integrations,4
U0007034,C0431,2025-07-01,47,Automation,16
U0007035,C0431,2025-09-01,4,Dashboard,11
U0007036,C0431,2025-10-01,31,Reports,4
U0007037,C0431,2025-11-01,59,Reports,7
U0007038,C0431,2026-01-01,2,Integrations,18
U0007039,C0431,2026-02-01,31,Dashboard,13
U0007040,C0431,2026-03-01,29,Reports,1
U0007041,C0431,2026-04-01,5,Reports,2
U0007042,C0431,2026-05-01,37,Reports,14
U0007043,C0431,2026-06-01,21,Automation,5
U0007044,C0431,2026-07-01,46,Exports,18
U0007045,C0431,2026-08-01,17,Integrations,6
U0007046,C0431,2026-09-01,50,Integrations,8
U0007047,C0432,2025-02-01,79,Reports,1
U0007048,C0432,2025-03-01,60,Exports,19
U0007049,C0432,2025-04-01,21,Automation,7
U0007050,C0432,2025-05-01,64,Reports,18
U0007051,C0432,2025-06-01,61,Exports,11
U0007052,C0432,2025-08-01,10,API,13
U0007053,C0432,2025-09-01,29,Integrations,14
U0007054,C0432,2025-10-01,63,Reports,11
U0007055,C0432,2025-11-01,15,Integrations,5
U0007056,C0432,2025-12-01,11,API,1
U0007057,C0432,2026-01-01,36,Dashboard,6
U0007058,C0432,2026-02-01,35,Dashboard,9
U0007059,C0432,2026-03-01,33,Automation,1
U0007060,C0432,2026-05-01,47,Integrations,16
U0007061,C0432,2026-06-01,65,API,6
U0007062,C0432,2026-07-01,65,Automation,2
U0007063,C0432,2026-08-01,12,Dashboard,7
U0007064,C0433,2025-01-01,78,Exports,6
U0007065,C0433,2025-03-01,55,Integrations,17
U0007066,C0433,2025-04-01,8,Dashboard,11
U0007067,C0433,2025-05-01,28,Dashboard,2
U0007068,C0433,2025-06-01,22,Automation,19
U0007069,C0433,2025-07-01,43,Automation,16
U0007070,C0433,2025-08-01,19,Exports,16
U0007071,C0433,2025-09-01,37,Automation,11
U0007072,C0433,2025-10-01,78,Dashboard,8
U0007073,C0433,2025-11-01,10,API,16
U0007074,C0433,2026-01-01,11,API,1
U0007075,C0433,2026-03-01,14,Dashboard,3
U0007076,C0433,2026-06-01,13,Exports,17
U0007077,C0433,2026-07-01,42,Integrations,15
U0007078,C0433,2026-08-01,20,Automation,11
U0007079,C0433,2026-09-01,28,Automation,3
U0007080,C0434,2025-01-01,40,Dashboard,7
U0007081,C0434,2025-02-01,10,API,16
U0007082,C0434,2025-04-01,58,Reports,19
U0007083,C0434,2025-05-01,28,Exports,2
U0007084,C0434,2025-06-01,44,Integrations,16
U0007085,C0434,2025-07-01,5,Reports,5
U0007086,C0434,2025-08-01,66,Integrations,7
U0007087,C0434,2025-09-01,32,Dashboard,6
U0007088,C0434,2025-11-01,1,API,10
U0007089,C0434,2025-12-01,78,API,18
U0007090,C0434,2026-01-01,38,Integrations,18
U0007091,C0434,2026-02-01,63,API,16
U0007092,C0434,2026-07-01,51,Dashboard,4
U0007093,C0434,2026-08-01,22,Automation,9
U0007094,C0434,2026-09-01,16,Dashboard,17
U0007095,C0435,2025-01-01,37,Exports,9
U0007096,C0435,2025-03-01,22,Integrations,13
U0007097,C0435,2025-05-01,58,API,1
U0007098,C0435,2025-07-01,57,Dashboard,18
U0007099,C0435,2025-08-01,9,Reports,1
U0007100,C0435,2025-09-01,15,Exports,14
U0007101,C0435,2025-12-01,1,Dashboard,13
U0007102,C0435,2026-01-01,65,Dashboard,11
U0007103,C0435,2026-02-01,7,Integrations,5
U0007104,C0435,2026-03-01,49,Automation,4
U0007105,C0435,2026-04-01,45,Exports,6
U0007106,C0435,2026-05-01,57,Exports,19
U0007107,C0435,2026-07-01,47,Automation,19
U0007108,C0436,2025-01-01,10,Exports,16
U0007109,C0436,2025-03-01,67,Automation,16
U0007110,C0436,2025-05-01,4,Automation,18
U0007111,C0436,2025-06-01,27,Exports,8
U0007112,C0436,2025-07-01,30,Exports,6
U0007113,C0436,2025-08-01,28,API,8
U0007114,C0436,2025-09-01,39,Exports,15
U0007115,C0436,2025-12-01,18,Reports,2
U0007116,C0436,2026-01-01,32,Integrations,2
U0007117,C0436,2026-02-01,50,Exports,5
U0007118,C0436,2026-03-01,22,Dashboard,6
U0007119,C0436,2026-04-01,75,Integrations,6
U0007120,C0436,2026-05-01,20,Integrations,18
U0007121,C0436,2026-06-01,32,Reports,16
U0007122,C0436,2026-07-01,51,Exports,18
U0007123,C0436,2026-08-01,61,Dashboard,7
U0007124,C0437,2025-01-01,19,Exports,1
U0007125,C0437,2025-02-01,52,Integrations,12
U0007126,C0437,2025-03-01,44,Reports,13
U0007127,C0437,2025-06-01,57,Dashboard,4
U0007128,C0437,2025-07-01,37,Reports,9
U0007129,C0437,2025-08-01,24,Dashboard,3
U0007130,C0437,2025-09-01,65,Reports,15
U0007131,C0437,2025-11-01,51,Exports,19
U0007132,C0437,2026-01-01,54,Automation,11
U0007133,C0437,2026-02-01,6,Integrations,13
U0007134,C0437,2026-03-01,39,Reports,11
U0007135,C0437,2026-04-01,40,Reports,1
U0007136,C0437,2026-05-01,40,API,10
U0007137,C0437,2026-06-01,14,API,19
U0007138,C0437,2026-07-01,69,Automation,18
U0007139,C0437,2026-08-01,40,Exports,4
U0007140,C0438,2025-01-01,37,API,5
U0007141,C0438,2025-02-01,34,API,1
U0007142,C0438,2025-04-01,79,Integrations,1
U0007143,C0438,2025-05-01,33,API,9
U0007144,C0438,2025-07-01,60,Integrations,16
U0007145,C0438,2025-08-01,24,Integrations,8
U0007146,C0438,2025-09-01,68,Integrations,15
U0007147,C0438,2025-11-01,13,Integrations,7
U0007148,C0438,2025-12-01,36,API,12
U0007149,C0438,2026-02-01,39,API,3
U0007150,C0438,2026-03-01,51,Dashboard,18
U0007151,C0438,2026-05-01,7,Dashboard,16
U0007152,C0438,2026-06-01,58,Exports,18
U0007153,C0438,2026-07-01,69,Reports,16
U0007154,C0438,2026-08-01,40,API,1
U0007155,C0438,2026-09-01,37,API,7
U0007156,C0439,2025-01-01,77,Exports,5
U0007157,C0439,2025-02-01,56,Exports,1
U0007158,C0439,2025-03-01,76,Exports,2
U0007159,C0439,2025-04-01,10,Reports,3
U0007160,C0439,2025-05-01,79,Exports,9
U0007161,C0439,2025-06-01,30,Integrations,1
U0007162,C0439,2025-07-01,64,Automation,12
U0007163,C0439,2025-08-01,62,Automation,17
U0007164,C0439,2025-09-01,61,Exports,6
U0007165,C0439,2025-10-01,10,Reports,8
U0007166,C0439,2025-11-01,42,Dashboard,1
U0007167,C0439,2025-12-01,55,Dashboard,13
U0007168,C0439,2026-01-01,44,Integrations,11
U0007169,C0439,2026-02-01,35,Dashboard,9
U0007170,C0439,2026-03-01,15,Exports,14
U0007171,C0439,2026-04-01,46,Integrations,18
U0007172,C0439,2026-05-01,40,API,2
U0007173,C0439,2026-07-01,20,Reports,7
U0007174,C0439,2026-08-01,33,Exports,4
U0007175,C0440,2025-02-01,11,Dashboard,18
U0007176,C0440,2025-03-01,23,Automation,18
U0007177,C0440,2025-04-01,49,Reports,15
U0007178,C0440,2025-05-01,56,Automation,11
U0007179,C0440,2025-06-01,22,Reports,3
U0007180,C0440,2025-07-01,51,Dashboard,10
U0007181,C0440,2025-08-01,26,Exports,1
U0007182,C0440,2025-10-01,67,Automation,14
U0007183,C0440,2025-11-01,24,Integrations,8
U0007184,C0440,2026-01-01,6,Exports,4
U0007185,C0440,2026-02-01,68,Integrations,16
U0007186,C0440,2026-04-01,8,API,8
U0007187,C0440,2026-05-01,34,Automation,14
U0007188,C0440,2026-07-01,65,API,11
U0007189,C0440,2026-09-01,61,Automation,13
U0007190,C0441,2025-01-01,61,Dashboard,18
U0007191,C0441,2025-02-01,15,Automation,15
U0007192,C0441,2025-03-01,34,Exports,13
U0007193,C0441,2025-04-01,46,Dashboard,14
U0007194,C0441,2025-06-01,22,Automation,4
U0007195,C0441,2025-07-01,76,API,4
U0007196,C0441,2025-08-01,47,Dashboard,14
U0007197,C0441,2025-09-01,60,Reports,19
U0007198,C0441,2025-10-01,35,API,4
U0007199,C0441,2025-11-01,62,Dashboard,1
U0007200,C0441,2025-12-01,42,Dashboard,16
U0007201,C0441,2026-02-01,72,API,19
U0007202,C0441,2026-03-01,53,Reports,10
U0007203,C0441,2026-04-01,76,Reports,16
U0007204,C0441,2026-05-01,5,Integrations,4
U0007205,C0441,2026-06-01,59,Integrations,6
U0007206,C0441,2026-07-01,11,Integrations,9
U0007207,C0441,2026-08-01,8,Exports,10
U0007208,C0441,2026-09-01,44,Integrations,13
U0007209,C0442,2025-01-01,41,API,3
U0007210,C0442,2025-02-01,13,Integrations,9
U0007211,C0442,2025-03-01,9,Reports,13
U0007212,C0442,2025-07-01,29,Dashboard,16
U0007213,C0442,2025-08-01,74,Integrations,18
U0007214,C0442,2025-10-01,9,Reports,13
U0007215,C0442,2025-11-01,48,API,6
U0007216,C0442,2026-01-01,78,Dashboard,4
U0007217,C0442,2026-03-01,30,Reports,9
U0007218,C0442,2026-04-01,53,Exports,15
U0007219,C0442,2026-05-01,5,API,6
U0007220,C0442,2026-07-01,70,Automation,13
U0007221,C0442,2026-08-01,2,Dashboard,10
U0007222,C0442,2026-09-01,60,API,8
U0007223,C0443,2025-01-01,66,Automation,4
U0007224,C0443,2025-03-01,24,Reports,7
U0007225,C0443,2025-04-01,18,API,10
U0007226,C0443,2025-05-01,19,Reports,17
U0007227,C0443,2025-08-01,4,Exports,9
U0007228,C0443,2025-10-01,69,Reports,4
U0007229,C0443,2025-11-01,75,Exports,17
U0007230,C0443,2026-01-01,13,Exports,9
U0007231,C0443,2026-02-01,30,Reports,4
U0007232,C0443,2026-03-01,54,Automation,12
U0007233,C0443,2026-05-01,61,Automation,12
U0007234,C0443,2026-07-01,52,Automation,5
U0007235,C0443,2026-09-01,74,Exports,6
U0007236,C0444,2025-01-01,64,Reports,19
U0007237,C0444,2025-02-01,20,Dashboard,3
U0007238,C0444,2025-04-01,45,Exports,2
U0007239,C0444,2025-05-01,44,Reports,4
U0007240,C0444,2025-06-01,51,Automation,15
U0007241,C0444,2025-07-01,62,API,8
U0007242,C0444,2025-08-01,40,Automation,6
U0007243,C0444,2025-10-01,1,Dashboard,5
U0007244,C0444,2025-12-01,45,Reports,9
U0007245,C0444,2026-02-01,2,Reports,3
U0007246,C0444,2026-03-01,55,Automation,15
U0007247,C0444,2026-04-01,11,Reports,19
U0007248,C0444,2026-05-01,43,Automation,13
U0007249,C0444,2026-06-01,8,Exports,7
U0007250,C0444,2026-07-01,75,Automation,5
U0007251,C0444,2026-09-01,7,Reports,4
U0007252,C0445,2025-01-01,6,Automation,1
U0007253,C0445,2025-02-01,67,Reports,14
U0007254,C0445,2025-03-01,79,Dashboard,8
U0007255,C0445,2025-04-01,2,Automation,10
U0007256,C0445,2025-05-01,18,API,5
U0007257,C0445,2025-06-01,21,Integrations,11
U0007258,C0445,2025-07-01,58,API,3
U0007259,C0445,2025-08-01,31,Automation,10
U0007260,C0445,2025-09-01,48,Integrations,5
U0007261,C0445,2025-11-01,4,Exports,13
U0007262,C0445,2026-01-01,43,Automation,15
U0007263,C0445,2026-02-01,74,Reports,12
U0007264,C0445,2026-03-01,5,API,11
U0007265,C0445,2026-04-01,24,Integrations,12
U0007266,C0445,2026-05-01,48,API,12
U0007267,C0445,2026-07-01,38,Automation,8
U0007268,C0445,2026-08-01,21,Dashboard,17
U0007269,C0446,2025-01-01,75,Integrations,10
U0007270,C0446,2025-02-01,73,Exports,10
U0007271,C0446,2025-03-01,64,API,12
U0007272,C0446,2025-04-01,47,Exports,16
U0007273,C0446,2025-05-01,5,API,15
U0007274,C0446,2025-06-01,14,Exports,10
U0007275,C0446,2025-07-01,20,Exports,14
U0007276,C0446,2025-08-01,50,Exports,11
U0007277,C0446,2025-09-01,12,Exports,9
U0007278,C0446,2025-11-01,73,Dashboard,9
U0007279,C0446,2026-01-01,43,Dashboard,1
U0007280,C0446,2026-02-01,73,Reports,18
U0007281,C0446,2026-03-01,13,API,2
U0007282,C0446,2026-04-01,31,API,9
U0007283,C0446,2026-06-01,17,Reports,14
U0007284,C0446,2026-07-01,68,Automation,17
U0007285,C0446,2026-08-01,14,Reports,9
U0007286,C0446,2026-09-01,44,API,9
U0007287,C0447,2025-01-01,44,Reports,6
U0007288,C0447,2025-02-01,41,Exports,14
U0007289,C0447,2025-03-01,26,Exports,7
U0007290,C0447,2025-06-01,55,Dashboard,3
U0007291,C0447,2025-07-01,52,Integrations,13
U0007292,C0447,2025-08-01,26,Exports,10
U0007293,C0447,2025-09-01,32,API,3
U0007294,C0447,2025-11-01,12,Automation,16
U0007295,C0447,2025-12-01,71,Automation,17
U0007296,C0447,2026-02-01,33,Dashboard,18
U0007297,C0447,2026-05-01,29,Dashboard,17
U0007298,C0447,2026-06-01,79,Dashboard,8
U0007299,C0447,2026-07-01,45,Automation,2
U0007300,C0447,2026-08-01,55,Exports,6
U0007301,C0448,2025-01-01,66,Reports,3
U0007302,C0448,2025-03-01,66,Dashboard,19
U0007303,C0448,2025-04-01,1,Dashboard,11
U0007304,C0448,2025-06-01,7,Integrations,4
U0007305,C0448,2025-07-01,54,Exports,19
U0007306,C0448,2025-08-01,54,Exports,9
U0007307,C0448,2025-09-01,20,Integrations,16
U0007308,C0448,2025-10-01,23,API,19
U0007309,C0448,2025-11-01,61,Reports,8
U0007310,C0448,2025-12-01,3,Dashboard,8
U0007311,C0448,2026-02-01,28,Automation,11
U0007312,C0448,2026-03-01,78,Exports,1
U0007313,C0448,2026-04-01,18,Dashboard,18
U0007314,C0448,2026-05-01,56,Reports,2
U0007315,C0448,2026-07-01,34,Reports,12
U0007316,C0448,2026-08-01,23,Dashboard,1
U0007317,C0448,2026-09-01,45,Exports,16
U0007318,C0449,2025-01-01,79,API,5
U0007319,C0449,2025-02-01,14,API,18
U0007320,C0449,2025-03-01,44,Automation,18
U0007321,C0449,2025-04-01,57,Dashboard,8
U0007322,C0449,2025-06-01,38,Exports,7
U0007323,C0449,2025-07-01,44,Reports,1
U0007324,C0449,2025-08-01,57,API,14
U0007325,C0449,2025-09-01,77,Dashboard,14
U0007326,C0449,2025-10-01,78,Integrations,15
U0007327,C0449,2025-11-01,78,Exports,9
U0007328,C0449,2025-12-01,60,Integrations,1
U0007329,C0449,2026-01-01,27,Integrations,8
U0007330,C0449,2026-02-01,65,Reports,12
U0007331,C0449,2026-03-01,42,API,2
U0007332,C0449,2026-05-01,60,Exports,4
U0007333,C0449,2026-07-01,2,Exports,6
U0007334,C0449,2026-08-01,16,Exports,3
U0007335,C0449,2026-09-01,33,Integrations,18
U0007336,C0450,2025-03-01,34,Dashboard,5
U0007337,C0450,2025-04-01,60,Exports,17
U0007338,C0450,2025-05-01,11,API,2
U0007339,C0450,2025-06-01,48,API,8
U0007340,C0450,2025-08-01,3,Dashboard,19
U0007341,C0450,2025-09-01,23,Dashboard,15
U0007342,C0450,2025-10-01,69,API,12
U0007343,C0450,2025-12-01,25,Exports,14
U0007344,C0450,2026-01-01,1,Reports,16
U0007345,C0450,2026-04-01,22,Automation,2
U0007346,C0450,2026-05-01,46,Exports,9
U0007347,C0450,2026-06-01,62,Integrations,5
U0007348,C0450,2026-07-01,43,Automation,10
U0007349,C0450,2026-09-01,67,Automation,15
U0007350,C0451,2025-01-01,63,Reports,16
U0007351,C0451,2025-02-01,28,Automation,11
U0007352,C0451,2025-03-01,38,Dashboard,2
U0007353,C0451,2025-04-01,55,Exports,12
U0007354,C0451,2025-05-01,56,API,15
U0007355,C0451,2025-06-01,76,Dashboard,10
U0007356,C0451,2025-08-01,38,Automation,5
U0007357,C0451,2025-09-01,60,Exports,19
U0007358,C0451,2025-10-01,34,Reports,9
U0007359,C0451,2025-11-01,74,Exports,1
U0007360,C0451,2026-02-01,61,API,3
U0007361,C0451,2026-03-01,27,API,10
U0007362,C0451,2026-05-01,5,Integrations,18
U0007363,C0451,2026-06-01,68,Integrations,10
U0007364,C0451,2026-07-01,24,Dashboard,11
U0007365,C0451,2026-09-01,18,Dashboard,9
U0007366,C0452,2025-01-01,68,Reports,18
U0007367,C0452,2025-03-01,66,Exports,10
U0007368,C0452,2025-04-01,36,Integrations,13
U0007369,C0452,2025-05-01,33,Reports,16
U0007370,C0452,2025-06-01,2,Integrations,12
U0007371,C0452,2025-07-01,16,Exports,11
U0007372,C0452,2025-08-01,39,API,13
U0007373,C0452,2025-09-01,72,Dashboard,9
U0007374,C0452,2025-10-01,14,Automation,11
U0007375,C0452,2025-11-01,42,API,1
U0007376,C0452,2026-01-01,16,Integrations,4
U0007377,C0452,2026-02-01,19,API,17
U0007378,C0452,2026-04-01,55,Dashboard,11
U0007379,C0452,2026-05-01,39,Reports,7
U0007380,C0452,2026-06-01,46,Exports,16
U0007381,C0452,2026-07-01,41,Exports,9
U0007382,C0452,2026-08-01,38,Integrations,5
U0007383,C0452,2026-09-01,75,Integrations,16
U0007384,C0453,2025-01-01,54,Automation,18
U0007385,C0453,2025-02-01,46,Reports,14
U0007386,C0453,2025-04-01,32,Dashboard,6
U0007387,C0453,2025-05-01,5,Integrations,8
U0007388,C0453,2025-06-01,9,Reports,14
U0007389,C0453,2025-07-01,6,Integrations,17
U0007390,C0453,2025-08-01,21,API,17
U0007391,C0453,2025-10-01,6,Exports,9
U0007392,C0453,2025-12-01,51,Automation,2
U0007393,C0453,2026-01-01,50,Integrations,13
U0007394,C0453,2026-02-01,49,Exports,7
U0007395,C0453,2026-03-01,53,Exports,1
U0007396,C0453,2026-04-01,9,Automation,15
U0007397,C0453,2026-06-01,62,Automation,18
U0007398,C0453,2026-07-01,58,Reports,14
U0007399,C0453,2026-08-01,41,Exports,8
U0007400,C0453,2026-09-01,71,Reports,16
U0007401,C0454,2025-01-01,4,Reports,2
U0007402,C0454,2025-02-01,76,Dashboard,7
U0007403,C0454,2025-03-01,61,Reports,4
U0007404,C0454,2025-04-01,3,Exports,19
U0007405,C0454,2025-05-01,21,Integrations,15
U0007406,C0454,2025-06-01,19,API,8
U0007407,C0454,2025-07-01,76,Dashboard,10
U0007408,C0454,2025-08-01,63,Integrations,16
U0007409,C0454,2025-11-01,63,API,6
U0007410,C0454,2025-12-01,29,Reports,13
U0007411,C0454,2026-01-01,57,Dashboard,4
U0007412,C0454,2026-02-01,27,Reports,9
U0007413,C0454,2026-04-01,40,API,8
U0007414,C0454,2026-06-01,74,Integrations,10
U0007415,C0454,2026-07-01,2,Integrations,8
U0007416,C0454,2026-08-01,22,Integrations,8
U0007417,C0454,2026-09-01,75,Integrations,16
U0007418,C0455,2025-02-01,60,Dashboard,18
U0007419,C0455,2025-03-01,24,Dashboard,15
U0007420,C0455,2025-04-01,23,API,15
U0007421,C0455,2025-05-01,63,Exports,3
U0007422,C0455,2025-06-01,10,Reports,13
U0007423,C0455,2025-07-01,37,Dashboard,4
U0007424,C0455,2025-08-01,56,Dashboard,2
U0007425,C0455,2025-09-01,53,Dashboard,6
U0007426,C0455,2025-12-01,27,Integrations,16
U0007427,C0455,2026-01-01,22,Reports,4
U0007428,C0455,2026-03-01,22,Reports,7
U0007429,C0455,2026-04-01,53,Dashboard,10
U0007430,C0455,2026-05-01,75,Dashboard,2
U0007431,C0455,2026-06-01,10,Reports,5
U0007432,C0455,2026-08-01,1,Dashboard,13
U0007433,C0455,2026-09-01,62,Exports,8
U0007434,C0456,2025-01-01,5,Dashboard,16
U0007435,C0456,2025-02-01,32,Reports,9
U0007436,C0456,2025-03-01,7,Exports,7
U0007437,C0456,2025-04-01,7,Automation,7
U0007438,C0456,2025-05-01,12,API,4
U0007439,C0456,2025-06-01,23,Reports,6
U0007440,C0456,2025-07-01,24,Integrations,12
U0007441,C0456,2025-08-01,30,Exports,10
U0007442,C0456,2025-09-01,24,Integrations,12
U0007443,C0456,2025-10-01,76,Automation,15
U0007444,C0456,2025-11-01,30,Automation,13
U0007445,C0456,2025-12-01,43,Dashboard,18
U0007446,C0456,2026-02-01,9,Dashboard,4
U0007447,C0456,2026-04-01,24,Automation,4
U0007448,C0456,2026-05-01,28,Exports,1
U0007449,C0456,2026-06-01,19,Automation,8
U0007450,C0456,2026-07-01,55,Dashboard,6
U0007451,C0456,2026-09-01,41,Exports,10
U0007452,C0457,2025-01-01,63,Exports,6
U0007453,C0457,2025-02-01,47,Reports,5
U0007454,C0457,2025-03-01,56,Reports,8
U0007455,C0457,2025-05-01,1,Exports,10
U0007456,C0457,2025-06-01,51,API,7
U0007457,C0457,2025-07-01,37,Dashboard,4
U0007458,C0457,2025-09-01,66,Dashboard,8
U0007459,C0457,2025-10-01,33,Reports,18
U0007460,C0457,2025-11-01,71,Integrations,2
U0007461,C0457,2025-12-01,16,Dashboard,4
U0007462,C0457,2026-01-01,40,Dashboard,8
U0007463,C0457,2026-03-01,45,Dashboard,8
U0007464,C0457,2026-04-01,19,API,11
U0007465,C0457,2026-05-01,54,Automation,2
U0007466,C0457,2026-06-01,71,Automation,3
U0007467,C0457,2026-07-01,42,API,8
U0007468,C0457,2026-08-01,12,Automation,2
U0007469,C0457,2026-09-01,58,Automation,9
U0007470,C0458,2025-02-01,49,Reports,9
U0007471,C0458,2025-03-01,29,Dashboard,19
U0007472,C0458,2025-04-01,11,Automation,17
U0007473,C0458,2025-05-01,71,Dashboard,9
U0007474,C0458,2025-09-01,74,Reports,14
U0007475,C0458,2025-10-01,37,Exports,13
U0007476,C0458,2025-11-01,43,Automation,12
U0007477,C0458,2026-01-01,42,Dashboard,1
U0007478,C0458,2026-02-01,67,Dashboard,3
U0007479,C0458,2026-03-01,45,Reports,17
U0007480,C0458,2026-04-01,33,Reports,9
U0007481,C0458,2026-05-01,30,Reports,11
U0007482,C0458,2026-06-01,14,Integrations,9
U0007483,C0458,2026-08-01,2,Reports,1
U0007484,C0458,2026-09-01,42,Automation,7
U0007485,C0459,2025-01-01,22,Reports,3
U0007486,C0459,2025-02-01,48,Reports,16
U0007487,C0459,2025-03-01,74,API,1
U0007488,C0459,2025-04-01,5,Exports,16
U0007489,C0459,2025-05-01,14,Reports,16
U0007490,C0459,2025-06-01,57,Integrations,19
U0007491,C0459,2025-07-01,19,Dashboard,10
U0007492,C0459,2025-08-01,78,Automation,4
U0007493,C0459,2025-09-01,51,API,9
U0007494,C0459,2025-10-01,9,Integrations,12
U0007495,C0459,2025-12-01,64,Automation,14
U0007496,C0459,2026-01-01,20,Exports,6
U0007497,C0459,2026-02-01,72,API,15
U0007498,C0459,2026-03-01,72,Dashboard,12
U0007499,C0459,2026-04-01,15,Reports,3
U0007500,C0459,2026-05-01,18,Reports,10
U0007501,C0459,2026-06-01,51,API,6
U0007502,C0459,2026-07-01,57,Reports,13
U0007503,C0459,2026-08-01,42,API,14
U0007504,C0459,2026-09-01,63,Dashboard,16
U0007505,C0460,2025-01-01,9,Exports,14
U0007506,C0460,2025-02-01,23,Dashboard,16
U0007507,C0460,2025-03-01,50,Reports,11
U0007508,C0460,2025-04-01,16,API,4
U0007509,C0460,2025-06-01,38,Integrations,18
U0007510,C0460,2025-07-01,6,Automation,3
U0007511,C0460,2025-08-01,1,Automation,15
U0007512,C0460,2025-10-01,59,Exports,5
U0007513,C0460,2025-11-01,42,Integrations,4
U0007514,C0460,2025-12-01,10,Automation,7
U0007515,C0460,2026-01-01,7,Integrations,8
U0007516,C0460,2026-02-01,43,Reports,6
U0007517,C0460,2026-04-01,73,Exports,10
U0007518,C0460,2026-07-01,14,Automation,7
U0007519,C0460,2026-08-01,62,API,9
U0007520,C0460,2026-09-01,4,Exports,6
U0007521,C0461,2025-01-01,67,Exports,17
U0007522,C0461,2025-03-01,64,Dashboard,2
U0007523,C0461,2025-04-01,11,Integrations,17
U0007524,C0461,2025-05-01,29,Automation,5
U0007525,C0461,2025-08-01,38,API,11
U0007526,C0461,2025-10-01,57,Automation,16
U0007527,C0461,2025-11-01,30,API,18
U0007528,C0461,2025-12-01,71,API,9
U0007529,C0461,2026-01-01,18,Reports,10
U0007530,C0461,2026-02-01,29,Dashboard,4
U0007531,C0461,2026-03-01,19,Dashboard,4
U0007532,C0461,2026-05-01,46,Dashboard,4
U0007533,C0461,2026-08-01,22,Integrations,9
U0007534,C0461,2026-09-01,72,Integrations,4
U0007535,C0462,2025-01-01,3,API,10
U0007536,C0462,2025-02-01,6,Exports,12
U0007537,C0462,2025-03-01,61,Exports,17
U0007538,C0462,2025-04-01,64,Exports,7
U0007539,C0462,2025-05-01,51,Reports,5
U0007540,C0462,2025-07-01,1,Integrations,15
U0007541,C0462,2025-09-01,13,Reports,8
U0007542,C0462,2025-11-01,59,Dashboard,13
U0007543,C0462,2025-12-01,25,Automation,17
U0007544,C0462,2026-01-01,34,Dashboard,2
U0007545,C0462,2026-02-01,38,Reports,6
U0007546,C0462,2026-03-01,66,Reports,6
U0007547,C0462,2026-05-01,52,Integrations,2
U0007548,C0462,2026-06-01,75,Reports,13
U0007549,C0462,2026-07-01,69,API,3
U0007550,C0462,2026-08-01,35,Automation,14
U0007551,C0462,2026-09-01,62,Dashboard,14
U0007552,C0463,2025-03-01,5,Reports,18
U0007553,C0463,2025-05-01,53,Automation,9
U0007554,C0463,2025-06-01,19,Dashboard,17
U0007555,C0463,2025-08-01,73,Automation,2
U0007556,C0463,2025-09-01,57,Integrations,9
U0007557,C0463,2025-10-01,42,Automation,5
U0007558,C0463,2025-11-01,61,Exports,7
U0007559,C0463,2025-12-01,20,Reports,10
U0007560,C0463,2026-01-01,43,Exports,10
U0007561,C0463,2026-02-01,34,Dashboard,10
U0007562,C0463,2026-03-01,53,Reports,2
U0007563,C0463,2026-04-01,42,Automation,2
U0007564,C0463,2026-06-01,19,Integrations,9
U0007565,C0463,2026-07-01,25,Integrations,3
U0007566,C0463,2026-08-01,32,Exports,7
U0007567,C0463,2026-09-01,52,Reports,4
U0007568,C0464,2025-03-01,42,Integrations,3
U0007569,C0464,2025-04-01,2,Automation,3
U0007570,C0464,2025-05-01,67,Dashboard,6
U0007571,C0464,2025-06-01,17,API,7
U0007572,C0464,2025-07-01,55,Exports,1
U0007573,C0464,2025-09-01,22,API,15
U0007574,C0464,2025-10-01,26,Exports,3
U0007575,C0464,2025-11-01,10,Integrations,17
U0007576,C0464,2025-12-01,14,Reports,14
U0007577,C0464,2026-01-01,70,Reports,4
U0007578,C0464,2026-03-01,69,Integrations,19
U0007579,C0464,2026-04-01,5,Reports,13
U0007580,C0464,2026-06-01,77,API,10
U0007581,C0464,2026-08-01,45,Integrations,8
U0007582,C0464,2026-09-01,62,Integrations,1
U0007583,C0465,2025-01-01,49,Integrations,17
U0007584,C0465,2025-02-01,37,Reports,18
U0007585,C0465,2025-03-01,14,Integrations,1
U0007586,C0465,2025-04-01,41,Exports,8
U0007587,C0465,2025-05-01,34,Integrations,14
U0007588,C0465,2025-08-01,30,Exports,1
U0007589,C0465,2025-09-01,71,Reports,11
U0007590,C0465,2025-11-01,36,Exports,1
U0007591,C0465,2026-02-01,63,Automation,9
U0007592,C0465,2026-03-01,48,Dashboard,7
U0007593,C0465,2026-04-01,3,Automation,6
U0007594,C0465,2026-05-01,8,Dashboard,15
U0007595,C0465,2026-07-01,33,Integrations,19
U0007596,C0465,2026-08-01,75,Reports,9
U0007597,C0465,2026-09-01,18,Automation,7
U0007598,C0466,2025-01-01,32,Reports,10
U0007599,C0466,2025-02-01,28,Exports,10
U0007600,C0466,2025-03-01,25,Exports,18
U0007601,C0466,2025-04-01,61,API,9
U0007602,C0466,2025-05-01,5,Exports,9
U0007603,C0466,2025-06-01,25,Automation,6
U0007604,C0466,2025-07-01,20,Reports,9
U0007605,C0466,2025-09-01,4,Dashboard,9
U0007606,C0466,2025-10-01,11,API,18
U0007607,C0466,2025-11-01,3,Automation,17
U0007608,C0466,2025-12-01,37,Automation,16
U0007609,C0466,2026-01-01,36,Integrations,9
U0007610,C0466,2026-02-01,12,API,7
U0007611,C0466,2026-03-01,54,Dashboard,8
U0007612,C0466,2026-04-01,70,API,4
U0007613,C0466,2026-05-01,31,Automation,10
U0007614,C0466,2026-06-01,28,Reports,12
U0007615,C0466,2026-07-01,17,Integrations,18
U0007616,C0466,2026-08-01,21,Automation,11
U0007617,C0466,2026-09-01,66,Exports,7
U0007618,C0467,2025-02-01,10,Integrations,15
U0007619,C0467,2025-03-01,3,Reports,1
U0007620,C0467,2025-05-01,37,Automation,15
U0007621,C0467,2025-06-01,51,API,12
U0007622,C0467,2025-08-01,3,Dashboard,11
U0007623,C0467,2025-09-01,50,API,16
U0007624,C0467,2025-10-01,9,Exports,2
U0007625,C0467,2025-11-01,23,Integrations,12
U0007626,C0467,2025-12-01,52,Automation,7
U0007627,C0467,2026-01-01,78,Exports,1
U0007628,C0467,2026-02-01,36,Integrations,9
U0007629,C0467,2026-05-01,70,Dashboard,11
U0007630,C0467,2026-06-01,7,Dashboard,11
U0007631,C0467,2026-08-01,1,Exports,6
U0007632,C0467,2026-09-01,59,API,18
U0007633,C0468,2025-02-01,78,Dashboard,13
U0007634,C0468,2025-03-01,18,Reports,4
U0007635,C0468,2025-04-01,68,Dashboard,2
U0007636,C0468,2025-05-01,50,API,12
U0007637,C0468,2025-06-01,34,Integrations,16
U0007638,C0468,2025-07-01,29,Integrations,4
U0007639,C0468,2025-10-01,66,Dashboard,13
U0007640,C0468,2025-11-01,71,API,2
U0007641,C0468,2025-12-01,15,Integrations,11
U0007642,C0468,2026-01-01,68,Exports,16
U0007643,C0468,2026-02-01,61,API,7
U0007644,C0468,2026-04-01,23,Exports,10
U0007645,C0468,2026-05-01,63,API,8
U0007646,C0468,2026-07-01,18,Integrations,12
U0007647,C0468,2026-08-01,21,Automation,13
U0007648,C0468,2026-09-01,75,Integrations,9
U0007649,C0469,2025-01-01,24,Exports,10
U0007650,C0469,2025-02-01,42,Dashboard,12
U0007651,C0469,2025-05-01,29,Reports,4
U0007652,C0469,2025-06-01,8,Automation,2
U0007653,C0469,2025-07-01,51,Automation,8
U0007654,C0469,2025-08-01,22,Exports,6
U0007655,C0469,2025-09-01,30,API,9
U0007656,C0469,2025-10-01,17,API,16
U0007657,C0469,2025-11-01,68,API,12
U0007658,C0469,2025-12-01,48,Reports,1
U0007659,C0469,2026-01-01,18,Dashboard,7
U0007660,C0469,2026-02-01,50,Dashboard,11
U0007661,C0469,2026-04-01,31,Integrations,4
U0007662,C0469,2026-05-01,11,Dashboard,15
U0007663,C0469,2026-06-01,23,API,17
U0007664,C0469,2026-07-01,32,Integrations,14
U0007665,C0469,2026-08-01,62,Reports,19
U0007666,C0469,2026-09-01,69,Reports,1
U0007667,C0470,2025-01-01,30,Automation,16
U0007668,C0470,2025-02-01,26,Exports,1
U0007669,C0470,2025-03-01,54,Integrations,11
U0007670,C0470,2025-04-01,4,Integrations,14
U0007671,C0470,2025-05-01,36,Automation,8
U0007672,C0470,2025-06-01,44,Integrations,5
U0007673,C0470,2025-08-01,21,Exports,11
U0007674,C0470,2025-09-01,67,Automation,6
U0007675,C0470,2025-10-01,23,Integrations,6
U0007676,C0470,2025-11-01,22,Automation,8
U0007677,C0470,2026-01-01,71,Dashboard,8
U0007678,C0470,2026-03-01,57,Reports,14
U0007679,C0470,2026-06-01,12,Reports,5
U0007680,C0471,2025-01-01,7,Integrations,4
U0007681,C0471,2025-02-01,57,Reports,5
U0007682,C0471,2025-03-01,62,API,9
U0007683,C0471,2025-04-01,2,Automation,9
U0007684,C0471,2025-05-01,1,Integrations,13
U0007685,C0471,2025-06-01,34,Dashboard,1
U0007686,C0471,2025-07-01,16,Automation,19
U0007687,C0471,2025-08-01,74,Exports,15
U0007688,C0471,2025-09-01,35,Integrations,17
U0007689,C0471,2025-10-01,10,Exports,16
U0007690,C0471,2025-11-01,74,Reports,18
U0007691,C0471,2025-12-01,74,Automation,5
U0007692,C0471,2026-01-01,15,Reports,4
U0007693,C0471,2026-03-01,29,Exports,1
U0007694,C0471,2026-04-01,76,Integrations,10
U0007695,C0471,2026-05-01,11,Dashboard,1
U0007696,C0471,2026-07-01,34,Exports,1
U0007697,C0471,2026-08-01,29,API,5
U0007698,C0471,2026-09-01,4,Integrations,19
U0007699,C0472,2025-01-01,7,API,17
U0007700,C0472,2025-02-01,72,API,2
U0007701,C0472,2025-03-01,43,Automation,19
U0007702,C0472,2025-04-01,49,Exports,9
U0007703,C0472,2025-05-01,71,Exports,11
U0007704,C0472,2025-07-01,8,Exports,11
U0007705,C0472,2025-10-01,35,Automation,2
U0007706,C0472,2025-11-01,63,API,10
U0007707,C0472,2025-12-01,71,Dashboard,18
U0007708,C0472,2026-01-01,17,Exports,7
U0007709,C0472,2026-02-01,79,Reports,15
U0007710,C0472,2026-03-01,78,API,2
U0007711,C0472,2026-04-01,52,Automation,19
U0007712,C0472,2026-05-01,19,Reports,16
U0007713,C0472,2026-06-01,74,Automation,13
U0007714,C0472,2026-07-01,19,API,5
U0007715,C0473,2025-03-01,9,Exports,6
U0007716,C0473,2025-04-01,43,Reports,5
U0007717,C0473,2025-05-01,6,Automation,1
U0007718,C0473,2025-06-01,41,Dashboard,13
U0007719,C0473,2025-08-01,30,Reports,4
U0007720,C0473,2025-09-01,23,Automation,16
U0007721,C0473,2025-11-01,66,Automation,2
U0007722,C0473,2026-01-01,67,Reports,5
U0007723,C0473,2026-02-01,39,Automation,15
U0007724,C0473,2026-05-01,23,Dashboard,2
U0007725,C0473,2026-06-01,30,Automation,2
U0007726,C0473,2026-07-01,12,Reports,17
U0007727,C0473,2026-08-01,10,Automation,1
U0007728,C0473,2026-09-01,4,Exports,9
U0007729,C0474,2025-01-01,76,Exports,5
U0007730,C0474,2025-02-01,33,Exports,15
U0007731,C0474,2025-03-01,76,Integrations,12
U0007732,C0474,2025-04-01,56,API,18
U0007733,C0474,2025-05-01,78,Automation,8
U0007734,C0474,2025-06-01,1,Exports,4
U0007735,C0474,2025-07-01,66,Reports,5
U0007736,C0474,2025-08-01,33,Dashboard,4
U0007737,C0474,2025-09-01,18,Exports,1
U0007738,C0474,2025-10-01,21,Automation,13
U0007739,C0474,2025-11-01,13,API,6
U0007740,C0474,2026-02-01,77,Reports,3
U0007741,C0474,2026-03-01,17,API,2
U0007742,C0474,2026-04-01,4,Dashboard,11
U0007743,C0474,2026-05-01,11,Exports,5
U0007744,C0474,2026-07-01,72,Reports,6
U0007745,C0474,2026-08-01,50,Integrations,3
U0007746,C0474,2026-09-01,34,Dashboard,1
U0007747,C0475,2025-01-01,33,Exports,19
U0007748,C0475,2025-05-01,12,Reports,7
U0007749,C0475,2025-06-01,72,Automation,19
U0007750,C0475,2025-07-01,41,API,10
U0007751,C0475,2025-08-01,26,Automation,13
U0007752,C0475,2025-09-01,58,Automation,15
U0007753,C0475,2025-11-01,76,Automation,6
U0007754,C0475,2025-12-01,19,Dashboard,13
U0007755,C0475,2026-01-01,34,Reports,7
U0007756,C0475,2026-02-01,45,Exports,7
U0007757,C0475,2026-03-01,53,Reports,6
U0007758,C0475,2026-05-01,11,Reports,7
U0007759,C0475,2026-06-01,56,Integrations,4
U0007760,C0476,2025-01-01,64,Automation,11
U0007761,C0476,2025-02-01,73,Integrations,3
U0007762,C0476,2025-03-01,45,Dashboard,18
U0007763,C0476,2025-04-01,37,Dashboard,13
U0007764,C0476,2025-05-01,63,API,18
U0007765,C0476,2025-06-01,64,Dashboard,19
U0007766,C0476,2025-07-01,31,Integrations,5
U0007767,C0476,2025-08-01,24,Reports,10
U0007768,C0476,2025-09-01,75,Integrations,2
U0007769,C0476,2025-10-01,35,Dashboard,11
U0007770,C0476,2025-11-01,6,Automation,5
U0007771,C0476,2025-12-01,11,Exports,18
U0007772,C0476,2026-01-01,7,Automation,15
U0007773,C0476,2026-04-01,79,Exports,11
U0007774,C0476,2026-05-01,41,Reports,12
U0007775,C0476,2026-06-01,3,Reports,6
U0007776,C0476,2026-07-01,51,Dashboard,9
U0007777,C0476,2026-08-01,64,Automation,12
U0007778,C0476,2026-09-01,12,Reports,10
U0007779,C0477,2025-02-01,48,Reports,17
U0007780,C0477,2025-03-01,36,Dashboard,8
U0007781,C0477,2025-04-01,49,Automation,12
U0007782,C0477,2025-06-01,10,Dashboard,15
U0007783,C0477,2025-07-01,27,API,8
U0007784,C0477,2025-08-01,46,API,5
U0007785,C0477,2025-09-01,35,Integrations,4
U0007786,C0477,2025-10-01,49,Automation,15
U0007787,C0477,2025-11-01,48,Integrations,4
U0007788,C0477,2026-01-01,11,API,11
U0007789,C0477,2026-02-01,12,Integrations,8
U0007790,C0477,2026-03-01,27,Dashboard,18
U0007791,C0477,2026-04-01,43,Integrations,5
U0007792,C0477,2026-05-01,63,API,11
U0007793,C0477,2026-06-01,79,Automation,15
U0007794,C0477,2026-07-01,17,API,3
U0007795,C0477,2026-08-01,9,Exports,16
U0007796,C0477,2026-09-01,76,Dashboard,2
U0007797,C0478,2025-02-01,63,Dashboard,8
U0007798,C0478,2025-03-01,61,Exports,17
U0007799,C0478,2025-04-01,44,Exports,17
U0007800,C0478,2025-05-01,8,API,18
U0007801,C0478,2025-06-01,78,Integrations,11
U0007802,C0478,2025-07-01,63,Exports,11
U0007803,C0478,2025-10-01,7,Dashboard,13
U0007804,C0478,2025-11-01,68,Integrations,3
U0007805,C0478,2025-12-01,32,Integrations,6
U0007806,C0478,2026-02-01,79,Dashboard,12
U0007807,C0478,2026-04-01,71,Reports,5
U0007808,C0478,2026-05-01,37,API,7
U0007809,C0478,2026-06-01,58,API,10
U0007810,C0478,2026-07-01,6,Integrations,9
U0007811,C0478,2026-08-01,15,Reports,6
U0007812,C0478,2026-09-01,71,Integrations,10
U0007813,C0479,2025-02-01,54,Integrations,4
U0007814,C0479,2025-03-01,39,Exports,9
U0007815,C0479,2025-05-01,10,Reports,6
U0007816,C0479,2025-06-01,34,Reports,10
U0007817,C0479,2025-07-01,25,Reports,4
U0007818,C0479,2025-09-01,36,Exports,10
U0007819,C0479,2025-10-01,60,Integrations,14
U0007820,C0479,2025-11-01,16,Integrations,4
U0007821,C0479,2025-12-01,69,Integrations,4
U0007822,C0479,2026-01-01,77,Exports,19
U0007823,C0479,2026-02-01,73,Integrations,8
U0007824,C0479,2026-03-01,61,Automation,12
U0007825,C0479,2026-04-01,50,Exports,5
U0007826,C0479,2026-05-01,76,Reports,3
U0007827,C0479,2026-06-01,77,Exports,18
U0007828,C0479,2026-07-01,43,Reports,15
U0007829,C0479,2026-08-01,45,Dashboard,11
U0007830,C0479,2026-09-01,6,Dashboard,16
U0007831,C0480,2025-01-01,8,Exports,8
U0007832,C0480,2025-03-01,51,Integrations,4
U0007833,C0480,2025-04-01,29,Exports,18
U0007834,C0480,2025-06-01,78,Automation,8
U0007835,C0480,2025-08-01,78,Exports,2
U0007836,C0480,2025-09-01,4,API,10
U0007837,C0480,2025-10-01,7,Integrations,12
U0007838,C0480,2025-11-01,3,Exports,3
U0007839,C0480,2025-12-01,33,Dashboard,3
U0007840,C0480,2026-01-01,34,API,14
U0007841,C0480,2026-02-01,14,Dashboard,15
U0007842,C0480,2026-04-01,62,Dashboard,19
U0007843,C0480,2026-06-01,31,Exports,8
U0007844,C0480,2026-07-01,58,Exports,12
U0007845,C0480,2026-08-01,68,Dashboard,5
U0007846,C0480,2026-09-01,34,API,5
U0007847,C0481,2025-01-01,39,Exports,13
U0007848,C0481,2025-02-01,72,Integrations,6
U0007849,C0481,2025-06-01,19,Exports,11
U0007850,C0481,2025-07-01,72,Automation,15
U0007851,C0481,2025-09-01,27,Integrations,5
U0007852,C0481,2025-10-01,36,Dashboard,2
U0007853,C0481,2025-12-01,19,Exports,13
U0007854,C0481,2026-01-01,1,Dashboard,16
U0007855,C0481,2026-02-01,47,Dashboard,14
U0007856,C0481,2026-03-01,47,Exports,18
U0007857,C0481,2026-04-01,53,Exports,19
U0007858,C0481,2026-05-01,69,Reports,10
U0007859,C0481,2026-08-01,51,Integrations,11
U0007860,C0481,2026-09-01,3,Dashboard,8
U0007861,C0482,2025-01-01,50,Integrations,11
U0007862,C0482,2025-03-01,79,API,9
U0007863,C0482,2025-04-01,15,Dashboard,7
U0007864,C0482,2025-06-01,51,Reports,9
U0007865,C0482,2025-08-01,18,Automation,5
U0007866,C0482,2025-09-01,34,Integrations,15
U0007867,C0482,2025-10-01,2,Dashboard,11
U0007868,C0482,2025-12-01,14,Dashboard,19
U0007869,C0482,2026-01-01,58,Integrations,14
U0007870,C0482,2026-05-01,38,Reports,5
U0007871,C0482,2026-06-01,70,Dashboard,5
U0007872,C0482,2026-07-01,1,Automation,5
U0007873,C0482,2026-08-01,60,Reports,19
U0007874,C0482,2026-09-01,57,Reports,9
U0007875,C0483,2025-01-01,35,Automation,13
U0007876,C0483,2025-02-01,33,Automation,4
U0007877,C0483,2025-03-01,8,Integrations,10
U0007878,C0483,2025-05-01,30,API,11
U0007879,C0483,2025-06-01,71,Automation,3
U0007880,C0483,2025-07-01,48,Automation,16
U0007881,C0483,2025-11-01,4,Integrations,5
U0007882,C0483,2025-12-01,75,Integrations,12
U0007883,C0483,2026-01-01,75,API,7
U0007884,C0483,2026-02-01,65,Dashboard,9
U0007885,C0483,2026-03-01,10,API,19
U0007886,C0483,2026-04-01,20,Automation,3
U0007887,C0483,2026-05-01,23,Reports,15
U0007888,C0483,2026-06-01,38,Dashboard,4
U0007889,C0483,2026-07-01,61,Reports,16
U0007890,C0483,2026-08-01,3,Automation,2
U0007891,C0483,2026-09-01,45,Exports,7
U0007892,C0484,2025-01-01,65,Dashboard,13
U0007893,C0484,2025-02-01,77,API,10
U0007894,C0484,2025-03-01,76,Reports,2
U0007895,C0484,2025-04-01,42,Automation,11
U0007896,C0484,2025-05-01,78,API,2
U0007897,C0484,2025-06-01,48,Reports,6
U0007898,C0484,2025-07-01,46,Reports,13
U0007899,C0484,2025-08-01,26,Integrations,2
U0007900,C0484,2025-09-01,70,Automation,19
U0007901,C0484,2025-10-01,79,Integrations,3
U0007902,C0484,2025-11-01,71,Reports,4
U0007903,C0484,2025-12-01,14,Reports,17
U0007904,C0484,2026-01-01,27,Integrations,2
U0007905,C0484,2026-02-01,47,Exports,10
U0007906,C0484,2026-03-01,5,Integrations,6
U0007907,C0484,2026-04-01,23,Dashboard,15
U0007908,C0484,2026-07-01,9,Exports,1
U0007909,C0484,2026-08-01,45,Dashboard,4
U0007910,C0485,2025-02-01,33,Reports,9
U0007911,C0485,2025-03-01,66,Exports,15
U0007912,C0485,2025-06-01,64,Exports,12
U0007913,C0485,2025-07-01,51,Integrations,11
U0007914,C0485,2025-08-01,46,Automation,17
U0007915,C0485,2025-10-01,44,Exports,19
U0007916,C0485,2025-11-01,64,Reports,1
U0007917,C0485,2025-12-01,12,Exports,13
U0007918,C0485,2026-01-01,60,Automation,11
U0007919,C0485,2026-02-01,53,API,12
U0007920,C0485,2026-03-01,47,Automation,9
U0007921,C0485,2026-04-01,67,Integrations,3
U0007922,C0485,2026-05-01,28,Reports,17
U0007923,C0485,2026-06-01,15,Integrations,11
U0007924,C0485,2026-07-01,18,Reports,15
U0007925,C0485,2026-08-01,40,API,1
U0007926,C0485,2026-09-01,11,Exports,19
U0007927,C0486,2025-01-01,14,Automation,19
U0007928,C0486,2025-03-01,33,Integrations,10
U0007929,C0486,2025-04-01,6,Automation,6
U0007930,C0486,2025-05-01,2,Reports,10
U0007931,C0486,2025-06-01,34,Automation,4
U0007932,C0486,2025-07-01,20,Dashboard,7
U0007933,C0486,2025-10-01,62,Dashboard,7
U0007934,C0486,2025-11-01,17,Automation,4
U0007935,C0486,2025-12-01,18,Integrations,12
U0007936,C0486,2026-01-01,21,Integrations,8
U0007937,C0486,2026-03-01,52,Reports,12
U0007938,C0486,2026-04-01,40,Automation,7
U0007939,C0486,2026-07-01,72,Integrations,16
U0007940,C0486,2026-09-01,36,API,13
U0007941,C0487,2025-01-01,69,Exports,1
U0007942,C0487,2025-03-01,21,API,2
U0007943,C0487,2025-05-01,9,Exports,6
U0007944,C0487,2025-06-01,68,Automation,9
U0007945,C0487,2025-07-01,2,API,15
U0007946,C0487,2025-08-01,26,Automation,15
U0007947,C0487,2025-09-01,46,Integrations,8
U0007948,C0487,2025-11-01,77,Dashboard,12
U0007949,C0487,2025-12-01,48,Integrations,15
U0007950,C0487,2026-01-01,46,Automation,15
U0007951,C0487,2026-02-01,51,Reports,4
U0007952,C0487,2026-03-01,13,Exports,13
U0007953,C0487,2026-04-01,23,Integrations,3
U0007954,C0487,2026-05-01,40,Integrations,12
U0007955,C0487,2026-06-01,39,Integrations,14
U0007956,C0487,2026-08-01,26,Exports,7
U0007957,C0487,2026-09-01,11,API,8
U0007958,C0488,2025-01-01,68,API,10
U0007959,C0488,2025-02-01,53,Automation,9
U0007960,C0488,2025-03-01,77,Dashboard,8
U0007961,C0488,2025-05-01,62,Integrations,19
U0007962,C0488,2025-06-01,38,Exports,2
U0007963,C0488,2025-08-01,60,Integrations,3
U0007964,C0488,2025-10-01,24,Integrations,16
U0007965,C0488,2026-02-01,32,API,18
U0007966,C0488,2026-05-01,9,Automation,17
U0007967,C0488,2026-06-01,24,API,9
U0007968,C0488,2026-07-01,63,Reports,17
U0007969,C0488,2026-08-01,3,Dashboard,14
U0007970,C0489,2025-01-01,74,Integrations,18
U0007971,C0489,2025-02-01,11,Automation,9
U0007972,C0489,2025-03-01,51,Reports,13
U0007973,C0489,2025-04-01,34,API,14
U0007974,C0489,2025-05-01,65,Automation,12
U0007975,C0489,2025-07-01,55,API,7
U0007976,C0489,2025-08-01,28,API,10
U0007977,C0489,2025-09-01,35,Integrations,18
U0007978,C0489,2025-11-01,68,Dashboard,17
U0007979,C0489,2026-03-01,42,Exports,6
U0007980,C0489,2026-04-01,64,Integrations,18
U0007981,C0489,2026-06-01,71,Dashboard,3
U0007982,C0489,2026-07-01,18,Integrations,15
U0007983,C0489,2026-08-01,72,Integrations,12
U0007984,C0489,2026-09-01,19,Integrations,16
U0007985,C0490,2025-03-01,40,Automation,9
U0007986,C0490,2025-06-01,71,Dashboard,4
U0007987,C0490,2025-08-01,13,Exports,13
U0007988,C0490,2025-09-01,50,Automation,12
U0007989,C0490,2025-10-01,7,Integrations,3
U0007990,C0490,2025-11-01,64,Integrations,9
U0007991,C0490,2026-01-01,47,Dashboard,14
U0007992,C0490,2026-02-01,69,Exports,17
U0007993,C0490,2026-03-01,35,Reports,18
U0007994,C0490,2026-04-01,67,Reports,11
U0007995,C0490,2026-06-01,26,Dashboard,1
U0007996,C0490,2026-07-01,9,API,9
U0007997,C0491,2025-01-01,70,Automation,12
U0007998,C0491,2025-02-01,39,Exports,10
U0007999,C0491,2025-03-01,45,Automation,14
U0008000,C0491,2025-05-01,41,Integrations,7
U0008001,C0491,2025-06-01,8,Dashboard,6
U0008002,C0491,2025-07-01,77,Automation,4
U0008003,C0491,2025-08-01,47,Reports,15
U0008004,C0491,2025-09-01,79,Reports,13
U0008005,C0491,2025-10-01,1,API,18
U0008006,C0491,2025-11-01,51,Automation,14
U0008007,C0491,2025-12-01,28,API,2
U0008008,C0491,2026-02-01,15,Dashboard,2
U0008009,C0491,2026-03-01,71,API,19
U0008010,C0491,2026-04-01,56,Exports,1
U0008011,C0491,2026-05-01,3,Reports,4
U0008012,C0491,2026-06-01,78,Integrations,7
U0008013,C0491,2026-07-01,21,Exports,15
U0008014,C0491,2026-09-01,65,API,1
U0008015,C0492,2025-01-01,75,Exports,4
U0008016,C0492,2025-02-01,9,Automation,13
U0008017,C0492,2025-03-01,45,API,17
U0008018,C0492,2025-04-01,27,Automation,18
U0008019,C0492,2025-05-01,60,Automation,4
U0008020,C0492,2025-06-01,31,Dashboard,6
U0008021,C0492,2025-07-01,39,Dashboard,13
U0008022,C0492,2025-08-01,42,Automation,12
U0008023,C0492,2025-09-01,52,API,19
U0008024,C0492,2025-10-01,74,Dashboard,1
U0008025,C0492,2025-11-01,47,Dashboard,17
U0008026,C0492,2025-12-01,68,Exports,1
U0008027,C0492,2026-02-01,15,Automation,15
U0008028,C0492,2026-04-01,34,Automation,16
U0008029,C0492,2026-05-01,51,Reports,18
U0008030,C0492,2026-07-01,32,Dashboard,13
U0008031,C0492,2026-08-01,63,Exports,5
U0008032,C0493,2025-01-01,63,API,10
U0008033,C0493,2025-05-01,32,API,18
U0008034,C0493,2025-06-01,22,Dashboard,10
U0008035,C0493,2025-07-01,17,API,16
U0008036,C0493,2025-08-01,16,Dashboard,1
U0008037,C0493,2025-09-01,36,Integrations,16
U0008038,C0493,2025-10-01,79,API,18
U0008039,C0493,2025-11-01,24,Integrations,19
U0008040,C0493,2025-12-01,65,Reports,7
U0008041,C0493,2026-01-01,40,Automation,1
U0008042,C0493,2026-02-01,72,Exports,19
U0008043,C0493,2026-03-01,66,Automation,15
U0008044,C0493,2026-04-01,75,API,1
U0008045,C0493,2026-06-01,21,Integrations,16
U0008046,C0493,2026-07-01,63,Automation,17
U0008047,C0493,2026-09-01,62,Integrations,14
U0008048,C0494,2025-03-01,5,Reports,11
U0008049,C0494,2025-04-01,9,Exports,4
U0008050,C0494,2025-05-01,21,Integrations,5
U0008051,C0494,2025-06-01,16,Exports,19
U0008052,C0494,2025-07-01,23,Exports,11
U0008053,C0494,2025-08-01,35,API,3
U0008054,C0494,2025-09-01,66,Automation,6
U0008055,C0494,2025-10-01,9,Reports,3
U0008056,C0494,2025-12-01,78,Reports,8
U0008057,C0494,2026-01-01,31,Exports,16
U0008058,C0494,2026-03-01,31,API,5
U0008059,C0494,2026-04-01,62,Integrations,1
U0008060,C0494,2026-05-01,29,Exports,10
U0008061,C0494,2026-07-01,41,Integrations,15
U0008062,C0494,2026-08-01,77,Dashboard,18
U0008063,C0494,2026-09-01,49,Automation,18
U0008064,C0495,2025-01-01,42,Dashboard,8
U0008065,C0495,2025-02-01,24,Exports,8
U0008066,C0495,2025-03-01,51,Exports,3
U0008067,C0495,2025-04-01,40,Exports,15
U0008068,C0495,2025-06-01,55,Dashboard,6
U0008069,C0495,2025-07-01,25,API,7
U0008070,C0495,2025-08-01,31,Reports,7
U0008071,C0495,2025-10-01,66,Exports,2
U0008072,C0495,2025-11-01,6,API,8
U0008073,C0495,2025-12-01,73,Integrations,13
U0008074,C0495,2026-01-01,45,Exports,9
U0008075,C0495,2026-02-01,12,API,1
U0008076,C0495,2026-04-01,42,Dashboard,3
U0008077,C0495,2026-05-01,10,Integrations,13
U0008078,C0495,2026-06-01,54,Automation,8
U0008079,C0495,2026-07-01,66,Automation,6
U0008080,C0495,2026-08-01,76,Reports,18
U0008081,C0495,2026-09-01,10,Automation,6
U0008082,C0496,2025-01-01,12,Reports,7
U0008083,C0496,2025-02-01,69,Dashboard,15
U0008084,C0496,2025-03-01,69,Exports,1
U0008085,C0496,2025-04-01,75,Automation,10
U0008086,C0496,2025-05-01,24,Exports,18
U0008087,C0496,2025-06-01,55,Exports,3
U0008088,C0496,2025-07-01,59,Reports,9
U0008089,C0496,2025-08-01,5,API,5
U0008090,C0496,2025-09-01,74,Dashboard,3
U0008091,C0496,2025-10-01,66,Automation,1
U0008092,C0496,2025-11-01,65,Exports,9
U0008093,C0496,2025-12-01,61,Integrations,15
U0008094,C0496,2026-01-01,63,API,4
U0008095,C0496,2026-02-01,8,API,17
U0008096,C0496,2026-03-01,71,API,2
U0008097,C0496,2026-04-01,77,Integrations,1
U0008098,C0496,2026-06-01,67,Integrations,16
U0008099,C0496,2026-07-01,16,Dashboard,3
U0008100,C0496,2026-08-01,14,API,13
U0008101,C0496,2026-09-01,29,Automation,6
U0008102,C0497,2025-01-01,28,Dashboard,17
U0008103,C0497,2025-02-01,22,Reports,10
U0008104,C0497,2025-03-01,26,Reports,1
U0008105,C0497,2025-04-01,73,Reports,5
U0008106,C0497,2025-05-01,14,Exports,7
U0008107,C0497,2025-07-01,15,API,1
U0008108,C0497,2025-08-01,54,API,3
U0008109,C0497,2025-09-01,34,Reports,9
U0008110,C0497,2025-10-01,5,API,15
U0008111,C0497,2025-11-01,7,API,7
U0008112,C0497,2025-12-01,60,Reports,5
U0008113,C0497,2026-02-01,44,Integrations,13
U0008114,C0497,2026-03-01,65,Dashboard,19
U0008115,C0497,2026-04-01,50,Exports,11
U0008116,C0497,2026-05-01,15,Exports,12
U0008117,C0497,2026-07-01,46,Integrations,3
U0008118,C0497,2026-08-01,6,Integrations,18
U0008119,C0497,2026-09-01,40,Exports,10
U0008120,C0498,2025-01-01,52,Automation,17
U0008121,C0498,2025-02-01,78,Exports,7
U0008122,C0498,2025-04-01,60,Dashboard,8
U0008123,C0498,2025-07-01,2,Dashboard,18
U0008124,C0498,2025-08-01,3,API,3
U0008125,C0498,2025-10-01,75,Automation,6
U0008126,C0498,2025-12-01,14,Dashboard,17
U0008127,C0498,2026-02-01,45,Reports,6
U0008128,C0498,2026-03-01,20,Integrations,8
U0008129,C0498,2026-04-01,50,Dashboard,6
U0008130,C0498,2026-06-01,46,Integrations,9
U0008131,C0498,2026-07-01,57,Automation,10
U0008132,C0498,2026-08-01,39,Automation,18
U0008133,C0498,2026-09-01,58,Exports,9
U0008134,C0499,2025-01-01,49,Automation,17
U0008135,C0499,2025-02-01,39,Dashboard,16
U0008136,C0499,2025-03-01,62,Automation,13
U0008137,C0499,2025-04-01,13,API,10
U0008138,C0499,2025-05-01,22,Dashboard,10
U0008139,C0499,2025-07-01,43,Integrations,9
U0008140,C0499,2025-08-01,14,API,11
U0008141,C0499,2025-09-01,44,Dashboard,2
U0008142,C0499,2025-10-01,56,Exports,17
U0008143,C0499,2025-12-01,34,Exports,13
U0008144,C0499,2026-01-01,44,Dashboard,16
U0008145,C0499,2026-02-01,73,Automation,12
U0008146,C0499,2026-04-01,49,Reports,16
U0008147,C0499,2026-05-01,12,Exports,6
U0008148,C0499,2026-06-01,15,Exports,5
U0008149,C0499,2026-09-01,38,Reports,10
U0008150,C0500,2025-02-01,61,Reports,13
U0008151,C0500,2025-03-01,36,API,4
U0008152,C0500,2025-04-01,28,API,15
U0008153,C0500,2025-05-01,29,Automation,14
U0008154,C0500,2025-07-01,78,Exports,10
U0008155,C0500,2025-08-01,9,Exports,14
U0008156,C0500,2025-10-01,77,API,19
U0008157,C0500,2025-11-01,39,Exports,3
U0008158,C0500,2025-12-01,14,Integrations,5
U0008159,C0500,2026-01-01,22,Dashboard,15
U0008160,C0500,2026-02-01,54,Integrations,16
U0008161,C0500,2026-03-01,68,Reports,7
U0008162,C0500,2026-05-01,1,API,1
U0008163,C0500,2026-06-01,8,Automation,19
U0008164,C0500,2026-08-01,1,Automation,5
U0008165,C0500,2026-09-01,7,Exports,13
U0008166,C0501,2025-01-01,18,Integrations,13
U0008167,C0501,2025-02-01,26,Reports,14
U0008168,C0501,2025-04-01,49,Reports,11
U0008169,C0501,2025-05-01,25,Integrations,12
U0008170,C0501,2025-06-01,7,Dashboard,17
U0008171,C0501,2025-08-01,3,Exports,8
U0008172,C0501,2025-09-01,7,Integrations,2
U0008173,C0501,2025-12-01,77,Dashboard,2
U0008174,C0501,2026-02-01,48,Dashboard,15
U0008175,C0501,2026-03-01,12,Exports,10
U0008176,C0501,2026-04-01,74,Automation,7
U0008177,C0501,2026-05-01,28,Reports,15
U0008178,C0501,2026-07-01,50,Reports,13
U0008179,C0501,2026-08-01,10,Dashboard,12
U0008180,C0502,2025-02-01,37,API,17
U0008181,C0502,2025-03-01,12,Automation,7
U0008182,C0502,2025-04-01,56,API,11
U0008183,C0502,2025-06-01,62,Integrations,2
U0008184,C0502,2025-08-01,75,Automation,4
U0008185,C0502,2025-09-01,47,Automation,11
U0008186,C0502,2025-12-01,73,Automation,12
U0008187,C0502,2026-01-01,64,Exports,9
U0008188,C0502,2026-03-01,47,Exports,16
U0008189,C0502,2026-05-01,18,Exports,10
U0008190,C0502,2026-06-01,13,API,5
U0008191,C0502,2026-07-01,66,Reports,4
U0008192,C0502,2026-08-01,25,Dashboard,14
U0008193,C0503,2025-01-01,21,Dashboard,5
U0008194,C0503,2025-02-01,49,Exports,10
U0008195,C0503,2025-03-01,48,API,15
U0008196,C0503,2025-04-01,39,Dashboard,15
U0008197,C0503,2025-06-01,48,API,10
U0008198,C0503,2025-07-01,19,Reports,2
U0008199,C0503,2025-08-01,72,Automation,9
U0008200,C0503,2025-10-01,5,API,10
U0008201,C0503,2025-11-01,45,API,15
U0008202,C0503,2026-01-01,11,Integrations,19
U0008203,C0503,2026-02-01,28,API,1
U0008204,C0503,2026-03-01,10,Integrations,15
U0008205,C0503,2026-04-01,27,Integrations,2
U0008206,C0503,2026-05-01,40,API,16
U0008207,C0503,2026-07-01,54,Dashboard,7
U0008208,C0503,2026-09-01,31,Automation,3
U0008209,C0504,2025-01-01,71,Integrations,8
U0008210,C0504,2025-02-01,9,API,3
U0008211,C0504,2025-03-01,77,Dashboard,4
U0008212,C0504,2025-04-01,18,Automation,8
U0008213,C0504,2025-05-01,26,Integrations,12
U0008214,C0504,2025-06-01,43,API,12
U0008215,C0504,2025-07-01,2,Exports,12
U0008216,C0504,2025-08-01,54,Integrations,3
U0008217,C0504,2025-09-01,17,API,9
U0008218,C0504,2025-11-01,61,Integrations,12
U0008219,C0504,2025-12-01,62,Automation,18
U0008220,C0504,2026-01-01,11,Reports,19
U0008221,C0504,2026-02-01,13,Integrations,8
U0008222,C0504,2026-03-01,65,Exports,2
U0008223,C0504,2026-04-01,62,Integrations,9
U0008224,C0504,2026-06-01,9,Integrations,5
U0008225,C0504,2026-08-01,76,API,9
U0008226,C0504,2026-09-01,51,Automation,17
U0008227,C0505,2025-01-01,18,Reports,6
U0008228,C0505,2025-02-01,51,Reports,18
U0008229,C0505,2025-03-01,79,Reports,13
U0008230,C0505,2025-04-01,19,Reports,5
U0008231,C0505,2025-06-01,79,Reports,6
U0008232,C0505,2025-07-01,72,Exports,11
U0008233,C0505,2025-09-01,12,Automation,5
U0008234,C0505,2025-10-01,21,Exports,2
U0008235,C0505,2025-12-01,21,API,15
U0008236,C0505,2026-01-01,32,Reports,17
U0008237,C0505,2026-03-01,33,Dashboard,15
U0008238,C0505,2026-04-01,15,Exports,7
U0008239,C0505,2026-06-01,5,API,6
U0008240,C0505,2026-08-01,70,Integrations,6
U0008241,C0505,2026-09-01,16,Automation,3
U0008242,C0506,2025-01-01,25,Reports,19
U0008243,C0506,2025-02-01,35,API,14
U0008244,C0506,2025-03-01,27,Reports,13
U0008245,C0506,2025-04-01,31,Automation,3
U0008246,C0506,2025-07-01,45,Automation,15
U0008247,C0506,2025-08-01,62,Reports,14
U0008248,C0506,2025-09-01,15,Automation,4
U0008249,C0506,2025-10-01,69,Exports,17
U0008250,C0506,2025-11-01,32,Automation,14
U0008251,C0506,2025-12-01,73,Integrations,18
U0008252,C0506,2026-01-01,77,Reports,12
U0008253,C0506,2026-02-01,6,Automation,3
U0008254,C0506,2026-03-01,43,Reports,3
U0008255,C0506,2026-04-01,37,Automation,5
U0008256,C0506,2026-05-01,64,Integrations,16
U0008257,C0506,2026-06-01,8,Dashboard,15
U0008258,C0506,2026-09-01,31,API,4
U0008259,C0507,2025-01-01,43,Automation,1
U0008260,C0507,2025-02-01,28,Dashboard,17
U0008261,C0507,2025-03-01,50,Exports,14
U0008262,C0507,2025-04-01,10,API,16
U0008263,C0507,2025-05-01,30,API,14
U0008264,C0507,2025-07-01,19,Automation,8
U0008265,C0507,2025-08-01,23,Exports,14
U0008266,C0507,2025-09-01,72,Exports,16
U0008267,C0507,2025-11-01,72,Reports,6
U0008268,C0507,2025-12-01,30,Integrations,7
U0008269,C0507,2026-01-01,25,Dashboard,19
U0008270,C0507,2026-02-01,15,Automation,3
U0008271,C0507,2026-03-01,40,Integrations,11
U0008272,C0507,2026-04-01,42,Exports,16
U0008273,C0507,2026-06-01,20,Exports,15
U0008274,C0507,2026-09-01,49,Dashboard,12
U0008275,C0508,2025-01-01,26,Dashboard,16
U0008276,C0508,2025-02-01,54,Dashboard,1
U0008277,C0508,2025-03-01,26,API,11
U0008278,C0508,2025-05-01,28,Integrations,3
U0008279,C0508,2025-06-01,27,Automation,10
U0008280,C0508,2025-07-01,5,Reports,5
U0008281,C0508,2025-08-01,69,Dashboard,10
U0008282,C0508,2025-09-01,51,API,18
U0008283,C0508,2025-10-01,39,Dashboard,10
U0008284,C0508,2025-11-01,65,Dashboard,14
U0008285,C0508,2025-12-01,48,Dashboard,6
U0008286,C0508,2026-01-01,68,Automation,15
U0008287,C0508,2026-02-01,2,Reports,6
U0008288,C0508,2026-04-01,44,API,12
U0008289,C0508,2026-06-01,23,Dashboard,16
U0008290,C0508,2026-07-01,31,Automation,10
U0008291,C0508,2026-08-01,23,Integrations,1
U0008292,C0508,2026-09-01,26,API,1
U0008293,C0509,2025-02-01,44,Integrations,11
U0008294,C0509,2025-03-01,44,Integrations,5
U0008295,C0509,2025-04-01,62,Dashboard,19
U0008296,C0509,2025-07-01,74,Reports,12
U0008297,C0509,2025-08-01,38,API,13
U0008298,C0509,2025-09-01,41,API,2
U0008299,C0509,2025-10-01,30,Automation,17
U0008300,C0509,2025-11-01,43,Reports,17
U0008301,C0509,2025-12-01,20,Automation,4
U0008302,C0509,2026-01-01,4,API,8
U0008303,C0509,2026-02-01,35,Automation,7
U0008304,C0509,2026-03-01,14,Automation,14
U0008305,C0509,2026-04-01,57,Integrations,17
U0008306,C0509,2026-05-01,10,API,19
U0008307,C0509,2026-06-01,48,Dashboard,12
U0008308,C0509,2026-07-01,12,Automation,2
U0008309,C0509,2026-08-01,41,Automation,18
U0008310,C0509,2026-09-01,46,Integrations,4
U0008311,C0510,2025-02-01,7,Automation,10
U0008312,C0510,2025-05-01,60,Exports,2
U0008313,C0510,2025-06-01,31,Exports,14
U0008314,C0510,2025-07-01,26,Dashboard,12
U0008315,C0510,2025-08-01,36,Automation,11
U0008316,C0510,2025-09-01,56,Dashboard,11
U0008317,C0510,2025-10-01,76,API,12
U0008318,C0510,2025-11-01,56,Exports,18
U0008319,C0510,2026-02-01,52,Reports,12
U0008320,C0510,2026-03-01,37,Reports,18
U0008321,C0510,2026-04-01,13,Reports,2
U0008322,C0510,2026-05-01,74,Automation,13
U0008323,C0510,2026-06-01,26,Reports,7
U0008324,C0510,2026-07-01,41,Reports,1
U0008325,C0510,2026-08-01,63,Reports,18
U0008326,C0510,2026-09-01,39,Reports,5
U0008327,C0511,2025-01-01,45,Exports,17
U0008328,C0511,2025-02-01,72,Integrations,14
U0008329,C0511,2025-03-01,28,Dashboard,15
U0008330,C0511,2025-04-01,76,Automation,14
U0008331,C0511,2025-05-01,56,Reports,13
U0008332,C0511,2025-06-01,7,Automation,7
U0008333,C0511,2025-07-01,22,API,14
U0008334,C0511,2025-09-01,26,Automation,18
U0008335,C0511,2025-10-01,28,API,17
U0008336,C0511,2025-11-01,31,Automation,17
U0008337,C0511,2026-01-01,35,Automation,13
U0008338,C0511,2026-02-01,73,API,16
U0008339,C0511,2026-03-01,47,Dashboard,18
U0008340,C0511,2026-04-01,79,Automation,15
U0008341,C0511,2026-05-01,9,Dashboard,15
U0008342,C0511,2026-06-01,59,Automation,6
U0008343,C0511,2026-07-01,51,Automation,1
U0008344,C0511,2026-08-01,1,Automation,6
U0008345,C0511,2026-09-01,71,Automation,16
U0008346,C0512,2025-01-01,4,Integrations,1
U0008347,C0512,2025-02-01,72,API,1
U0008348,C0512,2025-04-01,6,Dashboard,9
U0008349,C0512,2025-05-01,18,Automation,19
U0008350,C0512,2025-06-01,56,Exports,1
U0008351,C0512,2025-07-01,8,Automation,3
U0008352,C0512,2025-10-01,72,API,16
U0008353,C0512,2025-11-01,51,API,7
U0008354,C0512,2025-12-01,18,Automation,17
U0008355,C0512,2026-01-01,76,Integrations,4
U0008356,C0512,2026-02-01,59,Exports,10
U0008357,C0512,2026-03-01,5,Exports,8
U0008358,C0512,2026-04-01,42,Dashboard,11
U0008359,C0512,2026-05-01,36,API,15
U0008360,C0512,2026-06-01,29,API,9
U0008361,C0512,2026-08-01,39,API,17
U0008362,C0513,2025-01-01,30,Automation,5
U0008363,C0513,2025-02-01,73,Automation,5
U0008364,C0513,2025-03-01,44,Reports,17
U0008365,C0513,2025-04-01,58,Automation,6
U0008366,C0513,2025-06-01,42,Reports,12
U0008367,C0513,2025-07-01,45,Automation,1
U0008368,C0513,2025-08-01,52,Integrations,1
U0008369,C0513,2025-09-01,35,API,12
U0008370,C0513,2025-12-01,69,Reports,14
U0008371,C0513,2026-01-01,38,Dashboard,17
U0008372,C0513,2026-02-01,15,API,14
U0008373,C0513,2026-03-01,46,Integrations,6
U0008374,C0513,2026-05-01,32,Reports,1
U0008375,C0513,2026-06-01,16,Dashboard,5
U0008376,C0513,2026-08-01,8,API,16
U0008377,C0513,2026-09-01,2,API,3
U0008378,C0514,2025-03-01,57,Integrations,1
U0008379,C0514,2025-04-01,55,Exports,14
U0008380,C0514,2025-07-01,5,Automation,18
U0008381,C0514,2025-08-01,50,Exports,16
U0008382,C0514,2025-09-01,77,API,18
U0008383,C0514,2025-10-01,9,Reports,1
U0008384,C0514,2025-11-01,30,Reports,12
U0008385,C0514,2025-12-01,15,Exports,2
U0008386,C0514,2026-03-01,8,Reports,1
U0008387,C0514,2026-05-01,42,Reports,19
U0008388,C0514,2026-07-01,49,Reports,5
U0008389,C0514,2026-08-01,34,Integrations,12
U0008390,C0514,2026-09-01,12,Integrations,4
U0008391,C0515,2025-01-01,1,Reports,3
U0008392,C0515,2025-02-01,45,Reports,9
U0008393,C0515,2025-03-01,63,Reports,8
U0008394,C0515,2025-04-01,51,Automation,4
U0008395,C0515,2025-06-01,40,API,5
U0008396,C0515,2025-07-01,62,Dashboard,17
U0008397,C0515,2025-09-01,11,Exports,16
U0008398,C0515,2025-11-01,34,API,5
U0008399,C0515,2025-12-01,10,Reports,4
U0008400,C0515,2026-01-01,10,Reports,8
U0008401,C0515,2026-02-01,69,Reports,8
U0008402,C0515,2026-03-01,60,Reports,13
U0008403,C0515,2026-04-01,3,Dashboard,6
U0008404,C0515,2026-05-01,35,Automation,8
U0008405,C0515,2026-06-01,42,Integrations,7
U0008406,C0515,2026-07-01,59,Automation,17
U0008407,C0515,2026-08-01,55,Dashboard,2
U0008408,C0515,2026-09-01,43,Dashboard,12
U0008409,C0516,2025-01-01,69,Exports,1
U0008410,C0516,2025-02-01,54,Integrations,10
U0008411,C0516,2025-03-01,77,Exports,14
U0008412,C0516,2025-04-01,49,Integrations,5
U0008413,C0516,2025-05-01,61,Exports,11
U0008414,C0516,2025-06-01,29,Automation,19
U0008415,C0516,2025-07-01,17,API,19
U0008416,C0516,2025-08-01,54,Dashboard,14
U0008417,C0516,2025-09-01,8,Dashboard,5
U0008418,C0516,2025-10-01,5,Reports,15
U0008419,C0516,2025-12-01,38,Integrations,8
U0008420,C0516,2026-01-01,50,Automation,5
U0008421,C0516,2026-02-01,42,Dashboard,3
U0008422,C0516,2026-03-01,6,API,15
U0008423,C0516,2026-04-01,46,Integrations,12
U0008424,C0516,2026-05-01,25,Integrations,2
U0008425,C0516,2026-06-01,33,Integrations,11
U0008426,C0516,2026-07-01,38,Dashboard,8
U0008427,C0516,2026-08-01,23,Reports,18
U0008428,C0517,2025-01-01,9,Automation,11
U0008429,C0517,2025-02-01,72,Exports,14
U0008430,C0517,2025-03-01,2,Exports,12
U0008431,C0517,2025-04-01,63,Reports,9
U0008432,C0517,2025-05-01,32,Automation,8
U0008433,C0517,2025-06-01,34,Reports,18
U0008434,C0517,2025-08-01,46,Dashboard,5
U0008435,C0517,2025-09-01,63,Dashboard,13
U0008436,C0517,2025-12-01,43,API,1
U0008437,C0517,2026-02-01,69,Integrations,3
U0008438,C0517,2026-03-01,78,Reports,3
U0008439,C0517,2026-04-01,66,Automation,14
U0008440,C0517,2026-05-01,7,API,1
U0008441,C0517,2026-06-01,23,Automation,6
U0008442,C0517,2026-09-01,24,Automation,2
U0008443,C0518,2025-01-01,62,API,19
U0008444,C0518,2025-02-01,19,Reports,11
U0008445,C0518,2025-04-01,73,Reports,8
U0008446,C0518,2025-05-01,42,API,17
U0008447,C0518,2025-06-01,15,API,13
U0008448,C0518,2025-07-01,36,Automation,6
U0008449,C0518,2025-10-01,11,Exports,18
U0008450,C0518,2025-11-01,34,API,7
U0008451,C0518,2026-01-01,32,Reports,18
U0008452,C0518,2026-02-01,69,Automation,12
U0008453,C0518,2026-03-01,74,Automation,14
U0008454,C0518,2026-05-01,41,Dashboard,9
U0008455,C0518,2026-06-01,43,Reports,7
U0008456,C0518,2026-09-01,73,Integrations,16
U0008457,C0519,2025-03-01,53,Reports,16
U0008458,C0519,2025-04-01,50,Automation,17
U0008459,C0519,2025-05-01,4,Exports,15
U0008460,C0519,2025-06-01,13,Reports,6
U0008461,C0519,2025-07-01,33,Integrations,2
U0008462,C0519,2025-08-01,58,Exports,13
U0008463,C0519,2025-09-01,57,Dashboard,1
U0008464,C0519,2025-10-01,56,Reports,11
U0008465,C0519,2025-11-01,52,API,2
U0008466,C0519,2025-12-01,20,Exports,9
U0008467,C0519,2026-01-01,50,Reports,15
U0008468,C0519,2026-02-01,10,Exports,16
U0008469,C0519,2026-03-01,66,Exports,12
U0008470,C0519,2026-04-01,45,Reports,2
U0008471,C0519,2026-06-01,39,Integrations,1
U0008472,C0519,2026-07-01,1,Exports,4
U0008473,C0519,2026-08-01,47,API,18
U0008474,C0519,2026-09-01,20,Integrations,14
U0008475,C0520,2025-01-01,56,Dashboard,9
U0008476,C0520,2025-02-01,20,Integrations,13
U0008477,C0520,2025-03-01,39,Reports,11
U0008478,C0520,2025-05-01,19,API,11
U0008479,C0520,2025-06-01,1,Automation,8
U0008480,C0520,2025-07-01,20,Integrations,14
U0008481,C0520,2025-08-01,39,Exports,6
U0008482,C0520,2025-09-01,6,Reports,17
U0008483,C0520,2025-10-01,25,API,11
U0008484,C0520,2025-11-01,47,Automation,7
U0008485,C0520,2025-12-01,24,Reports,7
U0008486,C0520,2026-01-01,77,Dashboard,5
U0008487,C0520,2026-02-01,62,Automation,9
U0008488,C0520,2026-03-01,58,Automation,14
U0008489,C0520,2026-05-01,5,API,16
U0008490,C0520,2026-06-01,31,Exports,8
U0008491,C0520,2026-07-01,23,Automation,8
U0008492,C0520,2026-09-01,42,Reports,16
U0008493,C0521,2025-01-01,54,Exports,14
U0008494,C0521,2025-03-01,65,Exports,8
U0008495,C0521,2025-04-01,77,Exports,9
U0008496,C0521,2025-08-01,33,Integrations,1
U0008497,C0521,2025-09-01,64,Reports,19
U0008498,C0521,2025-10-01,7,Automation,16
U0008499,C0521,2025-11-01,8,Automation,9
U0008500,C0521,2026-01-01,43,Dashboard,15
U0008501,C0521,2026-02-01,8,Dashboard,12
U0008502,C0521,2026-03-01,2,Exports,3
U0008503,C0521,2026-04-01,4,Exports,7
U0008504,C0521,2026-06-01,58,Exports,18
U0008505,C0521,2026-07-01,54,API,14
U0008506,C0521,2026-09-01,4,Reports,4
U0008507,C0522,2025-02-01,77,Exports,19
U0008508,C0522,2025-03-01,32,Exports,14
U0008509,C0522,2025-04-01,47,Exports,5
U0008510,C0522,2025-06-01,62,API,17
U0008511,C0522,2025-07-01,18,Reports,6
U0008512,C0522,2025-08-01,7,API,13
U0008513,C0522,2025-10-01,44,Reports,3
U0008514,C0522,2025-11-01,73,Exports,18
U0008515,C0522,2025-12-01,73,Automation,6
U0008516,C0522,2026-03-01,36,Reports,11
U0008517,C0522,2026-05-01,13,Exports,1
U0008518,C0522,2026-06-01,14,Automation,16
U0008519,C0522,2026-07-01,57,Automation,4
U0008520,C0522,2026-08-01,57,Integrations,16
U0008521,C0522,2026-09-01,16,Reports,16
U0008522,C0523,2025-02-01,38,API,5
U0008523,C0523,2025-03-01,48,Dashboard,19
U0008524,C0523,2025-04-01,8,Integrations,9
U0008525,C0523,2025-06-01,46,Reports,4
U0008526,C0523,2025-07-01,32,Integrations,2
U0008527,C0523,2025-08-01,70,Exports,16
U0008528,C0523,2025-10-01,41,Automation,4
U0008529,C0523,2025-11-01,76,Dashboard,19
U0008530,C0523,2026-01-01,44,Automation,13
U0008531,C0523,2026-02-01,35,Automation,14
U0008532,C0523,2026-03-01,61,Dashboard,6
U0008533,C0523,2026-04-01,66,API,18
U0008534,C0523,2026-05-01,54,API,1
U0008535,C0523,2026-06-01,26,Integrations,8
U0008536,C0523,2026-07-01,70,Exports,4
U0008537,C0523,2026-08-01,31,Dashboard,4
U0008538,C0523,2026-09-01,77,Dashboard,19
U0008539,C0524,2025-01-01,26,API,5
U0008540,C0524,2025-02-01,40,API,8
U0008541,C0524,2025-03-01,68,API,5
U0008542,C0524,2025-04-01,64,Automation,18
U0008543,C0524,2025-06-01,8,Dashboard,8
U0008544,C0524,2025-07-01,10,Automation,5
U0008545,C0524,2025-08-01,55,API,19
U0008546,C0524,2025-09-01,62,Dashboard,16
U0008547,C0524,2025-10-01,4,Exports,14
U0008548,C0524,2025-11-01,12,Automation,15
U0008549,C0524,2025-12-01,8,Dashboard,3
U0008550,C0524,2026-01-01,6,Automation,9
U0008551,C0524,2026-02-01,54,Exports,6
U0008552,C0524,2026-04-01,26,Automation,17
U0008553,C0524,2026-05-01,63,API,7
U0008554,C0524,2026-06-01,6,API,14
U0008555,C0525,2025-01-01,43,Automation,2
U0008556,C0525,2025-02-01,35,Reports,4
U0008557,C0525,2025-03-01,48,Dashboard,4
U0008558,C0525,2025-04-01,42,Reports,14
U0008559,C0525,2025-05-01,54,Exports,5
U0008560,C0525,2025-06-01,8,Reports,3
U0008561,C0525,2025-07-01,25,Integrations,3
U0008562,C0525,2025-08-01,21,Reports,1
U0008563,C0525,2025-09-01,14,Exports,14
U0008564,C0525,2025-10-01,24,Reports,7
U0008565,C0525,2025-11-01,28,Exports,18
U0008566,C0525,2025-12-01,16,Integrations,19
U0008567,C0525,2026-01-01,16,Reports,8
U0008568,C0525,2026-02-01,69,Integrations,8
U0008569,C0525,2026-03-01,77,Exports,19
U0008570,C0525,2026-04-01,51,API,6
U0008571,C0525,2026-05-01,15,Integrations,15
U0008572,C0525,2026-07-01,52,Integrations,3
U0008573,C0525,2026-08-01,13,API,15
U0008574,C0525,2026-09-01,15,Reports,12
U0008575,C0526,2025-01-01,19,Dashboard,3
U0008576,C0526,2025-03-01,5,Exports,9
U0008577,C0526,2025-04-01,51,Dashboard,18
U0008578,C0526,2025-05-01,35,Integrations,2
U0008579,C0526,2025-06-01,26,API,5
U0008580,C0526,2025-08-01,65,Dashboard,10
U0008581,C0526,2025-09-01,17,Reports,12
U0008582,C0526,2025-10-01,50,Integrations,18
U0008583,C0526,2025-11-01,3,Dashboard,17
U0008584,C0526,2025-12-01,52,Integrations,1
U0008585,C0526,2026-01-01,4,Dashboard,6
U0008586,C0526,2026-02-01,12,Reports,16
U0008587,C0526,2026-03-01,45,Dashboard,9
U0008588,C0526,2026-04-01,50,Dashboard,3
U0008589,C0526,2026-06-01,18,Exports,6
U0008590,C0526,2026-07-01,34,Exports,7
U0008591,C0526,2026-08-01,20,Exports,15
U0008592,C0527,2025-01-01,64,API,9
U0008593,C0527,2025-02-01,3,Exports,9
U0008594,C0527,2025-05-01,26,Dashboard,3
U0008595,C0527,2025-06-01,77,Automation,18
U0008596,C0527,2025-07-01,27,Dashboard,7
U0008597,C0527,2025-08-01,29,Dashboard,1
U0008598,C0527,2026-01-01,35,Integrations,11
U0008599,C0527,2026-02-01,69,Integrations,5
U0008600,C0527,2026-04-01,2,Integrations,5
U0008601,C0527,2026-06-01,60,Exports,10
U0008602,C0527,2026-08-01,25,Integrations,19
U0008603,C0528,2025-01-01,38,Dashboard,1
U0008604,C0528,2025-02-01,56,Exports,14
U0008605,C0528,2025-04-01,43,Exports,1
U0008606,C0528,2025-05-01,57,API,13
U0008607,C0528,2025-08-01,3,Dashboard,13
U0008608,C0528,2025-09-01,43,Automation,12
U0008609,C0528,2025-10-01,15,Automation,6
U0008610,C0528,2025-11-01,16,Automation,15
U0008611,C0528,2025-12-01,58,API,16
U0008612,C0528,2026-01-01,57,Exports,5
U0008613,C0528,2026-02-01,32,Reports,16
U0008614,C0528,2026-04-01,43,Exports,18
U0008615,C0528,2026-05-01,13,API,12
U0008616,C0528,2026-06-01,38,API,10
U0008617,C0528,2026-08-01,5,API,18
U0008618,C0528,2026-09-01,59,Integrations,4
U0008619,C0529,2025-01-01,15,Dashboard,7
U0008620,C0529,2025-02-01,65,Reports,15
U0008621,C0529,2025-03-01,48,Integrations,12
U0008622,C0529,2025-04-01,78,API,12
U0008623,C0529,2025-06-01,29,Automation,3
U0008624,C0529,2025-07-01,60,Automation,8
U0008625,C0529,2025-08-01,25,Integrations,1
U0008626,C0529,2025-09-01,67,API,11
U0008627,C0529,2025-11-01,25,Integrations,16
U0008628,C0529,2025-12-01,70,Integrations,9
U0008629,C0529,2026-02-01,69,Integrations,14
U0008630,C0529,2026-06-01,75,Exports,2
U0008631,C0529,2026-09-01,72,Automation,11
U0008632,C0530,2025-01-01,48,Integrations,6
U0008633,C0530,2025-04-01,21,Integrations,17
U0008634,C0530,2025-06-01,76,Integrations,14
U0008635,C0530,2025-08-01,74,Dashboard,11
U0008636,C0530,2025-09-01,60,API,8
U0008637,C0530,2025-10-01,6,Reports,12
U0008638,C0530,2025-11-01,13,Automation,5
U0008639,C0530,2026-01-01,17,Exports,15
U0008640,C0530,2026-02-01,68,Dashboard,12
U0008641,C0530,2026-04-01,47,API,1
U0008642,C0530,2026-05-01,73,Integrations,3
U0008643,C0530,2026-06-01,61,Integrations,19
U0008644,C0530,2026-07-01,7,Exports,5
U0008645,C0530,2026-08-01,7,Integrations,9
U0008646,C0530,2026-09-01,9,Automation,16
U0008647,C0531,2025-01-01,30,Integrations,3
U0008648,C0531,2025-02-01,28,API,17
U0008649,C0531,2025-03-01,25,Dashboard,14
U0008650,C0531,2025-05-01,4,API,9
U0008651,C0531,2025-07-01,19,Reports,15
U0008652,C0531,2025-08-01,35,Exports,18
U0008653,C0531,2025-09-01,44,Exports,4
U0008654,C0531,2025-10-01,16,Dashboard,9
U0008655,C0531,2025-11-01,5,Reports,12
U0008656,C0531,2025-12-01,66,Reports,18
U0008657,C0531,2026-01-01,47,Exports,11
U0008658,C0531,2026-02-01,53,API,13
U0008659,C0531,2026-03-01,22,Reports,12
U0008660,C0531,2026-04-01,45,Exports,12
U0008661,C0531,2026-05-01,17,Integrations,11
U0008662,C0531,2026-06-01,29,Exports,4
U0008663,C0531,2026-07-01,24,Automation,19
U0008664,C0531,2026-08-01,13,Reports,8
U0008665,C0532,2025-01-01,30,Dashboard,5
U0008666,C0532,2025-02-01,13,Reports,1
U0008667,C0532,2025-03-01,74,Dashboard,1
U0008668,C0532,2025-04-01,63,Exports,16
U0008669,C0532,2025-05-01,56,API,9
U0008670,C0532,2025-06-01,52,API,11
U0008671,C0532,2025-07-01,31,Dashboard,12
U0008672,C0532,2025-08-01,79,Exports,8
U0008673,C0532,2025-09-01,26,API,15
U0008674,C0532,2025-10-01,72,Automation,15
U0008675,C0532,2025-12-01,65,Dashboard,3
U0008676,C0532,2026-02-01,70,Exports,11
U0008677,C0532,2026-03-01,1,API,9
U0008678,C0532,2026-04-01,16,Reports,14
U0008679,C0532,2026-05-01,15,Dashboard,10
U0008680,C0532,2026-06-01,12,Automation,14
U0008681,C0532,2026-08-01,59,API,15
U0008682,C0532,2026-09-01,18,Integrations,7
U0008683,C0533,2025-03-01,41,Exports,3
U0008684,C0533,2025-04-01,33,Reports,6
U0008685,C0533,2025-06-01,72,Reports,16
U0008686,C0533,2025-07-01,30,API,16
U0008687,C0533,2025-09-01,19,API,2
U0008688,C0533,2025-10-01,16,Exports,7
U0008689,C0533,2025-11-01,66,Exports,12
U0008690,C0533,2025-12-01,14,Reports,14
U0008691,C0533,2026-01-01,78,Reports,3
U0008692,C0533,2026-02-01,48,Automation,17
U0008693,C0533,2026-04-01,6,Automation,17
U0008694,C0533,2026-05-01,58,Automation,2
U0008695,C0533,2026-06-01,22,Exports,19
U0008696,C0533,2026-07-01,73,Exports,10
U0008697,C0533,2026-08-01,24,Dashboard,16
U0008698,C0534,2025-02-01,66,Automation,6
U0008699,C0534,2025-03-01,62,Exports,8
U0008700,C0534,2025-05-01,8,API,19
U0008701,C0534,2025-06-01,61,Integrations,5
U0008702,C0534,2025-07-01,49,Exports,19
U0008703,C0534,2025-08-01,57,Automation,9
U0008704,C0534,2025-10-01,43,Reports,18
U0008705,C0534,2025-11-01,56,Dashboard,8
U0008706,C0534,2025-12-01,2,Dashboard,13
U0008707,C0534,2026-01-01,35,Exports,12
U0008708,C0534,2026-02-01,60,Dashboard,18
U0008709,C0534,2026-03-01,3,Exports,15
U0008710,C0534,2026-04-01,63,Automation,13
U0008711,C0534,2026-05-01,51,Integrations,10
U0008712,C0534,2026-06-01,54,Reports,6
U0008713,C0534,2026-07-01,65,Reports,11
U0008714,C0534,2026-08-01,65,Exports,3
U0008715,C0534,2026-09-01,27,Dashboard,7
U0008716,C0535,2025-01-01,51,Integrations,6
U0008717,C0535,2025-02-01,5,Reports,4
U0008718,C0535,2025-03-01,56,API,18
U0008719,C0535,2025-05-01,26,Automation,10
U0008720,C0535,2025-06-01,57,Exports,2
U0008721,C0535,2025-08-01,75,API,5
U0008722,C0535,2025-10-01,51,Exports,8
U0008723,C0535,2025-12-01,63,Exports,13
U0008724,C0535,2026-01-01,27,API,7
U0008725,C0535,2026-03-01,48,API,2
U0008726,C0535,2026-05-01,76,Reports,5
U0008727,C0535,2026-06-01,44,Dashboard,3
U0008728,C0535,2026-07-01,50,Reports,12
U0008729,C0535,2026-09-01,60,Automation,15
U0008730,C0536,2025-02-01,73,Exports,18
U0008731,C0536,2025-03-01,60,Integrations,15
U0008732,C0536,2025-04-01,51,Integrations,15
U0008733,C0536,2025-05-01,50,Integrations,10
U0008734,C0536,2025-07-01,15,Reports,4
U0008735,C0536,2025-08-01,60,API,6
U0008736,C0536,2025-11-01,47,Reports,17
U0008737,C0536,2025-12-01,50,Automation,9
U0008738,C0536,2026-01-01,42,Integrations,1
U0008739,C0536,2026-03-01,1,Dashboard,16
U0008740,C0536,2026-04-01,33,Exports,17
U0008741,C0536,2026-05-01,42,Reports,12
U0008742,C0536,2026-06-01,30,Exports,4
U0008743,C0536,2026-09-01,27,Reports,8
U0008744,C0537,2025-01-01,39,Integrations,9
U0008745,C0537,2025-02-01,57,API,19
U0008746,C0537,2025-03-01,76,Exports,10
U0008747,C0537,2025-04-01,50,API,8
U0008748,C0537,2025-05-01,69,Automation,14
U0008749,C0537,2025-06-01,2,API,2
U0008750,C0537,2025-09-01,39,Reports,15
U0008751,C0537,2025-10-01,50,Automation,8
U0008752,C0537,2025-11-01,39,Exports,3
U0008753,C0537,2025-12-01,52,Automation,9
U0008754,C0537,2026-01-01,34,Exports,18
U0008755,C0537,2026-02-01,1,Dashboard,9
U0008756,C0537,2026-04-01,49,Exports,1
U0008757,C0537,2026-05-01,59,Exports,17
U0008758,C0537,2026-06-01,56,Exports,11
U0008759,C0537,2026-07-01,20,Exports,4
U0008760,C0537,2026-08-01,9,Reports,17
U0008761,C0537,2026-09-01,53,API,6
U0008762,C0538,2025-01-01,49,Dashboard,15
U0008763,C0538,2025-02-01,40,Reports,9
U0008764,C0538,2025-03-01,52,Integrations,12
U0008765,C0538,2025-07-01,35,API,18
U0008766,C0538,2025-09-01,40,Integrations,3
U0008767,C0538,2025-10-01,32,API,3
U0008768,C0538,2025-11-01,15,Automation,14
U0008769,C0538,2026-01-01,78,API,11
U0008770,C0538,2026-02-01,68,Integrations,5
U0008771,C0538,2026-03-01,14,Automation,6
U0008772,C0538,2026-04-01,71,Automation,1
U0008773,C0538,2026-06-01,55,Reports,9
U0008774,C0538,2026-07-01,37,Exports,18
U0008775,C0538,2026-08-01,14,Reports,19
U0008776,C0538,2026-09-01,63,Dashboard,5
U0008777,C0539,2025-01-01,77,Reports,1
U0008778,C0539,2025-03-01,72,Reports,18
U0008779,C0539,2025-04-01,66,Integrations,4
U0008780,C0539,2025-05-01,52,Exports,18
U0008781,C0539,2025-06-01,32,Integrations,11
U0008782,C0539,2025-08-01,20,Exports,18
U0008783,C0539,2025-09-01,51,Reports,14
U0008784,C0539,2025-10-01,17,Reports,4
U0008785,C0539,2025-11-01,32,Dashboard,13
U0008786,C0539,2025-12-01,69,Exports,15
U0008787,C0539,2026-01-01,41,Dashboard,10
U0008788,C0539,2026-02-01,13,Integrations,8
U0008789,C0539,2026-03-01,76,Integrations,11
U0008790,C0539,2026-04-01,60,Dashboard,2
U0008791,C0539,2026-05-01,45,Exports,8
U0008792,C0539,2026-09-01,10,Integrations,11
U0008793,C0540,2025-01-01,58,Integrations,4
U0008794,C0540,2025-02-01,8,Reports,11
U0008795,C0540,2025-04-01,60,Automation,13
U0008796,C0540,2025-05-01,64,Exports,2
U0008797,C0540,2025-06-01,8,Reports,8
U0008798,C0540,2025-07-01,8,Integrations,1
U0008799,C0540,2025-08-01,48,Dashboard,12
U0008800,C0540,2025-09-01,30,Automation,8
U0008801,C0540,2025-10-01,77,Dashboard,3
U0008802,C0540,2025-11-01,67,Reports,2
U0008803,C0540,2025-12-01,63,Exports,8
U0008804,C0540,2026-01-01,58,Integrations,13
U0008805,C0540,2026-02-01,54,Exports,4
U0008806,C0540,2026-03-01,22,Integrations,12
U0008807,C0540,2026-04-01,66,API,6
U0008808,C0540,2026-05-01,35,Reports,16
U0008809,C0540,2026-06-01,51,Integrations,8
U0008810,C0540,2026-07-01,39,Dashboard,16
U0008811,C0540,2026-08-01,2,API,5
U0008812,C0541,2025-01-01,41,Dashboard,11
U0008813,C0541,2025-03-01,12,Integrations,15
U0008814,C0541,2025-04-01,22,Automation,12
U0008815,C0541,2025-06-01,25,Automation,7
U0008816,C0541,2025-07-01,35,Dashboard,6
U0008817,C0541,2025-08-01,4,Automation,10
U0008818,C0541,2025-10-01,4,Reports,1
U0008819,C0541,2025-11-01,71,Dashboard,2
U0008820,C0541,2025-12-01,70,Integrations,12
U0008821,C0541,2026-01-01,28,Automation,11
U0008822,C0541,2026-02-01,69,Dashboard,7
U0008823,C0541,2026-03-01,29,API,6
U0008824,C0541,2026-04-01,74,Exports,3
U0008825,C0541,2026-05-01,62,Reports,15
U0008826,C0541,2026-06-01,71,Exports,3
U0008827,C0541,2026-07-01,18,Exports,2
U0008828,C0541,2026-08-01,78,Dashboard,2
U0008829,C0541,2026-09-01,10,Reports,2
U0008830,C0542,2025-01-01,51,API,1
U0008831,C0542,2025-02-01,42,Exports,18
U0008832,C0542,2025-03-01,49,Reports,5
U0008833,C0542,2025-04-01,6,Integrations,12
U0008834,C0542,2025-05-01,14,Exports,11
U0008835,C0542,2025-09-01,5,Dashboard,8
U0008836,C0542,2025-10-01,49,Dashboard,2
U0008837,C0542,2025-11-01,68,Dashboard,1
U0008838,C0542,2026-01-01,61,Reports,1
U0008839,C0542,2026-02-01,56,Automation,11
U0008840,C0542,2026-03-01,54,Reports,1
U0008841,C0542,2026-04-01,3,Dashboard,15
U0008842,C0542,2026-05-01,68,Reports,6
U0008843,C0542,2026-06-01,34,Automation,9
U0008844,C0542,2026-08-01,42,Dashboard,7
U0008845,C0542,2026-09-01,52,Integrations,5
U0008846,C0543,2025-02-01,70,Reports,14
U0008847,C0543,2025-03-01,32,Integrations,18
U0008848,C0543,2025-04-01,27,Reports,4
U0008849,C0543,2025-05-01,3,Dashboard,3
U0008850,C0543,2025-06-01,3,Automation,18
U0008851,C0543,2025-07-01,45,Exports,7
U0008852,C0543,2025-09-01,46,Integrations,12
U0008853,C0543,2025-10-01,68,Automation,3
U0008854,C0543,2025-12-01,4,Dashboard,3
U0008855,C0543,2026-01-01,50,Integrations,2
U0008856,C0543,2026-02-01,14,Automation,10
U0008857,C0543,2026-03-01,47,Exports,1
U0008858,C0543,2026-05-01,25,Integrations,4
U0008859,C0543,2026-06-01,30,API,14
U0008860,C0543,2026-07-01,59,Reports,16
U0008861,C0543,2026-08-01,27,Dashboard,17
U0008862,C0544,2025-01-01,23,Exports,11
U0008863,C0544,2025-02-01,51,Exports,17
U0008864,C0544,2025-03-01,11,Integrations,13
U0008865,C0544,2025-04-01,26,Automation,11
U0008866,C0544,2025-05-01,74,Automation,10
U0008867,C0544,2025-06-01,33,API,4
U0008868,C0544,2025-07-01,21,Integrations,16
U0008869,C0544,2025-08-01,23,Reports,5
U0008870,C0544,2025-10-01,41,Exports,7
U0008871,C0544,2025-11-01,26,Integrations,7
U0008872,C0544,2025-12-01,2,Integrations,5
U0008873,C0544,2026-01-01,28,Automation,12
U0008874,C0544,2026-02-01,35,Reports,9
U0008875,C0544,2026-04-01,13,Exports,19
U0008876,C0544,2026-05-01,41,API,17
U0008877,C0544,2026-06-01,24,Integrations,1
U0008878,C0544,2026-07-01,54,Dashboard,4
U0008879,C0544,2026-08-01,60,API,14
U0008880,C0544,2026-09-01,22,Integrations,4
U0008881,C0545,2025-01-01,50,Exports,7
U0008882,C0545,2025-02-01,58,Automation,3
U0008883,C0545,2025-03-01,46,Integrations,7
U0008884,C0545,2025-04-01,71,Integrations,15
U0008885,C0545,2025-05-01,4,Exports,7
U0008886,C0545,2025-06-01,56,Dashboard,1
U0008887,C0545,2025-07-01,22,Automation,4
U0008888,C0545,2025-08-01,61,Automation,15
U0008889,C0545,2025-09-01,56,Reports,18
U0008890,C0545,2025-10-01,39,Reports,9
U0008891,C0545,2025-11-01,59,Automation,18
U0008892,C0545,2025-12-01,4,API,19
U0008893,C0545,2026-01-01,13,Reports,5
U0008894,C0545,2026-03-01,79,Exports,13
U0008895,C0545,2026-05-01,77,Automation,9
U0008896,C0545,2026-06-01,52,Exports,16
U0008897,C0545,2026-07-01,72,Automation,19
U0008898,C0545,2026-08-01,37,API,19
U0008899,C0545,2026-09-01,7,Dashboard,8
U0008900,C0546,2025-02-01,24,Reports,12
U0008901,C0546,2025-03-01,69,Dashboard,13
U0008902,C0546,2025-04-01,54,API,14
U0008903,C0546,2025-05-01,49,Reports,2
U0008904,C0546,2025-06-01,10,Automation,2
U0008905,C0546,2025-08-01,7,API,7
U0008906,C0546,2025-09-01,46,API,6
U0008907,C0546,2025-10-01,71,Integrations,18
U0008908,C0546,2025-11-01,54,Integrations,10
U0008909,C0546,2026-01-01,54,Reports,1
U0008910,C0546,2026-02-01,69,Integrations,3
U0008911,C0546,2026-03-01,18,API,10
U0008912,C0546,2026-04-01,14,Integrations,19
U0008913,C0546,2026-06-01,56,Integrations,16
U0008914,C0546,2026-08-01,40,API,11
U0008915,C0546,2026-09-01,38,Exports,15
U0008916,C0547,2025-01-01,11,Integrations,3
U0008917,C0547,2025-02-01,42,Exports,5
U0008918,C0547,2025-04-01,2,Reports,14
U0008919,C0547,2025-05-01,77,Integrations,2
U0008920,C0547,2025-06-01,27,Automation,18
U0008921,C0547,2025-07-01,37,Dashboard,18
U0008922,C0547,2025-08-01,38,Dashboard,16
U0008923,C0547,2025-09-01,13,Exports,4
U0008924,C0547,2025-10-01,27,API,3
U0008925,C0547,2025-11-01,53,Reports,3
U0008926,C0547,2025-12-01,15,API,7
U0008927,C0547,2026-02-01,3,Reports,6
U0008928,C0547,2026-03-01,3,API,8
U0008929,C0547,2026-04-01,50,Automation,19
U0008930,C0547,2026-07-01,45,Integrations,17
U0008931,C0547,2026-08-01,58,Reports,6
U0008932,C0547,2026-09-01,17,Automation,15
U0008933,C0548,2025-01-01,39,Dashboard,19
U0008934,C0548,2025-02-01,38,Automation,2
U0008935,C0548,2025-03-01,17,Exports,14
U0008936,C0548,2025-04-01,6,Dashboard,11
U0008937,C0548,2025-05-01,52,Integrations,6
U0008938,C0548,2025-06-01,39,API,7
U0008939,C0548,2025-07-01,76,Integrations,12
U0008940,C0548,2025-08-01,53,Exports,6
U0008941,C0548,2025-09-01,15,Automation,2
U0008942,C0548,2025-11-01,27,API,9
U0008943,C0548,2025-12-01,11,Automation,7
U0008944,C0548,2026-05-01,73,Dashboard,5
U0008945,C0548,2026-06-01,12,Automation,3
U0008946,C0548,2026-08-01,44,Integrations,6
U0008947,C0548,2026-09-01,73,Reports,16
U0008948,C0549,2025-01-01,37,API,2
U0008949,C0549,2025-02-01,21,Reports,19
U0008950,C0549,2025-04-01,51,Automation,11
U0008951,C0549,2025-05-01,4,Exports,9
U0008952,C0549,2025-06-01,39,Exports,5
U0008953,C0549,2025-07-01,55,API,4
U0008954,C0549,2025-08-01,56,Dashboard,8
U0008955,C0549,2025-09-01,29,Reports,2
U0008956,C0549,2025-10-01,41,Automation,13
U0008957,C0549,2025-11-01,17,Reports,6
U0008958,C0549,2026-01-01,75,Exports,14
U0008959,C0549,2026-02-01,69,Integrations,1
U0008960,C0549,2026-03-01,51,Integrations,11
U0008961,C0549,2026-04-01,55,Exports,17
U0008962,C0549,2026-05-01,59,Exports,2
U0008963,C0549,2026-06-01,9,Exports,19
U0008964,C0549,2026-07-01,11,API,7
U0008965,C0549,2026-08-01,64,API,8
U0008966,C0549,2026-09-01,49,Reports,16
U0008967,C0550,2025-01-01,65,Automation,2
U0008968,C0550,2025-02-01,60,API,18
U0008969,C0550,2025-03-01,39,Automation,19
U0008970,C0550,2025-04-01,20,Dashboard,2
U0008971,C0550,2025-06-01,53,Automation,12
U0008972,C0550,2025-09-01,19,Automation,3
U0008973,C0550,2025-10-01,4,API,11
U0008974,C0550,2026-02-01,21,API,10
U0008975,C0550,2026-03-01,65,Exports,3
U0008976,C0550,2026-06-01,74,API,8
U0008977,C0550,2026-08-01,39,Integrations,8
U0008978,C0550,2026-09-01,72,Reports,16
U0008979,C0551,2025-01-01,68,Automation,18
U0008980,C0551,2025-02-01,50,Automation,11
U0008981,C0551,2025-03-01,50,Integrations,4
U0008982,C0551,2025-05-01,2,Reports,12
U0008983,C0551,2025-06-01,67,API,1
U0008984,C0551,2025-07-01,23,Automation,13
U0008985,C0551,2025-09-01,65,API,10
U0008986,C0551,2025-10-01,28,Exports,16
U0008987,C0551,2025-11-01,68,Exports,18
U0008988,C0551,2025-12-01,1,Automation,12
U0008989,C0551,2026-01-01,77,Dashboard,6
U0008990,C0551,2026-02-01,51,Integrations,10
U0008991,C0551,2026-03-01,69,Integrations,14
U0008992,C0551,2026-04-01,37,Automation,2
U0008993,C0551,2026-05-01,70,Reports,6
U0008994,C0551,2026-06-01,6,API,12
U0008995,C0551,2026-07-01,65,Exports,14
U0008996,C0551,2026-08-01,78,API,6
U0008997,C0552,2025-02-01,43,Integrations,3
U0008998,C0552,2025-04-01,72,Integrations,16
U0008999,C0552,2025-06-01,71,Reports,17
U0009000,C0552,2025-09-01,41,Exports,3
U0009001,C0552,2025-10-01,69,Exports,2
U0009002,C0552,2025-11-01,38,Automation,4
U0009003,C0552,2025-12-01,74,Dashboard,18
U0009004,C0552,2026-03-01,74,Reports,5
U0009005,C0552,2026-04-01,33,API,2
U0009006,C0552,2026-05-01,69,Automation,18
U0009007,C0552,2026-06-01,79,Reports,4
U0009008,C0552,2026-07-01,12,Automation,6
U0009009,C0552,2026-09-01,17,Dashboard,7
U0009010,C0553,2025-01-01,27,API,18
U0009011,C0553,2025-03-01,61,Dashboard,6
U0009012,C0553,2025-05-01,73,Exports,12
U0009013,C0553,2025-06-01,58,Exports,13
U0009014,C0553,2025-07-01,10,Integrations,11
U0009015,C0553,2025-08-01,77,Dashboard,6
U0009016,C0553,2025-09-01,39,Dashboard,5
U0009017,C0553,2025-10-01,79,Integrations,8
U0009018,C0553,2025-11-01,71,Reports,13
U0009019,C0553,2025-12-01,26,Reports,11
U0009020,C0553,2026-01-01,42,Reports,9
U0009021,C0553,2026-03-01,40,Exports,1
U0009022,C0553,2026-04-01,65,API,14
U0009023,C0553,2026-06-01,34,API,16
U0009024,C0553,2026-07-01,9,Exports,13
U0009025,C0553,2026-09-01,24,Integrations,4
U0009026,C0554,2025-01-01,52,Integrations,2
U0009027,C0554,2025-02-01,31,Exports,19
U0009028,C0554,2025-04-01,60,Integrations,8
U0009029,C0554,2025-06-01,23,API,7
U0009030,C0554,2025-07-01,39,Exports,12
U0009031,C0554,2025-08-01,38,Exports,4
U0009032,C0554,2025-10-01,7,Automation,12
U0009033,C0554,2026-02-01,9,Dashboard,11
U0009034,C0554,2026-03-01,15,Exports,18
U0009035,C0554,2026-05-01,71,Automation,6
U0009036,C0554,2026-06-01,78,Reports,10
U0009037,C0554,2026-07-01,33,Dashboard,11
U0009038,C0554,2026-08-01,37,Automation,3
U0009039,C0554,2026-09-01,22,Reports,10
U0009040,C0555,2025-02-01,54,Reports,10
U0009041,C0555,2025-06-01,76,Dashboard,2
U0009042,C0555,2025-08-01,50,Reports,9
U0009043,C0555,2025-10-01,74,Dashboard,7
U0009044,C0555,2025-11-01,13,Reports,16
U0009045,C0555,2025-12-01,1,Reports,12
U0009046,C0555,2026-02-01,17,Dashboard,6
U0009047,C0555,2026-04-01,32,Dashboard,19
U0009048,C0555,2026-05-01,13,Dashboard,13
U0009049,C0555,2026-06-01,38,Exports,10
U0009050,C0555,2026-08-01,40,Exports,2
U0009051,C0555,2026-09-01,72,Integrations,1
U0009052,C0556,2025-01-01,13,Dashboard,17
U0009053,C0556,2025-02-01,40,API,5
U0009054,C0556,2025-03-01,40,Dashboard,3
U0009055,C0556,2025-04-01,6,API,5
U0009056,C0556,2025-05-01,37,Reports,19
U0009057,C0556,2025-06-01,65,Reports,11
U0009058,C0556,2025-07-01,69,Reports,16
U0009059,C0556,2025-08-01,2,Exports,12
U0009060,C0556,2025-09-01,50,API,1
U0009061,C0556,2025-10-01,59,Dashboard,7
U0009062,C0556,2025-11-01,19,Dashboard,11
U0009063,C0556,2026-01-01,43,API,19
U0009064,C0556,2026-02-01,3,Automation,6
U0009065,C0556,2026-03-01,23,Dashboard,12
U0009066,C0556,2026-05-01,18,Exports,6
U0009067,C0556,2026-06-01,70,Reports,17
U0009068,C0556,2026-07-01,36,API,15
U0009069,C0557,2025-01-01,40,Dashboard,5
U0009070,C0557,2025-02-01,48,Dashboard,16
U0009071,C0557,2025-04-01,11,Exports,12
U0009072,C0557,2025-05-01,2,Dashboard,1
U0009073,C0557,2025-06-01,60,Automation,19
U0009074,C0557,2025-07-01,35,API,2
U0009075,C0557,2025-08-01,58,Dashboard,9
U0009076,C0557,2025-10-01,14,Exports,16
U0009077,C0557,2025-11-01,75,Reports,19
U0009078,C0557,2025-12-01,33,API,15
U0009079,C0557,2026-01-01,51,Reports,4
U0009080,C0557,2026-02-01,5,Exports,19
U0009081,C0557,2026-03-01,27,API,10
U0009082,C0557,2026-04-01,28,Dashboard,15
U0009083,C0557,2026-05-01,36,API,17
U0009084,C0557,2026-08-01,31,API,1
U0009085,C0557,2026-09-01,27,Exports,12
U0009086,C0558,2025-01-01,61,API,14
U0009087,C0558,2025-02-01,25,Integrations,10
U0009088,C0558,2025-03-01,19,Exports,15
U0009089,C0558,2025-04-01,15,Dashboard,19
U0009090,C0558,2025-05-01,59,API,13
U0009091,C0558,2025-07-01,31,Automation,13
U0009092,C0558,2025-08-01,56,Integrations,2
U0009093,C0558,2025-09-01,76,Exports,10
U0009094,C0558,2025-10-01,17,Exports,8
U0009095,C0558,2025-11-01,22,Automation,8
U0009096,C0558,2025-12-01,74,Dashboard,14
U0009097,C0558,2026-01-01,27,Reports,6
U0009098,C0558,2026-03-01,18,Integrations,19
U0009099,C0558,2026-04-01,6,Automation,8
U0009100,C0558,2026-05-01,70,API,3
U0009101,C0558,2026-06-01,53,Integrations,9
U0009102,C0558,2026-09-01,54,Integrations,13
U0009103,C0559,2025-01-01,29,Reports,9
U0009104,C0559,2025-02-01,6,Automation,13
U0009105,C0559,2025-03-01,57,Reports,18
U0009106,C0559,2025-04-01,59,Exports,15
U0009107,C0559,2025-05-01,47,Exports,10
U0009108,C0559,2025-06-01,27,Reports,4
U0009109,C0559,2025-07-01,46,Automation,10
U0009110,C0559,2025-09-01,29,Integrations,9
U0009111,C0559,2025-12-01,30,Automation,3
U0009112,C0559,2026-01-01,26,Exports,3
U0009113,C0559,2026-02-01,60,Reports,11
U0009114,C0559,2026-03-01,23,Dashboard,13
U0009115,C0559,2026-05-01,2,Dashboard,8
U0009116,C0559,2026-06-01,44,API,14
U0009117,C0559,2026-08-01,60,Dashboard,2
U0009118,C0559,2026-09-01,20,Reports,18
U0009119,C0560,2025-02-01,67,Dashboard,17
U0009120,C0560,2025-03-01,68,Dashboard,1
U0009121,C0560,2025-04-01,45,Integrations,8
U0009122,C0560,2025-05-01,60,Automation,10
U0009123,C0560,2025-06-01,14,Exports,13
U0009124,C0560,2025-07-01,26,Exports,19
U0009125,C0560,2025-08-01,4,API,5
U0009126,C0560,2025-09-01,40,Automation,7
U0009127,C0560,2025-10-01,54,Reports,11
U0009128,C0560,2025-11-01,7,Automation,6
U0009129,C0560,2025-12-01,77,Integrations,5
U0009130,C0560,2026-01-01,76,API,3
U0009131,C0560,2026-02-01,10,Automation,5
U0009132,C0560,2026-03-01,73,Reports,16
U0009133,C0560,2026-04-01,34,Exports,14
U0009134,C0560,2026-05-01,70,Dashboard,14
U0009135,C0560,2026-06-01,30,Reports,19
U0009136,C0560,2026-09-01,62,Integrations,16
U0009137,C0561,2025-01-01,65,Reports,2
U0009138,C0561,2025-03-01,41,Automation,14
U0009139,C0561,2025-05-01,4,API,5
U0009140,C0561,2025-06-01,79,Exports,12
U0009141,C0561,2025-09-01,4,API,7
U0009142,C0561,2025-10-01,29,Dashboard,17
U0009143,C0561,2025-11-01,11,Integrations,7
U0009144,C0561,2025-12-01,72,Reports,11
U0009145,C0561,2026-03-01,30,Reports,7
U0009146,C0561,2026-04-01,63,Reports,4
U0009147,C0561,2026-05-01,9,Automation,5
U0009148,C0561,2026-06-01,61,Reports,11
U0009149,C0561,2026-07-01,35,Exports,9
U0009150,C0561,2026-08-01,15,Reports,7
U0009151,C0561,2026-09-01,27,API,3
U0009152,C0562,2025-01-01,5,API,8
U0009153,C0562,2025-02-01,66,Integrations,10
U0009154,C0562,2025-03-01,79,Exports,3
U0009155,C0562,2025-04-01,43,Automation,3
U0009156,C0562,2025-05-01,44,Reports,16
U0009157,C0562,2025-06-01,35,Automation,1
U0009158,C0562,2025-07-01,34,Automation,14
U0009159,C0562,2025-08-01,35,Dashboard,15
U0009160,C0562,2025-09-01,61,Integrations,7
U0009161,C0562,2025-10-01,26,Integrations,7
U0009162,C0562,2025-11-01,20,Automation,7
U0009163,C0562,2025-12-01,18,Reports,2
U0009164,C0562,2026-01-01,17,API,6
U0009165,C0562,2026-04-01,10,Integrations,13
U0009166,C0562,2026-05-01,33,Reports,16
U0009167,C0562,2026-06-01,46,Reports,6
U0009168,C0562,2026-07-01,17,Integrations,7
U0009169,C0562,2026-08-01,28,Dashboard,8
U0009170,C0562,2026-09-01,41,Dashboard,13
U0009171,C0563,2025-01-01,8,Exports,5
U0009172,C0563,2025-02-01,58,Dashboard,9
U0009173,C0563,2025-03-01,59,Reports,3
U0009174,C0563,2025-05-01,3,Dashboard,13
U0009175,C0563,2025-07-01,12,Integrations,12
U0009176,C0563,2025-10-01,9,Dashboard,11
U0009177,C0563,2025-11-01,13,Automation,7
U0009178,C0563,2026-01-01,31,Reports,12
U0009179,C0563,2026-03-01,70,Automation,11
U0009180,C0563,2026-04-01,55,Integrations,15
U0009181,C0563,2026-05-01,67,Integrations,1
U0009182,C0563,2026-06-01,13,Reports,10
U0009183,C0563,2026-07-01,66,Integrations,3
U0009184,C0563,2026-09-01,9,Dashboard,6
U0009185,C0564,2025-01-01,29,Dashboard,7
U0009186,C0564,2025-02-01,34,Integrations,12
U0009187,C0564,2025-03-01,58,Exports,7
U0009188,C0564,2025-04-01,36,Automation,6
U0009189,C0564,2025-05-01,48,Reports,6
U0009190,C0564,2025-06-01,72,Reports,13
U0009191,C0564,2025-07-01,17,Automation,8
U0009192,C0564,2025-08-01,65,Automation,12
U0009193,C0564,2025-10-01,25,API,12
U0009194,C0564,2025-11-01,14,Reports,15
U0009195,C0564,2025-12-01,3,Automation,10
U0009196,C0564,2026-01-01,42,Integrations,6
U0009197,C0564,2026-02-01,9,Dashboard,19
U0009198,C0564,2026-03-01,76,API,14
U0009199,C0564,2026-04-01,51,API,18
U0009200,C0564,2026-05-01,72,Dashboard,3
U0009201,C0564,2026-06-01,49,Exports,4
U0009202,C0564,2026-07-01,54,Exports,7
U0009203,C0564,2026-08-01,5,Integrations,17
U0009204,C0564,2026-09-01,68,Integrations,2
U0009205,C0565,2025-01-01,57,Dashboard,19
U0009206,C0565,2025-02-01,36,Automation,3
U0009207,C0565,2025-03-01,16,API,2
U0009208,C0565,2025-04-01,47,Exports,13
U0009209,C0565,2025-05-01,63,Reports,8
U0009210,C0565,2025-06-01,24,Dashboard,7
U0009211,C0565,2025-10-01,53,Reports,15
U0009212,C0565,2025-12-01,7,Exports,8
U0009213,C0565,2026-01-01,15,Reports,7
U0009214,C0565,2026-02-01,53,Integrations,7
U0009215,C0565,2026-04-01,74,Dashboard,6
U0009216,C0565,2026-05-01,24,Exports,16
U0009217,C0565,2026-07-01,18,Dashboard,5
U0009218,C0565,2026-09-01,36,Automation,15
U0009219,C0566,2025-01-01,18,Dashboard,9
U0009220,C0566,2025-03-01,75,Exports,12
U0009221,C0566,2025-04-01,68,Exports,6
U0009222,C0566,2025-05-01,59,Integrations,15
U0009223,C0566,2025-06-01,25,API,14
U0009224,C0566,2025-07-01,31,Automation,9
U0009225,C0566,2025-09-01,50,API,13
U0009226,C0566,2025-10-01,47,Exports,17
U0009227,C0566,2025-12-01,6,Integrations,2
U0009228,C0566,2026-02-01,44,API,11
U0009229,C0566,2026-03-01,77,API,9
U0009230,C0566,2026-04-01,78,Automation,1
U0009231,C0566,2026-05-01,36,Integrations,11
U0009232,C0566,2026-06-01,55,Exports,11
U0009233,C0566,2026-07-01,73,API,3
U0009234,C0566,2026-08-01,55,Dashboard,4
U0009235,C0566,2026-09-01,67,API,10
U0009236,C0567,2025-01-01,16,Exports,14
U0009237,C0567,2025-02-01,1,Automation,11
U0009238,C0567,2025-03-01,13,Automation,2
U0009239,C0567,2025-04-01,74,Exports,15
U0009240,C0567,2025-05-01,13,Automation,8
U0009241,C0567,2025-08-01,74,Automation,13
U0009242,C0567,2025-09-01,61,Exports,12
U0009243,C0567,2025-12-01,33,Exports,8
U0009244,C0567,2026-01-01,30,Dashboard,10
U0009245,C0567,2026-02-01,19,Exports,19
U0009246,C0567,2026-03-01,43,Integrations,8
U0009247,C0567,2026-04-01,59,Integrations,6
U0009248,C0567,2026-06-01,8,API,10
U0009249,C0567,2026-07-01,24,Automation,1
U0009250,C0567,2026-08-01,71,Automation,5
U0009251,C0567,2026-09-01,62,Dashboard,13
U0009252,C0568,2025-01-01,40,Integrations,11
U0009253,C0568,2025-02-01,10,Integrations,9
U0009254,C0568,2025-03-01,50,Exports,16
U0009255,C0568,2025-06-01,3,Automation,4
U0009256,C0568,2025-08-01,70,Integrations,17
U0009257,C0568,2025-09-01,2,Reports,1
U0009258,C0568,2025-11-01,21,API,17
U0009259,C0568,2025-12-01,55,Integrations,16
U0009260,C0568,2026-02-01,60,Integrations,6
U0009261,C0568,2026-03-01,72,API,1
U0009262,C0568,2026-04-01,61,API,11
U0009263,C0568,2026-05-01,14,Integrations,10
U0009264,C0568,2026-07-01,79,Reports,11
U0009265,C0568,2026-08-01,75,API,14
U0009266,C0568,2026-09-01,55,Dashboard,7
U0009267,C0569,2025-01-01,30,Automation,7
U0009268,C0569,2025-02-01,1,API,6
U0009269,C0569,2025-03-01,13,Integrations,10
U0009270,C0569,2025-04-01,70,Automation,18
U0009271,C0569,2025-06-01,49,Integrations,16
U0009272,C0569,2025-07-01,42,Exports,13
U0009273,C0569,2025-08-01,20,API,1
U0009274,C0569,2025-09-01,9,Exports,11
U0009275,C0569,2025-10-01,42,Exports,2
U0009276,C0569,2025-11-01,59,Dashboard,18
U0009277,C0569,2026-01-01,15,Automation,9
U0009278,C0569,2026-02-01,21,Exports,1
U0009279,C0569,2026-04-01,78,Reports,19
U0009280,C0569,2026-05-01,67,Reports,5
U0009281,C0569,2026-07-01,62,Reports,14
U0009282,C0569,2026-08-01,46,Automation,11
U0009283,C0569,2026-09-01,8,Automation,10
U0009284,C0570,2025-01-01,1,API,8
U0009285,C0570,2025-02-01,57,Integrations,11
U0009286,C0570,2025-07-01,9,Exports,14
U0009287,C0570,2025-08-01,61,Automation,10
U0009288,C0570,2025-09-01,79,Dashboard,12
U0009289,C0570,2025-10-01,77,Integrations,10
U0009290,C0570,2025-12-01,15,Dashboard,3
U0009291,C0570,2026-01-01,49,Dashboard,5
U0009292,C0570,2026-02-01,2,Reports,18
U0009293,C0570,2026-03-01,68,Exports,10
U0009294,C0570,2026-04-01,58,Reports,10
U0009295,C0570,2026-05-01,39,Exports,8
U0009296,C0570,2026-06-01,65,API,6
U0009297,C0570,2026-07-01,16,Automation,13
U0009298,C0570,2026-08-01,29,Reports,17
U0009299,C0570,2026-09-01,49,Integrations,2
U0009300,C0571,2025-01-01,46,Dashboard,10
U0009301,C0571,2025-03-01,79,Exports,7
U0009302,C0571,2025-04-01,32,Integrations,7
U0009303,C0571,2025-07-01,62,Reports,3
U0009304,C0571,2025-08-01,14,Dashboard,7
U0009305,C0571,2025-09-01,71,Dashboard,14
U0009306,C0571,2025-11-01,8,API,5
U0009307,C0571,2025-12-01,44,Dashboard,12
U0009308,C0571,2026-01-01,2,API,10
U0009309,C0571,2026-03-01,65,Exports,8
U0009310,C0571,2026-04-01,8,API,14
U0009311,C0571,2026-05-01,38,Exports,1
U0009312,C0571,2026-07-01,10,Reports,15
U0009313,C0571,2026-08-01,1,Reports,2
U0009314,C0571,2026-09-01,40,Exports,13
U0009315,C0572,2025-01-01,48,Automation,15
U0009316,C0572,2025-02-01,61,Dashboard,19
U0009317,C0572,2025-03-01,77,Integrations,1
U0009318,C0572,2025-05-01,35,Reports,3
U0009319,C0572,2025-06-01,21,Automation,19
U0009320,C0572,2025-07-01,69,API,3
U0009321,C0572,2025-08-01,44,Exports,4
U0009322,C0572,2025-09-01,62,Reports,15
U0009323,C0572,2025-10-01,9,Dashboard,9
U0009324,C0572,2025-11-01,34,Dashboard,10
U0009325,C0572,2025-12-01,13,Integrations,16
U0009326,C0572,2026-01-01,16,API,19
U0009327,C0572,2026-02-01,47,API,4
U0009328,C0572,2026-03-01,32,API,8
U0009329,C0572,2026-04-01,7,Integrations,5
U0009330,C0572,2026-05-01,4,Dashboard,6
U0009331,C0572,2026-06-01,14,Exports,1
U0009332,C0572,2026-07-01,32,Dashboard,10
U0009333,C0572,2026-08-01,39,API,16
U0009334,C0572,2026-09-01,6,Dashboard,11
U0009335,C0573,2025-01-01,41,Exports,9
U0009336,C0573,2025-02-01,67,Integrations,4
U0009337,C0573,2025-03-01,8,Integrations,5
U0009338,C0573,2025-04-01,3,Automation,14
U0009339,C0573,2025-07-01,25,Integrations,19
U0009340,C0573,2025-09-01,7,API,16
U0009341,C0573,2025-10-01,20,Reports,10
U0009342,C0573,2025-12-01,22,Automation,13
U0009343,C0573,2026-01-01,45,Dashboard,6
U0009344,C0573,2026-02-01,32,Automation,17
U0009345,C0573,2026-03-01,61,API,4
U0009346,C0573,2026-05-01,17,Automation,17
U0009347,C0573,2026-06-01,63,API,10
U0009348,C0574,2025-01-01,63,Integrations,18
U0009349,C0574,2025-02-01,38,Automation,12
U0009350,C0574,2025-03-01,44,Dashboard,11
U0009351,C0574,2025-04-01,59,API,19
U0009352,C0574,2025-05-01,55,API,4
U0009353,C0574,2025-06-01,61,Exports,1
U0009354,C0574,2025-08-01,49,Exports,1
U0009355,C0574,2025-09-01,25,Reports,11
U0009356,C0574,2025-10-01,78,Automation,5
U0009357,C0574,2025-11-01,59,Automation,16
U0009358,C0574,2025-12-01,22,Exports,11
U0009359,C0574,2026-01-01,65,API,9
U0009360,C0574,2026-02-01,43,Reports,11
U0009361,C0574,2026-04-01,17,Dashboard,16
U0009362,C0574,2026-05-01,40,Exports,19
U0009363,C0574,2026-06-01,65,Automation,17
U0009364,C0574,2026-07-01,40,Reports,6
U0009365,C0574,2026-08-01,34,Reports,12
U0009366,C0574,2026-09-01,1,Automation,10
U0009367,C0575,2025-01-01,7,API,10
U0009368,C0575,2025-02-01,50,Dashboard,18
U0009369,C0575,2025-03-01,15,Dashboard,9
U0009370,C0575,2025-04-01,22,Automation,3
U0009371,C0575,2025-05-01,49,Exports,19
U0009372,C0575,2025-08-01,45,Reports,19
U0009373,C0575,2025-09-01,42,API,9
U0009374,C0575,2025-10-01,27,API,14
U0009375,C0575,2025-11-01,49,Exports,10
U0009376,C0575,2026-01-01,52,API,1
U0009377,C0575,2026-03-01,2,API,6
U0009378,C0575,2026-04-01,22,API,7
U0009379,C0575,2026-05-01,77,Exports,7
U0009380,C0575,2026-06-01,47,API,11
U0009381,C0575,2026-07-01,17,Exports,6
U0009382,C0576,2025-02-01,33,Automation,5
U0009383,C0576,2025-03-01,46,API,4
U0009384,C0576,2025-05-01,51,API,5
U0009385,C0576,2025-06-01,34,Integrations,2
U0009386,C0576,2025-07-01,5,Exports,2
U0009387,C0576,2025-08-01,41,Integrations,17
U0009388,C0576,2025-09-01,5,Exports,5
U0009389,C0576,2025-10-01,50,Dashboard,19
U0009390,C0576,2025-11-01,13,Reports,19
U0009391,C0576,2025-12-01,64,Dashboard,14
U0009392,C0576,2026-03-01,43,Dashboard,17
U0009393,C0576,2026-05-01,40,API,7
U0009394,C0576,2026-06-01,72,Integrations,17
U0009395,C0576,2026-07-01,43,Exports,7
U0009396,C0576,2026-08-01,42,Integrations,10
U0009397,C0576,2026-09-01,15,Reports,11
U0009398,C0577,2025-01-01,42,Automation,9
U0009399,C0577,2025-02-01,48,Automation,2
U0009400,C0577,2025-03-01,75,Exports,3
U0009401,C0577,2025-04-01,40,Integrations,10
U0009402,C0577,2025-07-01,5,API,10
U0009403,C0577,2025-08-01,73,Reports,18
U0009404,C0577,2025-09-01,69,Integrations,2
U0009405,C0577,2025-11-01,58,Exports,11
U0009406,C0577,2025-12-01,40,Integrations,14
U0009407,C0577,2026-01-01,69,Integrations,14
U0009408,C0577,2026-02-01,4,Exports,7
U0009409,C0577,2026-03-01,31,Reports,12
U0009410,C0577,2026-05-01,46,API,8
U0009411,C0577,2026-06-01,18,Dashboard,8
U0009412,C0577,2026-07-01,21,Reports,19
U0009413,C0577,2026-09-01,21,Integrations,4
U0009414,C0578,2025-01-01,11,Dashboard,12
U0009415,C0578,2025-02-01,28,Reports,13
U0009416,C0578,2025-03-01,29,Reports,19
U0009417,C0578,2025-04-01,54,Exports,17
U0009418,C0578,2025-05-01,59,Exports,15
U0009419,C0578,2025-06-01,70,Exports,8
U0009420,C0578,2025-07-01,70,Exports,18
U0009421,C0578,2025-08-01,74,Automation,7
U0009422,C0578,2025-10-01,37,Dashboard,19
U0009423,C0578,2025-11-01,24,Exports,9
U0009424,C0578,2025-12-01,11,Dashboard,3
U0009425,C0578,2026-01-01,10,Automation,16
U0009426,C0578,2026-02-01,57,Reports,2
U0009427,C0578,2026-04-01,36,Exports,12
U0009428,C0578,2026-06-01,43,Reports,17
U0009429,C0578,2026-07-01,65,Integrations,19
U0009430,C0578,2026-08-01,47,Integrations,17
U0009431,C0578,2026-09-01,60,Automation,13
U0009432,C0579,2025-01-01,15,Integrations,5
U0009433,C0579,2025-02-01,11,API,11
U0009434,C0579,2025-03-01,74,Integrations,16
U0009435,C0579,2025-04-01,45,Reports,11
U0009436,C0579,2025-05-01,78,Reports,3
U0009437,C0579,2025-06-01,51,Dashboard,19
U0009438,C0579,2025-07-01,60,Automation,10
U0009439,C0579,2025-08-01,33,Reports,17
U0009440,C0579,2025-09-01,24,Reports,15
U0009441,C0579,2025-10-01,71,Reports,9
U0009442,C0579,2025-11-01,48,Automation,4
U0009443,C0579,2026-01-01,42,Automation,13
U0009444,C0579,2026-02-01,50,API,9
U0009445,C0579,2026-03-01,65,Exports,14
U0009446,C0579,2026-05-01,54,Integrations,13
U0009447,C0579,2026-09-01,57,Exports,7
U0009448,C0580,2025-01-01,42,API,9
U0009449,C0580,2025-02-01,4,Automation,11
U0009450,C0580,2025-03-01,15,Automation,3
U0009451,C0580,2025-06-01,5,API,3
U0009452,C0580,2025-07-01,51,Reports,6
U0009453,C0580,2025-08-01,79,Reports,6
U0009454,C0580,2025-10-01,54,Automation,4
U0009455,C0580,2025-11-01,59,Integrations,2
U0009456,C0580,2025-12-01,1,Reports,1
U0009457,C0580,2026-01-01,27,API,7
U0009458,C0580,2026-02-01,21,Dashboard,5
U0009459,C0580,2026-04-01,31,Integrations,19
U0009460,C0580,2026-05-01,69,Dashboard,10
U0009461,C0580,2026-06-01,34,Exports,17
U0009462,C0580,2026-07-01,20,Automation,14
U0009463,C0580,2026-08-01,15,Reports,4
U0009464,C0580,2026-09-01,36,Exports,12
U0009465,C0581,2025-01-01,54,Dashboard,3
U0009466,C0581,2025-02-01,48,Exports,13
U0009467,C0581,2025-03-01,23,Exports,5
U0009468,C0581,2025-05-01,5,Dashboard,12
U0009469,C0581,2025-06-01,61,Integrations,14
U0009470,C0581,2025-07-01,23,Reports,5
U0009471,C0581,2025-08-01,47,API,14
U0009472,C0581,2025-10-01,43,Exports,2
U0009473,C0581,2025-11-01,34,Integrations,15
U0009474,C0581,2025-12-01,73,Reports,17
U0009475,C0581,2026-02-01,66,Reports,13
U0009476,C0581,2026-03-01,59,Dashboard,14
U0009477,C0581,2026-04-01,53,Integrations,8
U0009478,C0581,2026-05-01,33,Reports,16
U0009479,C0581,2026-07-01,73,Dashboard,11
U0009480,C0581,2026-08-01,14,API,4
U0009481,C0581,2026-09-01,27,Exports,16
U0009482,C0582,2025-01-01,72,Integrations,14
U0009483,C0582,2025-02-01,2,Exports,4
U0009484,C0582,2025-03-01,61,Exports,17
U0009485,C0582,2025-04-01,67,Reports,13
U0009486,C0582,2025-06-01,39,Reports,1
U0009487,C0582,2025-07-01,17,Exports,6
U0009488,C0582,2025-09-01,23,API,10
U0009489,C0582,2025-10-01,37,Exports,4
U0009490,C0582,2025-11-01,13,Automation,15
U0009491,C0582,2025-12-01,78,Exports,6
U0009492,C0582,2026-01-01,45,API,19
U0009493,C0582,2026-02-01,32,Integrations,17
U0009494,C0582,2026-04-01,33,API,14
U0009495,C0582,2026-05-01,60,API,13
U0009496,C0582,2026-06-01,5,Automation,10
U0009497,C0582,2026-07-01,59,API,16
U0009498,C0582,2026-08-01,42,API,4
U0009499,C0582,2026-09-01,66,Integrations,18
U0009500,C0583,2025-02-01,48,Automation,5
U0009501,C0583,2025-03-01,45,API,14
U0009502,C0583,2025-04-01,41,Dashboard,17
U0009503,C0583,2025-05-01,57,Reports,5
U0009504,C0583,2025-08-01,44,Exports,10
U0009505,C0583,2025-09-01,15,API,19
U0009506,C0583,2025-12-01,53,API,7
U0009507,C0583,2026-01-01,14,Exports,18
U0009508,C0583,2026-02-01,46,Automation,7
U0009509,C0583,2026-03-01,68,Automation,11
U0009510,C0583,2026-04-01,62,Exports,19
U0009511,C0583,2026-06-01,75,Reports,14
U0009512,C0583,2026-07-01,14,Reports,5
U0009513,C0583,2026-08-01,48,Integrations,19
U0009514,C0583,2026-09-01,42,API,16
U0009515,C0584,2025-02-01,36,Automation,5
U0009516,C0584,2025-03-01,44,Integrations,19
U0009517,C0584,2025-05-01,75,Automation,7
U0009518,C0584,2025-06-01,18,Reports,15
U0009519,C0584,2025-07-01,27,Exports,16
U0009520,C0584,2025-08-01,55,API,11
U0009521,C0584,2025-09-01,28,Integrations,8
U0009522,C0584,2025-10-01,76,Integrations,11
U0009523,C0584,2025-11-01,20,Reports,3
U0009524,C0584,2026-01-01,19,Reports,4
U0009525,C0584,2026-03-01,73,Dashboard,9
U0009526,C0584,2026-04-01,57,API,3
U0009527,C0584,2026-05-01,51,Reports,18
U0009528,C0584,2026-06-01,73,Exports,11
U0009529,C0584,2026-07-01,38,API,15
U0009530,C0584,2026-08-01,68,Exports,15
U0009531,C0584,2026-09-01,36,Integrations,15
U0009532,C0585,2025-01-01,21,API,9
U0009533,C0585,2025-02-01,54,Dashboard,14
U0009534,C0585,2025-04-01,24,Dashboard,2
U0009535,C0585,2025-05-01,76,Automation,13
U0009536,C0585,2025-06-01,73,Exports,11
U0009537,C0585,2025-10-01,71,Dashboard,11
U0009538,C0585,2025-11-01,48,Automation,8
U0009539,C0585,2025-12-01,21,Exports,13
U0009540,C0585,2026-02-01,56,API,2
U0009541,C0585,2026-03-01,67,Automation,8
U0009542,C0585,2026-04-01,11,Dashboard,15
U0009543,C0585,2026-05-01,30,Integrations,16
U0009544,C0585,2026-06-01,1,Automation,1
U0009545,C0585,2026-07-01,63,Dashboard,12
U0009546,C0585,2026-08-01,60,Integrations,6
U0009547,C0585,2026-09-01,27,Exports,15
U0009548,C0586,2025-01-01,11,Dashboard,10
U0009549,C0586,2025-02-01,46,Dashboard,16
U0009550,C0586,2025-03-01,23,Reports,1
U0009551,C0586,2025-04-01,4,Reports,3
U0009552,C0586,2025-05-01,20,Exports,5
U0009553,C0586,2025-06-01,47,Exports,4
U0009554,C0586,2025-07-01,30,Exports,11
U0009555,C0586,2025-08-01,28,Reports,19
U0009556,C0586,2025-09-01,27,Integrations,19
U0009557,C0586,2025-11-01,46,Dashboard,15
U0009558,C0586,2026-03-01,79,API,8
U0009559,C0586,2026-04-01,19,Dashboard,8
U0009560,C0586,2026-05-01,37,Automation,11
U0009561,C0586,2026-07-01,50,Automation,19
U0009562,C0586,2026-08-01,56,Exports,7
U0009563,C0586,2026-09-01,73,Automation,7
U0009564,C0587,2025-02-01,16,Dashboard,18
U0009565,C0587,2025-03-01,58,Dashboard,16
U0009566,C0587,2025-04-01,33,Exports,2
U0009567,C0587,2025-05-01,32,Dashboard,12
U0009568,C0587,2025-07-01,28,Automation,9
U0009569,C0587,2025-08-01,44,Reports,4
U0009570,C0587,2025-09-01,13,Integrations,19
U0009571,C0587,2025-10-01,10,API,13
U0009572,C0587,2026-01-01,5,Integrations,4
U0009573,C0587,2026-02-01,57,Integrations,3
U0009574,C0587,2026-03-01,48,Dashboard,5
U0009575,C0587,2026-05-01,10,Integrations,19
U0009576,C0587,2026-06-01,55,Exports,6
U0009577,C0587,2026-07-01,18,API,8
U0009578,C0587,2026-08-01,3,Integrations,13
U0009579,C0588,2025-02-01,16,Automation,11
U0009580,C0588,2025-06-01,29,Integrations,2
U0009581,C0588,2025-07-01,42,API,17
U0009582,C0588,2025-08-01,51,Dashboard,14
U0009583,C0588,2025-10-01,74,Reports,7
U0009584,C0588,2025-11-01,57,API,11
U0009585,C0588,2025-12-01,13,Dashboard,7
U0009586,C0588,2026-01-01,6,Dashboard,5
U0009587,C0588,2026-02-01,74,API,4
U0009588,C0588,2026-03-01,5,Integrations,6
U0009589,C0588,2026-04-01,47,API,9
U0009590,C0588,2026-05-01,40,Exports,4
U0009591,C0588,2026-06-01,58,Reports,18
U0009592,C0588,2026-07-01,69,Dashboard,16
U0009593,C0588,2026-08-01,68,Reports,11
U0009594,C0588,2026-09-01,15,Integrations,4
U0009595,C0589,2025-01-01,21,Automation,10
U0009596,C0589,2025-02-01,42,Exports,7
U0009597,C0589,2025-03-01,47,Integrations,17
U0009598,C0589,2025-04-01,58,Reports,13
U0009599,C0589,2025-05-01,72,API,12
U0009600,C0589,2025-07-01,36,Dashboard,10
U0009601,C0589,2025-08-01,14,API,17
U0009602,C0589,2025-10-01,46,Automation,10
U0009603,C0589,2025-11-01,64,Dashboard,2
U0009604,C0589,2025-12-01,7,Reports,14
U0009605,C0589,2026-01-01,35,Dashboard,8
U0009606,C0589,2026-02-01,14,Exports,18
U0009607,C0589,2026-03-01,38,Integrations,2
U0009608,C0589,2026-04-01,58,Exports,6
U0009609,C0589,2026-05-01,44,Integrations,7
U0009610,C0589,2026-08-01,74,API,7
U0009611,C0589,2026-09-01,52,Reports,3
U0009612,C0590,2025-01-01,33,Exports,16
U0009613,C0590,2025-02-01,28,Automation,15
U0009614,C0590,2025-03-01,35,Dashboard,4
U0009615,C0590,2025-05-01,47,Automation,2
U0009616,C0590,2025-06-01,41,Dashboard,15
U0009617,C0590,2025-07-01,65,Dashboard,12
U0009618,C0590,2025-08-01,33,Exports,19
U0009619,C0590,2025-09-01,71,API,16
U0009620,C0590,2025-10-01,37,Exports,13
U0009621,C0590,2025-11-01,65,API,18
U0009622,C0590,2025-12-01,33,Reports,1
U0009623,C0590,2026-01-01,13,Dashboard,7
U0009624,C0590,2026-02-01,34,Reports,6
U0009625,C0590,2026-03-01,23,API,10
U0009626,C0590,2026-05-01,33,Dashboard,1
U0009627,C0590,2026-06-01,71,Dashboard,16
U0009628,C0590,2026-07-01,64,Exports,19
U0009629,C0590,2026-08-01,37,Integrations,19
U0009630,C0591,2025-02-01,79,API,11
U0009631,C0591,2025-03-01,3,Integrations,19
U0009632,C0591,2025-04-01,19,API,5
U0009633,C0591,2025-05-01,22,Automation,3
U0009634,C0591,2025-06-01,55,Dashboard,3
U0009635,C0591,2025-07-01,31,Exports,14
U0009636,C0591,2025-08-01,45,Automation,18
U0009637,C0591,2025-09-01,55,Automation,3
U0009638,C0591,2025-10-01,44,Dashboard,4
U0009639,C0591,2025-11-01,1,Exports,19
U0009640,C0591,2025-12-01,28,Reports,7
U0009641,C0591,2026-03-01,41,API,15
U0009642,C0591,2026-05-01,12,Automation,7
U0009643,C0591,2026-07-01,37,Dashboard,19
U0009644,C0591,2026-08-01,64,Exports,5
U0009645,C0591,2026-09-01,3,API,18
U0009646,C0592,2025-01-01,15,Reports,12
U0009647,C0592,2025-02-01,3,Automation,1
U0009648,C0592,2025-03-01,74,Dashboard,14
U0009649,C0592,2025-04-01,33,Exports,19
U0009650,C0592,2025-06-01,73,Integrations,14
U0009651,C0592,2025-07-01,44,Dashboard,14
U0009652,C0592,2025-08-01,53,Reports,10
U0009653,C0592,2025-09-01,47,Automation,5
U0009654,C0592,2025-11-01,63,Reports,10
U0009655,C0592,2025-12-01,4,Dashboard,12
U0009656,C0592,2026-01-01,20,Dashboard,9
U0009657,C0592,2026-03-01,33,Automation,19
U0009658,C0592,2026-04-01,32,Dashboard,19
U0009659,C0592,2026-05-01,22,Reports,4
U0009660,C0592,2026-06-01,77,API,18
U0009661,C0592,2026-08-01,21,Reports,16
U0009662,C0593,2025-02-01,57,Automation,14
U0009663,C0593,2025-03-01,10,Automation,13
U0009664,C0593,2025-04-01,11,Dashboard,2
U0009665,C0593,2025-05-01,41,Automation,16
U0009666,C0593,2025-06-01,58,Automation,8
U0009667,C0593,2025-07-01,75,Exports,14
U0009668,C0593,2025-08-01,50,Dashboard,6
U0009669,C0593,2025-09-01,17,Exports,4
U0009670,C0593,2025-10-01,18,Exports,6
U0009671,C0593,2025-11-01,26,Dashboard,8
U0009672,C0593,2025-12-01,5,Integrations,4
U0009673,C0593,2026-01-01,47,Integrations,5
U0009674,C0593,2026-02-01,3,Integrations,15
U0009675,C0593,2026-03-01,60,Automation,5
U0009676,C0593,2026-07-01,79,Dashboard,11
U0009677,C0593,2026-08-01,28,Automation,3
U0009678,C0593,2026-09-01,24,Automation,19
U0009679,C0594,2025-01-01,53,Exports,17
U0009680,C0594,2025-02-01,41,API,12
U0009681,C0594,2025-03-01,72,Reports,6
U0009682,C0594,2025-05-01,33,Automation,11
U0009683,C0594,2025-07-01,60,Dashboard,19
U0009684,C0594,2025-08-01,78,Reports,10
U0009685,C0594,2025-09-01,53,Reports,16
U0009686,C0594,2025-10-01,66,Integrations,11
U0009687,C0594,2025-11-01,70,Automation,3
U0009688,C0594,2025-12-01,26,Exports,2
U0009689,C0594,2026-01-01,72,Integrations,15
U0009690,C0594,2026-02-01,76,Exports,14
U0009691,C0594,2026-03-01,17,Automation,9
U0009692,C0594,2026-04-01,19,Automation,10
U0009693,C0594,2026-06-01,78,API,8
U0009694,C0594,2026-07-01,75,Integrations,5
U0009695,C0594,2026-08-01,46,Dashboard,2
U0009696,C0595,2025-02-01,66,Reports,18
U0009697,C0595,2025-03-01,28,Exports,13
U0009698,C0595,2025-04-01,24,Exports,6
U0009699,C0595,2025-05-01,51,Automation,11
U0009700,C0595,2025-07-01,16,Exports,5
U0009701,C0595,2025-08-01,68,API,3
U0009702,C0595,2025-09-01,57,Automation,13
U0009703,C0595,2025-10-01,71,Exports,16
U0009704,C0595,2025-11-01,48,Integrations,5
U0009705,C0595,2026-01-01,33,Reports,9
U0009706,C0595,2026-02-01,18,Integrations,4
U0009707,C0595,2026-03-01,13,Automation,18
U0009708,C0595,2026-04-01,37,Exports,12
U0009709,C0595,2026-05-01,13,Automation,17
U0009710,C0595,2026-07-01,36,API,14
U0009711,C0595,2026-09-01,18,Dashboard,9
U0009712,C0596,2025-01-01,38,Dashboard,14
U0009713,C0596,2025-02-01,6,Automation,19
U0009714,C0596,2025-03-01,76,API,5
U0009715,C0596,2025-04-01,24,Reports,13
U0009716,C0596,2025-05-01,5,Dashboard,19
U0009717,C0596,2025-07-01,39,API,6
U0009718,C0596,2025-08-01,75,Dashboard,14
U0009719,C0596,2025-09-01,19,API,18
U0009720,C0596,2025-10-01,55,Reports,2
U0009721,C0596,2025-11-01,10,Integrations,7
U0009722,C0596,2025-12-01,56,Automation,12
U0009723,C0596,2026-02-01,68,API,5
U0009724,C0596,2026-03-01,2,Integrations,4
U0009725,C0596,2026-04-01,18,API,8
U0009726,C0596,2026-05-01,40,Dashboard,2
U0009727,C0596,2026-06-01,33,Exports,8
U0009728,C0596,2026-08-01,53,Exports,2
U0009729,C0596,2026-09-01,56,Exports,11
U0009730,C0597,2025-01-01,48,Reports,14
U0009731,C0597,2025-02-01,54,Reports,10
U0009732,C0597,2025-03-01,9,Dashboard,4
U0009733,C0597,2025-04-01,63,API,8
U0009734,C0597,2025-05-01,58,Dashboard,12
U0009735,C0597,2025-06-01,66,Integrations,11
U0009736,C0597,2025-07-01,67,API,15
U0009737,C0597,2025-08-01,59,Exports,7
U0009738,C0597,2025-09-01,26,Exports,16
U0009739,C0597,2025-10-01,65,Reports,5
U0009740,C0597,2025-11-01,21,Exports,12
U0009741,C0597,2026-02-01,43,API,9
U0009742,C0597,2026-03-01,27,Automation,1
U0009743,C0597,2026-04-01,20,Dashboard,13
U0009744,C0597,2026-05-01,30,Automation,6
U0009745,C0597,2026-06-01,23,Dashboard,8
U0009746,C0597,2026-07-01,43,Exports,13
U0009747,C0597,2026-08-01,55,Integrations,13
U0009748,C0597,2026-09-01,50,API,6
U0009749,C0598,2025-01-01,49,Automation,1
U0009750,C0598,2025-02-01,59,Exports,14
U0009751,C0598,2025-03-01,48,Integrations,10
U0009752,C0598,2025-04-01,20,Automation,14
U0009753,C0598,2025-05-01,41,Dashboard,7
U0009754,C0598,2025-06-01,33,Exports,10
U0009755,C0598,2025-08-01,51,Automation,3
U0009756,C0598,2025-10-01,61,Automation,13
U0009757,C0598,2025-11-01,36,Reports,13
U0009758,C0598,2025-12-01,37,Dashboard,19
U0009759,C0598,2026-01-01,65,Integrations,12
U0009760,C0598,2026-02-01,37,Exports,1
U0009761,C0598,2026-04-01,67,API,15
U0009762,C0598,2026-05-01,21,API,8
U0009763,C0598,2026-07-01,58,Exports,10
U0009764,C0598,2026-09-01,31,Reports,9
U0009765,C0599,2025-01-01,31,Dashboard,10
U0009766,C0599,2025-02-01,36,Integrations,19
U0009767,C0599,2025-03-01,73,Exports,3
U0009768,C0599,2025-04-01,37,Automation,13
U0009769,C0599,2025-05-01,69,Integrations,19
U0009770,C0599,2025-06-01,10,Dashboard,14
U0009771,C0599,2025-08-01,54,Dashboard,7
U0009772,C0599,2025-09-01,57,Reports,5
U0009773,C0599,2025-10-01,24,API,1
U0009774,C0599,2025-11-01,11,Dashboard,7
U0009775,C0599,2025-12-01,75,Automation,11
U0009776,C0599,2026-02-01,65,Integrations,1
U0009777,C0599,2026-03-01,66,Integrations,1
U0009778,C0599,2026-04-01,22,Automation,8
U0009779,C0599,2026-05-01,51,Reports,9
U0009780,C0599,2026-06-01,27,API,9
U0009781,C0599,2026-07-01,16,Integrations,9
U0009782,C0599,2026-08-01,45,Reports,14
U0009783,C0599,2026-09-01,77,Reports,7
U0009784,C0600,2025-01-01,79,Automation,19
U0009785,C0600,2025-02-01,54,Integrations,10
U0009786,C0600,2025-03-01,10,Dashboard,11
U0009787,C0600,2025-04-01,1,Exports,19
U0009788,C0600,2025-05-01,54,API,14
U0009789,C0600,2025-06-01,54,Exports,4
U0009790,C0600,2025-07-01,21,Dashboard,16
U0009791,C0600,2025-08-01,77,Reports,13
U0009792,C0600,2025-09-01,70,Dashboard,14
U0009793,C0600,2025-10-01,24,Integrations,14
U0009794,C0600,2025-11-01,30,Exports,8
U0009795,C0600,2026-01-01,25,Exports,10
U0009796,C0600,2026-02-01,56,Exports,18
U0009797,C0600,2026-03-01,13,API,9
U0009798,C0600,2026-04-01,68,Exports,1
U0009799,C0600,2026-05-01,31,Integrations,15
U0009800,C0600,2026-06-01,45,Dashboard,18
U0009801,C0600,2026-07-01,36,Reports,18
U0009802,C0601,2025-01-01,60,Reports,9
U0009803,C0601,2025-03-01,72,Automation,17
U0009804,C0601,2025-04-01,73,Automation,13
U0009805,C0601,2025-05-01,27,Automation,15
U0009806,C0601,2025-08-01,73,API,2
U0009807,C0601,2025-09-01,29,API,10
U0009808,C0601,2025-10-01,74,API,17
U0009809,C0601,2025-11-01,10,API,5
U0009810,C0601,2025-12-01,54,Dashboard,13
U0009811,C0601,2026-01-01,50,Reports,4
U0009812,C0601,2026-02-01,18,Integrations,13
U0009813,C0601,2026-03-01,60,Exports,17
U0009814,C0601,2026-04-01,39,Integrations,3
U0009815,C0601,2026-05-01,48,Dashboard,10
U0009816,C0601,2026-06-01,3,Automation,2
U0009817,C0601,2026-07-01,49,Exports,17
U0009818,C0602,2025-01-01,3,Reports,7
U0009819,C0602,2025-02-01,55,Automation,9
U0009820,C0602,2025-06-01,18,Integrations,5
U0009821,C0602,2025-07-01,68,API,16
U0009822,C0602,2025-08-01,36,Reports,11
U0009823,C0602,2025-10-01,64,Integrations,12
U0009824,C0602,2025-11-01,74,Automation,2
U0009825,C0602,2025-12-01,8,Automation,7
U0009826,C0602,2026-01-01,53,Integrations,5
U0009827,C0602,2026-02-01,45,Dashboard,2
U0009828,C0602,2026-05-01,75,API,9
U0009829,C0602,2026-06-01,10,Dashboard,6
U0009830,C0602,2026-07-01,29,Integrations,15
U0009831,C0602,2026-08-01,13,Reports,12
U0009832,C0602,2026-09-01,21,Reports,5
U0009833,C0603,2025-01-01,59,Exports,16
U0009834,C0603,2025-02-01,45,Automation,2
U0009835,C0603,2025-04-01,23,Automation,5
U0009836,C0603,2025-06-01,32,Reports,15
U0009837,C0603,2025-07-01,16,Dashboard,3
U0009838,C0603,2025-08-01,75,Dashboard,8
U0009839,C0603,2025-11-01,22,Automation,5
U0009840,C0603,2025-12-01,14,Exports,8
U0009841,C0603,2026-01-01,67,Automation,6
U0009842,C0603,2026-02-01,61,Dashboard,1
U0009843,C0603,2026-03-01,22,Exports,4
U0009844,C0603,2026-05-01,59,Exports,3
U0009845,C0603,2026-06-01,59,Reports,3
U0009846,C0603,2026-07-01,75,Reports,14
U0009847,C0603,2026-08-01,52,Dashboard,5
U0009848,C0603,2026-09-01,73,Automation,17
U0009849,C0604,2025-01-01,48,Integrations,12
U0009850,C0604,2025-02-01,59,Integrations,13
U0009851,C0604,2025-05-01,5,Reports,18
U0009852,C0604,2025-06-01,77,Dashboard,16
U0009853,C0604,2025-07-01,53,Dashboard,17
U0009854,C0604,2025-09-01,8,Reports,16
U0009855,C0604,2025-11-01,73,Exports,3
U0009856,C0604,2025-12-01,64,Integrations,17
U0009857,C0604,2026-01-01,8,Automation,5
U0009858,C0604,2026-02-01,18,Exports,19
U0009859,C0604,2026-04-01,37,Integrations,10
U0009860,C0604,2026-05-01,23,Exports,1
U0009861,C0604,2026-06-01,14,Dashboard,16
U0009862,C0604,2026-07-01,26,Reports,12
U0009863,C0604,2026-08-01,23,Reports,11
U0009864,C0604,2026-09-01,63,Integrations,13
U0009865,C0605,2025-01-01,67,Automation,17
U0009866,C0605,2025-02-01,75,Exports,3
U0009867,C0605,2025-03-01,52,Exports,19
U0009868,C0605,2025-04-01,19,Automation,4
U0009869,C0605,2025-05-01,44,API,10
U0009870,C0605,2025-06-01,55,Automation,12
U0009871,C0605,2025-09-01,42,Dashboard,10
U0009872,C0605,2025-10-01,56,Exports,6
U0009873,C0605,2025-11-01,7,Automation,8
U0009874,C0605,2025-12-01,77,Reports,11
U0009875,C0605,2026-01-01,36,Exports,14
U0009876,C0605,2026-02-01,19,Integrations,6
U0009877,C0605,2026-03-01,10,Exports,10
U0009878,C0605,2026-04-01,47,API,7
U0009879,C0605,2026-06-01,76,Automation,16
U0009880,C0605,2026-07-01,51,Dashboard,11
U0009881,C0605,2026-08-01,63,Dashboard,4
U0009882,C0605,2026-09-01,41,Reports,5
U0009883,C0606,2025-01-01,19,API,18
U0009884,C0606,2025-03-01,78,API,8
U0009885,C0606,2025-05-01,57,Reports,9
U0009886,C0606,2025-07-01,67,Integrations,1
U0009887,C0606,2025-09-01,55,Integrations,11
U0009888,C0606,2025-10-01,26,Automation,17
U0009889,C0606,2025-11-01,53,Reports,14
U0009890,C0606,2025-12-01,79,API,9
U0009891,C0606,2026-01-01,2,Reports,6
U0009892,C0606,2026-02-01,69,Integrations,19
U0009893,C0606,2026-03-01,79,Exports,9
U0009894,C0606,2026-04-01,50,Automation,19
U0009895,C0606,2026-05-01,55,Dashboard,19
U0009896,C0606,2026-07-01,43,Dashboard,4
U0009897,C0606,2026-08-01,37,Integrations,11
U0009898,C0606,2026-09-01,8,Automation,16
U0009899,C0607,2025-01-01,51,Reports,19
U0009900,C0607,2025-03-01,47,Exports,13
U0009901,C0607,2025-05-01,1,Dashboard,18
U0009902,C0607,2025-06-01,55,Exports,5
U0009903,C0607,2025-07-01,39,API,16
U0009904,C0607,2025-08-01,23,Reports,3
U0009905,C0607,2025-11-01,75,Exports,18
U0009906,C0607,2025-12-01,70,Reports,8
U0009907,C0607,2026-01-01,2,Automation,16
U0009908,C0607,2026-02-01,77,API,4
U0009909,C0607,2026-03-01,54,API,7
U0009910,C0607,2026-04-01,58,Exports,3
U0009911,C0607,2026-05-01,65,API,10
U0009912,C0607,2026-06-01,11,Integrations,7
U0009913,C0607,2026-07-01,6,Exports,1
U0009914,C0607,2026-08-01,61,Exports,18
U0009915,C0607,2026-09-01,1,Dashboard,4
U0009916,C0608,2025-01-01,50,Automation,3
U0009917,C0608,2025-06-01,26,Integrations,7
U0009918,C0608,2025-08-01,75,Integrations,18
U0009919,C0608,2025-09-01,48,Dashboard,15
U0009920,C0608,2025-10-01,54,Dashboard,4
U0009921,C0608,2025-11-01,64,Exports,15
U0009922,C0608,2026-02-01,59,API,19
U0009923,C0608,2026-03-01,42,Reports,11
U0009924,C0608,2026-04-01,63,Exports,8
U0009925,C0608,2026-05-01,42,Reports,1
U0009926,C0608,2026-07-01,73,Integrations,2
U0009927,C0608,2026-08-01,35,Integrations,19
U0009928,C0608,2026-09-01,34,Exports,19
U0009929,C0609,2025-01-01,70,Integrations,5
U0009930,C0609,2025-03-01,75,Exports,8
U0009931,C0609,2025-05-01,53,Exports,10
U0009932,C0609,2025-06-01,23,Reports,5
U0009933,C0609,2025-07-01,57,Reports,12
U0009934,C0609,2025-08-01,28,API,7
U0009935,C0609,2025-10-01,58,API,19
U0009936,C0609,2025-11-01,67,Integrations,13
U0009937,C0609,2026-01-01,11,Reports,3
U0009938,C0609,2026-02-01,1,Automation,10
U0009939,C0609,2026-03-01,34,API,14
U0009940,C0609,2026-04-01,14,Integrations,14
U0009941,C0609,2026-05-01,29,Dashboard,13
U0009942,C0609,2026-07-01,75,Reports,11
U0009943,C0609,2026-08-01,72,Reports,6
U0009944,C0609,2026-09-01,72,Dashboard,6
U0009945,C0610,2025-01-01,21,Exports,16
U0009946,C0610,2025-02-01,5,Automation,14
U0009947,C0610,2025-04-01,1,Integrations,8
U0009948,C0610,2025-05-01,44,API,10
U0009949,C0610,2025-07-01,77,Dashboard,16
U0009950,C0610,2025-08-01,5,Dashboard,17
U0009951,C0610,2025-10-01,31,API,14
U0009952,C0610,2025-11-01,55,API,14
U0009953,C0610,2026-02-01,61,Exports,6
U0009954,C0610,2026-03-01,14,Exports,15
U0009955,C0610,2026-04-01,55,Exports,6
U0009956,C0610,2026-05-01,36,Automation,7
U0009957,C0610,2026-06-01,17,Integrations,13
U0009958,C0610,2026-07-01,41,Exports,19
U0009959,C0610,2026-08-01,25,API,16
U0009960,C0611,2025-01-01,29,Exports,8
U0009961,C0611,2025-02-01,71,API,12
U0009962,C0611,2025-03-01,79,Integrations,9
U0009963,C0611,2025-05-01,46,API,2
U0009964,C0611,2025-06-01,36,Exports,1
U0009965,C0611,2025-07-01,15,Integrations,9
U0009966,C0611,2025-08-01,34,Automation,18
U0009967,C0611,2025-10-01,11,Automation,5
U0009968,C0611,2025-12-01,75,Exports,1
U0009969,C0611,2026-02-01,41,Reports,9
U0009970,C0611,2026-04-01,53,Reports,6
U0009971,C0611,2026-05-01,27,API,13
U0009972,C0611,2026-06-01,10,Dashboard,1
U0009973,C0611,2026-08-01,68,Integrations,3
U0009974,C0611,2026-09-01,69,Exports,19
U0009975,C0612,2025-01-01,66,Exports,10
U0009976,C0612,2025-02-01,24,Integrations,4
U0009977,C0612,2025-03-01,53,Automation,19
U0009978,C0612,2025-04-01,17,Reports,7
U0009979,C0612,2025-05-01,45,Integrations,12
U0009980,C0612,2025-06-01,26,Exports,10
U0009981,C0612,2025-07-01,17,Automation,4
U0009982,C0612,2025-08-01,72,API,4
U0009983,C0612,2025-09-01,1,Dashboard,4
U0009984,C0612,2025-10-01,14,Automation,4
U0009985,C0612,2025-12-01,4,Exports,10
U0009986,C0612,2026-01-01,14,Integrations,15
U0009987,C0612,2026-03-01,20,API,2
U0009988,C0612,2026-04-01,73,Reports,1
U0009989,C0612,2026-05-01,56,Automation,9
U0009990,C0612,2026-06-01,65,Dashboard,8
U0009991,C0612,2026-09-01,16,API,6
U0009992,C0613,2025-01-01,36,Integrations,19
U0009993,C0613,2025-03-01,69,Exports,3
U0009994,C0613,2025-04-01,45,Integrations,13
U0009995,C0613,2025-05-01,45,Reports,9
U0009996,C0613,2025-06-01,49,Exports,18
U0009997,C0613,2025-07-01,1,Reports,10
U0009998,C0613,2025-08-01,42,Dashboard,13
U0009999,C0613,2025-10-01,37,Reports,3
U0010000,C0613,2025-11-01,79,Exports,10
U0010001,C0613,2025-12-01,32,Automation,5
U0010002,C0613,2026-01-01,31,Exports,13
U0010003,C0613,2026-02-01,53,Exports,4
U0010004,C0613,2026-03-01,36,API,19
U0010005,C0613,2026-04-01,41,Automation,16
U0010006,C0613,2026-05-01,63,Integrations,15
U0010007,C0613,2026-06-01,31,Exports,3
U0010008,C0613,2026-07-01,40,Integrations,8
U0010009,C0613,2026-08-01,64,API,8
U0010010,C0613,2026-09-01,58,Integrations,10
U0010011,C0614,2025-01-01,12,API,4
U0010012,C0614,2025-02-01,28,Exports,3
U0010013,C0614,2025-04-01,62,Reports,5
U0010014,C0614,2025-05-01,46,API,9
U0010015,C0614,2025-06-01,6,Reports,5
U0010016,C0614,2025-07-01,45,API,13
U0010017,C0614,2025-08-01,45,Dashboard,1
U0010018,C0614,2025-09-01,34,Exports,14
U0010019,C0614,2025-10-01,56,Exports,14
U0010020,C0614,2025-11-01,42,Exports,16
U0010021,C0614,2025-12-01,34,Automation,10
U0010022,C0614,2026-01-01,33,Integrations,4
U0010023,C0614,2026-02-01,16,Integrations,2
U0010024,C0614,2026-03-01,13,Reports,18
U0010025,C0614,2026-04-01,14,Automation,12
U0010026,C0614,2026-05-01,74,API,1
U0010027,C0614,2026-07-01,62,Reports,19
U0010028,C0614,2026-09-01,37,Automation,18
U0010029,C0615,2025-01-01,60,API,14
U0010030,C0615,2025-03-01,13,API,17
U0010031,C0615,2025-05-01,21,Integrations,8
U0010032,C0615,2025-06-01,73,Dashboard,17
U0010033,C0615,2025-07-01,37,API,19
U0010034,C0615,2025-08-01,51,Automation,5
U0010035,C0615,2025-09-01,11,Reports,12
U0010036,C0615,2025-10-01,48,Reports,16
U0010037,C0615,2025-11-01,44,Reports,6
U0010038,C0615,2025-12-01,49,Exports,8
U0010039,C0615,2026-01-01,42,Automation,10
U0010040,C0615,2026-02-01,49,Dashboard,4
U0010041,C0615,2026-03-01,14,Dashboard,8
U0010042,C0615,2026-04-01,64,API,7
U0010043,C0615,2026-05-01,74,Automation,17
U0010044,C0615,2026-06-01,76,Exports,1
U0010045,C0615,2026-07-01,59,Exports,18
U0010046,C0615,2026-09-01,5,Exports,4
U0010047,C0616,2025-01-01,24,Reports,13
U0010048,C0616,2025-03-01,31,Automation,9
U0010049,C0616,2025-04-01,29,Integrations,9
U0010050,C0616,2025-05-01,4,API,15
U0010051,C0616,2025-06-01,31,Integrations,6
U0010052,C0616,2025-07-01,52,Reports,10
U0010053,C0616,2025-08-01,76,Automation,5
U0010054,C0616,2025-09-01,24,Automation,19
U0010055,C0616,2025-12-01,21,Dashboard,19
U0010056,C0616,2026-01-01,39,Exports,9
U0010057,C0616,2026-02-01,6,Exports,8
U0010058,C0616,2026-03-01,58,Reports,1
U0010059,C0616,2026-04-01,9,Automation,18
U0010060,C0616,2026-05-01,73,Integrations,6
U0010061,C0616,2026-06-01,7,Automation,5
U0010062,C0616,2026-07-01,72,Automation,2
U0010063,C0616,2026-08-01,76,Exports,10
U0010064,C0616,2026-09-01,28,Reports,9
U0010065,C0617,2025-02-01,56,Reports,3
U0010066,C0617,2025-03-01,37,Exports,4
U0010067,C0617,2025-05-01,6,Automation,7
U0010068,C0617,2025-08-01,35,Automation,17
U0010069,C0617,2025-09-01,12,Dashboard,10
U0010070,C0617,2025-11-01,13,Integrations,2
U0010071,C0617,2025-12-01,8,Automation,6
U0010072,C0617,2026-01-01,45,Integrations,8
U0010073,C0617,2026-02-01,58,Exports,2
U0010074,C0617,2026-03-01,67,Integrations,17
U0010075,C0617,2026-04-01,69,API,19
U0010076,C0617,2026-05-01,10,Automation,4
U0010077,C0617,2026-06-01,49,API,19
U0010078,C0617,2026-07-01,7,Dashboard,13
U0010079,C0617,2026-08-01,63,Reports,11
U0010080,C0617,2026-09-01,34,Automation,15
U0010081,C0618,2025-01-01,60,Exports,16
U0010082,C0618,2025-02-01,14,Integrations,1
U0010083,C0618,2025-03-01,48,Exports,1
U0010084,C0618,2025-04-01,70,Automation,16
U0010085,C0618,2025-06-01,55,Automation,6
U0010086,C0618,2025-07-01,37,Integrations,1
U0010087,C0618,2025-08-01,2,Dashboard,6
U0010088,C0618,2025-09-01,27,Reports,15
U0010089,C0618,2025-10-01,11,Automation,19
U0010090,C0618,2025-11-01,65,Dashboard,1
U0010091,C0618,2025-12-01,65,Automation,13
U0010092,C0618,2026-01-01,27,Automation,9
U0010093,C0618,2026-03-01,29,API,6
U0010094,C0618,2026-04-01,67,API,2
U0010095,C0618,2026-06-01,78,Exports,14
U0010096,C0618,2026-07-01,27,Reports,15
U0010097,C0618,2026-08-01,14,Exports,3
U0010098,C0618,2026-09-01,36,Reports,14
U0010099,C0619,2025-01-01,59,API,5
U0010100,C0619,2025-02-01,36,Integrations,18
U0010101,C0619,2025-03-01,1,Integrations,4
U0010102,C0619,2025-05-01,15,API,15
U0010103,C0619,2025-06-01,72,Reports,4
U0010104,C0619,2025-07-01,35,Reports,16
U0010105,C0619,2025-08-01,52,Dashboard,4
U0010106,C0619,2025-09-01,21,API,4
U0010107,C0619,2025-10-01,24,API,5
U0010108,C0619,2026-01-01,30,Integrations,12
U0010109,C0619,2026-02-01,62,Reports,16
U0010110,C0619,2026-03-01,27,Exports,18
U0010111,C0619,2026-04-01,68,Automation,9
U0010112,C0619,2026-05-01,63,Automation,5
U0010113,C0619,2026-06-01,21,Dashboard,7
U0010114,C0619,2026-09-01,59,Dashboard,8
U0010115,C0620,2025-02-01,62,Reports,17
U0010116,C0620,2025-03-01,22,Automation,10
U0010117,C0620,2025-04-01,72,Automation,3
U0010118,C0620,2025-05-01,74,Integrations,6
U0010119,C0620,2025-06-01,5,API,15
U0010120,C0620,2025-07-01,59,Reports,6
U0010121,C0620,2025-10-01,44,Dashboard,15
U0010122,C0620,2025-11-01,55,Exports,10
U0010123,C0620,2026-01-01,41,Exports,18
U0010124,C0620,2026-02-01,71,Exports,8
U0010125,C0620,2026-03-01,15,API,2
U0010126,C0620,2026-06-01,21,Reports,14
U0010127,C0620,2026-07-01,22,Reports,9
U0010128,C0620,2026-08-01,16,Dashboard,1
U0010129,C0620,2026-09-01,72,Integrations,1
U0010130,C0621,2025-01-01,51,Dashboard,6
U0010131,C0621,2025-02-01,43,Reports,3
U0010132,C0621,2025-03-01,64,Reports,15
U0010133,C0621,2025-04-01,63,Exports,8
U0010134,C0621,2025-05-01,20,API,2
U0010135,C0621,2025-06-01,30,Exports,9
U0010136,C0621,2025-07-01,13,API,18
U0010137,C0621,2025-08-01,34,Exports,11
U0010138,C0621,2025-09-01,71,Integrations,16
U0010139,C0621,2025-10-01,55,Exports,4
U0010140,C0621,2025-11-01,7,Reports,9
U0010141,C0621,2025-12-01,73,Reports,17
U0010142,C0621,2026-01-01,15,Exports,12
U0010143,C0621,2026-02-01,24,Automation,10
U0010144,C0621,2026-03-01,25,API,16
U0010145,C0621,2026-04-01,24,Automation,1
U0010146,C0621,2026-05-01,50,API,4
U0010147,C0621,2026-07-01,10,Dashboard,6
U0010148,C0621,2026-08-01,22,Exports,18
U0010149,C0621,2026-09-01,32,Dashboard,4
U0010150,C0622,2025-01-01,19,Dashboard,9
U0010151,C0622,2025-03-01,66,API,14
U0010152,C0622,2025-04-01,38,Exports,1
U0010153,C0622,2025-05-01,40,Integrations,1
U0010154,C0622,2025-06-01,28,Automation,8
U0010155,C0622,2025-08-01,3,API,19
U0010156,C0622,2025-09-01,44,Dashboard,13
U0010157,C0622,2025-10-01,63,Dashboard,3
U0010158,C0622,2025-11-01,39,Automation,18
U0010159,C0622,2025-12-01,77,Automation,15
U0010160,C0622,2026-01-01,33,Exports,9
U0010161,C0622,2026-02-01,12,Integrations,12
U0010162,C0622,2026-03-01,66,Exports,7
U0010163,C0622,2026-04-01,63,Dashboard,9
U0010164,C0622,2026-05-01,35,Reports,6
U0010165,C0622,2026-06-01,4,Reports,3
U0010166,C0622,2026-07-01,75,Dashboard,8
U0010167,C0622,2026-08-01,7,API,9
U0010168,C0623,2025-01-01,18,Exports,15
U0010169,C0623,2025-02-01,44,Dashboard,15
U0010170,C0623,2025-03-01,27,Reports,15
U0010171,C0623,2025-05-01,4,Reports,9
U0010172,C0623,2025-09-01,78,Exports,11
U0010173,C0623,2025-10-01,48,Exports,7
U0010174,C0623,2025-11-01,58,Reports,17
U0010175,C0623,2026-01-01,68,Integrations,16
U0010176,C0623,2026-02-01,47,API,14
U0010177,C0623,2026-03-01,75,API,9
U0010178,C0623,2026-04-01,63,API,10
U0010179,C0623,2026-07-01,38,Dashboard,14
U0010180,C0623,2026-09-01,37,Integrations,14
U0010181,C0624,2025-01-01,52,Automation,18
U0010182,C0624,2025-03-01,23,Automation,16
U0010183,C0624,2025-04-01,56,Dashboard,9
U0010184,C0624,2025-05-01,68,Automation,8
U0010185,C0624,2025-06-01,67,Reports,16
U0010186,C0624,2025-07-01,23,API,10
U0010187,C0624,2025-08-01,8,Dashboard,1
U0010188,C0624,2025-09-01,11,Reports,19
U0010189,C0624,2025-11-01,29,Automation,14
U0010190,C0624,2025-12-01,11,Dashboard,15
U0010191,C0624,2026-01-01,20,Integrations,15
U0010192,C0624,2026-02-01,22,API,15
U0010193,C0624,2026-03-01,79,Integrations,12
U0010194,C0624,2026-04-01,61,Reports,13
U0010195,C0624,2026-05-01,74,Automation,11
U0010196,C0624,2026-06-01,41,API,11
U0010197,C0624,2026-07-01,8,Dashboard,18
U0010198,C0624,2026-08-01,59,Dashboard,19
U0010199,C0624,2026-09-01,49,Integrations,13
U0010200,C0625,2025-02-01,60,API,8
U0010201,C0625,2025-03-01,3,Reports,16
U0010202,C0625,2025-04-01,62,Automation,14
U0010203,C0625,2025-06-01,33,Exports,10
U0010204,C0625,2025-07-01,75,Reports,16
U0010205,C0625,2025-08-01,14,Integrations,5
U0010206,C0625,2026-02-01,56,Exports,16
U0010207,C0625,2026-03-01,72,Reports,4
U0010208,C0625,2026-04-01,41,Automation,13
U0010209,C0625,2026-05-01,59,Exports,4
U0010210,C0625,2026-07-01,5,Automation,11
U0010211,C0625,2026-08-01,53,Dashboard,7
U0010212,C0625,2026-09-01,35,Integrations,14
U0010213,C0626,2025-01-01,71,Exports,2
U0010214,C0626,2025-02-01,40,Automation,19
U0010215,C0626,2025-03-01,18,Reports,2
U0010216,C0626,2025-04-01,5,Reports,18
U0010217,C0626,2025-06-01,55,Integrations,9
U0010218,C0626,2025-07-01,27,API,14
U0010219,C0626,2025-08-01,26,Dashboard,7
U0010220,C0626,2025-10-01,68,API,4
U0010221,C0626,2025-11-01,49,API,17
U0010222,C0626,2025-12-01,53,Exports,8
U0010223,C0626,2026-01-01,72,API,19
U0010224,C0626,2026-02-01,72,Reports,2
U0010225,C0626,2026-03-01,33,Dashboard,8
U0010226,C0626,2026-04-01,2,API,7
U0010227,C0626,2026-05-01,42,Integrations,19
U0010228,C0626,2026-06-01,33,API,10
U0010229,C0626,2026-07-01,8,Exports,7
U0010230,C0626,2026-08-01,11,Automation,4
U0010231,C0626,2026-09-01,13,Automation,4
U0010232,C0627,2025-01-01,49,Reports,16
U0010233,C0627,2025-02-01,39,Reports,13
U0010234,C0627,2025-03-01,23,Integrations,13
U0010235,C0627,2025-04-01,3,Automation,8
U0010236,C0627,2025-06-01,56,Dashboard,8
U0010237,C0627,2025-07-01,67,Exports,13
U0010238,C0627,2025-08-01,53,Reports,6
U0010239,C0627,2025-09-01,74,Integrations,15
U0010240,C0627,2025-10-01,11,Dashboard,6
U0010241,C0627,2025-11-01,60,API,15
U0010242,C0627,2025-12-01,31,Reports,18
U0010243,C0627,2026-01-01,9,Automation,19
U0010244,C0627,2026-02-01,51,Automation,8
U0010245,C0627,2026-04-01,20,Automation,4
U0010246,C0627,2026-05-01,38,Integrations,6
U0010247,C0627,2026-06-01,24,API,16
U0010248,C0627,2026-07-01,68,Reports,16
U0010249,C0627,2026-08-01,30,Integrations,10
U0010250,C0627,2026-09-01,43,Dashboard,4
U0010251,C0628,2025-01-01,18,Exports,7
U0010252,C0628,2025-02-01,40,Exports,18
U0010253,C0628,2025-03-01,58,Reports,6
U0010254,C0628,2025-04-01,59,Dashboard,4
U0010255,C0628,2025-06-01,24,Integrations,18
U0010256,C0628,2025-07-01,43,Automation,1
U0010257,C0628,2025-09-01,74,Exports,16
U0010258,C0628,2025-11-01,49,Exports,2
U0010259,C0628,2026-01-01,37,Automation,15
U0010260,C0628,2026-03-01,1,Exports,10
U0010261,C0628,2026-04-01,60,Dashboard,1
U0010262,C0628,2026-06-01,24,Reports,11
U0010263,C0628,2026-08-01,20,Integrations,19
U0010264,C0628,2026-09-01,1,Reports,4
U0010265,C0629,2025-01-01,75,Integrations,19
U0010266,C0629,2025-02-01,41,Exports,9
U0010267,C0629,2025-03-01,57,Exports,10
U0010268,C0629,2025-04-01,11,Reports,19
U0010269,C0629,2025-05-01,5,Reports,11
U0010270,C0629,2025-06-01,20,Reports,19
U0010271,C0629,2025-07-01,75,Automation,10
U0010272,C0629,2025-08-01,50,Integrations,9
U0010273,C0629,2025-09-01,4,Automation,16
U0010274,C0629,2025-10-01,1,Dashboard,5
U0010275,C0629,2025-11-01,31,Integrations,4
U0010276,C0629,2025-12-01,6,Reports,19
U0010277,C0629,2026-01-01,28,Reports,1
U0010278,C0629,2026-02-01,25,Reports,19
U0010279,C0629,2026-03-01,42,Exports,9
U0010280,C0629,2026-04-01,37,API,14
U0010281,C0629,2026-05-01,12,Dashboard,18
U0010282,C0629,2026-06-01,32,Integrations,2
U0010283,C0629,2026-08-01,28,Automation,16
U0010284,C0630,2025-02-01,39,Exports,16
U0010285,C0630,2025-05-01,51,Exports,4
U0010286,C0630,2025-06-01,58,Exports,2
U0010287,C0630,2025-07-01,23,Dashboard,4
U0010288,C0630,2025-08-01,38,API,6
U0010289,C0630,2025-09-01,77,API,18
U0010290,C0630,2025-10-01,7,Reports,9
U0010291,C0630,2025-11-01,22,Reports,5
U0010292,C0630,2025-12-01,10,Automation,11
U0010293,C0630,2026-01-01,20,Reports,12
U0010294,C0630,2026-02-01,8,Exports,10
U0010295,C0630,2026-04-01,76,Dashboard,4
U0010296,C0630,2026-05-01,52,Dashboard,5
U0010297,C0630,2026-06-01,35,Dashboard,8
U0010298,C0630,2026-08-01,51,API,2
U0010299,C0631,2025-02-01,57,Reports,12
U0010300,C0631,2025-05-01,30,Exports,10
U0010301,C0631,2025-06-01,19,Reports,13
U0010302,C0631,2025-07-01,62,Exports,13
U0010303,C0631,2025-08-01,32,Dashboard,8
U0010304,C0631,2025-09-01,33,Exports,16
U0010305,C0631,2025-10-01,55,Reports,10
U0010306,C0631,2025-11-01,77,API,7
U0010307,C0631,2025-12-01,9,Exports,6
U0010308,C0631,2026-01-01,44,Reports,9
U0010309,C0631,2026-03-01,8,API,10
U0010310,C0631,2026-05-01,5,Reports,18
U0010311,C0631,2026-07-01,53,Automation,16
U0010312,C0631,2026-08-01,2,Exports,14
U0010313,C0631,2026-09-01,68,Reports,11
U0010314,C0632,2025-01-01,53,API,15
U0010315,C0632,2025-02-01,5,Exports,15
U0010316,C0632,2025-03-01,74,API,5
U0010317,C0632,2025-04-01,77,Dashboard,5
U0010318,C0632,2025-05-01,72,Reports,12
U0010319,C0632,2025-06-01,45,API,17
U0010320,C0632,2025-07-01,35,Automation,5
U0010321,C0632,2025-08-01,38,Integrations,13
U0010322,C0632,2025-10-01,38,Reports,3
U0010323,C0632,2025-11-01,77,Reports,16
U0010324,C0632,2026-01-01,73,Integrations,12
U0010325,C0632,2026-02-01,64,Exports,2
U0010326,C0632,2026-03-01,71,API,8
U0010327,C0632,2026-04-01,21,Automation,1
U0010328,C0632,2026-08-01,44,Reports,9
U0010329,C0632,2026-09-01,42,Exports,13
U0010330,C0633,2025-01-01,77,Exports,19
U0010331,C0633,2025-02-01,23,API,18
U0010332,C0633,2025-04-01,17,Reports,15
U0010333,C0633,2025-06-01,16,Dashboard,14
U0010334,C0633,2025-10-01,19,Dashboard,11
U0010335,C0633,2025-12-01,77,Dashboard,1
U0010336,C0633,2026-01-01,49,Reports,7
U0010337,C0633,2026-02-01,13,Exports,15
U0010338,C0633,2026-03-01,9,Exports,16
U0010339,C0633,2026-04-01,25,Dashboard,19
U0010340,C0633,2026-07-01,74,Integrations,10
U0010341,C0633,2026-08-01,64,Reports,7
U0010342,C0633,2026-09-01,14,Integrations,3
U0010343,C0634,2025-02-01,70,Exports,11
U0010344,C0634,2025-03-01,17,Exports,19
U0010345,C0634,2025-04-01,50,Reports,9
U0010346,C0634,2025-05-01,10,Exports,4
U0010347,C0634,2025-06-01,49,Reports,12
U0010348,C0634,2025-07-01,46,Exports,9
U0010349,C0634,2025-09-01,63,Dashboard,12
U0010350,C0634,2025-10-01,40,Exports,13
U0010351,C0634,2025-11-01,1,Integrations,16
U0010352,C0634,2025-12-01,28,Dashboard,8
U0010353,C0634,2026-01-01,46,Dashboard,17
U0010354,C0634,2026-02-01,11,Reports,7
U0010355,C0634,2026-03-01,27,API,14
U0010356,C0634,2026-04-01,2,Dashboard,14
U0010357,C0634,2026-05-01,38,API,4
U0010358,C0634,2026-06-01,70,Dashboard,5
U0010359,C0634,2026-08-01,45,Automation,16
U0010360,C0634,2026-09-01,68,Automation,18
U0010361,C0635,2025-01-01,5,API,19
U0010362,C0635,2025-02-01,5,Integrations,19
U0010363,C0635,2025-03-01,72,Exports,4
U0010364,C0635,2025-04-01,56,API,6
U0010365,C0635,2025-05-01,61,Automation,4
U0010366,C0635,2025-07-01,52,API,14
U0010367,C0635,2025-08-01,70,Integrations,1
U0010368,C0635,2025-11-01,48,Exports,12
U0010369,C0635,2026-02-01,30,Dashboard,8
U0010370,C0635,2026-03-01,24,Automation,11
U0010371,C0635,2026-04-01,50,Integrations,18
U0010372,C0635,2026-07-01,23,Reports,1
U0010373,C0635,2026-08-01,35,API,3
U0010374,C0635,2026-09-01,71,Automation,7
U0010375,C0636,2025-01-01,12,Dashboard,15
U0010376,C0636,2025-03-01,49,Automation,19
U0010377,C0636,2025-04-01,45,Exports,18
U0010378,C0636,2025-05-01,75,Reports,12
U0010379,C0636,2025-06-01,37,Dashboard,16
U0010380,C0636,2025-07-01,47,Automation,2
U0010381,C0636,2025-08-01,10,Dashboard,2
U0010382,C0636,2025-10-01,79,Integrations,3
U0010383,C0636,2025-11-01,46,Automation,19
U0010384,C0636,2025-12-01,66,Automation,5
U0010385,C0636,2026-01-01,60,Reports,2
U0010386,C0636,2026-02-01,37,Exports,1
U0010387,C0636,2026-03-01,65,Automation,16
U0010388,C0636,2026-04-01,19,API,10
U0010389,C0636,2026-07-01,35,Exports,7
U0010390,C0636,2026-08-01,30,Integrations,5
U0010391,C0636,2026-09-01,1,API,17
U0010392,C0637,2025-01-01,38,Integrations,4
U0010393,C0637,2025-03-01,35,Reports,9
U0010394,C0637,2025-04-01,69,Dashboard,13
U0010395,C0637,2025-06-01,32,API,18
U0010396,C0637,2025-07-01,51,Integrations,12
U0010397,C0637,2025-08-01,72,API,1
U0010398,C0637,2025-09-01,38,Dashboard,17
U0010399,C0637,2025-10-01,22,API,3
U0010400,C0637,2025-11-01,62,Automation,13
U0010401,C0637,2025-12-01,50,Dashboard,10
U0010402,C0637,2026-03-01,9,Dashboard,10
U0010403,C0637,2026-04-01,40,Reports,19
U0010404,C0637,2026-05-01,77,Dashboard,10
U0010405,C0637,2026-06-01,5,Integrations,15
U0010406,C0637,2026-07-01,72,Exports,13
U0010407,C0637,2026-08-01,68,Automation,17
U0010408,C0637,2026-09-01,33,API,2
U0010409,C0638,2025-01-01,73,Reports,1
U0010410,C0638,2025-02-01,45,Integrations,4
U0010411,C0638,2025-03-01,78,Dashboard,18
U0010412,C0638,2025-05-01,75,API,4
U0010413,C0638,2025-06-01,57,Reports,15
U0010414,C0638,2025-07-01,11,Reports,2
U0010415,C0638,2025-09-01,41,Automation,15
U0010416,C0638,2025-10-01,77,Reports,19
U0010417,C0638,2025-11-01,50,API,12
U0010418,C0638,2025-12-01,76,Dashboard,7
U0010419,C0638,2026-01-01,44,Automation,11
U0010420,C0638,2026-03-01,33,Automation,2
U0010421,C0638,2026-04-01,44,Dashboard,16
U0010422,C0638,2026-05-01,62,Reports,17
U0010423,C0638,2026-06-01,4,Reports,1
U0010424,C0638,2026-07-01,4,Reports,18
U0010425,C0638,2026-08-01,65,Integrations,3
U0010426,C0638,2026-09-01,55,Exports,14
U0010427,C0639,2025-01-01,39,Integrations,11
U0010428,C0639,2025-02-01,15,Reports,8
U0010429,C0639,2025-03-01,45,Reports,2
U0010430,C0639,2025-04-01,17,Dashboard,19
U0010431,C0639,2025-05-01,11,Exports,12
U0010432,C0639,2025-06-01,79,Automation,13
U0010433,C0639,2025-07-01,57,API,17
U0010434,C0639,2025-08-01,40,Reports,15
U0010435,C0639,2025-09-01,29,Automation,15
U0010436,C0639,2025-10-01,59,Reports,10
U0010437,C0639,2025-11-01,16,Dashboard,8
U0010438,C0639,2026-01-01,62,Exports,2
U0010439,C0639,2026-02-01,43,API,17
U0010440,C0639,2026-03-01,26,Automation,7
U0010441,C0639,2026-04-01,75,Integrations,7
U0010442,C0639,2026-05-01,78,Reports,10
U0010443,C0639,2026-07-01,29,Reports,19
U0010444,C0639,2026-08-01,8,Integrations,12
U0010445,C0639,2026-09-01,37,Exports,3
U0010446,C0640,2025-02-01,38,Reports,18
U0010447,C0640,2025-03-01,16,Reports,4
U0010448,C0640,2025-04-01,61,Reports,7
U0010449,C0640,2025-05-01,46,Exports,2
U0010450,C0640,2025-06-01,33,Reports,12
U0010451,C0640,2025-07-01,3,Automation,11
U0010452,C0640,2025-08-01,47,Automation,19
U0010453,C0640,2025-09-01,66,Exports,11
U0010454,C0640,2025-10-01,63,Integrations,14
U0010455,C0640,2025-11-01,20,Integrations,5
U0010456,C0640,2025-12-01,63,Automation,11
U0010457,C0640,2026-01-01,51,Automation,15
U0010458,C0640,2026-04-01,17,API,9
U0010459,C0640,2026-05-01,4,Automation,10
U0010460,C0640,2026-06-01,37,Reports,3
U0010461,C0640,2026-07-01,11,Exports,18
U0010462,C0640,2026-09-01,63,Dashboard,6
U0010463,C0641,2025-01-01,14,Dashboard,6
U0010464,C0641,2025-02-01,23,Automation,18
U0010465,C0641,2025-03-01,75,Automation,8
U0010466,C0641,2025-04-01,65,Integrations,17
U0010467,C0641,2025-05-01,59,Integrations,15
U0010468,C0641,2025-07-01,70,Exports,4
U0010469,C0641,2025-09-01,37,Reports,4
U0010470,C0641,2025-10-01,60,Dashboard,2
U0010471,C0641,2025-11-01,23,Exports,17
U0010472,C0641,2025-12-01,69,Reports,11
U0010473,C0641,2026-01-01,39,Dashboard,16
U0010474,C0641,2026-02-01,50,Reports,2
U0010475,C0641,2026-03-01,59,Automation,16
U0010476,C0641,2026-04-01,54,Exports,1
U0010477,C0641,2026-07-01,3,Automation,7
U0010478,C0641,2026-08-01,16,Automation,15
U0010479,C0641,2026-09-01,67,Exports,16
U0010480,C0642,2025-01-01,62,Integrations,6
U0010481,C0642,2025-02-01,76,Integrations,14
U0010482,C0642,2025-06-01,44,Dashboard,12
U0010483,C0642,2025-08-01,62,Exports,11
U0010484,C0642,2025-09-01,16,Exports,11
U0010485,C0642,2025-10-01,58,Integrations,3
U0010486,C0642,2025-11-01,69,Dashboard,3
U0010487,C0642,2026-01-01,73,Integrations,9
U0010488,C0642,2026-02-01,5,Exports,6
U0010489,C0642,2026-03-01,24,API,3
U0010490,C0642,2026-04-01,15,Integrations,8
U0010491,C0642,2026-06-01,38,Reports,15
U0010492,C0642,2026-07-01,48,Dashboard,14
U0010493,C0642,2026-08-01,49,Automation,12
U0010494,C0642,2026-09-01,38,Reports,7
U0010495,C0643,2025-01-01,8,API,5
U0010496,C0643,2025-02-01,25,Exports,3
U0010497,C0643,2025-03-01,9,Automation,6
U0010498,C0643,2025-04-01,16,API,11
U0010499,C0643,2025-05-01,7,Exports,19
U0010500,C0643,2025-06-01,64,Reports,14
U0010501,C0643,2025-07-01,71,API,5
U0010502,C0643,2025-08-01,21,Exports,9
U0010503,C0643,2025-09-01,50,Reports,12
U0010504,C0643,2025-10-01,60,Dashboard,10
U0010505,C0643,2025-12-01,8,Automation,10
U0010506,C0643,2026-02-01,61,Integrations,6
U0010507,C0643,2026-03-01,73,Integrations,6
U0010508,C0643,2026-05-01,13,Dashboard,6
U0010509,C0643,2026-06-01,32,Exports,12
U0010510,C0643,2026-07-01,28,Automation,6
U0010511,C0644,2025-01-01,27,Automation,18
U0010512,C0644,2025-02-01,47,API,17
U0010513,C0644,2025-04-01,11,Exports,6
U0010514,C0644,2025-05-01,30,Exports,5
U0010515,C0644,2025-06-01,9,Automation,2
U0010516,C0644,2025-07-01,42,Exports,13
U0010517,C0644,2025-08-01,17,Automation,18
U0010518,C0644,2025-09-01,11,API,15
U0010519,C0644,2025-12-01,27,Reports,12
U0010520,C0644,2026-01-01,9,Exports,13
U0010521,C0644,2026-02-01,12,API,18
U0010522,C0644,2026-04-01,38,Integrations,11
U0010523,C0644,2026-06-01,16,Integrations,13
U0010524,C0644,2026-07-01,54,Reports,18
U0010525,C0644,2026-08-01,4,Automation,4
U0010526,C0645,2025-01-01,7,API,13
U0010527,C0645,2025-02-01,36,Exports,2
U0010528,C0645,2025-03-01,11,Dashboard,6
U0010529,C0645,2025-04-01,16,Dashboard,14
U0010530,C0645,2025-05-01,42,Automation,2
U0010531,C0645,2025-06-01,3,API,19
U0010532,C0645,2025-07-01,22,Dashboard,17
U0010533,C0645,2025-08-01,10,Integrations,17
U0010534,C0645,2025-09-01,67,Integrations,19
U0010535,C0645,2025-12-01,59,Automation,6
U0010536,C0645,2026-01-01,6,Reports,13
U0010537,C0645,2026-02-01,76,Exports,13
U0010538,C0645,2026-03-01,24,API,1
U0010539,C0645,2026-04-01,29,Automation,13
U0010540,C0645,2026-05-01,17,Exports,1
U0010541,C0645,2026-06-01,14,Exports,18
U0010542,C0645,2026-07-01,30,Dashboard,13
U0010543,C0645,2026-08-01,21,Reports,2
U0010544,C0645,2026-09-01,70,Exports,9
U0010545,C0646,2025-01-01,74,Automation,16
U0010546,C0646,2025-02-01,32,Exports,10
U0010547,C0646,2025-03-01,43,Reports,1
U0010548,C0646,2025-04-01,13,Integrations,2
U0010549,C0646,2025-05-01,57,API,19
U0010550,C0646,2025-06-01,75,Automation,17
U0010551,C0646,2025-07-01,21,API,13
U0010552,C0646,2025-08-01,60,API,16
U0010553,C0646,2025-09-01,4,Automation,6
U0010554,C0646,2025-11-01,77,Automation,6
U0010555,C0646,2025-12-01,48,Automation,16
U0010556,C0646,2026-02-01,65,Exports,16
U0010557,C0646,2026-04-01,18,Automation,13
U0010558,C0646,2026-05-01,17,Automation,17
U0010559,C0646,2026-06-01,10,Integrations,2
U0010560,C0646,2026-08-01,79,Reports,11
U0010561,C0647,2025-01-01,73,Dashboard,2
U0010562,C0647,2025-02-01,45,Integrations,2
U0010563,C0647,2025-03-01,41,API,8
U0010564,C0647,2025-04-01,79,Reports,5
U0010565,C0647,2025-05-01,24,Reports,8
U0010566,C0647,2025-08-01,34,Exports,12
U0010567,C0647,2025-09-01,66,Dashboard,16
U0010568,C0647,2025-10-01,69,API,12
U0010569,C0647,2025-11-01,44,API,8
U0010570,C0647,2026-01-01,17,Automation,5
U0010571,C0647,2026-03-01,2,Automation,3
U0010572,C0647,2026-04-01,17,Automation,15
U0010573,C0647,2026-05-01,43,Reports,5
U0010574,C0647,2026-06-01,66,Exports,8
U0010575,C0647,2026-07-01,28,Reports,9
U0010576,C0647,2026-09-01,52,Exports,17
U0010577,C0648,2025-05-01,4,Dashboard,3
U0010578,C0648,2025-08-01,52,API,18
U0010579,C0648,2025-09-01,71,Dashboard,14
U0010580,C0648,2025-10-01,12,Exports,12
U0010581,C0648,2025-11-01,19,Integrations,6
U0010582,C0648,2025-12-01,7,Exports,9
U0010583,C0648,2026-01-01,41,Reports,5
U0010584,C0648,2026-02-01,36,Reports,11
U0010585,C0648,2026-03-01,12,API,3
U0010586,C0648,2026-04-01,66,Exports,11
U0010587,C0648,2026-05-01,5,Reports,19
U0010588,C0648,2026-07-01,29,Reports,13
U0010589,C0648,2026-08-01,1,Dashboard,18
U0010590,C0649,2025-01-01,54,Integrations,3
U0010591,C0649,2025-02-01,18,Automation,7
U0010592,C0649,2025-03-01,46,Reports,18
U0010593,C0649,2025-04-01,32,Dashboard,9
U0010594,C0649,2025-05-01,72,Automation,15
U0010595,C0649,2025-08-01,68,Integrations,14
U0010596,C0649,2025-10-01,50,Reports,16
U0010597,C0649,2025-12-01,67,Integrations,3
U0010598,C0649,2026-01-01,11,Reports,13
U0010599,C0649,2026-02-01,78,Reports,13
U0010600,C0649,2026-03-01,42,Reports,11
U0010601,C0649,2026-04-01,40,Integrations,4
U0010602,C0649,2026-05-01,10,Integrations,13
U0010603,C0649,2026-06-01,76,Reports,3
U0010604,C0649,2026-08-01,73,Dashboard,12
U0010605,C0649,2026-09-01,79,API,4
U0010606,C0650,2025-01-01,66,Automation,18
U0010607,C0650,2025-02-01,7,Integrations,12
U0010608,C0650,2025-03-01,78,Reports,18
U0010609,C0650,2025-04-01,48,Dashboard,17
U0010610,C0650,2025-05-01,55,Dashboard,18
U0010611,C0650,2025-06-01,30,Exports,5
U0010612,C0650,2025-07-01,21,Exports,5
U0010613,C0650,2025-08-01,73,Dashboard,9
U0010614,C0650,2025-09-01,63,Reports,12
U0010615,C0650,2025-10-01,62,Reports,12
U0010616,C0650,2025-11-01,68,Automation,5
U0010617,C0650,2025-12-01,47,Dashboard,10
U0010618,C0650,2026-01-01,14,Automation,18
U0010619,C0650,2026-03-01,73,API,14
U0010620,C0650,2026-04-01,11,Exports,14
U0010621,C0650,2026-05-01,3,Exports,14
U0010622,C0650,2026-06-01,36,Dashboard,8
U0010623,C0650,2026-07-01,41,API,10
U0010624,C0650,2026-08-01,33,Dashboard,19
U0010625,C0650,2026-09-01,2,API,16
U0010626,C0651,2025-01-01,67,Dashboard,7
U0010627,C0651,2025-02-01,55,Exports,5
U0010628,C0651,2025-03-01,56,Exports,10
U0010629,C0651,2025-04-01,46,Integrations,15
U0010630,C0651,2025-05-01,63,Integrations,6
U0010631,C0651,2025-06-01,78,Dashboard,6
U0010632,C0651,2025-07-01,78,Dashboard,10
U0010633,C0651,2025-08-01,9,Reports,18
U0010634,C0651,2025-09-01,49,Exports,5
U0010635,C0651,2025-12-01,32,Dashboard,18
U0010636,C0651,2026-01-01,37,API,19
U0010637,C0651,2026-03-01,5,Automation,18
U0010638,C0651,2026-04-01,10,Integrations,18
U0010639,C0651,2026-05-01,45,Reports,11
U0010640,C0651,2026-06-01,64,Exports,15
U0010641,C0651,2026-07-01,17,Reports,7
U0010642,C0651,2026-08-01,52,Dashboard,10
U0010643,C0651,2026-09-01,46,Automation,11
U0010644,C0652,2025-01-01,58,Integrations,17
U0010645,C0652,2025-02-01,61,Integrations,6
U0010646,C0652,2025-04-01,6,Automation,7
U0010647,C0652,2025-05-01,27,Automation,14
U0010648,C0652,2025-08-01,42,Integrations,12
U0010649,C0652,2025-09-01,66,Automation,15
U0010650,C0652,2025-12-01,10,Integrations,17
U0010651,C0652,2026-01-01,26,Dashboard,12
U0010652,C0652,2026-02-01,62,Reports,16
U0010653,C0652,2026-04-01,76,Exports,4
U0010654,C0652,2026-05-01,41,API,16
U0010655,C0652,2026-06-01,39,Dashboard,11
U0010656,C0652,2026-08-01,65,Exports,13
U0010657,C0652,2026-09-01,60,Integrations,8
U0010658,C0653,2025-01-01,25,Automation,1
U0010659,C0653,2025-03-01,48,Automation,19
U0010660,C0653,2025-04-01,61,Integrations,2
U0010661,C0653,2025-05-01,35,API,9
U0010662,C0653,2025-06-01,73,Dashboard,3
U0010663,C0653,2025-07-01,21,Reports,2
U0010664,C0653,2025-11-01,46,Dashboard,10
U0010665,C0653,2025-12-01,33,Dashboard,8
U0010666,C0653,2026-02-01,37,API,16
U0010667,C0653,2026-03-01,46,Reports,16
U0010668,C0653,2026-05-01,16,Dashboard,6
U0010669,C0653,2026-06-01,57,Automation,19
U0010670,C0653,2026-07-01,42,Integrations,15
U0010671,C0653,2026-08-01,40,API,6
U0010672,C0653,2026-09-01,40,Reports,11
U0010673,C0654,2025-01-01,57,Dashboard,18
U0010674,C0654,2025-02-01,63,Reports,8
U0010675,C0654,2025-04-01,19,Integrations,12
U0010676,C0654,2025-05-01,57,Exports,11
U0010677,C0654,2025-06-01,75,Reports,10
U0010678,C0654,2025-07-01,9,Integrations,6
U0010679,C0654,2025-10-01,72,Dashboard,12
U0010680,C0654,2025-11-01,6,API,14
U0010681,C0654,2025-12-01,48,Exports,15
U0010682,C0654,2026-01-01,74,Reports,18
U0010683,C0654,2026-02-01,26,API,11
U0010684,C0654,2026-03-01,46,Dashboard,15
U0010685,C0654,2026-04-01,58,Automation,13
U0010686,C0654,2026-06-01,38,Exports,14
U0010687,C0654,2026-07-01,4,Reports,1
U0010688,C0654,2026-08-01,58,Exports,14
U0010689,C0654,2026-09-01,75,API,18
U0010690,C0655,2025-01-01,73,API,8
U0010691,C0655,2025-02-01,15,Dashboard,18
U0010692,C0655,2025-03-01,65,Integrations,14
U0010693,C0655,2025-04-01,78,Reports,2
U0010694,C0655,2025-05-01,48,Automation,1
U0010695,C0655,2025-06-01,53,API,9
U0010696,C0655,2025-08-01,14,Dashboard,14
U0010697,C0655,2025-09-01,65,Exports,18
U0010698,C0655,2025-11-01,39,Dashboard,18
U0010699,C0655,2025-12-01,70,API,5
U0010700,C0655,2026-01-01,57,Automation,8
U0010701,C0655,2026-02-01,25,Reports,4
U0010702,C0655,2026-03-01,68,Exports,17
U0010703,C0655,2026-04-01,48,Automation,19
U0010704,C0655,2026-05-01,26,Dashboard,10
U0010705,C0655,2026-07-01,69,Automation,3
U0010706,C0655,2026-08-01,35,Exports,15
U0010707,C0655,2026-09-01,68,Reports,8
U0010708,C0656,2025-01-01,8,Exports,14
U0010709,C0656,2025-02-01,22,Dashboard,8
U0010710,C0656,2025-04-01,35,API,4
U0010711,C0656,2025-05-01,20,Integrations,10
U0010712,C0656,2025-06-01,52,Integrations,15
U0010713,C0656,2025-07-01,45,Integrations,18
U0010714,C0656,2025-08-01,59,Exports,12
U0010715,C0656,2025-09-01,24,API,1
U0010716,C0656,2025-10-01,11,Automation,15
U0010717,C0656,2025-11-01,8,Dashboard,7
U0010718,C0656,2026-01-01,8,Exports,19
U0010719,C0656,2026-02-01,9,Integrations,3
U0010720,C0656,2026-03-01,6,Reports,19
U0010721,C0656,2026-05-01,7,Reports,17
U0010722,C0656,2026-06-01,79,Exports,14
U0010723,C0656,2026-07-01,6,API,2
U0010724,C0656,2026-08-01,17,Reports,17
U0010725,C0656,2026-09-01,78,Automation,3
U0010726,C0657,2025-01-01,63,Exports,9
U0010727,C0657,2025-02-01,53,Exports,7
U0010728,C0657,2025-03-01,20,API,2
U0010729,C0657,2025-04-01,42,Integrations,3
U0010730,C0657,2025-05-01,12,Automation,1
U0010731,C0657,2025-06-01,16,Exports,4
U0010732,C0657,2025-07-01,3,Dashboard,11
U0010733,C0657,2025-08-01,47,Dashboard,11
U0010734,C0657,2025-09-01,1,Dashboard,8
U0010735,C0657,2025-10-01,41,Automation,14
U0010736,C0657,2025-11-01,70,Dashboard,1
U0010737,C0657,2025-12-01,36,Dashboard,13
U0010738,C0657,2026-01-01,45,Dashboard,15
U0010739,C0657,2026-02-01,11,Exports,10
U0010740,C0657,2026-03-01,25,Reports,12
U0010741,C0657,2026-04-01,67,Automation,13
U0010742,C0657,2026-05-01,64,Integrations,18
U0010743,C0657,2026-06-01,60,Automation,5
U0010744,C0657,2026-07-01,8,Integrations,13
U0010745,C0657,2026-09-01,74,Dashboard,10
U0010746,C0658,2025-01-01,1,Dashboard,19
U0010747,C0658,2025-02-01,76,Exports,5
U0010748,C0658,2025-05-01,4,Dashboard,12
U0010749,C0658,2025-06-01,78,Dashboard,14
U0010750,C0658,2025-07-01,78,API,15
U0010751,C0658,2025-08-01,69,Dashboard,1
U0010752,C0658,2025-09-01,25,Automation,17
U0010753,C0658,2025-10-01,11,Dashboard,10
U0010754,C0658,2025-11-01,5,Automation,14
U0010755,C0658,2025-12-01,3,Dashboard,12
U0010756,C0658,2026-01-01,44,Automation,14
U0010757,C0658,2026-02-01,16,Exports,8
U0010758,C0658,2026-03-01,4,API,17
U0010759,C0658,2026-05-01,24,API,10
U0010760,C0658,2026-06-01,52,Dashboard,2
U0010761,C0658,2026-07-01,57,Integrations,17
U0010762,C0658,2026-08-01,6,Dashboard,10
U0010763,C0659,2025-01-01,70,Dashboard,13
U0010764,C0659,2025-02-01,39,Automation,14
U0010765,C0659,2025-03-01,79,Automation,8
U0010766,C0659,2025-04-01,58,API,8
U0010767,C0659,2025-05-01,63,Exports,11
U0010768,C0659,2025-06-01,72,Exports,19
U0010769,C0659,2025-07-01,65,Automation,13
U0010770,C0659,2025-08-01,44,Integrations,7
U0010771,C0659,2025-10-01,13,API,17
U0010772,C0659,2025-11-01,47,Reports,4
U0010773,C0659,2026-01-01,43,Dashboard,2
U0010774,C0659,2026-03-01,9,Dashboard,16
U0010775,C0659,2026-04-01,60,Reports,6
U0010776,C0659,2026-05-01,58,Dashboard,4
U0010777,C0659,2026-06-01,30,Dashboard,1
U0010778,C0659,2026-07-01,16,API,4
U0010779,C0659,2026-08-01,58,Dashboard,16
U0010780,C0659,2026-09-01,41,Exports,2
U0010781,C0660,2025-01-01,1,Reports,6
U0010782,C0660,2025-02-01,59,API,11
U0010783,C0660,2025-04-01,13,Dashboard,13
U0010784,C0660,2025-05-01,40,Integrations,14
U0010785,C0660,2025-06-01,47,API,12
U0010786,C0660,2025-07-01,65,Reports,4
U0010787,C0660,2025-08-01,51,Integrations,17
U0010788,C0660,2025-09-01,76,API,11
U0010789,C0660,2025-10-01,37,Reports,8
U0010790,C0660,2025-11-01,57,Integrations,4
U0010791,C0660,2026-01-01,71,API,10
U0010792,C0660,2026-02-01,10,Exports,1
U0010793,C0660,2026-03-01,27,Integrations,11
U0010794,C0660,2026-04-01,71,Reports,8
U0010795,C0660,2026-07-01,9,Exports,4
U0010796,C0660,2026-08-01,3,Dashboard,7
U0010797,C0661,2025-01-01,71,Dashboard,18
U0010798,C0661,2025-03-01,12,Automation,3
U0010799,C0661,2025-04-01,26,Dashboard,4
U0010800,C0661,2025-05-01,78,API,10
U0010801,C0661,2025-07-01,40,Exports,5
U0010802,C0661,2025-08-01,2,Exports,14
U0010803,C0661,2025-09-01,26,Reports,11
U0010804,C0661,2025-12-01,29,Integrations,1
U0010805,C0661,2026-01-01,6,Reports,15
U0010806,C0661,2026-02-01,77,Automation,8
U0010807,C0661,2026-03-01,63,Reports,11
U0010808,C0661,2026-04-01,20,Dashboard,19
U0010809,C0661,2026-05-01,35,Exports,13
U0010810,C0661,2026-06-01,51,Automation,4
U0010811,C0661,2026-07-01,14,Exports,1
U0010812,C0661,2026-08-01,51,Dashboard,4
U0010813,C0661,2026-09-01,18,Integrations,19
U0010814,C0662,2025-01-01,36,API,17
U0010815,C0662,2025-02-01,53,API,16
U0010816,C0662,2025-03-01,1,Reports,11
U0010817,C0662,2025-05-01,52,Integrations,2
U0010818,C0662,2025-06-01,67,API,2
U0010819,C0662,2025-07-01,73,Dashboard,15
U0010820,C0662,2025-08-01,31,API,10
U0010821,C0662,2025-09-01,68,Reports,15
U0010822,C0662,2025-10-01,57,Reports,6
U0010823,C0662,2025-11-01,71,API,1
U0010824,C0662,2025-12-01,22,Automation,2
U0010825,C0662,2026-01-01,65,Dashboard,15
U0010826,C0662,2026-03-01,68,Automation,18
U0010827,C0662,2026-04-01,60,Reports,17
U0010828,C0662,2026-05-01,42,Reports,17
U0010829,C0662,2026-06-01,6,Integrations,3
U0010830,C0662,2026-07-01,29,Reports,3
U0010831,C0662,2026-08-01,22,Dashboard,5
U0010832,C0662,2026-09-01,38,Exports,1
U0010833,C0663,2025-01-01,64,Exports,4
U0010834,C0663,2025-02-01,61,Exports,9
U0010835,C0663,2025-04-01,78,API,7
U0010836,C0663,2025-05-01,23,Reports,12
U0010837,C0663,2025-06-01,11,Automation,3
U0010838,C0663,2025-07-01,58,Dashboard,2
U0010839,C0663,2025-08-01,57,Reports,11
U0010840,C0663,2025-09-01,56,Exports,3
U0010841,C0663,2025-10-01,19,Integrations,11
U0010842,C0663,2025-12-01,4,Integrations,19
U0010843,C0663,2026-01-01,43,Dashboard,14
U0010844,C0663,2026-02-01,59,Automation,1
U0010845,C0663,2026-03-01,11,Automation,17
U0010846,C0663,2026-04-01,62,Reports,16
U0010847,C0663,2026-06-01,44,Reports,18
U0010848,C0663,2026-07-01,6,Dashboard,12
U0010849,C0663,2026-08-01,33,Exports,3
U0010850,C0663,2026-09-01,67,Integrations,14
U0010851,C0664,2025-01-01,22,Integrations,18
U0010852,C0664,2025-02-01,54,Exports,1
U0010853,C0664,2025-03-01,21,Reports,10
U0010854,C0664,2025-04-01,67,Reports,13
U0010855,C0664,2025-05-01,1,Exports,13
U0010856,C0664,2025-06-01,78,Reports,6
U0010857,C0664,2025-08-01,52,Integrations,18
U0010858,C0664,2025-10-01,73,Integrations,15
U0010859,C0664,2025-11-01,42,API,4
U0010860,C0664,2025-12-01,46,Dashboard,18
U0010861,C0664,2026-01-01,1,API,4
U0010862,C0664,2026-02-01,23,API,18
U0010863,C0664,2026-03-01,2,Reports,12
U0010864,C0664,2026-04-01,27,Automation,5
U0010865,C0664,2026-05-01,29,Automation,8
U0010866,C0664,2026-06-01,60,Automation,1
U0010867,C0664,2026-07-01,25,Automation,7
U0010868,C0664,2026-08-01,15,API,8
U0010869,C0664,2026-09-01,48,Dashboard,12
U0010870,C0665,2025-01-01,52,Automation,3
U0010871,C0665,2025-02-01,38,Integrations,9
U0010872,C0665,2025-03-01,36,Integrations,9
U0010873,C0665,2025-05-01,38,Automation,14
U0010874,C0665,2025-06-01,22,Exports,1
U0010875,C0665,2025-07-01,42,Integrations,3
U0010876,C0665,2025-08-01,61,Reports,4
U0010877,C0665,2025-09-01,16,Automation,2
U0010878,C0665,2025-10-01,19,Reports,16
U0010879,C0665,2025-11-01,27,Automation,14
U0010880,C0665,2025-12-01,76,Integrations,9
U0010881,C0665,2026-01-01,14,API,3
U0010882,C0665,2026-02-01,46,Reports,8
U0010883,C0665,2026-03-01,71,Automation,5
U0010884,C0665,2026-05-01,14,Dashboard,11
U0010885,C0665,2026-07-01,52,API,3
U0010886,C0666,2025-01-01,40,Exports,17
U0010887,C0666,2025-02-01,15,API,3
U0010888,C0666,2025-03-01,75,Integrations,17
U0010889,C0666,2025-04-01,30,Automation,13
U0010890,C0666,2025-05-01,38,Automation,6
U0010891,C0666,2025-06-01,24,Dashboard,8
U0010892,C0666,2025-07-01,64,Dashboard,13
U0010893,C0666,2025-08-01,19,Exports,15
U0010894,C0666,2025-09-01,37,Reports,17
U0010895,C0666,2025-10-01,8,Reports,6
U0010896,C0666,2025-11-01,76,Reports,13
U0010897,C0666,2026-01-01,4,Automation,16
U0010898,C0666,2026-02-01,45,Exports,19
U0010899,C0666,2026-03-01,3,Automation,15
U0010900,C0666,2026-04-01,41,Reports,17
U0010901,C0666,2026-05-01,7,Exports,5
U0010902,C0666,2026-06-01,37,Reports,3
U0010903,C0666,2026-08-01,60,API,16
U0010904,C0666,2026-09-01,17,Dashboard,10
U0010905,C0667,2025-01-01,37,Exports,2
U0010906,C0667,2025-04-01,56,API,16
U0010907,C0667,2025-05-01,71,Integrations,17
U0010908,C0667,2025-06-01,73,Dashboard,7
U0010909,C0667,2025-07-01,56,Dashboard,3
U0010910,C0667,2025-08-01,70,Automation,14
U0010911,C0667,2025-09-01,66,Automation,13
U0010912,C0667,2025-10-01,1,Reports,2
U0010913,C0667,2025-11-01,4,Automation,13
U0010914,C0667,2025-12-01,67,Exports,15
U0010915,C0667,2026-01-01,14,Reports,11
U0010916,C0667,2026-02-01,45,Exports,11
U0010917,C0667,2026-03-01,11,Dashboard,1
U0010918,C0667,2026-04-01,67,Reports,19
U0010919,C0667,2026-05-01,70,Automation,19
U0010920,C0667,2026-06-01,3,Exports,13
U0010921,C0667,2026-07-01,64,Automation,9
U0010922,C0667,2026-09-01,70,API,19
U0010923,C0668,2025-01-01,17,Dashboard,12
U0010924,C0668,2025-02-01,16,Exports,3
U0010925,C0668,2025-03-01,23,Exports,13
U0010926,C0668,2025-04-01,68,Reports,3
U0010927,C0668,2025-05-01,10,Integrations,19
U0010928,C0668,2025-06-01,46,API,16
U0010929,C0668,2025-08-01,39,Dashboard,16
U0010930,C0668,2025-09-01,74,API,9
U0010931,C0668,2025-10-01,17,Reports,4
U0010932,C0668,2025-11-01,71,Exports,1
U0010933,C0668,2026-01-01,76,Exports,9
U0010934,C0668,2026-02-01,34,API,9
U0010935,C0668,2026-03-01,4,Exports,16
U0010936,C0668,2026-05-01,79,Reports,2
U0010937,C0668,2026-07-01,27,Reports,2
U0010938,C0668,2026-08-01,74,API,18
U0010939,C0668,2026-09-01,57,Exports,1
U0010940,C0669,2025-03-01,44,API,18
U0010941,C0669,2025-04-01,76,Dashboard,4
U0010942,C0669,2025-06-01,9,Integrations,19
U0010943,C0669,2025-07-01,31,Integrations,6
U0010944,C0669,2025-08-01,15,Reports,1
U0010945,C0669,2025-09-01,64,Exports,18
U0010946,C0669,2025-10-01,70,Integrations,9
U0010947,C0669,2026-01-01,1,Exports,5
U0010948,C0669,2026-02-01,59,API,1
U0010949,C0669,2026-05-01,4,Exports,4
U0010950,C0669,2026-06-01,70,Reports,14
U0010951,C0669,2026-07-01,35,Reports,1
U0010952,C0669,2026-08-01,7,Automation,15
U0010953,C0669,2026-09-01,67,Exports,17
U0010954,C0670,2025-01-01,33,Integrations,13
U0010955,C0670,2025-02-01,28,Automation,7
U0010956,C0670,2025-03-01,4,Automation,12
U0010957,C0670,2025-06-01,34,Reports,7
U0010958,C0670,2025-07-01,43,Exports,4
U0010959,C0670,2025-08-01,28,Reports,4
U0010960,C0670,2025-12-01,19,Reports,16
U0010961,C0670,2026-01-01,73,Reports,9
U0010962,C0670,2026-02-01,59,Automation,16
U0010963,C0670,2026-03-01,65,Automation,4
U0010964,C0670,2026-05-01,58,Exports,18
U0010965,C0670,2026-08-01,42,Exports,4
U0010966,C0670,2026-09-01,36,Dashboard,14
U0010967,C0671,2025-01-01,35,Integrations,14
U0010968,C0671,2025-02-01,40,Exports,9
U0010969,C0671,2025-03-01,21,Automation,17
U0010970,C0671,2025-04-01,51,Automation,16
U0010971,C0671,2025-05-01,21,Exports,18
U0010972,C0671,2025-06-01,52,Integrations,19
U0010973,C0671,2025-07-01,22,Dashboard,12
U0010974,C0671,2025-08-01,28,Reports,6
U0010975,C0671,2025-09-01,2,Dashboard,13
U0010976,C0671,2025-10-01,45,Reports,15
U0010977,C0671,2025-11-01,45,Automation,11
U0010978,C0671,2025-12-01,8,Exports,16
U0010979,C0671,2026-01-01,31,Integrations,18
U0010980,C0671,2026-02-01,72,API,14
U0010981,C0671,2026-03-01,1,Reports,3
U0010982,C0671,2026-05-01,43,API,5
U0010983,C0671,2026-06-01,78,Reports,4
U0010984,C0671,2026-07-01,20,Exports,16
U0010985,C0671,2026-08-01,34,Reports,13
U0010986,C0672,2025-01-01,60,Dashboard,14
U0010987,C0672,2025-02-01,7,Integrations,1
U0010988,C0672,2025-04-01,56,Integrations,1
U0010989,C0672,2025-06-01,76,Automation,18
U0010990,C0672,2025-07-01,53,Exports,5
U0010991,C0672,2025-08-01,20,Reports,18
U0010992,C0672,2025-09-01,36,Integrations,18
U0010993,C0672,2025-11-01,64,Reports,4
U0010994,C0672,2025-12-01,55,API,17
U0010995,C0672,2026-02-01,36,Reports,10
U0010996,C0672,2026-05-01,38,API,4
U0010997,C0672,2026-06-01,1,Reports,19
U0010998,C0672,2026-08-01,62,API,1
U0010999,C0672,2026-09-01,2,Reports,11
U0011000,C0673,2025-01-01,77,Reports,17
U0011001,C0673,2025-02-01,79,API,9
U0011002,C0673,2025-03-01,75,Integrations,6
U0011003,C0673,2025-05-01,79,API,10
U0011004,C0673,2025-06-01,57,Automation,12
U0011005,C0673,2025-07-01,79,Dashboard,11
U0011006,C0673,2025-08-01,19,API,18
U0011007,C0673,2025-10-01,53,Automation,14
U0011008,C0673,2025-11-01,77,API,17
U0011009,C0673,2026-01-01,26,Exports,19
U0011010,C0673,2026-02-01,25,Exports,8
U0011011,C0673,2026-04-01,1,Integrations,5
U0011012,C0673,2026-05-01,41,Integrations,19
U0011013,C0673,2026-06-01,16,Dashboard,10
U0011014,C0673,2026-07-01,17,Automation,3
U0011015,C0673,2026-08-01,65,Exports,16
U0011016,C0673,2026-09-01,8,Integrations,19
U0011017,C0674,2025-01-01,18,Integrations,18
U0011018,C0674,2025-02-01,75,Reports,1
U0011019,C0674,2025-04-01,59,Exports,18
U0011020,C0674,2025-05-01,66,Integrations,16
U0011021,C0674,2025-06-01,11,Integrations,1
U0011022,C0674,2025-07-01,21,API,8
U0011023,C0674,2025-08-01,61,Exports,19
U0011024,C0674,2025-09-01,17,Integrations,7
U0011025,C0674,2025-10-01,70,Integrations,13
U0011026,C0674,2026-01-01,3,Reports,4
U0011027,C0674,2026-02-01,1,Automation,17
U0011028,C0674,2026-03-01,44,Reports,4
U0011029,C0674,2026-04-01,77,Reports,2
U0011030,C0674,2026-05-01,31,Exports,14
U0011031,C0674,2026-06-01,48,Exports,7
U0011032,C0674,2026-07-01,51,Exports,14
U0011033,C0674,2026-09-01,42,Integrations,13
U0011034,C0675,2025-01-01,57,Dashboard,1
U0011035,C0675,2025-02-01,54,Exports,1
U0011036,C0675,2025-03-01,20,Reports,5
U0011037,C0675,2025-04-01,17,API,15
U0011038,C0675,2025-05-01,24,API,16
U0011039,C0675,2025-06-01,52,Integrations,14
U0011040,C0675,2025-07-01,77,Exports,7
U0011041,C0675,2025-08-01,67,Exports,13
U0011042,C0675,2025-09-01,39,Integrations,12
U0011043,C0675,2025-10-01,14,Reports,15
U0011044,C0675,2025-12-01,79,Automation,1
U0011045,C0675,2026-01-01,36,Dashboard,4
U0011046,C0675,2026-02-01,62,Integrations,6
U0011047,C0675,2026-03-01,53,Automation,4
U0011048,C0675,2026-04-01,21,Exports,13
U0011049,C0675,2026-05-01,53,Exports,3
U0011050,C0675,2026-06-01,73,Automation,5
U0011051,C0675,2026-07-01,33,Automation,1
U0011052,C0675,2026-08-01,66,Exports,10
U0011053,C0675,2026-09-01,47,Exports,5
U0011054,C0676,2025-01-01,23,Dashboard,2
U0011055,C0676,2025-02-01,37,Dashboard,17
U0011056,C0676,2025-04-01,67,API,6
U0011057,C0676,2025-06-01,15,Dashboard,15
U0011058,C0676,2025-07-01,24,Automation,6
U0011059,C0676,2025-09-01,40,Automation,3
U0011060,C0676,2025-10-01,64,Automation,1
U0011061,C0676,2025-12-01,40,Dashboard,15
U0011062,C0676,2026-01-01,35,Dashboard,4
U0011063,C0676,2026-02-01,74,Reports,5
U0011064,C0676,2026-03-01,41,Automation,7
U0011065,C0676,2026-04-01,11,Automation,10
U0011066,C0676,2026-06-01,22,Dashboard,8
U0011067,C0676,2026-07-01,26,Reports,13
U0011068,C0676,2026-08-01,13,Integrations,3
U0011069,C0676,2026-09-01,29,Integrations,3
U0011070,C0677,2025-01-01,19,Dashboard,19
U0011071,C0677,2025-03-01,66,Automation,15
U0011072,C0677,2025-04-01,3,Reports,18
U0011073,C0677,2025-06-01,21,Integrations,6
U0011074,C0677,2025-07-01,53,Automation,11
U0011075,C0677,2025-08-01,18,Reports,1
U0011076,C0677,2025-09-01,63,Dashboard,16
U0011077,C0677,2025-10-01,27,Dashboard,14
U0011078,C0677,2025-11-01,73,Integrations,9
U0011079,C0677,2025-12-01,7,Dashboard,11
U0011080,C0677,2026-01-01,16,Reports,7
U0011081,C0677,2026-02-01,33,Automation,7
U0011082,C0677,2026-03-01,16,Automation,5
U0011083,C0677,2026-05-01,30,Reports,15
U0011084,C0677,2026-06-01,58,Integrations,7
U0011085,C0677,2026-08-01,45,Automation,6
U0011086,C0677,2026-09-01,44,Exports,3
U0011087,C0678,2025-02-01,33,Reports,10
U0011088,C0678,2025-03-01,63,Exports,15
U0011089,C0678,2025-04-01,28,Reports,3
U0011090,C0678,2025-05-01,36,Dashboard,19
U0011091,C0678,2025-06-01,52,Automation,19
U0011092,C0678,2025-07-01,30,API,9
U0011093,C0678,2025-08-01,20,Exports,5
U0011094,C0678,2025-10-01,66,Integrations,14
U0011095,C0678,2025-11-01,66,Dashboard,15
U0011096,C0678,2025-12-01,46,Automation,8
U0011097,C0678,2026-01-01,9,Automation,15
U0011098,C0678,2026-04-01,74,Exports,15
U0011099,C0678,2026-05-01,35,Integrations,1
U0011100,C0678,2026-06-01,76,Integrations,9
U0011101,C0678,2026-07-01,13,Dashboard,15
U0011102,C0678,2026-08-01,10,Dashboard,8
U0011103,C0678,2026-09-01,10,Reports,3
U0011104,C0679,2025-02-01,65,Automation,17
U0011105,C0679,2025-03-01,68,Integrations,2
U0011106,C0679,2025-04-01,1,Reports,8
U0011107,C0679,2025-06-01,40,Dashboard,17
U0011108,C0679,2025-07-01,73,Exports,14
U0011109,C0679,2025-09-01,50,Integrations,5
U0011110,C0679,2025-10-01,43,Integrations,15
U0011111,C0679,2025-11-01,63,Dashboard,14
U0011112,C0679,2025-12-01,67,Dashboard,16
U0011113,C0679,2026-01-01,32,Reports,4
U0011114,C0679,2026-02-01,47,Automation,14
U0011115,C0679,2026-05-01,2,Dashboard,10
U0011116,C0679,2026-06-01,1,Automation,19
U0011117,C0679,2026-08-01,18,Dashboard,6
U0011118,C0679,2026-09-01,58,Exports,4
U0011119,C0680,2025-01-01,71,Integrations,12
U0011120,C0680,2025-02-01,72,Dashboard,17
U0011121,C0680,2025-03-01,54,Automation,10
U0011122,C0680,2025-05-01,69,Integrations,10
U0011123,C0680,2025-06-01,76,API,16
U0011124,C0680,2025-07-01,18,Exports,19
U0011125,C0680,2025-08-01,56,Automation,17
U0011126,C0680,2025-09-01,6,Reports,6
U0011127,C0680,2025-10-01,30,Reports,11
U0011128,C0680,2025-11-01,73,Dashboard,13
U0011129,C0680,2025-12-01,24,Automation,16
U0011130,C0680,2026-01-01,10,Reports,1
U0011131,C0680,2026-02-01,75,Automation,9
U0011132,C0680,2026-03-01,75,Reports,17
U0011133,C0680,2026-04-01,32,Automation,18
U0011134,C0680,2026-05-01,46,Reports,2
U0011135,C0680,2026-06-01,8,API,17
U0011136,C0680,2026-07-01,27,Dashboard,12
U0011137,C0680,2026-09-01,34,Reports,4
U0011138,C0681,2025-02-01,54,Exports,12
U0011139,C0681,2025-04-01,6,Reports,16
U0011140,C0681,2025-05-01,68,Exports,16
U0011141,C0681,2025-06-01,10,Automation,18
U0011142,C0681,2025-07-01,68,Automation,16
U0011143,C0681,2025-09-01,39,Automation,5
U0011144,C0681,2025-11-01,1,API,16
U0011145,C0681,2026-01-01,9,Integrations,6
U0011146,C0681,2026-02-01,67,Exports,19
U0011147,C0681,2026-03-01,15,Dashboard,10
U0011148,C0681,2026-04-01,50,Automation,9
U0011149,C0681,2026-05-01,77,Integrations,14
U0011150,C0681,2026-06-01,19,API,9
U0011151,C0681,2026-07-01,27,Integrations,17
U0011152,C0681,2026-08-01,44,API,1
U0011153,C0681,2026-09-01,65,Exports,8
U0011154,C0682,2025-02-01,18,Automation,10
U0011155,C0682,2025-03-01,64,Reports,13
U0011156,C0682,2025-04-01,34,API,18
U0011157,C0682,2025-05-01,10,Automation,19
U0011158,C0682,2025-06-01,3,Dashboard,15
U0011159,C0682,2025-07-01,67,Exports,8
U0011160,C0682,2025-08-01,44,Exports,3
U0011161,C0682,2025-09-01,32,Dashboard,6
U0011162,C0682,2025-10-01,74,API,16
U0011163,C0682,2025-11-01,54,Dashboard,9
U0011164,C0682,2026-02-01,35,Reports,5
U0011165,C0682,2026-04-01,49,Exports,14
U0011166,C0682,2026-05-01,37,Exports,13
U0011167,C0682,2026-07-01,20,Dashboard,8
U0011168,C0682,2026-08-01,10,Dashboard,1
U0011169,C0682,2026-09-01,14,Exports,8
U0011170,C0683,2025-02-01,61,Automation,18
U0011171,C0683,2025-03-01,4,API,19
U0011172,C0683,2025-05-01,30,Integrations,1
U0011173,C0683,2025-07-01,66,Reports,2
U0011174,C0683,2025-08-01,40,Reports,6
U0011175,C0683,2025-11-01,70,Dashboard,6
U0011176,C0683,2025-12-01,36,Integrations,2
U0011177,C0683,2026-01-01,22,Dashboard,10
U0011178,C0683,2026-02-01,32,Integrations,6
U0011179,C0683,2026-04-01,33,Dashboard,8
U0011180,C0683,2026-05-01,37,Reports,19
U0011181,C0683,2026-08-01,42,Exports,3
U0011182,C0683,2026-09-01,57,Automation,1
U0011183,C0684,2025-01-01,32,Automation,17
U0011184,C0684,2025-02-01,70,Integrations,15
U0011185,C0684,2025-04-01,76,Automation,9
U0011186,C0684,2025-05-01,71,Reports,13
U0011187,C0684,2025-06-01,56,Automation,15
U0011188,C0684,2025-08-01,71,API,3
U0011189,C0684,2025-09-01,19,API,11
U0011190,C0684,2025-10-01,67,API,12
U0011191,C0684,2025-11-01,60,Dashboard,7
U0011192,C0684,2026-01-01,52,Exports,3
U0011193,C0684,2026-02-01,42,Automation,16
U0011194,C0684,2026-05-01,7,Dashboard,8
U0011195,C0684,2026-06-01,16,Reports,2
U0011196,C0684,2026-07-01,56,API,18
U0011197,C0684,2026-09-01,22,Reports,1
U0011198,C0685,2025-02-01,44,Dashboard,19
U0011199,C0685,2025-04-01,6,Exports,15
U0011200,C0685,2025-05-01,38,Reports,1
U0011201,C0685,2025-06-01,75,Integrations,9
U0011202,C0685,2025-07-01,33,API,18
U0011203,C0685,2025-09-01,32,Dashboard,7
U0011204,C0685,2025-10-01,12,Integrations,13
U0011205,C0685,2025-11-01,24,Integrations,17
U0011206,C0685,2025-12-01,50,API,13
U0011207,C0685,2026-02-01,19,Automation,2
U0011208,C0685,2026-03-01,10,Integrations,17
U0011209,C0685,2026-04-01,5,Exports,13
U0011210,C0685,2026-06-01,18,Automation,16
U0011211,C0685,2026-07-01,70,Automation,17
U0011212,C0685,2026-08-01,43,Reports,9
U0011213,C0686,2025-02-01,41,API,17
U0011214,C0686,2025-03-01,27,API,17
U0011215,C0686,2025-04-01,77,Integrations,1
U0011216,C0686,2025-05-01,21,API,15
U0011217,C0686,2025-06-01,59,Dashboard,14
U0011218,C0686,2025-07-01,40,API,10
U0011219,C0686,2025-08-01,25,Exports,1
U0011220,C0686,2025-10-01,75,Dashboard,16
U0011221,C0686,2025-11-01,62,API,16
U0011222,C0686,2026-01-01,18,Exports,11
U0011223,C0686,2026-02-01,50,Integrations,8
U0011224,C0686,2026-03-01,57,Exports,3
U0011225,C0686,2026-04-01,8,Dashboard,3
U0011226,C0686,2026-05-01,9,Dashboard,11
U0011227,C0686,2026-06-01,34,Automation,17
U0011228,C0686,2026-07-01,25,API,10
U0011229,C0686,2026-08-01,6,Reports,14
U0011230,C0686,2026-09-01,11,Exports,6
U0011231,C0687,2025-01-01,64,Integrations,5
U0011232,C0687,2025-02-01,74,Integrations,18
U0011233,C0687,2025-04-01,28,Integrations,1
U0011234,C0687,2025-05-01,54,Exports,15
U0011235,C0687,2025-06-01,54,Reports,5
U0011236,C0687,2025-07-01,25,API,15
U0011237,C0687,2025-08-01,61,Dashboard,11
U0011238,C0687,2025-10-01,35,Exports,16
U0011239,C0687,2025-11-01,24,Reports,8
U0011240,C0687,2025-12-01,62,Reports,8
U0011241,C0687,2026-01-01,6,Dashboard,3
U0011242,C0687,2026-02-01,71,Reports,2
U0011243,C0687,2026-04-01,38,Exports,5
U0011244,C0687,2026-05-01,76,API,18
U0011245,C0687,2026-06-01,39,Exports,5
U0011246,C0687,2026-07-01,18,Reports,17
U0011247,C0687,2026-08-01,28,Automation,1
U0011248,C0687,2026-09-01,39,API,1
U0011249,C0688,2025-01-01,26,Automation,9
U0011250,C0688,2025-02-01,35,API,18
U0011251,C0688,2025-04-01,11,Dashboard,10
U0011252,C0688,2025-05-01,19,Exports,10
U0011253,C0688,2025-07-01,55,Automation,8
U0011254,C0688,2025-08-01,36,Reports,19
U0011255,C0688,2025-09-01,15,Exports,6
U0011256,C0688,2025-10-01,39,Integrations,12
U0011257,C0688,2025-11-01,43,Dashboard,18
U0011258,C0688,2025-12-01,38,API,8
U0011259,C0688,2026-01-01,9,Exports,8
U0011260,C0688,2026-03-01,32,Integrations,10
U0011261,C0688,2026-04-01,17,Automation,11
U0011262,C0688,2026-06-01,16,Dashboard,12
U0011263,C0688,2026-09-01,76,Reports,6
U0011264,C0689,2025-02-01,66,API,10
U0011265,C0689,2025-03-01,10,Dashboard,11
U0011266,C0689,2025-04-01,37,API,17
U0011267,C0689,2025-05-01,6,Automation,5
U0011268,C0689,2025-06-01,49,Dashboard,18
U0011269,C0689,2025-07-01,68,Integrations,17
U0011270,C0689,2025-08-01,39,Integrations,17
U0011271,C0689,2025-09-01,78,Reports,16
U0011272,C0689,2026-01-01,13,API,12
U0011273,C0689,2026-02-01,3,Exports,15
U0011274,C0689,2026-03-01,78,Dashboard,6
U0011275,C0689,2026-04-01,16,Automation,11
U0011276,C0689,2026-05-01,57,Dashboard,15
U0011277,C0689,2026-06-01,62,Exports,15
U0011278,C0689,2026-07-01,29,Reports,12
U0011279,C0689,2026-08-01,5,Dashboard,2
U0011280,C0689,2026-09-01,67,Automation,9
U0011281,C0690,2025-01-01,2,Automation,5
U0011282,C0690,2025-02-01,41,Exports,14
U0011283,C0690,2025-03-01,19,API,19
U0011284,C0690,2025-04-01,29,Dashboard,19
U0011285,C0690,2025-05-01,61,Reports,14
U0011286,C0690,2025-06-01,21,Automation,12
U0011287,C0690,2025-07-01,7,Automation,3
U0011288,C0690,2025-09-01,2,Reports,3
U0011289,C0690,2025-11-01,79,Reports,12
U0011290,C0690,2025-12-01,71,Automation,1
U0011291,C0690,2026-01-01,70,Integrations,19
U0011292,C0690,2026-02-01,3,Automation,14
U0011293,C0690,2026-03-01,4,Exports,11
U0011294,C0690,2026-04-01,43,Automation,3
U0011295,C0690,2026-06-01,35,API,16
U0011296,C0690,2026-07-01,69,Automation,3
U0011297,C0690,2026-08-01,6,Exports,14
U0011298,C0690,2026-09-01,4,API,7
U0011299,C0691,2025-01-01,3,Exports,11
U0011300,C0691,2025-02-01,18,Integrations,19
U0011301,C0691,2025-03-01,43,Integrations,9
U0011302,C0691,2025-04-01,74,Dashboard,11
U0011303,C0691,2025-05-01,22,Exports,5
U0011304,C0691,2025-06-01,18,Integrations,12
U0011305,C0691,2025-07-01,3,Exports,14
U0011306,C0691,2025-08-01,37,API,14
U0011307,C0691,2025-09-01,79,Integrations,7
U0011308,C0691,2025-10-01,33,Integrations,17
U0011309,C0691,2025-11-01,51,Reports,14
U0011310,C0691,2025-12-01,20,Automation,12
U0011311,C0691,2026-01-01,7,Automation,4
U0011312,C0691,2026-02-01,52,Automation,5
U0011313,C0691,2026-03-01,50,Reports,15
U0011314,C0691,2026-04-01,56,Integrations,14
U0011315,C0691,2026-05-01,51,Integrations,19
U0011316,C0691,2026-06-01,68,Exports,13
U0011317,C0691,2026-07-01,64,Dashboard,9
U0011318,C0691,2026-08-01,69,Dashboard,13
U0011319,C0691,2026-09-01,19,Integrations,18
U0011320,C0692,2025-01-01,26,Dashboard,15
U0011321,C0692,2025-02-01,7,Dashboard,2
U0011322,C0692,2025-03-01,73,Reports,11
U0011323,C0692,2025-04-01,40,API,13
U0011324,C0692,2025-05-01,4,Exports,16
U0011325,C0692,2025-06-01,73,Exports,9
U0011326,C0692,2025-07-01,65,Dashboard,8
U0011327,C0692,2025-08-01,54,Reports,1
U0011328,C0692,2025-09-01,64,Automation,15
U0011329,C0692,2025-10-01,27,API,7
U0011330,C0692,2025-11-01,71,Automation,13
U0011331,C0692,2025-12-01,32,Integrations,12
U0011332,C0692,2026-01-01,6,Reports,2
U0011333,C0692,2026-03-01,42,Automation,6
U0011334,C0692,2026-04-01,62,Reports,9
U0011335,C0692,2026-06-01,43,Dashboard,13
U0011336,C0692,2026-07-01,35,Integrations,15
U0011337,C0692,2026-09-01,59,Reports,14
U0011338,C0693,2025-01-01,41,Exports,5
U0011339,C0693,2025-03-01,46,Automation,16
U0011340,C0693,2025-04-01,32,Exports,9
U0011341,C0693,2025-05-01,23,API,15
U0011342,C0693,2025-06-01,45,Automation,3
U0011343,C0693,2025-07-01,55,Exports,4
U0011344,C0693,2025-08-01,22,Reports,17
U0011345,C0693,2025-09-01,49,Dashboard,7
U0011346,C0693,2025-10-01,9,Reports,11
U0011347,C0693,2025-12-01,21,Reports,9
U0011348,C0693,2026-01-01,34,Exports,6
U0011349,C0693,2026-03-01,59,Integrations,14
U0011350,C0693,2026-04-01,44,Automation,7
U0011351,C0693,2026-05-01,46,Integrations,5
U0011352,C0693,2026-07-01,46,Dashboard,19
U0011353,C0693,2026-08-01,8,Integrations,18
U0011354,C0694,2025-01-01,52,Integrations,16
U0011355,C0694,2025-02-01,42,Integrations,3
U0011356,C0694,2025-03-01,49,Reports,5
U0011357,C0694,2025-04-01,51,Integrations,7
U0011358,C0694,2025-05-01,26,Integrations,17
U0011359,C0694,2025-06-01,17,Exports,8
U0011360,C0694,2025-07-01,2,Automation,14
U0011361,C0694,2025-09-01,63,API,14
U0011362,C0694,2025-10-01,15,Reports,10
U0011363,C0694,2025-11-01,3,Exports,18
U0011364,C0694,2025-12-01,16,Dashboard,10
U0011365,C0694,2026-01-01,1,API,10
U0011366,C0694,2026-04-01,31,Dashboard,6
U0011367,C0694,2026-07-01,29,Exports,4
U0011368,C0694,2026-08-01,11,Automation,10
U0011369,C0694,2026-09-01,44,API,17
U0011370,C0695,2025-02-01,59,Exports,13
U0011371,C0695,2025-04-01,3,API,11
U0011372,C0695,2025-05-01,8,Automation,19
U0011373,C0695,2025-06-01,46,API,2
U0011374,C0695,2025-07-01,50,Dashboard,3
U0011375,C0695,2025-08-01,65,Reports,5
U0011376,C0695,2025-09-01,25,Reports,9
U0011377,C0695,2025-10-01,16,API,9
U0011378,C0695,2025-11-01,79,API,18
U0011379,C0695,2025-12-01,62,Automation,13
U0011380,C0695,2026-01-01,26,Automation,17
U0011381,C0695,2026-02-01,16,Dashboard,13
U0011382,C0695,2026-03-01,19,Automation,12
U0011383,C0695,2026-04-01,54,Automation,17
U0011384,C0695,2026-06-01,1,API,5
U0011385,C0695,2026-08-01,43,Integrations,16
U0011386,C0695,2026-09-01,77,Reports,9
U0011387,C0696,2025-01-01,50,Dashboard,17
U0011388,C0696,2025-02-01,30,Reports,14
U0011389,C0696,2025-03-01,54,Automation,19
U0011390,C0696,2025-04-01,55,Integrations,7
U0011391,C0696,2025-05-01,73,Dashboard,12
U0011392,C0696,2025-06-01,53,Dashboard,5
U0011393,C0696,2025-07-01,23,Reports,15
U0011394,C0696,2025-08-01,18,Reports,18
U0011395,C0696,2025-09-01,75,Integrations,15
U0011396,C0696,2025-11-01,32,Reports,12
U0011397,C0696,2025-12-01,1,Dashboard,7
U0011398,C0696,2026-01-01,23,API,17
U0011399,C0696,2026-02-01,67,API,16
U0011400,C0696,2026-03-01,39,Dashboard,15
U0011401,C0696,2026-04-01,75,Reports,7
U0011402,C0696,2026-05-01,6,Exports,12
U0011403,C0696,2026-07-01,1,Automation,1
U0011404,C0696,2026-08-01,3,Reports,9
U0011405,C0696,2026-09-01,48,API,12
U0011406,C0697,2025-02-01,9,Integrations,12
U0011407,C0697,2025-04-01,67,API,7
U0011408,C0697,2025-05-01,77,Reports,12
U0011409,C0697,2025-06-01,31,API,2
U0011410,C0697,2025-07-01,49,Dashboard,5
U0011411,C0697,2025-09-01,59,Exports,15
U0011412,C0697,2025-10-01,60,Integrations,19
U0011413,C0697,2025-11-01,62,Integrations,3
U0011414,C0697,2025-12-01,40,Exports,5
U0011415,C0697,2026-01-01,48,Reports,7
U0011416,C0697,2026-04-01,53,Integrations,9
U0011417,C0697,2026-05-01,55,Automation,8
U0011418,C0697,2026-06-01,13,Integrations,1
U0011419,C0697,2026-07-01,60,Reports,4
U0011420,C0697,2026-08-01,9,API,15
U0011421,C0698,2025-02-01,22,Dashboard,3
U0011422,C0698,2025-03-01,66,Integrations,12
U0011423,C0698,2025-04-01,8,Dashboard,4
U0011424,C0698,2025-05-01,6,Integrations,8
U0011425,C0698,2025-06-01,50,API,2
U0011426,C0698,2025-08-01,70,Reports,12
U0011427,C0698,2025-09-01,10,Reports,11
U0011428,C0698,2025-11-01,21,Dashboard,16
U0011429,C0698,2025-12-01,33,Integrations,1
U0011430,C0698,2026-02-01,65,Exports,4
U0011431,C0698,2026-03-01,32,Exports,4
U0011432,C0698,2026-05-01,14,Exports,2
U0011433,C0698,2026-06-01,35,Dashboard,15
U0011434,C0698,2026-07-01,13,API,19
U0011435,C0698,2026-08-01,64,Automation,3
U0011436,C0698,2026-09-01,46,Automation,3
U0011437,C0699,2025-01-01,34,Exports,7
U0011438,C0699,2025-02-01,68,Dashboard,11
U0011439,C0699,2025-03-01,47,Dashboard,3
U0011440,C0699,2025-04-01,77,Automation,9
U0011441,C0699,2025-05-01,25,API,7
U0011442,C0699,2025-06-01,9,Reports,4
U0011443,C0699,2025-08-01,1,Dashboard,19
U0011444,C0699,2025-12-01,9,API,10
U0011445,C0699,2026-01-01,15,Reports,16
U0011446,C0699,2026-04-01,16,Dashboard,9
U0011447,C0699,2026-05-01,48,Automation,12
U0011448,C0699,2026-06-01,33,Exports,10
U0011449,C0699,2026-08-01,36,Reports,3
U0011450,C0699,2026-09-01,38,Integrations,6
U0011451,C0700,2025-01-01,29,Automation,19
U0011452,C0700,2025-02-01,5,API,18
U0011453,C0700,2025-03-01,47,Exports,8
U0011454,C0700,2025-04-01,77,Integrations,13
U0011455,C0700,2025-05-01,53,Reports,6
U0011456,C0700,2025-06-01,28,Exports,8
U0011457,C0700,2025-07-01,15,Automation,3
U0011458,C0700,2025-09-01,79,API,7
U0011459,C0700,2025-10-01,14,Automation,10
U0011460,C0700,2025-11-01,63,Exports,10
U0011461,C0700,2025-12-01,25,Exports,15
U0011462,C0700,2026-01-01,71,Reports,3
U0011463,C0700,2026-02-01,72,API,9
U0011464,C0700,2026-03-01,19,Integrations,2
U0011465,C0700,2026-04-01,4,Exports,2
U0011466,C0700,2026-05-01,59,Integrations,11
U0011467,C0700,2026-07-01,6,API,3
U0011468,C0700,2026-08-01,38,Dashboard,19
U0011469,C0700,2026-09-01,26,Integrations,4
U0011470,C0701,2025-01-01,65,Integrations,10
U0011471,C0701,2025-04-01,62,API,5
U0011472,C0701,2025-05-01,5,Reports,9
U0011473,C0701,2025-06-01,75,Dashboard,12
U0011474,C0701,2025-07-01,16,Integrations,6
U0011475,C0701,2025-08-01,8,Automation,6
U0011476,C0701,2025-09-01,67,Exports,2
U0011477,C0701,2025-10-01,35,Dashboard,3
U0011478,C0701,2025-11-01,35,Reports,19
U0011479,C0701,2025-12-01,58,Exports,9
U0011480,C0701,2026-01-01,54,Dashboard,10
U0011481,C0701,2026-03-01,36,Reports,6
U0011482,C0701,2026-04-01,37,Reports,7
U0011483,C0701,2026-05-01,40,Exports,19
U0011484,C0701,2026-06-01,74,Exports,7
U0011485,C0701,2026-09-01,37,Dashboard,15
U0011486,C0702,2025-01-01,25,Exports,19
U0011487,C0702,2025-03-01,77,Automation,11
U0011488,C0702,2025-04-01,26,Automation,19
U0011489,C0702,2025-05-01,70,Integrations,15
U0011490,C0702,2025-06-01,48,Integrations,14
U0011491,C0702,2025-07-01,2,Reports,14
U0011492,C0702,2025-08-01,49,Dashboard,2
U0011493,C0702,2025-09-01,63,Exports,7
U0011494,C0702,2025-10-01,3,API,14
U0011495,C0702,2026-01-01,45,Reports,5
U0011496,C0702,2026-02-01,64,Reports,19
U0011497,C0702,2026-05-01,53,API,5
U0011498,C0702,2026-06-01,6,Automation,9
U0011499,C0702,2026-07-01,47,Automation,18
U0011500,C0702,2026-08-01,40,Exports,16
U0011501,C0702,2026-09-01,68,Dashboard,3
U0011502,C0703,2025-01-01,38,Automation,18
U0011503,C0703,2025-02-01,37,Integrations,12
U0011504,C0703,2025-03-01,77,Reports,17
U0011505,C0703,2025-05-01,41,Dashboard,4
U0011506,C0703,2025-06-01,31,Reports,12
U0011507,C0703,2025-07-01,30,Exports,18
U0011508,C0703,2025-08-01,36,Dashboard,7
U0011509,C0703,2025-09-01,22,Exports,6
U0011510,C0703,2025-10-01,27,Exports,7
U0011511,C0703,2025-11-01,44,Exports,4
U0011512,C0703,2025-12-01,2,Dashboard,4
U0011513,C0703,2026-01-01,48,API,2
U0011514,C0703,2026-02-01,66,API,5
U0011515,C0703,2026-03-01,25,API,1
U0011516,C0703,2026-04-01,18,Reports,7
U0011517,C0703,2026-06-01,41,Automation,6
U0011518,C0703,2026-08-01,46,Reports,14
U0011519,C0704,2025-01-01,43,Reports,16
U0011520,C0704,2025-02-01,33,Exports,1
U0011521,C0704,2025-03-01,75,Dashboard,8
U0011522,C0704,2025-04-01,18,Exports,12
U0011523,C0704,2025-05-01,29,Integrations,13
U0011524,C0704,2025-07-01,44,Reports,4
U0011525,C0704,2025-08-01,18,Automation,13
U0011526,C0704,2025-09-01,12,Exports,16
U0011527,C0704,2025-11-01,10,Exports,12
U0011528,C0704,2025-12-01,65,Automation,5
U0011529,C0704,2026-01-01,27,Automation,7
U0011530,C0704,2026-02-01,72,Integrations,16
U0011531,C0704,2026-04-01,38,Automation,19
U0011532,C0704,2026-06-01,23,Integrations,13
U0011533,C0704,2026-08-01,47,Automation,7
U0011534,C0705,2025-01-01,53,Dashboard,4
U0011535,C0705,2025-02-01,37,Exports,15
U0011536,C0705,2025-03-01,36,Automation,19
U0011537,C0705,2025-04-01,43,API,6
U0011538,C0705,2025-05-01,14,API,8
U0011539,C0705,2025-06-01,6,API,5
U0011540,C0705,2025-07-01,70,Integrations,14
U0011541,C0705,2025-08-01,40,Integrations,11
U0011542,C0705,2025-09-01,3,Automation,16
U0011543,C0705,2025-10-01,49,Automation,5
U0011544,C0705,2025-11-01,15,API,13
U0011545,C0705,2025-12-01,9,Exports,9
U0011546,C0705,2026-01-01,48,Integrations,2
U0011547,C0705,2026-02-01,16,API,17
U0011548,C0705,2026-03-01,76,Integrations,10
U0011549,C0705,2026-04-01,17,Exports,14
U0011550,C0705,2026-05-01,48,Integrations,16
U0011551,C0705,2026-06-01,31,Automation,3
U0011552,C0705,2026-07-01,28,Reports,17
U0011553,C0705,2026-08-01,13,Dashboard,12
U0011554,C0705,2026-09-01,6,Reports,8
U0011555,C0706,2025-01-01,71,Automation,9
U0011556,C0706,2025-02-01,52,Reports,17
U0011557,C0706,2025-03-01,60,Exports,6
U0011558,C0706,2025-04-01,28,Dashboard,14
U0011559,C0706,2025-05-01,10,API,7
U0011560,C0706,2025-06-01,49,Dashboard,16
U0011561,C0706,2025-08-01,34,Integrations,17
U0011562,C0706,2025-10-01,77,Dashboard,2
U0011563,C0706,2025-11-01,55,Automation,6
U0011564,C0706,2025-12-01,71,Automation,8
U0011565,C0706,2026-01-01,2,Dashboard,1
U0011566,C0706,2026-02-01,54,Dashboard,8
U0011567,C0706,2026-03-01,29,Dashboard,13
U0011568,C0706,2026-04-01,6,API,12
U0011569,C0706,2026-05-01,79,Exports,9
U0011570,C0706,2026-06-01,67,Exports,11
U0011571,C0706,2026-07-01,65,Dashboard,18
U0011572,C0706,2026-08-01,59,Exports,17
U0011573,C0706,2026-09-01,14,Dashboard,8
U0011574,C0707,2025-02-01,71,Reports,16
U0011575,C0707,2025-03-01,9,Exports,10
U0011576,C0707,2025-04-01,66,Reports,6
U0011577,C0707,2025-05-01,11,API,9
U0011578,C0707,2025-06-01,63,Automation,11
U0011579,C0707,2025-08-01,32,Exports,7
U0011580,C0707,2025-10-01,60,Automation,9
U0011581,C0707,2025-11-01,46,Reports,3
U0011582,C0707,2026-01-01,68,Integrations,9
U0011583,C0707,2026-02-01,9,API,14
U0011584,C0707,2026-03-01,59,Automation,17
U0011585,C0707,2026-04-01,59,Reports,16
U0011586,C0707,2026-05-01,46,API,11
U0011587,C0707,2026-06-01,31,Exports,16
U0011588,C0707,2026-07-01,55,Automation,5
U0011589,C0707,2026-08-01,24,Reports,17
U0011590,C0707,2026-09-01,53,Dashboard,9
U0011591,C0708,2025-01-01,11,Integrations,11
U0011592,C0708,2025-02-01,42,Integrations,3
U0011593,C0708,2025-04-01,3,Dashboard,1
U0011594,C0708,2025-05-01,56,Dashboard,6
U0011595,C0708,2025-06-01,20,Automation,13
U0011596,C0708,2025-07-01,8,Reports,1
U0011597,C0708,2025-08-01,76,Reports,16
U0011598,C0708,2025-09-01,43,Automation,11
U0011599,C0708,2025-11-01,44,Reports,6
U0011600,C0708,2025-12-01,65,API,11
U0011601,C0708,2026-01-01,67,Integrations,13
U0011602,C0708,2026-02-01,49,API,15
U0011603,C0708,2026-03-01,41,Automation,17
U0011604,C0708,2026-04-01,75,Exports,4
U0011605,C0708,2026-05-01,48,Exports,2
U0011606,C0708,2026-07-01,51,API,13
U0011607,C0708,2026-08-01,45,Exports,16
U0011608,C0708,2026-09-01,46,Reports,2
U0011609,C0709,2025-01-01,45,Integrations,13
U0011610,C0709,2025-02-01,26,Dashboard,4
U0011611,C0709,2025-03-01,22,Integrations,3
U0011612,C0709,2025-05-01,20,Integrations,12
U0011613,C0709,2025-06-01,25,API,17
U0011614,C0709,2025-07-01,15,Integrations,9
U0011615,C0709,2025-08-01,21,Automation,15
U0011616,C0709,2025-09-01,67,Automation,6
U0011617,C0709,2025-10-01,69,Reports,16
U0011618,C0709,2025-11-01,32,Exports,6
U0011619,C0709,2025-12-01,50,Reports,10
U0011620,C0709,2026-01-01,3,API,13
U0011621,C0709,2026-02-01,42,Reports,11
U0011622,C0709,2026-04-01,8,Automation,12
U0011623,C0709,2026-05-01,73,Integrations,11
U0011624,C0709,2026-06-01,50,Reports,1
U0011625,C0709,2026-07-01,56,API,15
U0011626,C0709,2026-08-01,77,Dashboard,16
U0011627,C0709,2026-09-01,32,Dashboard,15
U0011628,C0710,2025-01-01,76,Integrations,17
U0011629,C0710,2025-03-01,14,API,1
U0011630,C0710,2025-04-01,50,Reports,15
U0011631,C0710,2025-05-01,44,Reports,15
U0011632,C0710,2025-06-01,32,Integrations,1
U0011633,C0710,2025-07-01,33,Integrations,9
U0011634,C0710,2025-08-01,54,Reports,2
U0011635,C0710,2025-09-01,74,Exports,15
U0011636,C0710,2025-10-01,52,Exports,12
U0011637,C0710,2025-11-01,73,Integrations,8
U0011638,C0710,2025-12-01,16,Reports,17
U0011639,C0710,2026-03-01,41,Integrations,3
U0011640,C0710,2026-04-01,14,Dashboard,10
U0011641,C0710,2026-05-01,71,API,8
U0011642,C0710,2026-06-01,10,Dashboard,10
U0011643,C0710,2026-07-01,13,Exports,11
U0011644,C0710,2026-08-01,78,Automation,8
U0011645,C0710,2026-09-01,79,Automation,13
U0011646,C0711,2025-01-01,28,API,16
U0011647,C0711,2025-03-01,15,API,2
U0011648,C0711,2025-04-01,53,API,18
U0011649,C0711,2025-05-01,43,Reports,5
U0011650,C0711,2025-07-01,46,Integrations,12
U0011651,C0711,2025-08-01,46,Integrations,13
U0011652,C0711,2025-09-01,29,Reports,17
U0011653,C0711,2025-10-01,18,Exports,4
U0011654,C0711,2025-11-01,64,Dashboard,8
U0011655,C0711,2025-12-01,20,Exports,13
U0011656,C0711,2026-02-01,63,Exports,16
U0011657,C0711,2026-05-01,20,API,4
U0011658,C0711,2026-06-01,21,Automation,14
U0011659,C0711,2026-07-01,42,API,1
U0011660,C0711,2026-08-01,70,Exports,1
U0011661,C0711,2026-09-01,51,Reports,5
U0011662,C0712,2025-01-01,40,API,1
U0011663,C0712,2025-02-01,78,Exports,5
U0011664,C0712,2025-05-01,35,Dashboard,14
U0011665,C0712,2025-06-01,32,Integrations,1
U0011666,C0712,2025-07-01,48,API,9
U0011667,C0712,2025-08-01,72,API,16
U0011668,C0712,2025-09-01,14,Dashboard,18
U0011669,C0712,2025-11-01,18,Reports,9
U0011670,C0712,2026-01-01,51,Automation,4
U0011671,C0712,2026-03-01,9,Dashboard,17
U0011672,C0712,2026-04-01,42,Integrations,9
U0011673,C0712,2026-05-01,13,API,17
U0011674,C0712,2026-06-01,58,Reports,19
U0011675,C0712,2026-07-01,71,Integrations,17
U0011676,C0712,2026-09-01,39,Integrations,5
U0011677,C0713,2025-01-01,41,Exports,11
U0011678,C0713,2025-02-01,6,Reports,19
U0011679,C0713,2025-03-01,9,Dashboard,15
U0011680,C0713,2025-04-01,58,API,2
U0011681,C0713,2025-06-01,55,Reports,18
U0011682,C0713,2025-09-01,4,Reports,3
U0011683,C0713,2025-10-01,65,Exports,10
U0011684,C0713,2025-11-01,14,Exports,15
U0011685,C0713,2025-12-01,28,API,4
U0011686,C0713,2026-01-01,69,Exports,17
U0011687,C0713,2026-02-01,37,Integrations,18
U0011688,C0713,2026-04-01,53,Exports,3
U0011689,C0713,2026-05-01,22,Reports,3
U0011690,C0713,2026-06-01,69,Automation,11
U0011691,C0713,2026-07-01,59,Automation,12
U0011692,C0714,2025-01-01,35,Integrations,12
U0011693,C0714,2025-02-01,4,Exports,18
U0011694,C0714,2025-03-01,9,Reports,10
U0011695,C0714,2025-04-01,59,Dashboard,19
U0011696,C0714,2025-05-01,34,Automation,3
U0011697,C0714,2025-06-01,2,Exports,14
U0011698,C0714,2025-07-01,7,Automation,3
U0011699,C0714,2025-08-01,49,API,2
U0011700,C0714,2025-09-01,13,API,2
U0011701,C0714,2025-10-01,26,Exports,10
U0011702,C0714,2025-11-01,39,Automation,15
U0011703,C0714,2026-01-01,4,Reports,19
U0011704,C0714,2026-03-01,43,Integrations,2
U0011705,C0714,2026-04-01,76,Integrations,8
U0011706,C0714,2026-05-01,15,API,14
U0011707,C0714,2026-06-01,20,Integrations,9
U0011708,C0714,2026-07-01,62,Reports,8
U0011709,C0714,2026-09-01,12,Exports,16
U0011710,C0715,2025-01-01,40,Automation,7
U0011711,C0715,2025-02-01,11,API,1
U0011712,C0715,2025-04-01,18,Integrations,6
U0011713,C0715,2025-05-01,6,Integrations,14
U0011714,C0715,2025-07-01,17,Automation,11
U0011715,C0715,2025-09-01,8,Reports,17
U0011716,C0715,2025-10-01,76,Integrations,5
U0011717,C0715,2025-11-01,57,Reports,4
U0011718,C0715,2025-12-01,77,Automation,1
U0011719,C0715,2026-01-01,27,Dashboard,9
U0011720,C0715,2026-02-01,21,API,14
U0011721,C0715,2026-03-01,14,Reports,13
U0011722,C0715,2026-05-01,59,Reports,5
U0011723,C0715,2026-07-01,66,API,8
U0011724,C0715,2026-08-01,23,Exports,17
U0011725,C0715,2026-09-01,64,Reports,14
U0011726,C0716,2025-01-01,5,Reports,2
U0011727,C0716,2025-02-01,48,Automation,7
U0011728,C0716,2025-03-01,63,Dashboard,8
U0011729,C0716,2025-04-01,4,Dashboard,17
U0011730,C0716,2025-05-01,23,Reports,15
U0011731,C0716,2025-06-01,25,Reports,11
U0011732,C0716,2025-07-01,1,Exports,19
U0011733,C0716,2025-08-01,5,Automation,19
U0011734,C0716,2025-09-01,61,Integrations,3
U0011735,C0716,2025-10-01,61,API,12
U0011736,C0716,2025-11-01,48,Automation,7
U0011737,C0716,2025-12-01,65,Integrations,15
U0011738,C0716,2026-01-01,43,Automation,8
U0011739,C0716,2026-02-01,66,Integrations,6
U0011740,C0716,2026-03-01,5,Integrations,4
U0011741,C0716,2026-04-01,76,Dashboard,8
U0011742,C0716,2026-05-01,75,Integrations,19
U0011743,C0716,2026-09-01,79,Reports,9
U0011744,C0717,2025-01-01,71,Automation,17
U0011745,C0717,2025-04-01,36,Reports,13
U0011746,C0717,2025-06-01,59,Reports,4
U0011747,C0717,2025-09-01,42,Dashboard,14
U0011748,C0717,2025-10-01,35,API,8
U0011749,C0717,2025-11-01,72,Automation,5
U0011750,C0717,2025-12-01,19,API,14
U0011751,C0717,2026-01-01,39,Dashboard,15
U0011752,C0717,2026-02-01,18,API,8
U0011753,C0717,2026-03-01,65,Reports,9
U0011754,C0717,2026-04-01,55,API,13
U0011755,C0717,2026-05-01,67,Automation,17
U0011756,C0717,2026-09-01,8,Automation,1
U0011757,C0718,2025-01-01,7,Exports,19
U0011758,C0718,2025-03-01,40,Automation,19
U0011759,C0718,2025-04-01,21,Automation,17
U0011760,C0718,2025-05-01,40,API,2
U0011761,C0718,2025-07-01,31,Exports,15
U0011762,C0718,2025-08-01,1,Integrations,5
U0011763,C0718,2025-09-01,47,Reports,4
U0011764,C0718,2025-10-01,56,Reports,6
U0011765,C0718,2025-11-01,11,Exports,16
U0011766,C0718,2025-12-01,74,Reports,13
U0011767,C0718,2026-01-01,39,API,17
U0011768,C0718,2026-02-01,28,Dashboard,4
U0011769,C0718,2026-03-01,50,Automation,13
U0011770,C0718,2026-04-01,50,Automation,6
U0011771,C0718,2026-05-01,16,Automation,2
U0011772,C0718,2026-06-01,5,Integrations,5
U0011773,C0718,2026-07-01,19,Exports,8
U0011774,C0718,2026-08-01,7,Automation,3
U0011775,C0718,2026-09-01,59,Automation,11
U0011776,C0719,2025-01-01,25,API,4
U0011777,C0719,2025-02-01,66,Dashboard,1
U0011778,C0719,2025-03-01,13,Dashboard,16
U0011779,C0719,2025-04-01,43,Dashboard,7
U0011780,C0719,2025-05-01,19,Reports,8
U0011781,C0719,2025-07-01,51,Reports,17
U0011782,C0719,2025-08-01,32,Integrations,13
U0011783,C0719,2025-09-01,18,Integrations,14
U0011784,C0719,2025-10-01,76,Automation,6
U0011785,C0719,2025-12-01,6,Integrations,12
U0011786,C0719,2026-01-01,44,Exports,7
U0011787,C0719,2026-02-01,53,Dashboard,19
U0011788,C0719,2026-03-01,6,Integrations,18
U0011789,C0719,2026-04-01,78,Reports,2
U0011790,C0719,2026-05-01,55,Dashboard,19
U0011791,C0719,2026-07-01,23,Dashboard,13
U0011792,C0719,2026-08-01,10,Integrations,14
U0011793,C0719,2026-09-01,68,Integrations,13
U0011794,C0720,2025-01-01,65,Integrations,1
U0011795,C0720,2025-02-01,46,Reports,15
U0011796,C0720,2025-03-01,6,API,6
U0011797,C0720,2025-04-01,1,Reports,3
U0011798,C0720,2025-05-01,1,Automation,4
U0011799,C0720,2025-06-01,39,Exports,17
U0011800,C0720,2025-07-01,75,Integrations,14
U0011801,C0720,2025-08-01,19,Automation,11
U0011802,C0720,2025-12-01,12,Automation,17
U0011803,C0720,2026-02-01,58,Automation,16
U0011804,C0720,2026-03-01,22,Reports,7
U0011805,C0720,2026-04-01,51,Automation,6
U0011806,C0720,2026-06-01,41,Automation,7
U0011807,C0720,2026-07-01,64,Exports,14
U0011808,C0720,2026-08-01,47,Automation,10
U0011809,C0720,2026-09-01,75,API,16
U0011810,C0721,2025-01-01,41,Reports,11
U0011811,C0721,2025-02-01,3,Dashboard,17
U0011812,C0721,2025-03-01,48,Dashboard,7
U0011813,C0721,2025-05-01,23,Exports,2
U0011814,C0721,2025-06-01,14,Dashboard,13
U0011815,C0721,2025-07-01,29,Automation,13
U0011816,C0721,2025-08-01,77,Automation,13
U0011817,C0721,2025-10-01,44,Integrations,3
U0011818,C0721,2025-11-01,28,Integrations,13
U0011819,C0721,2025-12-01,33,Reports,13
U0011820,C0721,2026-01-01,57,API,13
U0011821,C0721,2026-02-01,8,Reports,12
U0011822,C0721,2026-03-01,4,API,2
U0011823,C0721,2026-04-01,5,Exports,17
U0011824,C0721,2026-05-01,16,Integrations,6
U0011825,C0721,2026-06-01,3,Reports,14
U0011826,C0721,2026-07-01,47,Automation,14
U0011827,C0721,2026-08-01,36,Dashboard,17
U0011828,C0722,2025-01-01,1,Reports,18
U0011829,C0722,2025-02-01,37,Automation,15
U0011830,C0722,2025-03-01,56,Exports,11
U0011831,C0722,2025-04-01,12,Exports,13
U0011832,C0722,2025-05-01,14,Automation,12
U0011833,C0722,2025-07-01,61,Dashboard,1
U0011834,C0722,2025-08-01,73,Integrations,5
U0011835,C0722,2025-10-01,20,Reports,15
U0011836,C0722,2025-11-01,70,Integrations,15
U0011837,C0722,2025-12-01,11,Exports,3
U0011838,C0722,2026-01-01,57,API,11
U0011839,C0722,2026-02-01,55,API,18
U0011840,C0722,2026-03-01,32,Exports,11
U0011841,C0722,2026-04-01,74,Integrations,9
U0011842,C0722,2026-05-01,5,Automation,8
U0011843,C0722,2026-06-01,39,Reports,7
U0011844,C0722,2026-08-01,49,API,17
U0011845,C0722,2026-09-01,20,API,13
U0011846,C0723,2025-01-01,48,Automation,8
U0011847,C0723,2025-05-01,28,Dashboard,6
U0011848,C0723,2025-06-01,50,Dashboard,2
U0011849,C0723,2025-07-01,76,Automation,4
U0011850,C0723,2025-09-01,61,Exports,19
U0011851,C0723,2025-10-01,54,Exports,3
U0011852,C0723,2025-11-01,49,API,11
U0011853,C0723,2025-12-01,29,Integrations,1
U0011854,C0723,2026-01-01,15,Exports,13
U0011855,C0723,2026-02-01,24,Reports,11
U0011856,C0723,2026-04-01,32,Dashboard,9
U0011857,C0723,2026-06-01,16,API,5
U0011858,C0723,2026-07-01,3,API,3
U0011859,C0723,2026-08-01,76,Dashboard,17
U0011860,C0723,2026-09-01,59,API,18
U0011861,C0724,2025-02-01,33,Integrations,15
U0011862,C0724,2025-03-01,71,Automation,6
U0011863,C0724,2025-04-01,45,Dashboard,18
U0011864,C0724,2025-05-01,33,Reports,8
U0011865,C0724,2025-07-01,63,Exports,2
U0011866,C0724,2025-08-01,33,Dashboard,11
U0011867,C0724,2025-09-01,15,Exports,10
U0011868,C0724,2025-10-01,23,Exports,14
U0011869,C0724,2026-02-01,18,API,13
U0011870,C0724,2026-03-01,47,Dashboard,5
U0011871,C0724,2026-05-01,7,Reports,1
U0011872,C0724,2026-06-01,40,API,1
U0011873,C0724,2026-09-01,36,API,8
U0011874,C0725,2025-01-01,3,Dashboard,3
U0011875,C0725,2025-03-01,62,Integrations,13
U0011876,C0725,2025-04-01,5,Integrations,9
U0011877,C0725,2025-05-01,12,Reports,15
U0011878,C0725,2025-06-01,30,Automation,10
U0011879,C0725,2025-08-01,70,Reports,14
U0011880,C0725,2025-09-01,6,Integrations,19
U0011881,C0725,2025-12-01,40,API,15
U0011882,C0725,2026-02-01,11,API,19
U0011883,C0725,2026-03-01,78,API,11
U0011884,C0725,2026-05-01,76,Reports,4
U0011885,C0725,2026-06-01,41,Reports,2
U0011886,C0725,2026-09-01,73,Exports,3
U0011887,C0726,2025-02-01,70,Reports,13
U0011888,C0726,2025-04-01,32,Automation,6
U0011889,C0726,2025-05-01,78,Dashboard,14
U0011890,C0726,2025-07-01,14,Automation,13
U0011891,C0726,2025-08-01,40,Reports,15
U0011892,C0726,2025-09-01,66,Integrations,9
U0011893,C0726,2025-11-01,32,API,15
U0011894,C0726,2025-12-01,76,Automation,8
U0011895,C0726,2026-01-01,31,Integrations,14
U0011896,C0726,2026-02-01,16,Reports,16
U0011897,C0726,2026-03-01,12,Integrations,8
U0011898,C0726,2026-06-01,13,Exports,14
U0011899,C0726,2026-07-01,74,Automation,11
U0011900,C0726,2026-08-01,69,Exports,1
U0011901,C0726,2026-09-01,78,API,7
U0011902,C0727,2025-01-01,26,Exports,1
U0011903,C0727,2025-02-01,45,API,15
U0011904,C0727,2025-03-01,1,API,6
U0011905,C0727,2025-04-01,63,Integrations,15
U0011906,C0727,2025-05-01,58,Dashboard,4
U0011907,C0727,2025-06-01,25,Automation,6
U0011908,C0727,2025-07-01,40,Automation,14
U0011909,C0727,2025-08-01,3,API,3
U0011910,C0727,2025-10-01,53,Automation,9
U0011911,C0727,2025-11-01,10,Exports,4
U0011912,C0727,2025-12-01,38,Dashboard,11
U0011913,C0727,2026-02-01,8,Exports,16
U0011914,C0727,2026-03-01,14,Exports,1
U0011915,C0727,2026-05-01,2,Integrations,9
U0011916,C0727,2026-06-01,69,API,12
U0011917,C0727,2026-07-01,48,Dashboard,17
U0011918,C0727,2026-08-01,37,Automation,13
U0011919,C0727,2026-09-01,77,Exports,3
U0011920,C0728,2025-02-01,14,Exports,1
U0011921,C0728,2025-03-01,12,Automation,13
U0011922,C0728,2025-04-01,57,Integrations,4
U0011923,C0728,2025-05-01,10,Dashboard,13
U0011924,C0728,2025-08-01,22,Automation,13
U0011925,C0728,2025-09-01,64,Reports,18
U0011926,C0728,2026-01-01,37,Dashboard,11
U0011927,C0728,2026-03-01,65,Dashboard,14
U0011928,C0728,2026-04-01,36,API,14
U0011929,C0728,2026-05-01,17,Dashboard,17
U0011930,C0728,2026-06-01,47,Exports,5
U0011931,C0728,2026-07-01,14,Exports,3
U0011932,C0728,2026-08-01,6,Integrations,6
U0011933,C0728,2026-09-01,9,Automation,16
U0011934,C0729,2025-01-01,23,Integrations,1
U0011935,C0729,2025-02-01,48,Automation,4
U0011936,C0729,2025-03-01,52,Integrations,12
U0011937,C0729,2025-04-01,37,Dashboard,10
U0011938,C0729,2025-05-01,53,Dashboard,13
U0011939,C0729,2025-07-01,37,API,8
U0011940,C0729,2025-08-01,24,Exports,4
U0011941,C0729,2025-09-01,31,Automation,5
U0011942,C0729,2025-10-01,5,Dashboard,16
U0011943,C0729,2025-12-01,66,API,2
U0011944,C0729,2026-02-01,1,Integrations,16
U0011945,C0729,2026-03-01,23,Automation,3
U0011946,C0729,2026-04-01,71,Integrations,18
U0011947,C0729,2026-05-01,26,Automation,17
U0011948,C0729,2026-06-01,55,Automation,11
U0011949,C0729,2026-07-01,79,Exports,12
U0011950,C0729,2026-08-01,17,Integrations,17
U0011951,C0729,2026-09-01,17,Reports,16
U0011952,C0730,2025-01-01,52,Automation,12
U0011953,C0730,2025-02-01,67,Automation,5
U0011954,C0730,2025-03-01,13,Exports,15
U0011955,C0730,2025-04-01,69,Exports,4
U0011956,C0730,2025-05-01,57,API,2
U0011957,C0730,2025-06-01,50,Reports,16
U0011958,C0730,2025-08-01,25,Automation,3
U0011959,C0730,2025-09-01,73,Reports,13
U0011960,C0730,2025-10-01,74,Exports,4
U0011961,C0730,2025-11-01,53,Integrations,16
U0011962,C0730,2025-12-01,3,Reports,14
U0011963,C0730,2026-01-01,20,Reports,19
U0011964,C0730,2026-03-01,33,Reports,16
U0011965,C0730,2026-04-01,49,Integrations,14
U0011966,C0730,2026-06-01,33,Automation,10
U0011967,C0730,2026-07-01,19,API,5
U0011968,C0730,2026-08-01,3,Reports,14
U0011969,C0731,2025-01-01,70,Reports,6
U0011970,C0731,2025-02-01,39,API,5
U0011971,C0731,2025-03-01,38,Exports,15
U0011972,C0731,2025-04-01,57,Exports,18
U0011973,C0731,2025-05-01,74,API,2
U0011974,C0731,2025-06-01,23,Dashboard,9
U0011975,C0731,2025-08-01,72,API,7
U0011976,C0731,2025-10-01,23,Automation,10
U0011977,C0731,2025-11-01,40,API,13
U0011978,C0731,2025-12-01,66,API,19
U0011979,C0731,2026-01-01,12,Integrations,8
U0011980,C0731,2026-02-01,68,Exports,10
U0011981,C0731,2026-03-01,12,Dashboard,4
U0011982,C0731,2026-04-01,72,Automation,7
U0011983,C0731,2026-05-01,60,Dashboard,4
U0011984,C0731,2026-06-01,6,Exports,15
U0011985,C0731,2026-07-01,54,API,12
U0011986,C0731,2026-09-01,36,Integrations,16
U0011987,C0732,2025-01-01,61,Automation,4
U0011988,C0732,2025-02-01,42,Dashboard,6
U0011989,C0732,2025-03-01,37,Integrations,3
U0011990,C0732,2025-04-01,61,API,16
U0011991,C0732,2025-06-01,28,Automation,4
U0011992,C0732,2025-08-01,17,Exports,13
U0011993,C0732,2025-09-01,31,Integrations,15
U0011994,C0732,2025-10-01,47,Integrations,4
U0011995,C0732,2025-11-01,25,Automation,3
U0011996,C0732,2025-12-01,29,Dashboard,4
U0011997,C0732,2026-01-01,40,Automation,2
U0011998,C0732,2026-02-01,4,Exports,7
U0011999,C0732,2026-03-01,38,Reports,3
U0012000,C0732,2026-04-01,60,Integrations,7
U0012001,C0732,2026-05-01,78,Exports,12
U0012002,C0732,2026-06-01,73,Automation,19
U0012003,C0732,2026-09-01,35,API,5
U0012004,C0733,2025-02-01,45,Exports,1
U0012005,C0733,2025-03-01,8,Dashboard,17
U0012006,C0733,2025-04-01,10,API,18
U0012007,C0733,2025-05-01,72,Dashboard,9
U0012008,C0733,2025-08-01,45,Reports,3
U0012009,C0733,2025-09-01,15,API,10
U0012010,C0733,2025-10-01,66,API,18
U0012011,C0733,2025-11-01,57,API,17
U0012012,C0733,2026-01-01,25,Reports,14
U0012013,C0733,2026-03-01,44,Exports,12
U0012014,C0733,2026-04-01,30,Exports,3
U0012015,C0733,2026-05-01,40,Reports,18
U0012016,C0733,2026-06-01,72,Automation,11
U0012017,C0733,2026-07-01,27,Automation,14
U0012018,C0733,2026-08-01,71,Automation,8
U0012019,C0733,2026-09-01,67,Dashboard,19
U0012020,C0734,2025-01-01,32,Dashboard,9
U0012021,C0734,2025-02-01,12,Exports,2
U0012022,C0734,2025-03-01,51,Dashboard,4
U0012023,C0734,2025-04-01,41,API,2
U0012024,C0734,2025-05-01,32,Reports,8
U0012025,C0734,2025-06-01,49,Dashboard,19
U0012026,C0734,2025-08-01,69,Reports,12
U0012027,C0734,2025-09-01,52,API,19
U0012028,C0734,2025-10-01,16,Exports,4
U0012029,C0734,2025-12-01,48,Dashboard,6
U0012030,C0734,2026-01-01,61,Exports,9
U0012031,C0734,2026-02-01,9,Automation,9
U0012032,C0734,2026-03-01,1,Reports,12
U0012033,C0734,2026-04-01,25,Integrations,4
U0012034,C0734,2026-05-01,61,Exports,1
U0012035,C0734,2026-06-01,8,Automation,3
U0012036,C0734,2026-07-01,6,Integrations,17
U0012037,C0734,2026-09-01,61,Dashboard,14
U0012038,C0735,2025-01-01,37,Dashboard,10
U0012039,C0735,2025-03-01,78,Dashboard,14
U0012040,C0735,2025-04-01,60,Integrations,12
U0012041,C0735,2025-05-01,30,Integrations,6
U0012042,C0735,2025-06-01,7,Exports,2
U0012043,C0735,2025-07-01,27,Integrations,15
U0012044,C0735,2025-08-01,62,Automation,8
U0012045,C0735,2025-09-01,15,Dashboard,11
U0012046,C0735,2025-10-01,46,Integrations,8
U0012047,C0735,2026-03-01,15,Dashboard,8
U0012048,C0735,2026-04-01,46,Dashboard,15
U0012049,C0735,2026-06-01,77,API,14
U0012050,C0735,2026-08-01,41,API,5
U0012051,C0735,2026-09-01,79,Automation,1
U0012052,C0736,2025-01-01,21,Exports,4
U0012053,C0736,2025-02-01,51,Dashboard,9
U0012054,C0736,2025-03-01,18,API,4
U0012055,C0736,2025-04-01,67,Automation,19
U0012056,C0736,2025-05-01,48,API,3
U0012057,C0736,2025-06-01,16,Exports,11
U0012058,C0736,2025-08-01,56,Dashboard,12
U0012059,C0736,2025-10-01,21,Dashboard,13
U0012060,C0736,2026-01-01,79,Reports,11
U0012061,C0736,2026-02-01,71,Dashboard,2
U0012062,C0736,2026-03-01,16,Reports,8
U0012063,C0736,2026-05-01,18,Exports,12
U0012064,C0736,2026-06-01,9,Automation,11
U0012065,C0736,2026-07-01,11,Integrations,17
U0012066,C0736,2026-08-01,24,Automation,11
U0012067,C0736,2026-09-01,37,API,7
U0012068,C0737,2025-02-01,76,Reports,6
U0012069,C0737,2025-05-01,79,Integrations,11
U0012070,C0737,2025-06-01,2,Exports,19
U0012071,C0737,2025-07-01,49,Dashboard,15
U0012072,C0737,2025-08-01,10,Automation,3
U0012073,C0737,2025-09-01,75,Integrations,14
U0012074,C0737,2025-10-01,10,Reports,17
U0012075,C0737,2025-11-01,75,Automation,7
U0012076,C0737,2025-12-01,58,API,16
U0012077,C0737,2026-01-01,53,Dashboard,8
U0012078,C0737,2026-03-01,61,Exports,2
U0012079,C0737,2026-04-01,42,Integrations,5
U0012080,C0737,2026-05-01,9,Dashboard,4
U0012081,C0737,2026-06-01,74,API,19
U0012082,C0737,2026-08-01,39,Exports,2
U0012083,C0738,2025-01-01,49,Exports,14
U0012084,C0738,2025-02-01,12,Automation,18
U0012085,C0738,2025-03-01,61,Dashboard,14
U0012086,C0738,2025-04-01,67,API,8
U0012087,C0738,2025-05-01,56,Automation,13
U0012088,C0738,2025-08-01,1,Automation,12
U0012089,C0738,2025-09-01,48,Reports,10
U0012090,C0738,2025-10-01,25,Dashboard,11
U0012091,C0738,2025-11-01,16,Dashboard,6
U0012092,C0738,2025-12-01,5,Reports,15
U0012093,C0738,2026-01-01,1,Integrations,1
U0012094,C0738,2026-02-01,60,API,5
U0012095,C0738,2026-03-01,22,Reports,3
U0012096,C0738,2026-04-01,1,Reports,9
U0012097,C0738,2026-05-01,69,Automation,17
U0012098,C0738,2026-06-01,33,Integrations,13
U0012099,C0738,2026-07-01,9,Automation,8
U0012100,C0738,2026-08-01,48,Reports,12
U0012101,C0738,2026-09-01,65,Automation,16
U0012102,C0739,2025-01-01,59,Automation,1
U0012103,C0739,2025-02-01,65,API,18
U0012104,C0739,2025-03-01,15,API,15
U0012105,C0739,2025-04-01,62,Integrations,1
U0012106,C0739,2025-05-01,11,Reports,6
U0012107,C0739,2025-07-01,77,Reports,2
U0012108,C0739,2025-08-01,65,Exports,18
U0012109,C0739,2025-09-01,24,Dashboard,16
U0012110,C0739,2025-10-01,68,Integrations,14
U0012111,C0739,2025-12-01,62,Integrations,19
U0012112,C0739,2026-02-01,58,Reports,15
U0012113,C0739,2026-05-01,69,API,12
U0012114,C0739,2026-06-01,49,API,4
U0012115,C0739,2026-07-01,56,Exports,15
U0012116,C0739,2026-08-01,23,Dashboard,14
U0012117,C0739,2026-09-01,11,Integrations,3
U0012118,C0740,2025-02-01,53,Integrations,13
U0012119,C0740,2025-05-01,42,Exports,11
U0012120,C0740,2025-06-01,5,Integrations,17
U0012121,C0740,2025-07-01,17,Automation,2
U0012122,C0740,2025-08-01,69,Reports,4
U0012123,C0740,2025-09-01,72,Integrations,17
U0012124,C0740,2025-10-01,4,Integrations,7
U0012125,C0740,2025-11-01,79,Dashboard,19
U0012126,C0740,2026-01-01,30,Reports,3
U0012127,C0740,2026-02-01,44,Dashboard,8
U0012128,C0740,2026-03-01,69,Dashboard,1
U0012129,C0740,2026-04-01,41,Reports,18
U0012130,C0740,2026-05-01,68,Dashboard,14
U0012131,C0740,2026-06-01,16,Dashboard,3
U0012132,C0740,2026-07-01,37,Exports,15
U0012133,C0740,2026-08-01,65,Automation,18
U0012134,C0740,2026-09-01,7,Dashboard,10
U0012135,C0741,2025-01-01,54,Exports,17
U0012136,C0741,2025-02-01,10,Dashboard,12
U0012137,C0741,2025-03-01,33,Exports,1
U0012138,C0741,2025-04-01,47,Exports,11
U0012139,C0741,2025-05-01,75,Reports,10
U0012140,C0741,2025-06-01,56,Reports,16
U0012141,C0741,2025-08-01,5,Integrations,13
U0012142,C0741,2025-09-01,61,Exports,1
U0012143,C0741,2025-12-01,10,Integrations,4
U0012144,C0741,2026-01-01,6,Dashboard,12
U0012145,C0741,2026-02-01,31,API,3
U0012146,C0741,2026-04-01,59,Integrations,7
U0012147,C0741,2026-05-01,2,Exports,2
U0012148,C0741,2026-07-01,53,Dashboard,17
U0012149,C0741,2026-08-01,32,Integrations,7
U0012150,C0741,2026-09-01,57,Automation,4
U0012151,C0742,2025-01-01,13,Automation,7
U0012152,C0742,2025-02-01,44,Reports,4
U0012153,C0742,2025-03-01,73,Reports,3
U0012154,C0742,2025-04-01,10,API,7
U0012155,C0742,2025-05-01,5,Automation,7
U0012156,C0742,2025-06-01,51,Exports,2
U0012157,C0742,2025-07-01,48,Reports,19
U0012158,C0742,2025-09-01,70,Dashboard,9
U0012159,C0742,2025-10-01,70,Exports,17
U0012160,C0742,2025-11-01,14,Automation,9
U0012161,C0742,2025-12-01,29,Integrations,19
U0012162,C0742,2026-01-01,31,Exports,4
U0012163,C0742,2026-02-01,13,Reports,17
U0012164,C0742,2026-03-01,73,Integrations,9
U0012165,C0742,2026-04-01,62,Reports,9
U0012166,C0742,2026-06-01,38,Exports,11
U0012167,C0742,2026-07-01,3,Exports,10
U0012168,C0742,2026-08-01,4,API,3
U0012169,C0742,2026-09-01,62,Integrations,3
U0012170,C0743,2025-01-01,15,Integrations,11
U0012171,C0743,2025-02-01,56,Reports,7
U0012172,C0743,2025-03-01,9,Reports,10
U0012173,C0743,2025-05-01,27,Integrations,4
U0012174,C0743,2025-06-01,72,Reports,12
U0012175,C0743,2025-07-01,12,API,19
U0012176,C0743,2025-08-01,69,Exports,6
U0012177,C0743,2025-09-01,18,Dashboard,17
U0012178,C0743,2025-10-01,65,Integrations,19
U0012179,C0743,2025-12-01,34,API,14
U0012180,C0743,2026-01-01,78,Integrations,13
U0012181,C0743,2026-02-01,75,Exports,12
U0012182,C0743,2026-03-01,9,Reports,13
U0012183,C0743,2026-04-01,62,Integrations,19
U0012184,C0743,2026-05-01,69,Dashboard,2
U0012185,C0743,2026-08-01,15,Exports,7
U0012186,C0744,2025-01-01,54,Reports,6
U0012187,C0744,2025-02-01,47,Dashboard,1
U0012188,C0744,2025-03-01,51,Automation,6
U0012189,C0744,2025-04-01,55,Exports,15
U0012190,C0744,2025-05-01,43,Exports,10
U0012191,C0744,2025-06-01,16,API,8
U0012192,C0744,2025-07-01,72,Automation,2
U0012193,C0744,2025-08-01,4,API,5
U0012194,C0744,2025-10-01,5,Dashboard,2
U0012195,C0744,2025-11-01,16,Dashboard,12
U0012196,C0744,2025-12-01,52,API,16
U0012197,C0744,2026-01-01,51,Automation,19
U0012198,C0744,2026-03-01,56,API,10
U0012199,C0744,2026-04-01,29,Dashboard,11
U0012200,C0744,2026-05-01,60,Exports,15
U0012201,C0744,2026-06-01,65,Exports,13
U0012202,C0744,2026-07-01,1,Dashboard,8
U0012203,C0744,2026-08-01,9,API,6
U0012204,C0744,2026-09-01,43,Integrations,3
U0012205,C0745,2025-01-01,26,API,7
U0012206,C0745,2025-02-01,55,Dashboard,9
U0012207,C0745,2025-03-01,11,Dashboard,15
U0012208,C0745,2025-04-01,73,Reports,13
U0012209,C0745,2025-05-01,13,Automation,13
U0012210,C0745,2025-07-01,5,Integrations,1
U0012211,C0745,2025-08-01,49,Reports,13
U0012212,C0745,2025-09-01,48,Integrations,7
U0012213,C0745,2025-10-01,76,Reports,7
U0012214,C0745,2025-11-01,73,Exports,4
U0012215,C0745,2025-12-01,73,API,5
U0012216,C0745,2026-01-01,16,Automation,16
U0012217,C0745,2026-02-01,60,Reports,5
U0012218,C0745,2026-03-01,13,API,14
U0012219,C0745,2026-04-01,68,Reports,10
U0012220,C0745,2026-05-01,55,Dashboard,11
U0012221,C0745,2026-06-01,50,Exports,11
U0012222,C0745,2026-07-01,41,API,7
U0012223,C0745,2026-08-01,16,Automation,5
U0012224,C0745,2026-09-01,15,Integrations,17
U0012225,C0746,2025-03-01,65,Automation,9
U0012226,C0746,2025-05-01,37,Automation,6
U0012227,C0746,2025-06-01,62,Reports,9
U0012228,C0746,2025-08-01,70,Automation,3
U0012229,C0746,2025-09-01,7,Automation,1
U0012230,C0746,2025-10-01,58,Dashboard,11
U0012231,C0746,2025-11-01,43,Automation,17
U0012232,C0746,2025-12-01,78,API,13
U0012233,C0746,2026-03-01,17,Integrations,5
U0012234,C0746,2026-04-01,43,Automation,3
U0012235,C0746,2026-06-01,68,Dashboard,11
U0012236,C0746,2026-08-01,79,Reports,7
U0012237,C0746,2026-09-01,17,Integrations,3
U0012238,C0747,2025-01-01,29,Integrations,1
U0012239,C0747,2025-03-01,44,Dashboard,17
U0012240,C0747,2025-04-01,5,Dashboard,1
U0012241,C0747,2025-05-01,70,Reports,6
U0012242,C0747,2025-06-01,7,Integrations,16
U0012243,C0747,2025-07-01,8,Dashboard,3
U0012244,C0747,2025-08-01,62,Automation,8
U0012245,C0747,2025-09-01,75,Integrations,2
U0012246,C0747,2025-10-01,15,Dashboard,15
U0012247,C0747,2025-11-01,69,Automation,8
U0012248,C0747,2025-12-01,12,Exports,12
U0012249,C0747,2026-01-01,22,Exports,6
U0012250,C0747,2026-03-01,15,API,8
U0012251,C0747,2026-04-01,11,Integrations,10
U0012252,C0747,2026-06-01,8,API,19
U0012253,C0747,2026-07-01,51,Exports,2
U0012254,C0747,2026-08-01,48,Reports,9
U0012255,C0747,2026-09-01,18,Exports,16
U0012256,C0748,2025-02-01,6,Integrations,9
U0012257,C0748,2025-03-01,53,API,17
U0012258,C0748,2025-04-01,64,Integrations,13
U0012259,C0748,2025-05-01,49,API,13
U0012260,C0748,2025-06-01,43,Exports,8
U0012261,C0748,2025-08-01,19,Automation,19
U0012262,C0748,2025-09-01,13,Dashboard,6
U0012263,C0748,2025-11-01,49,Reports,19
U0012264,C0748,2025-12-01,33,API,18
U0012265,C0748,2026-01-01,49,Reports,12
U0012266,C0748,2026-02-01,29,Dashboard,9
U0012267,C0748,2026-03-01,19,API,16
U0012268,C0748,2026-04-01,42,Reports,18
U0012269,C0748,2026-05-01,59,Integrations,10
U0012270,C0748,2026-06-01,17,Dashboard,19
U0012271,C0748,2026-08-01,5,Automation,10
U0012272,C0748,2026-09-01,31,Exports,14
U0012273,C0749,2025-01-01,4,Integrations,15
U0012274,C0749,2025-02-01,14,Automation,19
U0012275,C0749,2025-03-01,27,Reports,8
U0012276,C0749,2025-04-01,17,Reports,12
U0012277,C0749,2025-05-01,30,Dashboard,14
U0012278,C0749,2025-06-01,67,Dashboard,6
U0012279,C0749,2025-07-01,70,Exports,7
U0012280,C0749,2025-08-01,67,API,15
U0012281,C0749,2025-09-01,75,Automation,7
U0012282,C0749,2025-10-01,54,Automation,2
U0012283,C0749,2025-11-01,72,API,11
U0012284,C0749,2026-01-01,78,API,5
U0012285,C0749,2026-02-01,75,API,1
U0012286,C0749,2026-04-01,12,Integrations,13
U0012287,C0749,2026-05-01,5,Reports,13
U0012288,C0749,2026-06-01,8,API,14
U0012289,C0749,2026-08-01,57,Exports,1
U0012290,C0749,2026-09-01,76,Integrations,16
U0012291,C0750,2025-01-01,51,Integrations,8
U0012292,C0750,2025-03-01,5,Integrations,4
U0012293,C0750,2025-04-01,32,API,17
U0012294,C0750,2025-06-01,18,Automation,15
U0012295,C0750,2025-07-01,21,Reports,13
U0012296,C0750,2025-08-01,28,Dashboard,7
U0012297,C0750,2025-10-01,8,Integrations,17
U0012298,C0750,2025-11-01,18,Automation,5
U0012299,C0750,2025-12-01,30,API,14
U0012300,C0750,2026-02-01,21,Reports,13
U0012301,C0750,2026-03-01,49,Dashboard,8
U0012302,C0750,2026-04-01,62,Reports,11
U0012303,C0750,2026-05-01,68,Reports,6
U0012304,C0750,2026-06-01,61,Automation,6
U0012305,C0750,2026-08-01,21,Automation,16
U0012306,C0750,2026-09-01,31,Reports,13
U0012307,C0751,2025-02-01,79,API,18
U0012308,C0751,2025-04-01,41,Dashboard,18
U0012309,C0751,2025-05-01,44,Integrations,13
U0012310,C0751,2025-07-01,59,Automation,2
U0012311,C0751,2025-08-01,48,Reports,8
U0012312,C0751,2025-09-01,72,API,19
U0012313,C0751,2025-10-01,51,API,7
U0012314,C0751,2025-11-01,20,Reports,19
U0012315,C0751,2025-12-01,36,Exports,19
U0012316,C0751,2026-01-01,66,Reports,9
U0012317,C0751,2026-02-01,72,Reports,16
U0012318,C0751,2026-03-01,69,API,10
U0012319,C0751,2026-04-01,63,Reports,15
U0012320,C0751,2026-05-01,3,Integrations,7
U0012321,C0751,2026-06-01,50,Exports,19
U0012322,C0751,2026-07-01,39,Automation,11
U0012323,C0751,2026-08-01,37,Automation,8
U0012324,C0751,2026-09-01,29,Integrations,14
U0012325,C0752,2025-04-01,49,API,8
U0012326,C0752,2025-05-01,40,Dashboard,4
U0012327,C0752,2025-06-01,5,Dashboard,11
U0012328,C0752,2025-07-01,58,Integrations,2
U0012329,C0752,2025-09-01,77,Integrations,18
U0012330,C0752,2025-11-01,30,Exports,2
U0012331,C0752,2025-12-01,9,API,12
U0012332,C0752,2026-01-01,49,API,12
U0012333,C0752,2026-02-01,6,Reports,5
U0012334,C0752,2026-03-01,74,Automation,9
U0012335,C0752,2026-04-01,47,Integrations,16
U0012336,C0752,2026-05-01,21,Integrations,12
U0012337,C0752,2026-06-01,73,API,17
U0012338,C0752,2026-07-01,12,Integrations,2
U0012339,C0752,2026-09-01,3,Integrations,10
U0012340,C0753,2025-01-01,3,Exports,14
U0012341,C0753,2025-03-01,4,Dashboard,16
U0012342,C0753,2025-04-01,53,Exports,4
U0012343,C0753,2025-05-01,22,Exports,12
U0012344,C0753,2025-06-01,61,Reports,8
U0012345,C0753,2025-10-01,36,Automation,14
U0012346,C0753,2025-11-01,13,Integrations,18
U0012347,C0753,2025-12-01,44,API,19
U0012348,C0753,2026-01-01,30,Reports,9
U0012349,C0753,2026-02-01,24,Automation,12
U0012350,C0753,2026-04-01,79,Dashboard,12
U0012351,C0753,2026-05-01,46,Dashboard,13
U0012352,C0753,2026-06-01,27,Integrations,8
U0012353,C0753,2026-07-01,26,Exports,11
U0012354,C0753,2026-08-01,28,Dashboard,10
U0012355,C0753,2026-09-01,13,Exports,17
U0012356,C0754,2025-01-01,8,Dashboard,4
U0012357,C0754,2025-02-01,48,Exports,10
U0012358,C0754,2025-04-01,29,Automation,19
U0012359,C0754,2025-07-01,39,Dashboard,16
U0012360,C0754,2025-08-01,34,Automation,4
U0012361,C0754,2025-10-01,33,API,6
U0012362,C0754,2026-01-01,78,API,12
U0012363,C0754,2026-02-01,24,API,8
U0012364,C0754,2026-03-01,25,Integrations,14
U0012365,C0754,2026-05-01,21,Dashboard,12
U0012366,C0754,2026-06-01,5,Dashboard,11
U0012367,C0754,2026-07-01,66,API,9
U0012368,C0754,2026-09-01,62,Reports,16
U0012369,C0755,2025-01-01,27,Exports,11
U0012370,C0755,2025-02-01,46,Exports,14
U0012371,C0755,2025-04-01,46,Automation,1
U0012372,C0755,2025-05-01,64,Dashboard,9
U0012373,C0755,2025-06-01,46,Integrations,10
U0012374,C0755,2025-07-01,76,Dashboard,6
U0012375,C0755,2025-08-01,55,Dashboard,14
U0012376,C0755,2025-09-01,56,Reports,17
U0012377,C0755,2025-10-01,18,API,19
U0012378,C0755,2025-11-01,34,Integrations,2
U0012379,C0755,2025-12-01,8,Dashboard,4
U0012380,C0755,2026-01-01,4,Reports,1
U0012381,C0755,2026-02-01,73,Automation,1
U0012382,C0755,2026-03-01,29,Dashboard,19
U0012383,C0755,2026-04-01,79,Reports,3
U0012384,C0755,2026-05-01,30,Dashboard,17
U0012385,C0755,2026-06-01,71,Dashboard,16
U0012386,C0755,2026-07-01,65,Dashboard,18
U0012387,C0755,2026-08-01,21,Automation,8
U0012388,C0755,2026-09-01,65,Integrations,13
U0012389,C0756,2025-01-01,41,Integrations,19
U0012390,C0756,2025-04-01,29,Automation,2
U0012391,C0756,2025-05-01,44,Dashboard,11
U0012392,C0756,2025-06-01,52,Integrations,3
U0012393,C0756,2025-07-01,44,Integrations,13
U0012394,C0756,2025-09-01,21,Reports,9
U0012395,C0756,2025-11-01,61,Automation,7
U0012396,C0756,2026-02-01,64,Integrations,4
U0012397,C0756,2026-03-01,33,Integrations,17
U0012398,C0756,2026-04-01,53,Dashboard,12
U0012399,C0756,2026-05-01,69,Reports,4
U0012400,C0756,2026-06-01,11,API,9
U0012401,C0756,2026-07-01,22,Integrations,13
U0012402,C0756,2026-08-01,31,Integrations,19
U0012403,C0756,2026-09-01,69,API,10
U0012404,C0757,2025-02-01,56,Reports,12
U0012405,C0757,2025-04-01,2,Integrations,7
U0012406,C0757,2025-06-01,23,Dashboard,8
U0012407,C0757,2025-07-01,76,Dashboard,5
U0012408,C0757,2025-08-01,2,Dashboard,2
U0012409,C0757,2025-09-01,38,Automation,9
U0012410,C0757,2025-10-01,50,Exports,7
U0012411,C0757,2025-11-01,2,Integrations,8
U0012412,C0757,2026-01-01,61,Automation,14
U0012413,C0757,2026-02-01,33,Integrations,2
U0012414,C0757,2026-03-01,70,Reports,5
U0012415,C0757,2026-04-01,61,API,9
U0012416,C0757,2026-05-01,65,Automation,14
U0012417,C0757,2026-06-01,14,Integrations,8
U0012418,C0757,2026-08-01,18,Automation,9
U0012419,C0757,2026-09-01,23,Reports,13
U0012420,C0758,2025-01-01,14,Automation,6
U0012421,C0758,2025-04-01,43,Dashboard,13
U0012422,C0758,2025-05-01,46,Dashboard,15
U0012423,C0758,2025-07-01,51,Reports,8
U0012424,C0758,2025-08-01,32,API,7
U0012425,C0758,2025-09-01,44,Exports,4
U0012426,C0758,2025-11-01,74,Exports,1
U0012427,C0758,2026-01-01,40,API,18
U0012428,C0758,2026-02-01,51,Reports,3
U0012429,C0758,2026-03-01,33,Reports,11
U0012430,C0758,2026-05-01,69,Reports,13
U0012431,C0758,2026-07-01,41,Exports,1
U0012432,C0758,2026-09-01,5,Dashboard,3
U0012433,C0759,2025-02-01,48,Integrations,3
U0012434,C0759,2025-03-01,77,Reports,9
U0012435,C0759,2025-04-01,56,Reports,13
U0012436,C0759,2025-05-01,79,Integrations,11
U0012437,C0759,2025-06-01,72,Reports,8
U0012438,C0759,2025-07-01,72,Integrations,7
U0012439,C0759,2025-08-01,56,Reports,15
U0012440,C0759,2025-10-01,41,Dashboard,18
U0012441,C0759,2025-12-01,19,Integrations,16
U0012442,C0759,2026-01-01,50,Automation,17
U0012443,C0759,2026-02-01,29,Exports,6
U0012444,C0759,2026-03-01,20,API,17
U0012445,C0759,2026-04-01,23,Integrations,11
U0012446,C0759,2026-05-01,12,Automation,19
U0012447,C0759,2026-06-01,68,Automation,4
U0012448,C0759,2026-07-01,77,Integrations,8
U0012449,C0759,2026-09-01,56,Dashboard,14
U0012450,C0760,2025-01-01,50,Dashboard,17
U0012451,C0760,2025-03-01,65,Integrations,8
U0012452,C0760,2025-04-01,54,Reports,10
U0012453,C0760,2025-05-01,61,Integrations,4
U0012454,C0760,2025-06-01,31,Reports,4
U0012455,C0760,2025-07-01,56,API,6
U0012456,C0760,2025-08-01,68,API,12
U0012457,C0760,2025-09-01,78,Exports,11
U0012458,C0760,2025-10-01,2,Exports,6
U0012459,C0760,2025-12-01,67,Reports,18
U0012460,C0760,2026-02-01,79,Exports,8
U0012461,C0760,2026-03-01,71,Reports,18
U0012462,C0760,2026-04-01,48,Reports,6
U0012463,C0760,2026-05-01,76,Reports,7
U0012464,C0760,2026-06-01,65,API,9
U0012465,C0760,2026-09-01,61,Dashboard,9
U0012466,C0761,2025-01-01,48,Automation,18
U0012467,C0761,2025-02-01,39,Reports,6
U0012468,C0761,2025-04-01,59,API,7
U0012469,C0761,2025-05-01,47,Integrations,11
U0012470,C0761,2025-06-01,25,Dashboard,10
U0012471,C0761,2025-07-01,28,API,18
U0012472,C0761,2025-09-01,26,API,17
U0012473,C0761,2025-10-01,57,Automation,6
U0012474,C0761,2025-11-01,13,API,5
U0012475,C0761,2025-12-01,11,Exports,11
U0012476,C0761,2026-01-01,36,Integrations,13
U0012477,C0761,2026-03-01,50,API,18
U0012478,C0761,2026-04-01,26,Dashboard,4
U0012479,C0761,2026-06-01,66,Automation,10
U0012480,C0761,2026-07-01,57,Dashboard,2
U0012481,C0761,2026-08-01,21,Automation,13
U0012482,C0761,2026-09-01,15,Integrations,18
U0012483,C0762,2025-02-01,20,API,5
U0012484,C0762,2025-03-01,74,Dashboard,14
U0012485,C0762,2025-04-01,69,Exports,1
U0012486,C0762,2025-05-01,77,Reports,7
U0012487,C0762,2025-06-01,23,Integrations,4
U0012488,C0762,2025-07-01,63,Reports,18
U0012489,C0762,2025-08-01,54,Dashboard,11
U0012490,C0762,2025-09-01,19,Exports,18
U0012491,C0762,2025-10-01,9,Dashboard,19
U0012492,C0762,2026-01-01,69,Dashboard,2
U0012493,C0762,2026-02-01,30,Exports,12
U0012494,C0762,2026-03-01,49,Integrations,2
U0012495,C0762,2026-04-01,32,Exports,5
U0012496,C0762,2026-05-01,44,Reports,19
U0012497,C0762,2026-06-01,24,API,3
U0012498,C0762,2026-07-01,70,Reports,15
U0012499,C0762,2026-08-01,71,Dashboard,1
U0012500,C0762,2026-09-01,77,Reports,7
U0012501,C0763,2025-01-01,43,API,18
U0012502,C0763,2025-02-01,26,Reports,17
U0012503,C0763,2025-03-01,2,Reports,14
U0012504,C0763,2025-04-01,19,Exports,9
U0012505,C0763,2025-05-01,30,Dashboard,16
U0012506,C0763,2025-06-01,15,Reports,11
U0012507,C0763,2025-07-01,58,Dashboard,16
U0012508,C0763,2025-09-01,42,API,11
U0012509,C0763,2025-11-01,60,Integrations,7
U0012510,C0763,2026-01-01,78,API,7
U0012511,C0763,2026-02-01,22,API,12
U0012512,C0763,2026-03-01,33,Dashboard,14
U0012513,C0763,2026-04-01,50,Dashboard,11
U0012514,C0763,2026-06-01,33,API,1
U0012515,C0763,2026-07-01,71,Reports,8
U0012516,C0764,2025-02-01,19,API,8
U0012517,C0764,2025-03-01,44,Integrations,9
U0012518,C0764,2025-04-01,52,Exports,2
U0012519,C0764,2025-05-01,54,Exports,14
U0012520,C0764,2025-06-01,26,Dashboard,10
U0012521,C0764,2025-07-01,12,Integrations,1
U0012522,C0764,2025-08-01,9,Exports,4
U0012523,C0764,2025-09-01,4,API,6
U0012524,C0764,2025-10-01,65,Automation,18
U0012525,C0764,2025-11-01,25,Reports,18
U0012526,C0764,2025-12-01,50,Dashboard,15
U0012527,C0764,2026-02-01,53,Dashboard,19
U0012528,C0764,2026-03-01,61,Automation,6
U0012529,C0764,2026-05-01,21,Exports,1
U0012530,C0764,2026-06-01,24,API,10
U0012531,C0764,2026-07-01,43,Exports,5
U0012532,C0765,2025-01-01,36,Integrations,19
U0012533,C0765,2025-02-01,15,Reports,6
U0012534,C0765,2025-03-01,68,Dashboard,10
U0012535,C0765,2025-04-01,58,Integrations,16
U0012536,C0765,2025-05-01,44,API,14
U0012537,C0765,2025-06-01,65,API,16
U0012538,C0765,2025-08-01,56,Dashboard,4
U0012539,C0765,2025-10-01,58,Integrations,16
U0012540,C0765,2025-12-01,42,Integrations,10
U0012541,C0765,2026-02-01,7,Dashboard,8
U0012542,C0765,2026-03-01,42,Exports,17
U0012543,C0765,2026-04-01,8,Dashboard,17
U0012544,C0765,2026-05-01,34,Automation,16
U0012545,C0765,2026-06-01,18,Reports,14
U0012546,C0765,2026-07-01,69,Dashboard,4
U0012547,C0765,2026-08-01,52,Integrations,14
U0012548,C0765,2026-09-01,45,Reports,10
U0012549,C0766,2025-01-01,14,Dashboard,10
U0012550,C0766,2025-02-01,51,Integrations,2
U0012551,C0766,2025-03-01,62,API,14
U0012552,C0766,2025-04-01,78,API,1
U0012553,C0766,2025-05-01,19,API,1
U0012554,C0766,2025-07-01,8,Integrations,17
U0012555,C0766,2025-08-01,44,Automation,17
U0012556,C0766,2025-09-01,48,Integrations,14
U0012557,C0766,2025-11-01,1,Reports,15
U0012558,C0766,2026-03-01,53,Exports,2
U0012559,C0766,2026-05-01,45,Automation,4
U0012560,C0766,2026-06-01,25,Dashboard,12
U0012561,C0766,2026-09-01,8,Automation,4
U0012562,C0767,2025-01-01,14,Exports,5
U0012563,C0767,2025-02-01,23,Reports,13
U0012564,C0767,2025-06-01,46,Dashboard,2
U0012565,C0767,2025-07-01,28,Dashboard,15
U0012566,C0767,2025-10-01,43,Reports,19
U0012567,C0767,2025-11-01,65,Dashboard,13
U0012568,C0767,2026-03-01,45,Dashboard,8
U0012569,C0767,2026-04-01,78,Exports,9
U0012570,C0767,2026-05-01,56,API,16
U0012571,C0767,2026-07-01,73,Exports,17
U0012572,C0767,2026-09-01,42,Integrations,8
U0012573,C0768,2025-01-01,63,Automation,6
U0012574,C0768,2025-02-01,63,Dashboard,3
U0012575,C0768,2025-03-01,12,Dashboard,14
U0012576,C0768,2025-04-01,19,Integrations,8
U0012577,C0768,2025-05-01,43,API,5
U0012578,C0768,2025-07-01,11,Integrations,2
U0012579,C0768,2025-08-01,37,API,1
U0012580,C0768,2025-10-01,7,Exports,18
U0012581,C0768,2025-11-01,58,Dashboard,2
U0012582,C0768,2025-12-01,69,Dashboard,5
U0012583,C0768,2026-01-01,68,Integrations,12
U0012584,C0768,2026-02-01,77,Integrations,5
U0012585,C0768,2026-03-01,40,Integrations,19
U0012586,C0768,2026-05-01,7,Reports,11
U0012587,C0768,2026-06-01,32,Automation,8
U0012588,C0768,2026-07-01,2,API,19
U0012589,C0768,2026-08-01,71,Dashboard,4
U0012590,C0769,2025-01-01,15,Exports,14
U0012591,C0769,2025-02-01,70,Exports,4
U0012592,C0769,2025-03-01,9,Exports,7
U0012593,C0769,2025-05-01,19,Automation,13
U0012594,C0769,2025-07-01,22,Automation,17
U0012595,C0769,2025-08-01,21,Automation,11
U0012596,C0769,2025-11-01,59,Reports,5
U0012597,C0769,2025-12-01,71,Dashboard,13
U0012598,C0769,2026-03-01,29,API,15
U0012599,C0769,2026-04-01,68,API,17
U0012600,C0769,2026-06-01,14,Integrations,4
U0012601,C0769,2026-07-01,5,Automation,13
U0012602,C0769,2026-09-01,71,Dashboard,2
U0012603,C0770,2025-01-01,58,Reports,18
U0012604,C0770,2025-02-01,45,Integrations,4
U0012605,C0770,2025-03-01,66,Integrations,6
U0012606,C0770,2025-04-01,33,Automation,1
U0012607,C0770,2025-05-01,46,Exports,9
U0012608,C0770,2025-06-01,44,Automation,6
U0012609,C0770,2025-07-01,79,API,18
U0012610,C0770,2025-09-01,39,Automation,2
U0012611,C0770,2025-11-01,26,Reports,19
U0012612,C0770,2025-12-01,68,Dashboard,1
U0012613,C0770,2026-02-01,3,Reports,1
U0012614,C0770,2026-04-01,65,Integrations,4
U0012615,C0770,2026-06-01,77,Exports,18
U0012616,C0770,2026-07-01,45,Exports,7
U0012617,C0770,2026-08-01,1,API,14
U0012618,C0770,2026-09-01,47,Automation,14
U0012619,C0771,2025-01-01,11,API,13
U0012620,C0771,2025-02-01,62,Automation,4
U0012621,C0771,2025-03-01,17,Reports,11
U0012622,C0771,2025-06-01,25,Automation,17
U0012623,C0771,2025-07-01,47,Integrations,14
U0012624,C0771,2025-08-01,33,API,16
U0012625,C0771,2025-09-01,11,Automation,19
U0012626,C0771,2025-10-01,15,Exports,10
U0012627,C0771,2026-03-01,63,Dashboard,17
U0012628,C0771,2026-04-01,61,Reports,13
U0012629,C0771,2026-07-01,50,Integrations,13
U0012630,C0771,2026-08-01,40,Reports,1
U0012631,C0771,2026-09-01,64,Exports,14
U0012632,C0772,2025-01-01,66,Integrations,16
U0012633,C0772,2025-02-01,50,API,6
U0012634,C0772,2025-04-01,75,Integrations,8
U0012635,C0772,2025-05-01,31,API,17
U0012636,C0772,2025-06-01,23,Integrations,17
U0012637,C0772,2025-07-01,61,Dashboard,15
U0012638,C0772,2025-08-01,17,Integrations,5
U0012639,C0772,2025-10-01,26,Exports,8
U0012640,C0772,2025-11-01,48,Exports,19
U0012641,C0772,2025-12-01,23,Integrations,15
U0012642,C0772,2026-01-01,17,Dashboard,19
U0012643,C0772,2026-02-01,42,Reports,10
U0012644,C0772,2026-04-01,28,Dashboard,18
U0012645,C0772,2026-05-01,76,Dashboard,15
U0012646,C0772,2026-06-01,14,API,8
U0012647,C0772,2026-09-01,69,Dashboard,16
U0012648,C0773,2025-01-01,36,Automation,11
U0012649,C0773,2025-03-01,10,API,8
U0012650,C0773,2025-06-01,53,API,17
U0012651,C0773,2025-08-01,74,API,6
U0012652,C0773,2025-09-01,13,Dashboard,15
U0012653,C0773,2025-11-01,62,Exports,18
U0012654,C0773,2026-01-01,32,Exports,5
U0012655,C0773,2026-02-01,47,Automation,7
U0012656,C0773,2026-03-01,33,Automation,5
U0012657,C0773,2026-04-01,63,Exports,17
U0012658,C0773,2026-05-01,17,Integrations,1
U0012659,C0773,2026-06-01,2,Automation,19
U0012660,C0773,2026-07-01,10,Automation,7
U0012661,C0773,2026-08-01,37,Integrations,6
U0012662,C0773,2026-09-01,78,Integrations,4
U0012663,C0774,2025-01-01,70,Dashboard,7
U0012664,C0774,2025-03-01,43,Reports,11
U0012665,C0774,2025-04-01,43,Automation,1
U0012666,C0774,2025-06-01,8,Exports,3
U0012667,C0774,2025-07-01,23,Reports,8
U0012668,C0774,2025-09-01,56,Reports,18
U0012669,C0774,2025-10-01,68,Automation,5
U0012670,C0774,2025-12-01,77,Dashboard,7
U0012671,C0774,2026-01-01,24,Exports,3
U0012672,C0774,2026-02-01,17,API,8
U0012673,C0774,2026-03-01,11,Reports,12
U0012674,C0774,2026-04-01,10,API,9
U0012675,C0774,2026-05-01,5,Automation,16
U0012676,C0774,2026-07-01,37,Automation,17
U0012677,C0774,2026-08-01,30,Reports,8
U0012678,C0774,2026-09-01,13,Automation,11
U0012679,C0775,2025-01-01,31,API,14
U0012680,C0775,2025-03-01,16,Integrations,18
U0012681,C0775,2025-04-01,39,Reports,5
U0012682,C0775,2025-05-01,8,Reports,18
U0012683,C0775,2025-06-01,28,Exports,6
U0012684,C0775,2025-07-01,50,Automation,3
U0012685,C0775,2025-08-01,29,Integrations,13
U0012686,C0775,2025-09-01,24,Exports,5
U0012687,C0775,2025-10-01,49,Automation,15
U0012688,C0775,2025-11-01,61,Reports,4
U0012689,C0775,2025-12-01,11,API,17
U0012690,C0775,2026-01-01,59,Reports,3
U0012691,C0775,2026-02-01,35,API,17
U0012692,C0775,2026-03-01,71,API,17
U0012693,C0775,2026-04-01,50,Dashboard,10
U0012694,C0775,2026-05-01,7,Exports,3
U0012695,C0775,2026-06-01,61,Integrations,1
U0012696,C0775,2026-07-01,73,Exports,5
U0012697,C0775,2026-08-01,14,API,8
U0012698,C0775,2026-09-01,45,API,18
U0012699,C0776,2025-01-01,32,Integrations,12
U0012700,C0776,2025-03-01,79,Exports,17
U0012701,C0776,2025-04-01,59,Integrations,9
U0012702,C0776,2025-05-01,64,Dashboard,3
U0012703,C0776,2025-07-01,76,Reports,9
U0012704,C0776,2025-10-01,62,Automation,2
U0012705,C0776,2025-12-01,18,Reports,6
U0012706,C0776,2026-01-01,18,Integrations,17
U0012707,C0776,2026-02-01,24,Exports,11
U0012708,C0776,2026-04-01,10,Automation,19
U0012709,C0776,2026-05-01,68,API,11
U0012710,C0776,2026-06-01,68,Reports,15
U0012711,C0776,2026-08-01,19,Reports,18
U0012712,C0776,2026-09-01,19,Exports,10
U0012713,C0777,2025-02-01,46,Dashboard,14
U0012714,C0777,2025-03-01,78,Exports,1
U0012715,C0777,2025-04-01,54,Integrations,13
U0012716,C0777,2025-05-01,6,Exports,1
U0012717,C0777,2025-06-01,60,Automation,5
U0012718,C0777,2025-08-01,10,Reports,18
U0012719,C0777,2025-09-01,59,Integrations,5
U0012720,C0777,2025-10-01,17,Reports,9
U0012721,C0777,2025-11-01,14,Reports,15
U0012722,C0777,2025-12-01,33,API,2
U0012723,C0777,2026-01-01,2,API,1
U0012724,C0777,2026-02-01,21,Automation,12
U0012725,C0777,2026-03-01,40,Exports,13
U0012726,C0777,2026-04-01,60,Dashboard,4
U0012727,C0777,2026-05-01,48,Reports,8
U0012728,C0777,2026-06-01,23,Exports,19
U0012729,C0777,2026-07-01,35,Dashboard,6
U0012730,C0777,2026-08-01,49,Reports,16
U0012731,C0777,2026-09-01,5,Exports,3
U0012732,C0778,2025-01-01,60,Integrations,4
U0012733,C0778,2025-02-01,52,Integrations,3
U0012734,C0778,2025-03-01,41,Dashboard,19
U0012735,C0778,2025-04-01,11,Dashboard,7
U0012736,C0778,2025-05-01,6,Automation,16
U0012737,C0778,2025-06-01,20,Reports,2
U0012738,C0778,2025-07-01,6,Dashboard,9
U0012739,C0778,2025-09-01,34,Dashboard,4
U0012740,C0778,2025-11-01,67,Exports,6
U0012741,C0778,2025-12-01,77,Dashboard,1
U0012742,C0778,2026-01-01,54,Dashboard,18
U0012743,C0778,2026-02-01,34,Automation,1
U0012744,C0778,2026-03-01,23,API,18
U0012745,C0778,2026-04-01,5,Exports,19
U0012746,C0778,2026-06-01,72,Reports,6
U0012747,C0778,2026-07-01,40,Exports,18
U0012748,C0778,2026-09-01,11,Reports,9
U0012749,C0779,2025-01-01,6,Automation,14
U0012750,C0779,2025-02-01,51,Automation,11
U0012751,C0779,2025-03-01,18,Reports,15
U0012752,C0779,2025-04-01,76,Integrations,6
U0012753,C0779,2025-05-01,2,API,13
U0012754,C0779,2025-06-01,25,Integrations,1
U0012755,C0779,2025-07-01,6,Dashboard,18
U0012756,C0779,2025-08-01,76,Automation,18
U0012757,C0779,2025-09-01,72,Integrations,15
U0012758,C0779,2025-10-01,70,Integrations,6
U0012759,C0779,2025-11-01,70,Exports,1
U0012760,C0779,2025-12-01,63,Integrations,19
U0012761,C0779,2026-01-01,56,Exports,3
U0012762,C0779,2026-02-01,51,Reports,16
U0012763,C0779,2026-03-01,22,API,14
U0012764,C0779,2026-04-01,43,Exports,17
U0012765,C0779,2026-05-01,61,Exports,19
U0012766,C0779,2026-06-01,17,Automation,17
U0012767,C0779,2026-08-01,54,Integrations,6
U0012768,C0779,2026-09-01,76,Dashboard,4
U0012769,C0780,2025-01-01,23,Exports,4
U0012770,C0780,2025-02-01,17,Integrations,7
U0012771,C0780,2025-04-01,78,Reports,14
U0012772,C0780,2025-05-01,60,Integrations,17
U0012773,C0780,2025-06-01,49,Dashboard,10
U0012774,C0780,2025-07-01,35,Reports,11
U0012775,C0780,2025-08-01,17,Reports,9
U0012776,C0780,2025-09-01,77,Dashboard,16
U0012777,C0780,2025-10-01,22,Integrations,4
U0012778,C0780,2025-11-01,15,Automation,8
U0012779,C0780,2025-12-01,74,Exports,18
U0012780,C0780,2026-03-01,55,Dashboard,10
U0012781,C0780,2026-04-01,63,Dashboard,14
U0012782,C0780,2026-05-01,18,Exports,4
U0012783,C0780,2026-06-01,2,Exports,1
U0012784,C0780,2026-07-01,50,Exports,2
U0012785,C0781,2025-01-01,14,Dashboard,5
U0012786,C0781,2025-02-01,21,API,6
U0012787,C0781,2025-04-01,63,Dashboard,2
U0012788,C0781,2025-05-01,5,Reports,13
U0012789,C0781,2025-06-01,72,Exports,14
U0012790,C0781,2025-08-01,12,Automation,13
U0012791,C0781,2025-09-01,28,Integrations,16
U0012792,C0781,2025-10-01,34,Exports,11
U0012793,C0781,2025-11-01,21,API,4
U0012794,C0781,2025-12-01,54,Dashboard,11
U0012795,C0781,2026-01-01,73,API,3
U0012796,C0781,2026-02-01,16,Exports,7
U0012797,C0781,2026-03-01,61,Exports,13
U0012798,C0781,2026-05-01,60,Integrations,12
U0012799,C0781,2026-06-01,32,Dashboard,5
U0012800,C0781,2026-07-01,73,Reports,1
U0012801,C0781,2026-08-01,42,Exports,19
U0012802,C0781,2026-09-01,2,Dashboard,3
U0012803,C0782,2025-01-01,59,API,6
U0012804,C0782,2025-03-01,26,API,7
U0012805,C0782,2025-04-01,23,Exports,2
U0012806,C0782,2025-05-01,42,Reports,1
U0012807,C0782,2025-06-01,77,Exports,6
U0012808,C0782,2025-07-01,46,Reports,18
U0012809,C0782,2025-08-01,21,Automation,2
U0012810,C0782,2025-09-01,36,Automation,9
U0012811,C0782,2025-10-01,16,Integrations,10
U0012812,C0782,2025-11-01,11,Integrations,8
U0012813,C0782,2025-12-01,6,API,18
U0012814,C0782,2026-02-01,21,Exports,15
U0012815,C0782,2026-03-01,1,API,6
U0012816,C0782,2026-04-01,10,Dashboard,19
U0012817,C0782,2026-05-01,42,Integrations,6
U0012818,C0782,2026-06-01,43,Exports,18
U0012819,C0782,2026-09-01,77,Exports,13
U0012820,C0783,2025-01-01,2,Reports,18
U0012821,C0783,2025-02-01,73,Exports,18
U0012822,C0783,2025-03-01,67,Exports,3
U0012823,C0783,2025-05-01,60,Reports,11
U0012824,C0783,2025-06-01,42,Automation,1
U0012825,C0783,2025-08-01,39,Automation,17
U0012826,C0783,2025-11-01,16,Dashboard,17
U0012827,C0783,2025-12-01,47,Integrations,19
U0012828,C0783,2026-01-01,66,Automation,13
U0012829,C0783,2026-02-01,42,Reports,12
U0012830,C0783,2026-03-01,56,Integrations,6
U0012831,C0783,2026-05-01,64,Reports,1
U0012832,C0783,2026-06-01,3,Automation,14
U0012833,C0783,2026-07-01,76,Automation,4
U0012834,C0783,2026-09-01,22,Automation,8
U0012835,C0784,2025-01-01,74,Automation,11
U0012836,C0784,2025-02-01,76,Reports,17
U0012837,C0784,2025-03-01,14,Integrations,18
U0012838,C0784,2025-04-01,71,Reports,12
U0012839,C0784,2025-05-01,56,Exports,14
U0012840,C0784,2025-06-01,67,Automation,1
U0012841,C0784,2025-08-01,13,Reports,10
U0012842,C0784,2025-09-01,37,Exports,11
U0012843,C0784,2025-10-01,11,Exports,7
U0012844,C0784,2025-11-01,71,Automation,10
U0012845,C0784,2025-12-01,27,Automation,6
U0012846,C0784,2026-01-01,10,Dashboard,3
U0012847,C0784,2026-03-01,46,Exports,2
U0012848,C0784,2026-04-01,52,Exports,3
U0012849,C0784,2026-05-01,74,Reports,5
U0012850,C0784,2026-06-01,59,API,3
U0012851,C0784,2026-08-01,72,Exports,15
U0012852,C0784,2026-09-01,3,Reports,12
U0012853,C0785,2025-01-01,31,Integrations,8
U0012854,C0785,2025-02-01,18,Automation,18
U0012855,C0785,2025-04-01,50,Integrations,6
U0012856,C0785,2025-05-01,4,Reports,16
U0012857,C0785,2025-07-01,2,Exports,13
U0012858,C0785,2025-08-01,19,Automation,9
U0012859,C0785,2025-09-01,74,Dashboard,6
U0012860,C0785,2025-10-01,21,Integrations,11
U0012861,C0785,2025-11-01,45,Exports,2
U0012862,C0785,2025-12-01,62,Reports,10
U0012863,C0785,2026-01-01,12,Dashboard,4
U0012864,C0785,2026-02-01,56,Automation,19
U0012865,C0785,2026-03-01,60,Automation,7
U0012866,C0785,2026-04-01,13,Reports,18
U0012867,C0785,2026-05-01,34,Reports,7
U0012868,C0785,2026-06-01,68,Exports,7
U0012869,C0785,2026-07-01,50,Dashboard,17
U0012870,C0785,2026-09-01,40,API,6
U0012871,C0786,2025-01-01,12,Reports,14
U0012872,C0786,2025-03-01,16,Reports,2
U0012873,C0786,2025-05-01,52,Automation,13
U0012874,C0786,2025-06-01,48,Reports,10
U0012875,C0786,2025-07-01,22,API,16
U0012876,C0786,2025-08-01,33,Dashboard,9
U0012877,C0786,2025-09-01,12,Integrations,14
U0012878,C0786,2025-11-01,66,API,1
U0012879,C0786,2025-12-01,56,API,15
U0012880,C0786,2026-02-01,23,Exports,1
U0012881,C0786,2026-03-01,18,Exports,14
U0012882,C0786,2026-04-01,71,Integrations,11
U0012883,C0786,2026-05-01,44,Exports,5
U0012884,C0786,2026-06-01,28,Exports,17
U0012885,C0786,2026-07-01,60,Reports,1
U0012886,C0786,2026-08-01,45,Integrations,1
U0012887,C0786,2026-09-01,56,Reports,3
U0012888,C0787,2025-01-01,3,Dashboard,18
U0012889,C0787,2025-02-01,70,Exports,2
U0012890,C0787,2025-03-01,4,Reports,3
U0012891,C0787,2025-05-01,69,Reports,8
U0012892,C0787,2025-06-01,64,Automation,4
U0012893,C0787,2025-07-01,54,Exports,10
U0012894,C0787,2025-08-01,18,API,13
U0012895,C0787,2025-09-01,49,Dashboard,13
U0012896,C0787,2025-10-01,14,API,3
U0012897,C0787,2025-11-01,79,Automation,2
U0012898,C0787,2025-12-01,39,Reports,13
U0012899,C0787,2026-02-01,8,Reports,16
U0012900,C0787,2026-03-01,74,API,12
U0012901,C0787,2026-04-01,20,Reports,5
U0012902,C0787,2026-05-01,27,Automation,1
U0012903,C0787,2026-06-01,56,Dashboard,9
U0012904,C0787,2026-08-01,57,Automation,1
U0012905,C0787,2026-09-01,33,Reports,5
U0012906,C0788,2025-01-01,18,Integrations,1
U0012907,C0788,2025-02-01,75,Reports,3
U0012908,C0788,2025-03-01,29,API,19
U0012909,C0788,2025-04-01,35,Automation,11
U0012910,C0788,2025-05-01,50,Exports,19
U0012911,C0788,2025-06-01,75,Integrations,10
U0012912,C0788,2025-08-01,30,Automation,8
U0012913,C0788,2025-09-01,20,API,6
U0012914,C0788,2025-10-01,47,Integrations,7
U0012915,C0788,2025-12-01,48,Exports,16
U0012916,C0788,2026-02-01,67,Integrations,7
U0012917,C0788,2026-05-01,52,Reports,19
U0012918,C0788,2026-07-01,34,Automation,19
U0012919,C0788,2026-09-01,15,Automation,17
U0012920,C0789,2025-01-01,7,Dashboard,9
U0012921,C0789,2025-02-01,53,Dashboard,7
U0012922,C0789,2025-04-01,25,Dashboard,11
U0012923,C0789,2025-05-01,36,Automation,6
U0012924,C0789,2025-06-01,67,Dashboard,13
U0012925,C0789,2025-07-01,67,Reports,10
U0012926,C0789,2025-08-01,31,Integrations,6
U0012927,C0789,2025-09-01,79,API,2
U0012928,C0789,2025-10-01,30,Reports,3
U0012929,C0789,2025-11-01,34,Reports,19
U0012930,C0789,2026-02-01,37,Reports,6
U0012931,C0789,2026-03-01,35,Reports,2
U0012932,C0789,2026-04-01,41,API,14
U0012933,C0789,2026-05-01,54,Reports,18
U0012934,C0789,2026-06-01,24,Integrations,15
U0012935,C0789,2026-07-01,18,API,1
U0012936,C0789,2026-08-01,39,Reports,9
U0012937,C0789,2026-09-01,17,API,3
U0012938,C0790,2025-01-01,33,Automation,9
U0012939,C0790,2025-02-01,22,Reports,13
U0012940,C0790,2025-03-01,65,Integrations,15
U0012941,C0790,2025-04-01,72,Automation,5
U0012942,C0790,2025-05-01,4,Automation,10
U0012943,C0790,2025-06-01,32,API,14
U0012944,C0790,2025-07-01,71,Exports,14
U0012945,C0790,2025-08-01,34,Exports,14
U0012946,C0790,2025-09-01,45,Automation,6
U0012947,C0790,2025-10-01,54,Reports,1
U0012948,C0790,2025-11-01,43,API,8
U0012949,C0790,2026-03-01,23,Reports,2
U0012950,C0790,2026-04-01,5,Integrations,15
U0012951,C0790,2026-06-01,3,Reports,11
U0012952,C0790,2026-08-01,19,Dashboard,12
U0012953,C0790,2026-09-01,34,Automation,17
U0012954,C0791,2025-03-01,23,Integrations,4
U0012955,C0791,2025-04-01,19,Automation,15
U0012956,C0791,2025-06-01,69,Integrations,2
U0012957,C0791,2025-08-01,57,Exports,1
U0012958,C0791,2025-09-01,26,Integrations,2
U0012959,C0791,2025-11-01,50,Automation,9
U0012960,C0791,2025-12-01,4,API,4
U0012961,C0791,2026-02-01,24,Automation,2
U0012962,C0791,2026-04-01,54,Exports,3
U0012963,C0791,2026-06-01,16,Integrations,3
U0012964,C0791,2026-08-01,58,Integrations,10
U0012965,C0791,2026-09-01,75,Reports,16
U0012966,C0792,2025-01-01,13,Dashboard,1
U0012967,C0792,2025-02-01,48,Automation,13
U0012968,C0792,2025-03-01,7,Exports,16
U0012969,C0792,2025-04-01,47,Dashboard,5
U0012970,C0792,2025-05-01,9,Exports,15
U0012971,C0792,2025-07-01,45,API,1
U0012972,C0792,2025-08-01,66,Dashboard,5
U0012973,C0792,2025-09-01,11,Reports,2
U0012974,C0792,2025-10-01,25,API,8
U0012975,C0792,2025-11-01,19,Integrations,14
U0012976,C0792,2025-12-01,38,Integrations,18
U0012977,C0792,2026-02-01,50,API,18
U0012978,C0792,2026-04-01,35,Exports,5
U0012979,C0792,2026-06-01,49,Exports,14
U0012980,C0792,2026-08-01,54,Integrations,11
U0012981,C0792,2026-09-01,32,Exports,3
U0012982,C0793,2025-01-01,35,Reports,7
U0012983,C0793,2025-02-01,45,Automation,4
U0012984,C0793,2025-03-01,70,Reports,19
U0012985,C0793,2025-04-01,7,Integrations,13
U0012986,C0793,2025-05-01,52,Dashboard,9
U0012987,C0793,2025-06-01,2,Exports,19
U0012988,C0793,2025-07-01,21,Automation,13
U0012989,C0793,2025-08-01,26,API,18
U0012990,C0793,2025-09-01,79,Dashboard,9
U0012991,C0793,2025-10-01,14,Dashboard,18
U0012992,C0793,2025-12-01,15,API,14
U0012993,C0793,2026-01-01,15,Integrations,17
U0012994,C0793,2026-02-01,17,API,17
U0012995,C0793,2026-03-01,28,Exports,3
U0012996,C0793,2026-04-01,23,Automation,3
U0012997,C0793,2026-07-01,50,Reports,3
U0012998,C0793,2026-08-01,69,Exports,12
U0012999,C0793,2026-09-01,18,Reports,8
U0013000,C0794,2025-01-01,15,Dashboard,1
U0013001,C0794,2025-02-01,42,Exports,4
U0013002,C0794,2025-03-01,4,Integrations,6
U0013003,C0794,2025-04-01,15,Automation,19
U0013004,C0794,2025-05-01,67,Reports,1
U0013005,C0794,2025-06-01,1,Dashboard,11
U0013006,C0794,2025-07-01,54,Integrations,19
U0013007,C0794,2025-09-01,55,API,3
U0013008,C0794,2025-10-01,58,Exports,14
U0013009,C0794,2025-11-01,77,Automation,10
U0013010,C0794,2025-12-01,67,Exports,19
U0013011,C0794,2026-01-01,51,Reports,11
U0013012,C0794,2026-02-01,73,Exports,3
U0013013,C0794,2026-03-01,19,Integrations,15
U0013014,C0794,2026-04-01,67,API,7
U0013015,C0794,2026-05-01,60,Automation,1
U0013016,C0794,2026-06-01,50,Dashboard,1
U0013017,C0794,2026-07-01,31,API,6
U0013018,C0794,2026-08-01,18,Exports,9
U0013019,C0794,2026-09-01,71,Reports,16
U0013020,C0795,2025-01-01,56,API,15
U0013021,C0795,2025-02-01,31,API,2
U0013022,C0795,2025-03-01,13,Dashboard,2
U0013023,C0795,2025-04-01,61,API,15
U0013024,C0795,2025-05-01,64,Dashboard,9
U0013025,C0795,2025-06-01,9,Exports,17
U0013026,C0795,2025-07-01,17,API,2
U0013027,C0795,2025-08-01,39,Exports,9
U0013028,C0795,2025-11-01,27,Automation,9
U0013029,C0795,2025-12-01,2,Integrations,17
U0013030,C0795,2026-01-01,17,API,1
U0013031,C0795,2026-02-01,54,Reports,8
U0013032,C0795,2026-03-01,33,API,16
U0013033,C0795,2026-05-01,78,Integrations,6
U0013034,C0795,2026-06-01,12,Integrations,16
U0013035,C0795,2026-07-01,21,Integrations,7
U0013036,C0795,2026-09-01,77,Automation,14
U0013037,C0796,2025-01-01,75,Reports,14
U0013038,C0796,2025-02-01,21,Dashboard,7
U0013039,C0796,2025-03-01,27,Dashboard,1
U0013040,C0796,2025-04-01,50,Reports,10
U0013041,C0796,2025-05-01,11,Integrations,18
U0013042,C0796,2025-06-01,79,Exports,1
U0013043,C0796,2025-08-01,7,Dashboard,12
U0013044,C0796,2025-09-01,9,Automation,15
U0013045,C0796,2025-10-01,74,Reports,4
U0013046,C0796,2025-11-01,79,Dashboard,12
U0013047,C0796,2025-12-01,42,Integrations,12
U0013048,C0796,2026-01-01,53,Exports,17
U0013049,C0796,2026-03-01,67,API,15
U0013050,C0796,2026-04-01,12,Integrations,6
U0013051,C0796,2026-07-01,59,API,7
U0013052,C0796,2026-08-01,48,Integrations,6
U0013053,C0796,2026-09-01,73,Exports,11
U0013054,C0797,2025-01-01,8,API,3
U0013055,C0797,2025-02-01,51,Integrations,6
U0013056,C0797,2025-03-01,13,API,5
U0013057,C0797,2025-04-01,21,Automation,19
U0013058,C0797,2025-07-01,56,Reports,3
U0013059,C0797,2025-09-01,20,Reports,8
U0013060,C0797,2025-10-01,42,Exports,6
U0013061,C0797,2025-12-01,22,Integrations,11
U0013062,C0797,2026-01-01,18,Integrations,18
U0013063,C0797,2026-02-01,34,Reports,18
U0013064,C0797,2026-03-01,54,Automation,19
U0013065,C0797,2026-04-01,34,Integrations,16
U0013066,C0797,2026-05-01,20,Reports,19
U0013067,C0797,2026-07-01,13,Automation,3
U0013068,C0797,2026-08-01,78,API,10
U0013069,C0797,2026-09-01,9,Integrations,11
U0013070,C0798,2025-01-01,76,Automation,10
U0013071,C0798,2025-02-01,8,Dashboard,6
U0013072,C0798,2025-03-01,60,Exports,13
U0013073,C0798,2025-04-01,10,Integrations,13
U0013074,C0798,2025-05-01,54,Integrations,15
U0013075,C0798,2025-06-01,70,Automation,5
U0013076,C0798,2025-09-01,41,Dashboard,6
U0013077,C0798,2025-10-01,37,Reports,6
U0013078,C0798,2026-01-01,35,API,19
U0013079,C0798,2026-02-01,2,Automation,18
U0013080,C0798,2026-03-01,36,Reports,17
U0013081,C0798,2026-04-01,11,Integrations,9
U0013082,C0798,2026-05-01,70,Automation,12
U0013083,C0798,2026-06-01,60,API,10
U0013084,C0798,2026-07-01,37,Automation,6
U0013085,C0798,2026-08-01,67,Reports,17
U0013086,C0798,2026-09-01,29,Automation,19
U0013087,C0799,2025-01-01,37,Integrations,1
U0013088,C0799,2025-02-01,39,Automation,10
U0013089,C0799,2025-03-01,53,Exports,17
U0013090,C0799,2025-04-01,48,Dashboard,13
U0013091,C0799,2025-05-01,52,Exports,14
U0013092,C0799,2025-06-01,44,Exports,5
U0013093,C0799,2025-07-01,12,Integrations,4
U0013094,C0799,2025-08-01,70,Dashboard,3
U0013095,C0799,2025-09-01,73,Reports,16
U0013096,C0799,2025-10-01,31,Automation,18
U0013097,C0799,2025-11-01,42,Integrations,18
U0013098,C0799,2026-01-01,66,Integrations,2
U0013099,C0799,2026-02-01,16,API,4
U0013100,C0799,2026-03-01,10,Reports,18
U0013101,C0799,2026-04-01,76,API,6
U0013102,C0799,2026-05-01,60,Reports,13
U0013103,C0799,2026-06-01,12,API,11
U0013104,C0799,2026-07-01,47,Automation,15
U0013105,C0799,2026-08-01,38,Integrations,1
U0013106,C0799,2026-09-01,50,Dashboard,2
U0013107,C0800,2025-01-01,17,Integrations,11
U0013108,C0800,2025-02-01,13,Exports,9
U0013109,C0800,2025-03-01,46,Reports,9
U0013110,C0800,2025-04-01,58,Exports,4
U0013111,C0800,2025-05-01,19,Integrations,12
U0013112,C0800,2025-06-01,37,Dashboard,5
U0013113,C0800,2025-07-01,20,Automation,7
U0013114,C0800,2025-08-01,33,Exports,19
U0013115,C0800,2025-09-01,79,Exports,19
U0013116,C0800,2025-10-01,52,Reports,10
U0013117,C0800,2025-11-01,57,Reports,12
U0013118,C0800,2025-12-01,4,Exports,9
U0013119,C0800,2026-01-01,19,API,7
U0013120,C0800,2026-02-01,47,Reports,4
U0013121,C0800,2026-03-01,36,Automation,9
U0013122,C0800,2026-04-01,51,Integrations,6
U0013123,C0800,2026-06-01,79,Integrations,4
U0013124,C0800,2026-07-01,26,Automation,6
U0013125,C0800,2026-08-01,12,Exports,2
U0013126,C0801,2025-01-01,30,Exports,11
U0013127,C0801,2025-03-01,41,Dashboard,14
U0013128,C0801,2025-04-01,19,Exports,13
U0013129,C0801,2025-06-01,76,Dashboard,4
U0013130,C0801,2025-07-01,15,API,7
U0013131,C0801,2025-08-01,25,API,5
U0013132,C0801,2025-09-01,29,Dashboard,7
U0013133,C0801,2025-10-01,18,Dashboard,5
U0013134,C0801,2025-11-01,43,API,12
U0013135,C0801,2025-12-01,1,API,13
U0013136,C0801,2026-01-01,76,Exports,15
U0013137,C0801,2026-02-01,24,Dashboard,16
U0013138,C0801,2026-03-01,18,Reports,16
U0013139,C0801,2026-04-01,7,Integrations,18
U0013140,C0801,2026-05-01,28,Integrations,5
U0013141,C0801,2026-07-01,17,Integrations,13
U0013142,C0801,2026-09-01,7,Integrations,4
U0013143,C0802,2025-01-01,40,Integrations,4
U0013144,C0802,2025-02-01,58,API,6
U0013145,C0802,2025-03-01,64,API,7
U0013146,C0802,2025-05-01,12,Automation,10
U0013147,C0802,2025-06-01,42,Integrations,8
U0013148,C0802,2025-09-01,45,Integrations,19
U0013149,C0802,2025-10-01,19,Integrations,19
U0013150,C0802,2025-11-01,47,Automation,11
U0013151,C0802,2025-12-01,6,Dashboard,3
U0013152,C0802,2026-01-01,19,API,10
U0013153,C0802,2026-02-01,31,Integrations,14
U0013154,C0802,2026-03-01,4,API,13
U0013155,C0802,2026-04-01,39,Exports,11
U0013156,C0802,2026-05-01,3,Reports,17
U0013157,C0802,2026-06-01,46,Automation,11
U0013158,C0802,2026-07-01,51,Exports,11
U0013159,C0802,2026-09-01,59,Exports,18
U0013160,C0803,2025-02-01,35,Integrations,15
U0013161,C0803,2025-04-01,33,Reports,17
U0013162,C0803,2025-05-01,26,Exports,8
U0013163,C0803,2025-08-01,66,Exports,12
U0013164,C0803,2025-09-01,11,API,18
U0013165,C0803,2025-10-01,62,Dashboard,13
U0013166,C0803,2025-12-01,15,Integrations,4
U0013167,C0803,2026-01-01,28,Dashboard,16
U0013168,C0803,2026-03-01,64,Integrations,19
U0013169,C0803,2026-06-01,36,Automation,10
U0013170,C0803,2026-07-01,77,Integrations,6
U0013171,C0803,2026-08-01,11,API,4
U0013172,C0804,2025-01-01,59,Automation,8
U0013173,C0804,2025-03-01,20,Exports,4
U0013174,C0804,2025-04-01,34,API,8
U0013175,C0804,2025-05-01,58,Automation,10
U0013176,C0804,2025-07-01,61,API,4
U0013177,C0804,2025-08-01,19,Dashboard,2
U0013178,C0804,2025-09-01,17,Exports,16
U0013179,C0804,2025-10-01,39,Dashboard,14
U0013180,C0804,2025-11-01,24,Reports,8
U0013181,C0804,2025-12-01,17,Reports,12
U0013182,C0804,2026-02-01,3,Automation,6
U0013183,C0804,2026-03-01,62,Dashboard,9
U0013184,C0804,2026-04-01,14,API,18
U0013185,C0804,2026-05-01,6,API,10
U0013186,C0804,2026-06-01,73,Dashboard,18
U0013187,C0804,2026-07-01,78,API,5
U0013188,C0804,2026-08-01,78,Exports,19
U0013189,C0805,2025-01-01,35,API,10
U0013190,C0805,2025-02-01,62,Automation,9
U0013191,C0805,2025-03-01,57,Integrations,7
U0013192,C0805,2025-04-01,40,Reports,13
U0013193,C0805,2025-06-01,42,Reports,1
U0013194,C0805,2025-11-01,72,Integrations,15
U0013195,C0805,2025-12-01,31,Integrations,16
U0013196,C0805,2026-02-01,13,Dashboard,14
U0013197,C0805,2026-03-01,53,Automation,7
U0013198,C0805,2026-04-01,27,Automation,10
U0013199,C0805,2026-05-01,44,Dashboard,10
U0013200,C0805,2026-06-01,58,Reports,4
U0013201,C0805,2026-07-01,70,Exports,1
U0013202,C0805,2026-08-01,48,Exports,12
U0013203,C0805,2026-09-01,37,Reports,16
U0013204,C0806,2025-01-01,41,Exports,8
U0013205,C0806,2025-02-01,15,Integrations,6
U0013206,C0806,2025-03-01,76,API,2
U0013207,C0806,2025-04-01,28,API,3
U0013208,C0806,2025-05-01,75,Automation,2
U0013209,C0806,2025-06-01,42,Integrations,4
U0013210,C0806,2025-07-01,16,Automation,1
U0013211,C0806,2025-08-01,67,Integrations,13
U0013212,C0806,2025-09-01,9,Exports,9
U0013213,C0806,2025-11-01,38,API,11
U0013214,C0806,2025-12-01,45,Dashboard,14
U0013215,C0806,2026-03-01,17,Reports,16
U0013216,C0806,2026-04-01,22,API,3
U0013217,C0806,2026-05-01,32,Exports,1
U0013218,C0806,2026-06-01,31,Integrations,6
U0013219,C0806,2026-08-01,43,Automation,2
U0013220,C0807,2025-01-01,40,Automation,17
U0013221,C0807,2025-02-01,66,Dashboard,12
U0013222,C0807,2025-03-01,23,Integrations,1
U0013223,C0807,2025-04-01,22,Automation,11
U0013224,C0807,2025-06-01,75,Integrations,19
U0013225,C0807,2025-07-01,9,Exports,3
U0013226,C0807,2025-08-01,16,Reports,19
U0013227,C0807,2025-09-01,61,Integrations,10
U0013228,C0807,2025-10-01,30,Exports,14
U0013229,C0807,2025-11-01,47,Dashboard,14
U0013230,C0807,2025-12-01,25,Automation,6
U0013231,C0807,2026-01-01,35,Dashboard,9
U0013232,C0807,2026-02-01,49,Reports,5
U0013233,C0807,2026-03-01,55,Exports,5
U0013234,C0807,2026-04-01,46,Exports,7
U0013235,C0807,2026-05-01,17,Integrations,18
U0013236,C0807,2026-06-01,34,Reports,17
U0013237,C0807,2026-07-01,64,Integrations,13
U0013238,C0807,2026-08-01,22,Exports,18
U0013239,C0808,2025-01-01,37,Integrations,10
U0013240,C0808,2025-03-01,59,API,11
U0013241,C0808,2025-04-01,43,Automation,2
U0013242,C0808,2025-05-01,24,Reports,3
U0013243,C0808,2025-06-01,41,Exports,6
U0013244,C0808,2025-07-01,3,Automation,4
U0013245,C0808,2025-08-01,70,Reports,12
U0013246,C0808,2025-09-01,68,Exports,14
U0013247,C0808,2025-11-01,29,Reports,10
U0013248,C0808,2025-12-01,77,Automation,1
U0013249,C0808,2026-01-01,35,Integrations,19
U0013250,C0808,2026-02-01,54,Dashboard,17
U0013251,C0808,2026-03-01,52,Integrations,3
U0013252,C0808,2026-04-01,48,Reports,9
U0013253,C0808,2026-05-01,14,Automation,12
U0013254,C0808,2026-06-01,39,Exports,1
U0013255,C0808,2026-07-01,55,Dashboard,11
U0013256,C0808,2026-09-01,59,Reports,3
U0013257,C0809,2025-02-01,78,Dashboard,11
U0013258,C0809,2025-03-01,27,Dashboard,11
U0013259,C0809,2025-04-01,34,Exports,12
U0013260,C0809,2025-05-01,73,Dashboard,13
U0013261,C0809,2025-06-01,65,Exports,1
U0013262,C0809,2025-07-01,34,Exports,15
U0013263,C0809,2025-08-01,56,Reports,7
U0013264,C0809,2025-09-01,58,Integrations,6
U0013265,C0809,2025-11-01,74,Reports,2
U0013266,C0809,2025-12-01,16,API,10
U0013267,C0809,2026-01-01,18,Automation,18
U0013268,C0809,2026-02-01,31,API,3
U0013269,C0809,2026-04-01,27,Exports,10
U0013270,C0809,2026-05-01,24,Integrations,3
U0013271,C0809,2026-07-01,17,Reports,10
U0013272,C0809,2026-08-01,24,Dashboard,4
U0013273,C0809,2026-09-01,7,Dashboard,17
U0013274,C0810,2025-02-01,56,Automation,9
U0013275,C0810,2025-03-01,41,Exports,11
U0013276,C0810,2025-05-01,7,Exports,6
U0013277,C0810,2025-06-01,62,Dashboard,15
U0013278,C0810,2025-07-01,61,Dashboard,4
U0013279,C0810,2025-09-01,5,Integrations,14
U0013280,C0810,2025-11-01,27,Exports,13
U0013281,C0810,2025-12-01,25,Exports,7
U0013282,C0810,2026-01-01,60,Integrations,4
U0013283,C0810,2026-02-01,72,Exports,9
U0013284,C0810,2026-03-01,6,Integrations,13
U0013285,C0810,2026-04-01,72,Exports,3
U0013286,C0810,2026-05-01,74,Exports,2
U0013287,C0810,2026-07-01,14,Automation,12
U0013288,C0810,2026-08-01,17,Exports,9
U0013289,C0810,2026-09-01,71,Reports,12
U0013290,C0811,2025-01-01,41,Automation,13
U0013291,C0811,2025-02-01,37,Dashboard,1
U0013292,C0811,2025-03-01,61,Integrations,10
U0013293,C0811,2025-05-01,67,API,13
U0013294,C0811,2025-06-01,59,Automation,8
U0013295,C0811,2025-07-01,66,Reports,8
U0013296,C0811,2025-09-01,28,Exports,2
U0013297,C0811,2025-10-01,34,Automation,2
U0013298,C0811,2025-11-01,61,Dashboard,16
U0013299,C0811,2025-12-01,59,Dashboard,4
U0013300,C0811,2026-01-01,58,API,11
U0013301,C0811,2026-02-01,34,API,17
U0013302,C0811,2026-03-01,62,Integrations,9
U0013303,C0811,2026-04-01,3,Exports,16
U0013304,C0811,2026-05-01,79,Dashboard,3
U0013305,C0811,2026-06-01,6,API,7
U0013306,C0811,2026-07-01,15,Dashboard,19
U0013307,C0811,2026-09-01,68,API,16
U0013308,C0812,2025-01-01,69,Reports,5
U0013309,C0812,2025-02-01,76,Exports,12
U0013310,C0812,2025-03-01,18,Dashboard,1
U0013311,C0812,2025-04-01,54,API,9
U0013312,C0812,2025-06-01,70,API,6
U0013313,C0812,2025-07-01,36,Reports,7
U0013314,C0812,2025-09-01,46,Dashboard,15
U0013315,C0812,2025-10-01,56,Reports,17
U0013316,C0812,2025-11-01,39,Integrations,3
U0013317,C0812,2025-12-01,72,Reports,10
U0013318,C0812,2026-01-01,34,Reports,16
U0013319,C0812,2026-02-01,67,Dashboard,19
U0013320,C0812,2026-03-01,3,Automation,2
U0013321,C0812,2026-04-01,79,Exports,9
U0013322,C0812,2026-05-01,58,Exports,18
U0013323,C0812,2026-06-01,38,Reports,16
U0013324,C0812,2026-07-01,44,Exports,15
U0013325,C0812,2026-08-01,16,Reports,15
U0013326,C0812,2026-09-01,38,Automation,4
U0013327,C0813,2025-01-01,32,Dashboard,4
U0013328,C0813,2025-03-01,7,Integrations,12
U0013329,C0813,2025-04-01,33,Dashboard,14
U0013330,C0813,2025-07-01,11,Automation,14
U0013331,C0813,2025-08-01,66,Exports,2
U0013332,C0813,2025-10-01,33,Reports,10
U0013333,C0813,2025-11-01,35,Automation,7
U0013334,C0813,2025-12-01,49,Reports,15
U0013335,C0813,2026-02-01,66,Reports,12
U0013336,C0813,2026-03-01,13,API,15
U0013337,C0813,2026-04-01,13,Dashboard,16
U0013338,C0813,2026-05-01,70,Automation,5
U0013339,C0813,2026-07-01,75,Integrations,7
U0013340,C0813,2026-09-01,41,API,14
U0013341,C0814,2025-01-01,20,Automation,16
U0013342,C0814,2025-03-01,64,Exports,18
U0013343,C0814,2025-05-01,19,Automation,7
U0013344,C0814,2025-06-01,8,Exports,12
U0013345,C0814,2025-07-01,23,Reports,1
U0013346,C0814,2025-08-01,58,Automation,16
U0013347,C0814,2025-10-01,62,API,14
U0013348,C0814,2025-11-01,67,Dashboard,4
U0013349,C0814,2025-12-01,17,Integrations,15
U0013350,C0814,2026-01-01,55,API,11
U0013351,C0814,2026-02-01,19,Integrations,17
U0013352,C0814,2026-03-01,53,Integrations,5
U0013353,C0814,2026-04-01,37,Reports,16
U0013354,C0814,2026-05-01,27,Exports,14
U0013355,C0814,2026-06-01,37,Integrations,8
U0013356,C0814,2026-07-01,62,Automation,1
U0013357,C0814,2026-08-01,56,Reports,7
U0013358,C0814,2026-09-01,34,API,7
U0013359,C0815,2025-01-01,45,Exports,7
U0013360,C0815,2025-02-01,15,Dashboard,2
U0013361,C0815,2025-03-01,4,Automation,6
U0013362,C0815,2025-04-01,41,Exports,3
U0013363,C0815,2025-05-01,27,Integrations,13
U0013364,C0815,2025-07-01,19,Exports,7
U0013365,C0815,2025-08-01,45,Automation,17
U0013366,C0815,2025-09-01,25,Dashboard,8
U0013367,C0815,2025-10-01,51,Automation,19
U0013368,C0815,2025-11-01,18,Integrations,12
U0013369,C0815,2025-12-01,34,Integrations,4
U0013370,C0815,2026-01-01,23,Automation,13
U0013371,C0815,2026-02-01,49,Dashboard,5
U0013372,C0815,2026-03-01,77,API,8
U0013373,C0815,2026-04-01,2,Integrations,14
U0013374,C0815,2026-05-01,11,Exports,9
U0013375,C0815,2026-06-01,56,Integrations,14
U0013376,C0815,2026-07-01,55,Exports,1
U0013377,C0816,2025-02-01,55,Dashboard,16
U0013378,C0816,2025-03-01,12,Automation,16
U0013379,C0816,2025-04-01,10,Reports,17
U0013380,C0816,2025-05-01,11,Exports,16
U0013381,C0816,2025-08-01,60,Reports,16
U0013382,C0816,2025-10-01,27,Integrations,16
U0013383,C0816,2025-12-01,22,Integrations,19
U0013384,C0816,2026-01-01,38,Integrations,13
U0013385,C0816,2026-02-01,55,Exports,13
U0013386,C0816,2026-03-01,28,Integrations,11
U0013387,C0816,2026-04-01,51,Dashboard,2
U0013388,C0816,2026-05-01,15,Automation,12
U0013389,C0816,2026-06-01,75,Reports,19
U0013390,C0816,2026-07-01,27,Exports,3
U0013391,C0816,2026-09-01,57,API,10
U0013392,C0817,2025-01-01,16,Automation,8
U0013393,C0817,2025-03-01,5,Dashboard,16
U0013394,C0817,2025-04-01,42,Integrations,16
U0013395,C0817,2025-05-01,11,Reports,4
U0013396,C0817,2025-06-01,5,Automation,2
U0013397,C0817,2025-07-01,8,Exports,17
U0013398,C0817,2025-08-01,6,Dashboard,19
U0013399,C0817,2025-09-01,66,Dashboard,4
U0013400,C0817,2025-10-01,52,Dashboard,3
U0013401,C0817,2025-11-01,49,Reports,8
U0013402,C0817,2025-12-01,42,Exports,17
U0013403,C0817,2026-03-01,56,Reports,18
U0013404,C0817,2026-04-01,12,Integrations,1
U0013405,C0817,2026-05-01,65,Dashboard,2
U0013406,C0817,2026-06-01,20,Exports,5
U0013407,C0817,2026-07-01,53,Integrations,18
U0013408,C0817,2026-08-01,74,Integrations,4
U0013409,C0817,2026-09-01,26,Dashboard,6
U0013410,C0818,2025-01-01,53,API,4
U0013411,C0818,2025-02-01,37,Automation,5
U0013412,C0818,2025-03-01,70,Exports,12
U0013413,C0818,2025-04-01,32,Exports,1
U0013414,C0818,2025-06-01,32,API,17
U0013415,C0818,2025-10-01,18,Exports,16
U0013416,C0818,2026-01-01,19,API,2
U0013417,C0818,2026-04-01,78,API,4
U0013418,C0818,2026-07-01,72,Dashboard,8
U0013419,C0818,2026-08-01,76,API,15
U0013420,C0819,2025-01-01,49,Dashboard,6
U0013421,C0819,2025-03-01,72,Dashboard,2
U0013422,C0819,2025-04-01,79,Integrations,17
U0013423,C0819,2025-05-01,44,Integrations,16
U0013424,C0819,2025-06-01,60,Reports,13
U0013425,C0819,2025-08-01,35,Automation,3
U0013426,C0819,2025-09-01,8,Reports,1
U0013427,C0819,2025-10-01,5,Reports,4
U0013428,C0819,2025-12-01,22,Reports,1
U0013429,C0819,2026-02-01,2,Exports,15
U0013430,C0819,2026-03-01,67,Dashboard,19
U0013431,C0819,2026-04-01,25,Reports,8
U0013432,C0819,2026-06-01,8,Automation,8
U0013433,C0819,2026-07-01,46,Reports,6
U0013434,C0819,2026-08-01,47,Reports,12
U0013435,C0819,2026-09-01,10,Dashboard,14
U0013436,C0820,2025-01-01,24,Reports,5
U0013437,C0820,2025-02-01,46,Integrations,7
U0013438,C0820,2025-03-01,18,Exports,9
U0013439,C0820,2025-04-01,23,Exports,11
U0013440,C0820,2025-05-01,5,API,7
U0013441,C0820,2025-07-01,19,Integrations,4
U0013442,C0820,2025-08-01,5,Dashboard,19
U0013443,C0820,2025-09-01,68,Automation,18
U0013444,C0820,2025-10-01,53,Exports,17
U0013445,C0820,2025-11-01,58,API,1
U0013446,C0820,2025-12-01,27,API,5
U0013447,C0820,2026-01-01,34,Integrations,1
U0013448,C0820,2026-03-01,40,Reports,5
U0013449,C0820,2026-04-01,63,Automation,11
U0013450,C0820,2026-08-01,9,Exports,16
U0013451,C0820,2026-09-01,55,API,6
U0013452,C0821,2025-01-01,52,Dashboard,7
U0013453,C0821,2025-02-01,37,Dashboard,14
U0013454,C0821,2025-04-01,77,Dashboard,2
U0013455,C0821,2025-05-01,54,Integrations,18
U0013456,C0821,2025-06-01,58,Automation,17
U0013457,C0821,2025-07-01,22,Integrations,12
U0013458,C0821,2025-08-01,42,Reports,17
U0013459,C0821,2025-09-01,48,API,15
U0013460,C0821,2025-10-01,3,Exports,13
U0013461,C0821,2025-11-01,54,Exports,5
U0013462,C0821,2025-12-01,11,API,17
U0013463,C0821,2026-01-01,6,Integrations,11
U0013464,C0821,2026-03-01,59,Automation,6
U0013465,C0821,2026-04-01,29,API,10
U0013466,C0821,2026-05-01,79,Integrations,11
U0013467,C0821,2026-06-01,63,Automation,15
U0013468,C0821,2026-07-01,59,API,15
U0013469,C0821,2026-08-01,78,Automation,5
U0013470,C0821,2026-09-01,64,Reports,12
U0013471,C0822,2025-01-01,38,Exports,4
U0013472,C0822,2025-02-01,8,Dashboard,16
U0013473,C0822,2025-05-01,13,Automation,18
U0013474,C0822,2025-06-01,72,Integrations,11
U0013475,C0822,2025-07-01,42,Automation,1
U0013476,C0822,2025-09-01,7,Reports,7
U0013477,C0822,2026-01-01,47,Integrations,19
U0013478,C0822,2026-02-01,25,Dashboard,1
U0013479,C0822,2026-04-01,30,Reports,12
U0013480,C0822,2026-05-01,4,Dashboard,17
U0013481,C0822,2026-06-01,79,Exports,14
U0013482,C0822,2026-07-01,11,Automation,16
U0013483,C0822,2026-08-01,2,Exports,5
U0013484,C0823,2025-02-01,38,Dashboard,18
U0013485,C0823,2025-03-01,30,Reports,11
U0013486,C0823,2025-04-01,78,Exports,12
U0013487,C0823,2025-05-01,70,Exports,2
U0013488,C0823,2025-06-01,45,Integrations,6
U0013489,C0823,2025-07-01,62,Reports,5
U0013490,C0823,2025-08-01,6,Exports,10
U0013491,C0823,2025-09-01,34,Integrations,12
U0013492,C0823,2025-11-01,28,Dashboard,6
U0013493,C0823,2025-12-01,78,API,1
U0013494,C0823,2026-01-01,7,Reports,16
U0013495,C0823,2026-02-01,48,Dashboard,12
U0013496,C0823,2026-05-01,61,Dashboard,2
U0013497,C0823,2026-06-01,57,Automation,18
U0013498,C0823,2026-07-01,73,Reports,9
U0013499,C0823,2026-08-01,5,Dashboard,14
U0013500,C0824,2025-02-01,45,Integrations,15
U0013501,C0824,2025-03-01,15,Integrations,12
U0013502,C0824,2025-04-01,23,Exports,18
U0013503,C0824,2025-05-01,58,Reports,17
U0013504,C0824,2025-06-01,12,API,8
U0013505,C0824,2025-07-01,20,Exports,13
U0013506,C0824,2025-08-01,76,Integrations,1
U0013507,C0824,2025-09-01,56,API,14
U0013508,C0824,2025-10-01,6,Automation,10
U0013509,C0824,2026-01-01,65,Automation,12
U0013510,C0824,2026-02-01,20,API,8
U0013511,C0824,2026-03-01,44,API,19
U0013512,C0824,2026-04-01,60,Dashboard,1
U0013513,C0824,2026-05-01,64,Automation,1
U0013514,C0824,2026-06-01,46,Integrations,13
U0013515,C0824,2026-07-01,74,Exports,6
U0013516,C0824,2026-08-01,77,Reports,11
U0013517,C0824,2026-09-01,15,Integrations,11
U0013518,C0825,2025-01-01,46,Dashboard,13
U0013519,C0825,2025-02-01,25,Reports,10
U0013520,C0825,2025-03-01,32,API,13
U0013521,C0825,2025-05-01,71,API,5
U0013522,C0825,2025-06-01,39,Automation,10
U0013523,C0825,2025-07-01,52,Exports,1
U0013524,C0825,2025-08-01,60,Exports,4
U0013525,C0825,2025-09-01,61,Dashboard,12
U0013526,C0825,2025-10-01,18,Reports,16
U0013527,C0825,2025-11-01,35,Automation,2
U0013528,C0825,2025-12-01,67,API,4
U0013529,C0825,2026-01-01,59,API,10
U0013530,C0825,2026-03-01,23,Exports,2
U0013531,C0825,2026-04-01,31,Dashboard,10
U0013532,C0825,2026-05-01,25,Reports,6
U0013533,C0825,2026-07-01,54,Automation,3
U0013534,C0825,2026-08-01,2,Exports,1
U0013535,C0825,2026-09-01,69,Automation,18
U0013536,C0826,2025-01-01,2,Automation,18
U0013537,C0826,2025-02-01,38,Exports,15
U0013538,C0826,2025-03-01,43,Automation,13
U0013539,C0826,2025-04-01,26,Exports,3
U0013540,C0826,2025-05-01,7,Dashboard,19
U0013541,C0826,2025-06-01,65,Integrations,8
U0013542,C0826,2025-07-01,23,Integrations,6
U0013543,C0826,2025-08-01,61,Dashboard,15
U0013544,C0826,2025-09-01,41,Automation,10
U0013545,C0826,2025-10-01,4,Dashboard,15
U0013546,C0826,2025-11-01,7,Integrations,18
U0013547,C0826,2025-12-01,66,Dashboard,19
U0013548,C0826,2026-02-01,69,API,15
U0013549,C0826,2026-03-01,3,Automation,18
U0013550,C0826,2026-04-01,49,API,12
U0013551,C0826,2026-05-01,20,Automation,15
U0013552,C0826,2026-06-01,14,Dashboard,13
U0013553,C0826,2026-08-01,73,Automation,14
U0013554,C0826,2026-09-01,54,Dashboard,16
U0013555,C0827,2025-01-01,66,Dashboard,4
U0013556,C0827,2025-03-01,24,API,14
U0013557,C0827,2025-04-01,26,Exports,12
U0013558,C0827,2025-08-01,9,Automation,1
U0013559,C0827,2025-09-01,26,Exports,17
U0013560,C0827,2025-11-01,33,Automation,12
U0013561,C0827,2025-12-01,46,API,1
U0013562,C0827,2026-02-01,33,Automation,17
U0013563,C0827,2026-03-01,23,Automation,16
U0013564,C0827,2026-04-01,38,Reports,18
U0013565,C0827,2026-05-01,18,Reports,19
U0013566,C0827,2026-06-01,64,Reports,11
U0013567,C0827,2026-07-01,68,Dashboard,5
U0013568,C0827,2026-09-01,31,Integrations,19
U0013569,C0828,2025-01-01,24,Integrations,17
U0013570,C0828,2025-02-01,64,Reports,10
U0013571,C0828,2025-03-01,27,Exports,12
U0013572,C0828,2025-06-01,66,Exports,2
U0013573,C0828,2025-07-01,61,Integrations,1
U0013574,C0828,2025-08-01,29,Dashboard,8
U0013575,C0828,2025-09-01,43,Integrations,13
U0013576,C0828,2025-10-01,19,Reports,15
U0013577,C0828,2025-11-01,75,Automation,19
U0013578,C0828,2025-12-01,9,API,8
U0013579,C0828,2026-01-01,56,Integrations,7
U0013580,C0828,2026-02-01,68,Dashboard,11
U0013581,C0828,2026-03-01,18,Automation,9
U0013582,C0828,2026-05-01,44,Automation,4
U0013583,C0828,2026-06-01,36,API,1
U0013584,C0828,2026-07-01,73,Reports,11
U0013585,C0828,2026-08-01,42,Exports,12
U0013586,C0828,2026-09-01,49,Integrations,3
U0013587,C0829,2025-01-01,64,Exports,6
U0013588,C0829,2025-02-01,73,API,2
U0013589,C0829,2025-04-01,71,Reports,18
U0013590,C0829,2025-05-01,7,Integrations,6
U0013591,C0829,2025-06-01,24,Integrations,12
U0013592,C0829,2025-08-01,48,API,1
U0013593,C0829,2025-09-01,39,Exports,5
U0013594,C0829,2025-11-01,45,Integrations,9
U0013595,C0829,2025-12-01,14,Automation,4
U0013596,C0829,2026-01-01,15,API,17
U0013597,C0829,2026-02-01,78,Exports,1
U0013598,C0829,2026-03-01,62,Integrations,5
U0013599,C0829,2026-05-01,13,Exports,19
U0013600,C0829,2026-06-01,40,Dashboard,7
U0013601,C0829,2026-07-01,69,Dashboard,7
U0013602,C0829,2026-08-01,46,Automation,2
U0013603,C0829,2026-09-01,64,Integrations,10
U0013604,C0830,2025-01-01,79,Dashboard,11
U0013605,C0830,2025-02-01,57,Integrations,7
U0013606,C0830,2025-03-01,14,Automation,11
U0013607,C0830,2025-04-01,27,Reports,16
U0013608,C0830,2025-05-01,73,Integrations,8
U0013609,C0830,2025-06-01,32,Exports,13
U0013610,C0830,2025-07-01,59,Dashboard,1
U0013611,C0830,2025-08-01,31,Integrations,1
U0013612,C0830,2025-09-01,47,Integrations,18
U0013613,C0830,2025-10-01,63,Exports,10
U0013614,C0830,2025-11-01,8,Integrations,15
U0013615,C0830,2025-12-01,27,API,18
U0013616,C0830,2026-01-01,8,Automation,16
U0013617,C0830,2026-03-01,11,Automation,8
U0013618,C0830,2026-04-01,1,Automation,19
U0013619,C0830,2026-05-01,56,Exports,4
U0013620,C0830,2026-06-01,29,Integrations,16
U0013621,C0830,2026-07-01,5,Dashboard,13
U0013622,C0830,2026-08-01,5,Integrations,9
U0013623,C0830,2026-09-01,5,API,3
U0013624,C0831,2025-01-01,10,Exports,6
U0013625,C0831,2025-02-01,78,Reports,5
U0013626,C0831,2025-03-01,40,Exports,18
U0013627,C0831,2025-04-01,37,Exports,19
U0013628,C0831,2025-05-01,27,API,4
U0013629,C0831,2025-06-01,37,Dashboard,12
U0013630,C0831,2025-07-01,41,Automation,11
U0013631,C0831,2025-08-01,8,API,16
U0013632,C0831,2025-09-01,9,Dashboard,7
U0013633,C0831,2025-10-01,9,Integrations,15
U0013634,C0831,2025-11-01,63,Reports,11
U0013635,C0831,2025-12-01,55,Automation,3
U0013636,C0831,2026-01-01,14,Exports,3
U0013637,C0831,2026-02-01,6,Exports,8
U0013638,C0831,2026-03-01,77,Exports,18
U0013639,C0831,2026-04-01,1,Automation,14
U0013640,C0831,2026-05-01,79,Reports,16
U0013641,C0831,2026-06-01,9,Exports,11
U0013642,C0831,2026-07-01,9,Exports,2
U0013643,C0831,2026-08-01,72,API,16
U0013644,C0832,2025-01-01,13,Dashboard,11
U0013645,C0832,2025-02-01,54,Reports,12
U0013646,C0832,2025-03-01,55,Exports,7
U0013647,C0832,2025-04-01,10,Exports,15
U0013648,C0832,2025-05-01,51,API,9
U0013649,C0832,2025-06-01,14,API,6
U0013650,C0832,2025-07-01,17,Automation,16
U0013651,C0832,2025-09-01,74,Reports,16
U0013652,C0832,2025-11-01,41,Exports,18
U0013653,C0832,2025-12-01,2,Dashboard,13
U0013654,C0832,2026-01-01,15,Reports,2
U0013655,C0832,2026-02-01,37,Automation,10
U0013656,C0832,2026-04-01,55,Dashboard,10
U0013657,C0832,2026-05-01,19,Automation,18
U0013658,C0832,2026-06-01,20,Automation,16
U0013659,C0832,2026-07-01,41,API,7
U0013660,C0832,2026-08-01,52,Automation,2
U0013661,C0832,2026-09-01,77,Dashboard,2
U0013662,C0833,2025-01-01,54,Dashboard,7
U0013663,C0833,2025-03-01,28,Reports,6
U0013664,C0833,2025-04-01,11,Integrations,14
U0013665,C0833,2025-05-01,35,Automation,8
U0013666,C0833,2025-06-01,3,Integrations,10
U0013667,C0833,2025-07-01,23,Automation,14
U0013668,C0833,2025-08-01,67,Integrations,17
U0013669,C0833,2025-10-01,11,API,16
U0013670,C0833,2025-11-01,31,Automation,4
U0013671,C0833,2026-01-01,55,Dashboard,3
U0013672,C0833,2026-02-01,1,Automation,3
U0013673,C0833,2026-03-01,33,Exports,9
U0013674,C0833,2026-04-01,15,Integrations,5
U0013675,C0833,2026-05-01,62,Automation,1
U0013676,C0833,2026-06-01,22,API,19
U0013677,C0833,2026-07-01,71,API,14
U0013678,C0833,2026-08-01,51,Automation,3
U0013679,C0833,2026-09-01,24,Dashboard,13
U0013680,C0834,2025-01-01,48,API,7
U0013681,C0834,2025-02-01,20,Dashboard,4
U0013682,C0834,2025-03-01,8,Integrations,6
U0013683,C0834,2025-04-01,72,Dashboard,2
U0013684,C0834,2025-07-01,33,Reports,4
U0013685,C0834,2025-08-01,74,API,8
U0013686,C0834,2025-09-01,74,Exports,7
U0013687,C0834,2025-10-01,74,Integrations,1
U0013688,C0834,2025-11-01,19,Integrations,19
U0013689,C0834,2025-12-01,31,API,4
U0013690,C0834,2026-01-01,51,Automation,18
U0013691,C0834,2026-02-01,24,API,1
U0013692,C0834,2026-04-01,40,Dashboard,4
U0013693,C0834,2026-05-01,36,Dashboard,11
U0013694,C0834,2026-06-01,76,Automation,8
U0013695,C0834,2026-07-01,47,Integrations,1
U0013696,C0834,2026-08-01,57,Automation,2
U0013697,C0834,2026-09-01,60,API,6
U0013698,C0835,2025-01-01,9,Dashboard,13
U0013699,C0835,2025-02-01,75,Automation,13
U0013700,C0835,2025-03-01,65,Automation,5
U0013701,C0835,2025-04-01,59,Automation,4
U0013702,C0835,2025-05-01,63,Reports,4
U0013703,C0835,2025-06-01,35,Exports,5
U0013704,C0835,2025-08-01,63,API,19
U0013705,C0835,2025-09-01,12,Reports,5
U0013706,C0835,2025-10-01,7,Automation,15
U0013707,C0835,2025-11-01,10,Exports,7
U0013708,C0835,2025-12-01,69,Integrations,3
U0013709,C0835,2026-01-01,72,API,17
U0013710,C0835,2026-02-01,57,Dashboard,18
U0013711,C0835,2026-05-01,4,Exports,7
U0013712,C0835,2026-06-01,7,Exports,18
U0013713,C0835,2026-07-01,54,Automation,14
U0013714,C0835,2026-08-01,15,Exports,14
U0013715,C0835,2026-09-01,27,Integrations,5
U0013716,C0836,2025-01-01,29,Reports,6
U0013717,C0836,2025-02-01,62,Automation,19
U0013718,C0836,2025-03-01,54,Exports,19
U0013719,C0836,2025-04-01,23,API,1
U0013720,C0836,2025-05-01,71,Integrations,15
U0013721,C0836,2025-06-01,10,Integrations,4
U0013722,C0836,2025-07-01,41,API,7
U0013723,C0836,2025-08-01,57,Integrations,5
U0013724,C0836,2025-09-01,33,Dashboard,10
U0013725,C0836,2025-10-01,67,Integrations,10
U0013726,C0836,2026-01-01,6,Dashboard,17
U0013727,C0836,2026-02-01,19,Reports,1
U0013728,C0836,2026-03-01,23,API,5
U0013729,C0836,2026-04-01,16,API,4
U0013730,C0836,2026-06-01,18,Dashboard,6
U0013731,C0836,2026-07-01,75,Reports,6
U0013732,C0836,2026-08-01,18,Reports,1
U0013733,C0836,2026-09-01,37,Integrations,18
U0013734,C0837,2025-01-01,38,Automation,16
U0013735,C0837,2025-02-01,1,Dashboard,10
U0013736,C0837,2025-03-01,24,Integrations,9
U0013737,C0837,2025-04-01,38,Exports,8
U0013738,C0837,2025-05-01,71,Reports,18
U0013739,C0837,2025-06-01,41,API,8
U0013740,C0837,2025-07-01,5,Exports,11
U0013741,C0837,2025-08-01,3,Exports,7
U0013742,C0837,2025-09-01,24,Integrations,7
U0013743,C0837,2025-11-01,64,Reports,6
U0013744,C0837,2026-01-01,62,Reports,11
U0013745,C0837,2026-02-01,61,Integrations,9
U0013746,C0837,2026-05-01,57,Exports,1
U0013747,C0837,2026-07-01,46,Integrations,15
U0013748,C0837,2026-08-01,39,API,3
U0013749,C0837,2026-09-01,60,Reports,3
U0013750,C0838,2025-02-01,48,Dashboard,7
U0013751,C0838,2025-03-01,79,Automation,15
U0013752,C0838,2025-04-01,56,Reports,14
U0013753,C0838,2025-05-01,59,Exports,15
U0013754,C0838,2025-06-01,21,Dashboard,3
U0013755,C0838,2025-07-01,28,Automation,5
U0013756,C0838,2025-08-01,31,Integrations,9
U0013757,C0838,2025-09-01,21,Integrations,4
U0013758,C0838,2025-10-01,69,Automation,13
U0013759,C0838,2025-11-01,69,Integrations,15
U0013760,C0838,2026-01-01,28,Exports,14
U0013761,C0838,2026-02-01,7,Reports,19
U0013762,C0838,2026-03-01,15,API,2
U0013763,C0838,2026-04-01,21,Dashboard,5
U0013764,C0838,2026-05-01,31,Reports,17
U0013765,C0838,2026-06-01,15,Dashboard,15
U0013766,C0838,2026-07-01,25,Integrations,3
U0013767,C0838,2026-09-01,5,API,15
U0013768,C0839,2025-01-01,63,Integrations,12
U0013769,C0839,2025-03-01,51,Exports,11
U0013770,C0839,2025-04-01,53,Reports,5
U0013771,C0839,2025-05-01,21,Dashboard,18
U0013772,C0839,2025-06-01,47,Automation,15
U0013773,C0839,2025-07-01,35,Integrations,4
U0013774,C0839,2025-08-01,47,Exports,4
U0013775,C0839,2025-09-01,36,Reports,15
U0013776,C0839,2025-11-01,19,Automation,13
U0013777,C0839,2025-12-01,54,Reports,16
U0013778,C0839,2026-03-01,55,Dashboard,12
U0013779,C0839,2026-04-01,9,Exports,5
U0013780,C0839,2026-05-01,67,Dashboard,2
U0013781,C0839,2026-06-01,47,Dashboard,13
U0013782,C0839,2026-07-01,34,Automation,9
U0013783,C0839,2026-09-01,18,Dashboard,15
U0013784,C0840,2025-01-01,29,Exports,5
U0013785,C0840,2025-03-01,51,Exports,8
U0013786,C0840,2025-05-01,57,Dashboard,18
U0013787,C0840,2025-06-01,29,Integrations,3
U0013788,C0840,2025-07-01,20,Dashboard,11
U0013789,C0840,2025-08-01,56,Integrations,4
U0013790,C0840,2025-09-01,52,Dashboard,6
U0013791,C0840,2025-11-01,55,Automation,12
U0013792,C0840,2025-12-01,8,Reports,7
U0013793,C0840,2026-01-01,68,Automation,6
U0013794,C0840,2026-02-01,31,API,1
U0013795,C0840,2026-03-01,69,Exports,3
U0013796,C0840,2026-04-01,50,Automation,10
U0013797,C0840,2026-05-01,31,Exports,12
U0013798,C0840,2026-06-01,72,Exports,12
U0013799,C0840,2026-08-01,24,Reports,19
U0013800,C0840,2026-09-01,34,API,11
U0013801,C0841,2025-02-01,41,API,7
U0013802,C0841,2025-03-01,47,Exports,18
U0013803,C0841,2025-04-01,74,Exports,16
U0013804,C0841,2025-05-01,32,Reports,19
U0013805,C0841,2025-06-01,19,Integrations,3
U0013806,C0841,2025-09-01,73,Integrations,14
U0013807,C0841,2025-11-01,27,API,13
U0013808,C0841,2025-12-01,69,Reports,2
U0013809,C0841,2026-01-01,40,API,8
U0013810,C0841,2026-02-01,26,API,13
U0013811,C0841,2026-03-01,10,Exports,6
U0013812,C0841,2026-05-01,9,Integrations,2
U0013813,C0841,2026-06-01,15,Dashboard,3
U0013814,C0841,2026-07-01,54,Reports,7
U0013815,C0841,2026-08-01,7,Exports,6
U0013816,C0841,2026-09-01,12,Exports,9
U0013817,C0842,2025-03-01,29,Exports,13
U0013818,C0842,2025-04-01,14,Dashboard,16
U0013819,C0842,2025-05-01,56,Automation,16
U0013820,C0842,2025-06-01,13,Dashboard,4
U0013821,C0842,2025-07-01,3,API,4
U0013822,C0842,2025-09-01,38,Exports,13
U0013823,C0842,2025-11-01,76,Automation,12
U0013824,C0842,2025-12-01,75,Integrations,19
U0013825,C0842,2026-01-01,59,Exports,9
U0013826,C0842,2026-03-01,53,API,15
U0013827,C0842,2026-04-01,34,API,10
U0013828,C0842,2026-05-01,68,Integrations,11
U0013829,C0842,2026-06-01,28,Exports,16
U0013830,C0842,2026-07-01,50,Dashboard,1
U0013831,C0842,2026-08-01,60,Reports,14
U0013832,C0843,2025-01-01,10,Exports,1
U0013833,C0843,2025-02-01,24,Automation,19
U0013834,C0843,2025-04-01,35,Exports,4
U0013835,C0843,2025-05-01,24,Integrations,16
U0013836,C0843,2025-11-01,34,Dashboard,1
U0013837,C0843,2026-02-01,28,Automation,16
U0013838,C0843,2026-03-01,52,Exports,17
U0013839,C0843,2026-04-01,60,Dashboard,5
U0013840,C0843,2026-05-01,34,Reports,1
U0013841,C0843,2026-06-01,18,Automation,7
U0013842,C0843,2026-07-01,66,API,15
U0013843,C0843,2026-09-01,47,Dashboard,8
U0013844,C0844,2025-01-01,66,Exports,12
U0013845,C0844,2025-03-01,45,Dashboard,16
U0013846,C0844,2025-04-01,28,Dashboard,15
U0013847,C0844,2025-05-01,13,API,4
U0013848,C0844,2025-06-01,18,Automation,3
U0013849,C0844,2025-07-01,75,Automation,12
U0013850,C0844,2025-08-01,61,API,8
U0013851,C0844,2025-09-01,70,API,1
U0013852,C0844,2025-11-01,65,Reports,4
U0013853,C0844,2026-01-01,7,Dashboard,5
U0013854,C0844,2026-02-01,31,API,13
U0013855,C0844,2026-03-01,6,API,13
U0013856,C0844,2026-04-01,40,API,13
U0013857,C0844,2026-05-01,53,Automation,12
U0013858,C0844,2026-06-01,61,Integrations,17
U0013859,C0844,2026-07-01,2,Reports,1
U0013860,C0845,2025-01-01,58,Integrations,18
U0013861,C0845,2025-02-01,11,Automation,2
U0013862,C0845,2025-03-01,35,Dashboard,13
U0013863,C0845,2025-04-01,25,Reports,13
U0013864,C0845,2025-05-01,15,Integrations,18
U0013865,C0845,2025-06-01,53,Integrations,11
U0013866,C0845,2025-07-01,56,Exports,1
U0013867,C0845,2025-08-01,28,API,17
U0013868,C0845,2025-09-01,59,API,14
U0013869,C0845,2025-10-01,34,Exports,19
U0013870,C0845,2025-12-01,59,Dashboard,19
U0013871,C0845,2026-02-01,43,Integrations,13
U0013872,C0845,2026-05-01,26,Integrations,2
U0013873,C0845,2026-06-01,26,Reports,9
U0013874,C0845,2026-07-01,36,Exports,3
U0013875,C0846,2025-03-01,57,API,10
U0013876,C0846,2025-04-01,33,API,19
U0013877,C0846,2025-05-01,2,Integrations,18
U0013878,C0846,2025-06-01,3,Automation,10
U0013879,C0846,2025-07-01,47,Automation,14
U0013880,C0846,2025-08-01,15,Reports,11
U0013881,C0846,2025-09-01,42,Dashboard,9
U0013882,C0846,2025-11-01,16,Reports,14
U0013883,C0846,2025-12-01,48,Automation,11
U0013884,C0846,2026-01-01,2,Automation,19
U0013885,C0846,2026-02-01,2,Dashboard,11
U0013886,C0846,2026-03-01,76,Dashboard,12
U0013887,C0846,2026-05-01,67,Dashboard,11
U0013888,C0846,2026-06-01,72,Dashboard,10
U0013889,C0846,2026-07-01,21,Reports,15
U0013890,C0846,2026-08-01,61,Integrations,6
U0013891,C0846,2026-09-01,8,Reports,5
U0013892,C0847,2025-01-01,59,API,9
U0013893,C0847,2025-03-01,40,Dashboard,1
U0013894,C0847,2025-04-01,35,Automation,11
U0013895,C0847,2025-05-01,72,Automation,15
U0013896,C0847,2025-06-01,28,Exports,13
U0013897,C0847,2025-07-01,4,Exports,5
U0013898,C0847,2025-09-01,41,API,11
U0013899,C0847,2025-11-01,12,API,3
U0013900,C0847,2025-12-01,66,Reports,10
U0013901,C0847,2026-01-01,48,Reports,3
U0013902,C0847,2026-02-01,39,API,3
U0013903,C0847,2026-03-01,34,Reports,11
U0013904,C0847,2026-05-01,71,Exports,19
U0013905,C0847,2026-06-01,32,Exports,12
U0013906,C0847,2026-07-01,33,Integrations,6
U0013907,C0847,2026-08-01,54,Dashboard,6
U0013908,C0848,2025-01-01,51,Exports,7
U0013909,C0848,2025-03-01,28,Integrations,19
U0013910,C0848,2025-04-01,2,Dashboard,14
U0013911,C0848,2025-05-01,6,Automation,17
U0013912,C0848,2025-07-01,71,Integrations,1
U0013913,C0848,2025-08-01,47,API,1
U0013914,C0848,2025-09-01,15,API,14
U0013915,C0848,2025-10-01,17,Exports,19
U0013916,C0848,2025-11-01,19,Exports,6
U0013917,C0848,2025-12-01,72,API,5
U0013918,C0848,2026-02-01,17,Integrations,11
U0013919,C0848,2026-03-01,66,Reports,17
U0013920,C0848,2026-04-01,78,Reports,18
U0013921,C0848,2026-06-01,2,Reports,10
U0013922,C0848,2026-08-01,23,Integrations,10
U0013923,C0849,2025-01-01,27,Exports,14
U0013924,C0849,2025-02-01,70,API,16
U0013925,C0849,2025-03-01,61,Reports,9
U0013926,C0849,2025-04-01,43,Automation,18
U0013927,C0849,2025-05-01,12,API,10
U0013928,C0849,2025-08-01,71,API,18
U0013929,C0849,2025-09-01,47,API,19
U0013930,C0849,2025-10-01,7,Automation,15
U0013931,C0849,2025-11-01,17,API,18
U0013932,C0849,2025-12-01,59,Integrations,5
U0013933,C0849,2026-01-01,12,Dashboard,9
U0013934,C0849,2026-02-01,32,Reports,8
U0013935,C0849,2026-03-01,12,Reports,3
U0013936,C0849,2026-04-01,1,Automation,5
U0013937,C0849,2026-05-01,59,Reports,11
U0013938,C0849,2026-07-01,63,Reports,11
U0013939,C0849,2026-09-01,3,Exports,3
U0013940,C0850,2025-01-01,29,Exports,9
U0013941,C0850,2025-02-01,57,Exports,10
U0013942,C0850,2025-03-01,77,Exports,7
U0013943,C0850,2025-04-01,60,Exports,15
U0013944,C0850,2025-05-01,40,Exports,3
U0013945,C0850,2025-06-01,23,Automation,16
U0013946,C0850,2025-07-01,8,Integrations,18
U0013947,C0850,2025-08-01,37,Reports,18
U0013948,C0850,2025-09-01,20,API,11
U0013949,C0850,2025-11-01,71,Dashboard,8
U0013950,C0850,2026-01-01,30,API,14
U0013951,C0850,2026-02-01,3,Reports,7
U0013952,C0850,2026-03-01,79,Reports,1
U0013953,C0850,2026-05-01,49,Automation,8
U0013954,C0850,2026-06-01,16,Dashboard,11
U0013955,C0850,2026-07-01,33,API,13
U0013956,C0850,2026-08-01,77,Reports,2
U0013957,C0850,2026-09-01,40,Automation,7
U0013958,C0851,2025-02-01,42,Dashboard,3
U0013959,C0851,2025-03-01,39,Reports,9
U0013960,C0851,2025-04-01,48,Exports,2
U0013961,C0851,2025-05-01,43,Reports,10
U0013962,C0851,2025-06-01,2,Reports,6
U0013963,C0851,2025-07-01,21,Integrations,16
U0013964,C0851,2025-08-01,66,Integrations,16
U0013965,C0851,2025-09-01,8,API,4
U0013966,C0851,2025-10-01,14,API,18
U0013967,C0851,2025-11-01,24,Reports,2
U0013968,C0851,2025-12-01,45,Reports,1
U0013969,C0851,2026-02-01,41,API,6
U0013970,C0851,2026-03-01,50,Exports,17
U0013971,C0851,2026-04-01,66,Dashboard,9
U0013972,C0851,2026-07-01,9,Automation,12
U0013973,C0851,2026-09-01,23,Reports,11
U0013974,C0852,2025-01-01,1,Integrations,19
U0013975,C0852,2025-02-01,60,Exports,17
U0013976,C0852,2025-03-01,60,Exports,13
U0013977,C0852,2025-05-01,34,Automation,16
U0013978,C0852,2025-07-01,36,Dashboard,5
U0013979,C0852,2025-09-01,55,Integrations,1
U0013980,C0852,2025-10-01,65,Reports,3
U0013981,C0852,2025-11-01,51,Integrations,9
U0013982,C0852,2025-12-01,55,Reports,6
U0013983,C0852,2026-01-01,77,Dashboard,10
U0013984,C0852,2026-02-01,77,Automation,6
U0013985,C0852,2026-03-01,49,API,15
U0013986,C0852,2026-04-01,2,Integrations,18
U0013987,C0852,2026-05-01,38,Dashboard,2
U0013988,C0852,2026-06-01,74,Integrations,3
U0013989,C0852,2026-08-01,49,Exports,19
U0013990,C0853,2025-01-01,39,Automation,13
U0013991,C0853,2025-02-01,45,API,17
U0013992,C0853,2025-03-01,50,Automation,2
U0013993,C0853,2025-05-01,31,Reports,2
U0013994,C0853,2025-06-01,50,Exports,8
U0013995,C0853,2025-08-01,45,Reports,9
U0013996,C0853,2025-09-01,59,Dashboard,9
U0013997,C0853,2025-10-01,43,Reports,7
U0013998,C0853,2025-12-01,46,Dashboard,14
U0013999,C0853,2026-01-01,56,Integrations,16
U0014000,C0853,2026-02-01,66,Automation,6
U0014001,C0853,2026-04-01,8,Automation,5
U0014002,C0853,2026-05-01,60,Exports,8
U0014003,C0853,2026-07-01,19,API,8
U0014004,C0853,2026-08-01,28,Reports,18
U0014005,C0853,2026-09-01,78,Reports,12
U0014006,C0854,2025-02-01,54,API,8
U0014007,C0854,2025-03-01,9,Dashboard,13
U0014008,C0854,2025-07-01,33,API,16
U0014009,C0854,2025-08-01,56,Reports,5
U0014010,C0854,2025-10-01,16,Integrations,9
U0014011,C0854,2025-11-01,37,Dashboard,2
U0014012,C0854,2025-12-01,19,Reports,17
U0014013,C0854,2026-02-01,47,Exports,19
U0014014,C0854,2026-03-01,74,Exports,9
U0014015,C0854,2026-04-01,35,Reports,4
U0014016,C0854,2026-05-01,2,Integrations,4
U0014017,C0854,2026-07-01,73,Exports,1
U0014018,C0854,2026-08-01,57,API,7
U0014019,C0854,2026-09-01,5,Automation,5
U0014020,C0855,2025-01-01,41,Reports,14
U0014021,C0855,2025-02-01,6,API,2
U0014022,C0855,2025-03-01,14,Automation,16
U0014023,C0855,2025-04-01,50,Dashboard,4
U0014024,C0855,2025-05-01,16,API,4
U0014025,C0855,2025-06-01,47,Integrations,12
U0014026,C0855,2025-07-01,72,Integrations,5
U0014027,C0855,2025-08-01,25,Reports,9
U0014028,C0855,2025-10-01,70,Exports,13
U0014029,C0855,2025-11-01,44,Integrations,9
U0014030,C0855,2026-01-01,77,Exports,11
U0014031,C0855,2026-03-01,65,Reports,3
U0014032,C0855,2026-04-01,69,Integrations,9
U0014033,C0855,2026-05-01,78,API,4
U0014034,C0855,2026-06-01,15,Exports,4
U0014035,C0855,2026-07-01,59,Dashboard,17
U0014036,C0855,2026-08-01,44,API,12
U0014037,C0855,2026-09-01,52,Reports,1
U0014038,C0856,2025-01-01,70,Integrations,16
U0014039,C0856,2025-02-01,73,Exports,5
U0014040,C0856,2025-03-01,21,API,7
U0014041,C0856,2025-05-01,27,Automation,2
U0014042,C0856,2025-06-01,6,Dashboard,9
U0014043,C0856,2025-07-01,38,Dashboard,16
U0014044,C0856,2025-09-01,46,Automation,2
U0014045,C0856,2025-10-01,66,Reports,5
U0014046,C0856,2025-11-01,4,Automation,11
U0014047,C0856,2025-12-01,77,Integrations,10
U0014048,C0856,2026-04-01,78,Dashboard,2
U0014049,C0856,2026-07-01,33,API,6
U0014050,C0857,2025-01-01,28,Automation,2
U0014051,C0857,2025-02-01,37,API,9
U0014052,C0857,2025-03-01,58,Exports,17
U0014053,C0857,2025-04-01,11,Integrations,13
U0014054,C0857,2025-05-01,19,API,16
U0014055,C0857,2025-06-01,19,API,11
U0014056,C0857,2025-08-01,60,Automation,3
U0014057,C0857,2026-02-01,48,Automation,19
U0014058,C0857,2026-03-01,77,Automation,15
U0014059,C0857,2026-04-01,54,Dashboard,16
U0014060,C0857,2026-05-01,65,API,12
U0014061,C0857,2026-06-01,61,Automation,18
U0014062,C0857,2026-07-01,55,Exports,11
U0014063,C0857,2026-08-01,37,Dashboard,16
U0014064,C0857,2026-09-01,38,Reports,14
U0014065,C0858,2025-01-01,15,Dashboard,9
U0014066,C0858,2025-02-01,11,Automation,4
U0014067,C0858,2025-03-01,67,Integrations,19
U0014068,C0858,2025-04-01,48,Automation,10
U0014069,C0858,2025-05-01,36,Dashboard,16
U0014070,C0858,2025-06-01,79,Dashboard,2
U0014071,C0858,2025-07-01,70,API,2
U0014072,C0858,2025-09-01,20,Reports,6
U0014073,C0858,2025-10-01,32,API,17
U0014074,C0858,2025-11-01,66,Exports,10
U0014075,C0858,2026-01-01,77,Reports,13
U0014076,C0858,2026-02-01,9,Exports,9
U0014077,C0858,2026-03-01,26,Integrations,14
U0014078,C0858,2026-04-01,62,Integrations,10
U0014079,C0858,2026-06-01,34,Automation,10
U0014080,C0858,2026-07-01,29,Dashboard,17
U0014081,C0858,2026-08-01,23,Exports,1
U0014082,C0858,2026-09-01,17,Reports,13
U0014083,C0859,2025-01-01,58,Exports,7
U0014084,C0859,2025-02-01,73,Dashboard,9
U0014085,C0859,2025-03-01,8,Integrations,10
U0014086,C0859,2025-04-01,3,Automation,12
U0014087,C0859,2025-05-01,18,Exports,14
U0014088,C0859,2025-06-01,58,Dashboard,1
U0014089,C0859,2025-08-01,60,Reports,3
U0014090,C0859,2025-09-01,20,Automation,16
U0014091,C0859,2025-11-01,64,Dashboard,1
U0014092,C0859,2025-12-01,72,Dashboard,9
U0014093,C0859,2026-01-01,18,Automation,8
U0014094,C0859,2026-02-01,48,Integrations,7
U0014095,C0859,2026-03-01,63,Integrations,4
U0014096,C0859,2026-05-01,57,Integrations,15
U0014097,C0859,2026-07-01,76,Dashboard,1
U0014098,C0859,2026-08-01,43,API,8
U0014099,C0859,2026-09-01,11,Reports,10
U0014100,C0860,2025-01-01,45,Dashboard,15
U0014101,C0860,2025-02-01,11,API,18
U0014102,C0860,2025-03-01,2,API,19
U0014103,C0860,2025-04-01,18,Automation,14
U0014104,C0860,2025-05-01,1,Automation,15
U0014105,C0860,2025-06-01,68,Reports,15
U0014106,C0860,2025-07-01,77,Reports,11
U0014107,C0860,2025-08-01,57,Dashboard,6
U0014108,C0860,2025-10-01,24,Automation,9
U0014109,C0860,2025-11-01,70,Dashboard,5
U0014110,C0860,2025-12-01,12,Integrations,8
U0014111,C0860,2026-02-01,64,API,1
U0014112,C0860,2026-03-01,31,Reports,18
U0014113,C0860,2026-04-01,10,Exports,12
U0014114,C0860,2026-05-01,66,Reports,12
U0014115,C0860,2026-06-01,10,Integrations,17
U0014116,C0860,2026-07-01,49,API,1
U0014117,C0860,2026-09-01,13,Exports,17
U0014118,C0861,2025-01-01,17,Exports,14
U0014119,C0861,2025-02-01,12,Reports,6
U0014120,C0861,2025-03-01,40,Automation,11
U0014121,C0861,2025-04-01,2,Reports,13
U0014122,C0861,2025-05-01,65,Integrations,16
U0014123,C0861,2025-06-01,47,Dashboard,6
U0014124,C0861,2025-07-01,17,Automation,11
U0014125,C0861,2025-08-01,17,Dashboard,10
U0014126,C0861,2025-09-01,45,API,14
U0014127,C0861,2025-11-01,8,Integrations,3
U0014128,C0861,2025-12-01,56,Automation,6
U0014129,C0861,2026-02-01,13,API,6
U0014130,C0861,2026-05-01,56,Dashboard,5
U0014131,C0861,2026-06-01,53,Exports,7
U0014132,C0861,2026-07-01,7,API,16
U0014133,C0861,2026-08-01,77,Integrations,8
U0014134,C0861,2026-09-01,41,API,19
U0014135,C0862,2025-01-01,10,Exports,8
U0014136,C0862,2025-03-01,7,Integrations,14
U0014137,C0862,2025-04-01,20,API,11
U0014138,C0862,2025-05-01,70,Dashboard,19
U0014139,C0862,2025-06-01,21,Dashboard,10
U0014140,C0862,2025-07-01,50,API,6
U0014141,C0862,2025-09-01,18,Dashboard,5
U0014142,C0862,2025-12-01,58,Exports,10
U0014143,C0862,2026-01-01,20,API,1
U0014144,C0862,2026-02-01,40,Automation,17
U0014145,C0862,2026-03-01,32,Dashboard,18
U0014146,C0862,2026-04-01,57,Automation,15
U0014147,C0862,2026-05-01,10,Dashboard,19
U0014148,C0862,2026-06-01,72,Exports,17
U0014149,C0862,2026-07-01,79,API,1
U0014150,C0862,2026-08-01,25,Integrations,14
U0014151,C0862,2026-09-01,24,Integrations,19
U0014152,C0863,2025-01-01,26,API,12
U0014153,C0863,2025-02-01,47,API,4
U0014154,C0863,2025-03-01,5,API,18
U0014155,C0863,2025-04-01,59,Dashboard,10
U0014156,C0863,2025-05-01,36,Exports,9
U0014157,C0863,2025-06-01,22,API,12
U0014158,C0863,2025-07-01,12,Exports,14
U0014159,C0863,2025-08-01,69,Integrations,10
U0014160,C0863,2025-09-01,1,Dashboard,9
U0014161,C0863,2025-10-01,76,Integrations,15
U0014162,C0863,2025-11-01,58,Exports,12
U0014163,C0863,2025-12-01,36,Exports,8
U0014164,C0863,2026-01-01,2,Dashboard,12
U0014165,C0863,2026-02-01,19,API,14
U0014166,C0863,2026-03-01,12,Exports,4
U0014167,C0863,2026-06-01,12,Automation,8
U0014168,C0863,2026-07-01,41,Integrations,16
U0014169,C0863,2026-08-01,46,Dashboard,16
U0014170,C0863,2026-09-01,66,Dashboard,12
U0014171,C0864,2025-01-01,34,Integrations,10
U0014172,C0864,2025-02-01,62,Dashboard,15
U0014173,C0864,2025-03-01,39,Integrations,5
U0014174,C0864,2025-04-01,66,API,16
U0014175,C0864,2025-05-01,6,Reports,1
U0014176,C0864,2025-07-01,61,Integrations,4
U0014177,C0864,2025-08-01,23,Dashboard,11
U0014178,C0864,2025-09-01,75,Integrations,17
U0014179,C0864,2025-10-01,11,Dashboard,13
U0014180,C0864,2026-01-01,27,Automation,3
U0014181,C0864,2026-02-01,48,Dashboard,4
U0014182,C0864,2026-04-01,38,Exports,7
U0014183,C0864,2026-05-01,75,Automation,15
U0014184,C0864,2026-07-01,29,Exports,2
U0014185,C0864,2026-08-01,74,Reports,16
U0014186,C0864,2026-09-01,69,Automation,10
U0014187,C0865,2025-01-01,63,API,17
U0014188,C0865,2025-02-01,56,Dashboard,4
U0014189,C0865,2025-03-01,61,Automation,3
U0014190,C0865,2025-04-01,1,Automation,2
U0014191,C0865,2025-07-01,65,Integrations,9
U0014192,C0865,2025-08-01,26,Reports,1
U0014193,C0865,2025-09-01,10,Automation,18
U0014194,C0865,2025-11-01,21,Dashboard,19
U0014195,C0865,2025-12-01,56,Dashboard,4
U0014196,C0865,2026-01-01,73,Automation,5
U0014197,C0865,2026-02-01,59,Integrations,13
U0014198,C0865,2026-03-01,58,API,12
U0014199,C0865,2026-04-01,13,Exports,8
U0014200,C0865,2026-05-01,50,Integrations,4
U0014201,C0865,2026-08-01,12,Integrations,13
U0014202,C0865,2026-09-01,53,Exports,10
U0014203,C0866,2025-01-01,67,API,10
U0014204,C0866,2025-02-01,31,Exports,5
U0014205,C0866,2025-04-01,11,Reports,17
U0014206,C0866,2025-05-01,8,Reports,9
U0014207,C0866,2025-08-01,26,Dashboard,19
U0014208,C0866,2025-09-01,52,Dashboard,5
U0014209,C0866,2025-10-01,59,Reports,15
U0014210,C0866,2025-11-01,40,Exports,3
U0014211,C0866,2025-12-01,59,Integrations,15
U0014212,C0866,2026-01-01,5,Automation,16
U0014213,C0866,2026-02-01,71,Automation,8
U0014214,C0866,2026-03-01,73,Automation,4
U0014215,C0866,2026-04-01,39,API,4
U0014216,C0866,2026-05-01,21,Integrations,15
U0014217,C0866,2026-07-01,23,Dashboard,12
U0014218,C0866,2026-08-01,50,Reports,11
U0014219,C0866,2026-09-01,20,Integrations,3
U0014220,C0867,2025-01-01,14,Dashboard,8
U0014221,C0867,2025-02-01,53,Integrations,6
U0014222,C0867,2025-03-01,67,Integrations,10
U0014223,C0867,2025-04-01,16,Exports,13
U0014224,C0867,2025-05-01,52,API,14
U0014225,C0867,2025-06-01,73,Automation,14
U0014226,C0867,2025-07-01,53,Exports,5
U0014227,C0867,2025-08-01,13,API,1
U0014228,C0867,2025-10-01,66,Dashboard,16
U0014229,C0867,2025-11-01,5,Integrations,17
U0014230,C0867,2025-12-01,36,Dashboard,6
U0014231,C0867,2026-01-01,28,Dashboard,2
U0014232,C0867,2026-03-01,51,Integrations,15
U0014233,C0867,2026-04-01,45,Automation,15
U0014234,C0867,2026-06-01,12,Automation,3
U0014235,C0867,2026-07-01,43,Exports,16
U0014236,C0867,2026-08-01,77,Automation,9
U0014237,C0868,2025-01-01,59,Integrations,9
U0014238,C0868,2025-03-01,45,Exports,8
U0014239,C0868,2025-04-01,26,Exports,17
U0014240,C0868,2025-05-01,42,Reports,6
U0014241,C0868,2025-06-01,32,API,1
U0014242,C0868,2025-07-01,12,Automation,10
U0014243,C0868,2025-08-01,32,Automation,18
U0014244,C0868,2025-09-01,39,Automation,5
U0014245,C0868,2025-10-01,56,Integrations,9
U0014246,C0868,2025-11-01,79,Exports,18
U0014247,C0868,2026-03-01,40,Automation,13
U0014248,C0868,2026-04-01,11,API,18
U0014249,C0868,2026-05-01,51,Integrations,4
U0014250,C0868,2026-06-01,4,Reports,12
U0014251,C0868,2026-07-01,46,Automation,3
U0014252,C0868,2026-08-01,36,Automation,15
U0014253,C0868,2026-09-01,45,Integrations,7
U0014254,C0869,2025-01-01,40,Exports,1
U0014255,C0869,2025-02-01,72,Exports,6
U0014256,C0869,2025-04-01,75,Automation,11
U0014257,C0869,2025-07-01,75,API,8
U0014258,C0869,2025-08-01,52,Exports,3
U0014259,C0869,2025-09-01,30,API,15
U0014260,C0869,2025-10-01,57,Reports,9
U0014261,C0869,2025-11-01,53,API,8
U0014262,C0869,2025-12-01,69,Automation,10
U0014263,C0869,2026-03-01,22,Reports,3
U0014264,C0869,2026-04-01,34,Reports,19
U0014265,C0869,2026-05-01,28,Integrations,15
U0014266,C0869,2026-06-01,42,Dashboard,8
U0014267,C0869,2026-08-01,47,Reports,10
U0014268,C0869,2026-09-01,15,Exports,1
U0014269,C0870,2025-01-01,40,Reports,4
U0014270,C0870,2025-02-01,3,API,14
U0014271,C0870,2025-03-01,28,Dashboard,15
U0014272,C0870,2025-04-01,25,Exports,15
U0014273,C0870,2025-05-01,21,Integrations,10
U0014274,C0870,2025-07-01,27,Reports,18
U0014275,C0870,2025-08-01,75,Automation,5
U0014276,C0870,2025-09-01,60,Dashboard,1
U0014277,C0870,2025-10-01,1,Integrations,13
U0014278,C0870,2025-11-01,68,Reports,10
U0014279,C0870,2025-12-01,25,Integrations,11
U0014280,C0870,2026-01-01,16,API,3
U0014281,C0870,2026-03-01,14,Exports,5
U0014282,C0870,2026-04-01,52,Dashboard,18
U0014283,C0870,2026-06-01,48,Exports,12
U0014284,C0870,2026-07-01,24,API,2
U0014285,C0870,2026-08-01,1,Automation,5
U0014286,C0870,2026-09-01,72,Dashboard,16
U0014287,C0871,2025-01-01,43,Automation,8
U0014288,C0871,2025-02-01,33,Exports,19
U0014289,C0871,2025-03-01,58,Exports,2
U0014290,C0871,2025-06-01,26,Automation,4
U0014291,C0871,2025-07-01,17,Dashboard,12
U0014292,C0871,2025-08-01,11,API,14
U0014293,C0871,2025-09-01,34,Automation,6
U0014294,C0871,2025-10-01,43,Dashboard,12
U0014295,C0871,2025-12-01,34,Integrations,18
U0014296,C0871,2026-01-01,67,Reports,15
U0014297,C0871,2026-02-01,76,Automation,7
U0014298,C0871,2026-03-01,20,Reports,14
U0014299,C0871,2026-04-01,44,Reports,16
U0014300,C0871,2026-05-01,33,Dashboard,15
U0014301,C0871,2026-06-01,32,Reports,13
U0014302,C0871,2026-07-01,26,Automation,17
U0014303,C0871,2026-08-01,34,Automation,12
U0014304,C0871,2026-09-01,22,Integrations,2
U0014305,C0872,2025-01-01,57,Dashboard,17
U0014306,C0872,2025-02-01,63,Integrations,6
U0014307,C0872,2025-03-01,36,Reports,19
U0014308,C0872,2025-04-01,8,Integrations,9
U0014309,C0872,2025-05-01,15,Integrations,4
U0014310,C0872,2025-07-01,24,API,3
U0014311,C0872,2025-08-01,39,Dashboard,17
U0014312,C0872,2025-09-01,44,Exports,19
U0014313,C0872,2025-10-01,64,Exports,5
U0014314,C0872,2025-11-01,69,API,17
U0014315,C0872,2025-12-01,44,Exports,1
U0014316,C0872,2026-01-01,38,Reports,17
U0014317,C0872,2026-02-01,59,Exports,2
U0014318,C0872,2026-03-01,39,API,4
U0014319,C0872,2026-04-01,29,Integrations,19
U0014320,C0872,2026-05-01,70,Reports,14
U0014321,C0872,2026-06-01,18,Reports,7
U0014322,C0872,2026-07-01,42,Dashboard,3
U0014323,C0872,2026-08-01,15,API,1
U0014324,C0872,2026-09-01,22,Exports,4
U0014325,C0873,2025-02-01,63,Integrations,7
U0014326,C0873,2025-03-01,50,API,10
U0014327,C0873,2025-04-01,73,Exports,16
U0014328,C0873,2025-05-01,78,Reports,2
U0014329,C0873,2025-06-01,72,Automation,14
U0014330,C0873,2025-07-01,34,Dashboard,10
U0014331,C0873,2025-09-01,52,Automation,6
U0014332,C0873,2025-10-01,63,Dashboard,18
U0014333,C0873,2025-11-01,18,API,10
U0014334,C0873,2025-12-01,7,Reports,14
U0014335,C0873,2026-01-01,78,API,9
U0014336,C0873,2026-02-01,15,Integrations,12
U0014337,C0873,2026-03-01,48,Exports,10
U0014338,C0873,2026-04-01,67,Exports,3
U0014339,C0873,2026-08-01,58,Integrations,10
U0014340,C0874,2025-02-01,48,Integrations,7
U0014341,C0874,2025-03-01,78,API,6
U0014342,C0874,2025-04-01,78,Dashboard,12
U0014343,C0874,2025-05-01,27,Integrations,11
U0014344,C0874,2025-07-01,72,Integrations,8
U0014345,C0874,2025-08-01,29,Integrations,18
U0014346,C0874,2025-09-01,12,Automation,12
U0014347,C0874,2025-10-01,44,API,8
U0014348,C0874,2025-11-01,43,Dashboard,8
U0014349,C0874,2026-01-01,40,Reports,15
U0014350,C0874,2026-03-01,72,Dashboard,8
U0014351,C0874,2026-04-01,36,Automation,13
U0014352,C0874,2026-05-01,16,API,17
U0014353,C0874,2026-06-01,12,Exports,8
U0014354,C0874,2026-07-01,79,Exports,16
U0014355,C0874,2026-08-01,64,Integrations,2
U0014356,C0874,2026-09-01,58,Reports,9
U0014357,C0875,2025-01-01,1,Reports,4
U0014358,C0875,2025-02-01,41,Reports,11
U0014359,C0875,2025-03-01,73,Automation,18
U0014360,C0875,2025-05-01,36,Reports,15
U0014361,C0875,2025-09-01,64,Exports,6
U0014362,C0875,2025-10-01,14,Exports,3
U0014363,C0875,2025-11-01,34,Reports,11
U0014364,C0875,2026-01-01,78,API,3
U0014365,C0875,2026-02-01,8,Exports,14
U0014366,C0875,2026-04-01,78,Exports,3
U0014367,C0875,2026-06-01,33,Automation,14
U0014368,C0875,2026-07-01,26,Reports,3
U0014369,C0875,2026-08-01,17,Exports,17
U0014370,C0875,2026-09-01,23,API,2
U0014371,C0876,2025-01-01,55,Reports,15
U0014372,C0876,2025-02-01,69,Dashboard,17
U0014373,C0876,2025-03-01,35,API,2
U0014374,C0876,2025-04-01,20,Reports,19
U0014375,C0876,2025-05-01,8,Integrations,12
U0014376,C0876,2025-06-01,17,Reports,5
U0014377,C0876,2025-07-01,39,API,19
U0014378,C0876,2025-08-01,66,Dashboard,11
U0014379,C0876,2025-09-01,23,Integrations,16
U0014380,C0876,2025-11-01,62,Exports,15
U0014381,C0876,2026-03-01,49,Automation,9
U0014382,C0876,2026-04-01,47,API,17
U0014383,C0876,2026-05-01,16,Automation,18
U0014384,C0876,2026-06-01,56,Reports,8
U0014385,C0876,2026-07-01,20,Dashboard,1
U0014386,C0876,2026-08-01,13,API,6
U0014387,C0877,2025-01-01,57,Integrations,5
U0014388,C0877,2025-03-01,79,Reports,6
U0014389,C0877,2025-04-01,79,Reports,10
U0014390,C0877,2025-05-01,21,API,5
U0014391,C0877,2025-06-01,15,API,19
U0014392,C0877,2025-07-01,53,Exports,18
U0014393,C0877,2025-08-01,71,Dashboard,16
U0014394,C0877,2025-09-01,7,Automation,9
U0014395,C0877,2025-11-01,74,Dashboard,14
U0014396,C0877,2025-12-01,15,Reports,15
U0014397,C0877,2026-01-01,64,Reports,9
U0014398,C0877,2026-02-01,36,Dashboard,11
U0014399,C0877,2026-03-01,78,Automation,18
U0014400,C0877,2026-05-01,27,Dashboard,7
U0014401,C0877,2026-06-01,40,Exports,7
U0014402,C0877,2026-08-01,50,Exports,6
U0014403,C0877,2026-09-01,79,Integrations,3
U0014404,C0878,2025-01-01,20,Automation,5
U0014405,C0878,2025-02-01,27,Automation,12
U0014406,C0878,2025-03-01,49,Reports,16
U0014407,C0878,2025-04-01,51,Exports,13
U0014408,C0878,2025-05-01,44,Automation,7
U0014409,C0878,2025-06-01,43,Automation,1
U0014410,C0878,2025-07-01,36,Reports,2
U0014411,C0878,2025-09-01,63,Exports,2
U0014412,C0878,2025-10-01,12,Dashboard,6
U0014413,C0878,2026-02-01,40,Integrations,2
U0014414,C0878,2026-03-01,37,Integrations,4
U0014415,C0878,2026-04-01,68,Dashboard,18
U0014416,C0878,2026-05-01,12,Exports,16
U0014417,C0878,2026-06-01,13,Reports,11
U0014418,C0878,2026-07-01,32,Automation,14
U0014419,C0878,2026-08-01,50,API,14
U0014420,C0878,2026-09-01,16,Dashboard,2
U0014421,C0879,2025-01-01,56,Integrations,14
U0014422,C0879,2025-02-01,69,API,15
U0014423,C0879,2025-03-01,74,Dashboard,11
U0014424,C0879,2025-04-01,51,API,15
U0014425,C0879,2025-05-01,13,Integrations,6
U0014426,C0879,2025-07-01,21,Integrations,19
U0014427,C0879,2025-08-01,47,Reports,1
U0014428,C0879,2025-09-01,52,Automation,8
U0014429,C0879,2025-10-01,74,Exports,12
U0014430,C0879,2025-11-01,3,Integrations,2
U0014431,C0879,2026-02-01,73,Automation,5
U0014432,C0879,2026-03-01,1,Reports,1
U0014433,C0879,2026-05-01,63,Exports,9
U0014434,C0879,2026-06-01,27,Reports,14
U0014435,C0879,2026-07-01,46,Reports,14
U0014436,C0879,2026-09-01,57,Exports,18
U0014437,C0880,2025-01-01,18,API,19
U0014438,C0880,2025-03-01,29,Exports,2
U0014439,C0880,2025-04-01,19,Reports,16
U0014440,C0880,2025-05-01,39,API,11
U0014441,C0880,2025-06-01,46,Dashboard,4
U0014442,C0880,2025-07-01,30,API,11
U0014443,C0880,2025-08-01,18,Integrations,15
U0014444,C0880,2025-09-01,76,API,11
U0014445,C0880,2025-12-01,71,API,18
U0014446,C0880,2026-01-01,76,Reports,7
U0014447,C0880,2026-02-01,22,Exports,14
U0014448,C0880,2026-03-01,1,Exports,3
U0014449,C0880,2026-04-01,50,Integrations,12
U0014450,C0880,2026-05-01,71,Integrations,18
U0014451,C0880,2026-07-01,5,API,15
U0014452,C0880,2026-08-01,76,Dashboard,11
U0014453,C0880,2026-09-01,10,API,18
U0014454,C0881,2025-02-01,30,Automation,1
U0014455,C0881,2025-04-01,19,Exports,17
U0014456,C0881,2025-06-01,78,Automation,6
U0014457,C0881,2025-07-01,78,Automation,9
U0014458,C0881,2025-08-01,15,Exports,1
U0014459,C0881,2025-09-01,2,API,12
U0014460,C0881,2025-10-01,12,Exports,10
U0014461,C0881,2025-11-01,4,Integrations,5
U0014462,C0881,2025-12-01,74,Exports,12
U0014463,C0881,2026-03-01,45,Reports,9
U0014464,C0881,2026-04-01,50,Reports,19
U0014465,C0881,2026-05-01,53,Reports,14
U0014466,C0881,2026-06-01,7,Integrations,19
U0014467,C0881,2026-07-01,78,Reports,19
U0014468,C0881,2026-08-01,11,Automation,17
U0014469,C0881,2026-09-01,71,API,8
U0014470,C0882,2025-01-01,15,Integrations,9
U0014471,C0882,2025-02-01,50,Integrations,15
U0014472,C0882,2025-03-01,22,Dashboard,9
U0014473,C0882,2025-04-01,73,Exports,5
U0014474,C0882,2025-05-01,57,Reports,9
U0014475,C0882,2025-06-01,76,API,2
U0014476,C0882,2025-07-01,8,Integrations,19
U0014477,C0882,2025-08-01,30,Automation,10
U0014478,C0882,2025-09-01,14,Dashboard,13
U0014479,C0882,2025-10-01,24,Integrations,9
U0014480,C0882,2025-11-01,52,Integrations,13
U0014481,C0882,2025-12-01,5,Reports,16
U0014482,C0882,2026-01-01,22,API,12
U0014483,C0882,2026-04-01,68,Exports,8
U0014484,C0882,2026-06-01,49,Exports,3
U0014485,C0882,2026-07-01,5,Exports,5
U0014486,C0882,2026-08-01,41,Exports,8
U0014487,C0882,2026-09-01,2,Reports,15
U0014488,C0883,2025-02-01,24,API,1
U0014489,C0883,2025-03-01,42,Reports,14
U0014490,C0883,2025-04-01,21,Reports,8
U0014491,C0883,2025-06-01,1,API,8
U0014492,C0883,2025-07-01,2,Integrations,14
U0014493,C0883,2025-08-01,31,Dashboard,3
U0014494,C0883,2025-09-01,24,Automation,6
U0014495,C0883,2025-10-01,38,Dashboard,2
U0014496,C0883,2025-12-01,38,Automation,10
U0014497,C0883,2026-01-01,74,API,3
U0014498,C0883,2026-02-01,4,Integrations,4
U0014499,C0883,2026-03-01,27,Integrations,14
U0014500,C0883,2026-04-01,49,Exports,3
U0014501,C0883,2026-05-01,73,Dashboard,2
U0014502,C0883,2026-06-01,2,Integrations,2
U0014503,C0883,2026-08-01,54,Reports,12
U0014504,C0884,2025-01-01,76,API,16
U0014505,C0884,2025-02-01,45,Dashboard,3
U0014506,C0884,2025-03-01,63,Reports,13
U0014507,C0884,2025-07-01,3,Automation,14
U0014508,C0884,2025-08-01,44,Automation,7
U0014509,C0884,2025-09-01,27,Exports,3
U0014510,C0884,2025-10-01,71,Integrations,17
U0014511,C0884,2025-11-01,44,Integrations,6
U0014512,C0884,2025-12-01,35,Reports,19
U0014513,C0884,2026-01-01,17,Dashboard,8
U0014514,C0884,2026-02-01,9,Exports,3
U0014515,C0884,2026-05-01,43,Integrations,5
U0014516,C0884,2026-07-01,65,Dashboard,1
U0014517,C0884,2026-08-01,4,Reports,15
U0014518,C0884,2026-09-01,68,Dashboard,9
U0014519,C0885,2025-01-01,61,Automation,14
U0014520,C0885,2025-02-01,24,Exports,5
U0014521,C0885,2025-03-01,2,Reports,10
U0014522,C0885,2025-04-01,3,Automation,14
U0014523,C0885,2025-05-01,63,Integrations,8
U0014524,C0885,2025-06-01,50,Integrations,2
U0014525,C0885,2025-08-01,77,API,5
U0014526,C0885,2025-09-01,39,Automation,8
U0014527,C0885,2025-10-01,70,Automation,12
U0014528,C0885,2025-11-01,1,Integrations,14
U0014529,C0885,2025-12-01,3,API,16
U0014530,C0885,2026-01-01,22,API,8
U0014531,C0885,2026-02-01,29,Reports,14
U0014532,C0885,2026-03-01,59,Dashboard,14
U0014533,C0885,2026-04-01,23,Exports,12
U0014534,C0885,2026-05-01,49,API,10
U0014535,C0885,2026-06-01,56,Automation,9
U0014536,C0885,2026-07-01,50,Automation,2
U0014537,C0885,2026-08-01,7,Exports,15
U0014538,C0886,2025-01-01,13,Dashboard,5
U0014539,C0886,2025-03-01,9,API,1
U0014540,C0886,2025-04-01,71,API,6
U0014541,C0886,2025-05-01,46,Exports,13
U0014542,C0886,2025-07-01,24,API,16
U0014543,C0886,2025-08-01,53,Integrations,6
U0014544,C0886,2025-09-01,10,Integrations,1
U0014545,C0886,2025-10-01,11,Exports,12
U0014546,C0886,2025-11-01,44,Integrations,11
U0014547,C0886,2025-12-01,44,Automation,19
U0014548,C0886,2026-01-01,44,Automation,13
U0014549,C0886,2026-02-01,5,Automation,11
U0014550,C0886,2026-04-01,49,Dashboard,16
U0014551,C0886,2026-05-01,44,Exports,4
U0014552,C0886,2026-07-01,38,API,11
U0014553,C0886,2026-09-01,51,Reports,6
U0014554,C0887,2025-01-01,24,Reports,19
U0014555,C0887,2025-03-01,26,Reports,12
U0014556,C0887,2025-04-01,36,Dashboard,1
U0014557,C0887,2025-05-01,41,Integrations,1
U0014558,C0887,2025-06-01,45,Dashboard,2
U0014559,C0887,2025-08-01,22,Exports,1
U0014560,C0887,2025-09-01,69,Exports,5
U0014561,C0887,2025-10-01,67,Dashboard,1
U0014562,C0887,2025-11-01,11,Integrations,19
U0014563,C0887,2025-12-01,61,Reports,12
U0014564,C0887,2026-03-01,15,Automation,12
U0014565,C0887,2026-04-01,5,Dashboard,6
U0014566,C0887,2026-05-01,30,API,9
U0014567,C0887,2026-06-01,71,Dashboard,1
U0014568,C0887,2026-07-01,73,Exports,4
U0014569,C0887,2026-08-01,8,Dashboard,10
U0014570,C0887,2026-09-01,59,Exports,3
U0014571,C0888,2025-02-01,34,Reports,14
U0014572,C0888,2025-03-01,13,Reports,12
U0014573,C0888,2025-04-01,7,Reports,17
U0014574,C0888,2025-05-01,48,Dashboard,10
U0014575,C0888,2025-06-01,57,Exports,10
U0014576,C0888,2025-07-01,10,Reports,8
U0014577,C0888,2025-09-01,58,Dashboard,17
U0014578,C0888,2025-10-01,23,Reports,8
U0014579,C0888,2025-11-01,23,Reports,13
U0014580,C0888,2025-12-01,22,Dashboard,13
U0014581,C0888,2026-01-01,78,Reports,19
U0014582,C0888,2026-03-01,17,Reports,14
U0014583,C0888,2026-05-01,23,Reports,4
U0014584,C0888,2026-06-01,16,Automation,5
U0014585,C0889,2025-01-01,32,API,7
U0014586,C0889,2025-02-01,57,Reports,4
U0014587,C0889,2025-03-01,9,Automation,15
U0014588,C0889,2025-04-01,46,Automation,2
U0014589,C0889,2025-05-01,10,Reports,10
U0014590,C0889,2025-06-01,7,Dashboard,9
U0014591,C0889,2025-07-01,79,Automation,3
U0014592,C0889,2025-09-01,62,Integrations,13
U0014593,C0889,2025-10-01,5,Automation,8
U0014594,C0889,2025-11-01,45,Integrations,9
U0014595,C0889,2025-12-01,65,Reports,6
U0014596,C0889,2026-01-01,29,Exports,17
U0014597,C0889,2026-03-01,52,Integrations,12
U0014598,C0889,2026-04-01,60,API,9
U0014599,C0889,2026-05-01,30,Automation,19
U0014600,C0889,2026-07-01,68,Integrations,11
U0014601,C0889,2026-08-01,41,Reports,12
U0014602,C0889,2026-09-01,8,Exports,13
U0014603,C0890,2025-01-01,35,Dashboard,6
U0014604,C0890,2025-04-01,44,Reports,11
U0014605,C0890,2025-06-01,18,Integrations,19
U0014606,C0890,2025-07-01,57,Exports,8
U0014607,C0890,2025-08-01,56,Reports,7
U0014608,C0890,2025-09-01,40,Exports,3
U0014609,C0890,2025-10-01,58,Dashboard,12
U0014610,C0890,2025-11-01,46,Exports,10
U0014611,C0890,2025-12-01,15,Dashboard,14
U0014612,C0890,2026-01-01,31,Exports,2
U0014613,C0890,2026-02-01,78,Reports,1
U0014614,C0890,2026-03-01,37,Exports,3
U0014615,C0890,2026-05-01,64,Dashboard,16
U0014616,C0890,2026-06-01,12,Exports,16
U0014617,C0890,2026-07-01,62,Exports,5
U0014618,C0891,2025-01-01,42,Integrations,12
U0014619,C0891,2025-02-01,26,Exports,4
U0014620,C0891,2025-03-01,40,Exports,17
U0014621,C0891,2025-04-01,42,API,7
U0014622,C0891,2025-05-01,32,Dashboard,9
U0014623,C0891,2025-06-01,51,Reports,7
U0014624,C0891,2025-09-01,53,Dashboard,1
U0014625,C0891,2025-10-01,42,Integrations,6
U0014626,C0891,2025-11-01,22,Exports,3
U0014627,C0891,2025-12-01,56,API,15
U0014628,C0891,2026-02-01,59,Dashboard,19
U0014629,C0891,2026-04-01,16,Dashboard,12
U0014630,C0891,2026-07-01,53,Integrations,1
U0014631,C0891,2026-08-01,27,Automation,1
U0014632,C0891,2026-09-01,50,Integrations,19
U0014633,C0892,2025-01-01,26,Reports,15
U0014634,C0892,2025-02-01,70,API,15
U0014635,C0892,2025-03-01,65,API,3
U0014636,C0892,2025-04-01,46,Integrations,11
U0014637,C0892,2025-05-01,49,API,12
U0014638,C0892,2025-07-01,23,Reports,10
U0014639,C0892,2025-09-01,43,Integrations,2
U0014640,C0892,2025-10-01,12,API,14
U0014641,C0892,2025-11-01,38,Exports,8
U0014642,C0892,2025-12-01,66,Integrations,10
U0014643,C0892,2026-03-01,47,API,10
U0014644,C0892,2026-04-01,10,Automation,19
U0014645,C0892,2026-05-01,43,Exports,16
U0014646,C0892,2026-06-01,50,API,13
U0014647,C0892,2026-07-01,22,Integrations,3
U0014648,C0892,2026-08-01,15,API,6
U0014649,C0892,2026-09-01,65,Dashboard,2
U0014650,C0893,2025-02-01,15,Integrations,11
U0014651,C0893,2025-03-01,77,Exports,11
U0014652,C0893,2025-04-01,35,Exports,7
U0014653,C0893,2025-05-01,35,Dashboard,19
U0014654,C0893,2025-06-01,74,Automation,6
U0014655,C0893,2025-07-01,16,Dashboard,19
U0014656,C0893,2025-08-01,58,API,5
U0014657,C0893,2025-09-01,11,Automation,5
U0014658,C0893,2025-11-01,53,API,1
U0014659,C0893,2025-12-01,49,Dashboard,15
U0014660,C0893,2026-01-01,26,Reports,2
U0014661,C0893,2026-02-01,22,Integrations,6
U0014662,C0893,2026-03-01,11,Reports,16
U0014663,C0893,2026-04-01,35,Integrations,7
U0014664,C0893,2026-05-01,77,Reports,14
U0014665,C0893,2026-06-01,3,Automation,6
U0014666,C0893,2026-07-01,25,API,12
U0014667,C0893,2026-09-01,62,Exports,13
U0014668,C0894,2025-01-01,31,Integrations,14
U0014669,C0894,2025-02-01,76,API,5
U0014670,C0894,2025-03-01,68,Automation,6
U0014671,C0894,2025-04-01,9,Automation,17
U0014672,C0894,2025-07-01,2,Integrations,16
U0014673,C0894,2025-08-01,49,Reports,14
U0014674,C0894,2025-10-01,76,Dashboard,1
U0014675,C0894,2025-11-01,13,Reports,5
U0014676,C0894,2025-12-01,34,Integrations,9
U0014677,C0894,2026-01-01,70,Dashboard,16
U0014678,C0894,2026-02-01,51,Integrations,10
U0014679,C0894,2026-03-01,48,Exports,16
U0014680,C0894,2026-05-01,29,Integrations,16
U0014681,C0894,2026-08-01,17,Integrations,10
U0014682,C0894,2026-09-01,69,Dashboard,18
U0014683,C0895,2025-01-01,39,Integrations,12
U0014684,C0895,2025-03-01,2,Dashboard,1
U0014685,C0895,2025-05-01,22,Exports,5
U0014686,C0895,2025-06-01,18,Integrations,12
U0014687,C0895,2025-07-01,18,Automation,6
U0014688,C0895,2025-09-01,11,API,11
U0014689,C0895,2025-10-01,8,Integrations,14
U0014690,C0895,2025-11-01,26,Dashboard,13
U0014691,C0895,2025-12-01,53,Dashboard,11
U0014692,C0895,2026-01-01,79,Reports,15
U0014693,C0895,2026-02-01,48,API,14
U0014694,C0895,2026-03-01,32,Exports,15
U0014695,C0895,2026-04-01,74,Reports,15
U0014696,C0895,2026-06-01,42,Automation,10
U0014697,C0895,2026-07-01,45,Integrations,5
U0014698,C0895,2026-09-01,32,Reports,8
U0014699,C0896,2025-01-01,18,Reports,18
U0014700,C0896,2025-02-01,56,Integrations,13
U0014701,C0896,2025-03-01,64,Exports,12
U0014702,C0896,2025-04-01,23,Reports,15
U0014703,C0896,2025-05-01,40,Automation,3
U0014704,C0896,2025-06-01,58,API,14
U0014705,C0896,2025-08-01,9,Reports,10
U0014706,C0896,2025-09-01,78,Reports,8
U0014707,C0896,2025-10-01,36,Dashboard,6
U0014708,C0896,2025-11-01,34,Exports,19
U0014709,C0896,2025-12-01,31,Integrations,18
U0014710,C0896,2026-04-01,75,API,9
U0014711,C0896,2026-05-01,57,API,17
U0014712,C0896,2026-06-01,11,Exports,4
U0014713,C0897,2025-01-01,36,API,19
U0014714,C0897,2025-02-01,5,Reports,18
U0014715,C0897,2025-03-01,26,Reports,10
U0014716,C0897,2025-04-01,61,Dashboard,10
U0014717,C0897,2025-05-01,53,Reports,12
U0014718,C0897,2025-06-01,64,Exports,10
U0014719,C0897,2025-07-01,70,Integrations,5
U0014720,C0897,2025-08-01,61,Dashboard,13
U0014721,C0897,2025-09-01,19,Integrations,9
U0014722,C0897,2025-10-01,17,Integrations,16
U0014723,C0897,2025-11-01,34,API,3
U0014724,C0897,2025-12-01,44,Exports,13
U0014725,C0897,2026-07-01,54,Automation,14
U0014726,C0897,2026-08-01,6,API,11
U0014727,C0897,2026-09-01,23,Automation,17
U0014728,C0898,2025-01-01,18,Reports,16
U0014729,C0898,2025-02-01,14,Dashboard,5
U0014730,C0898,2025-03-01,47,Automation,9
U0014731,C0898,2025-04-01,22,API,6
U0014732,C0898,2025-05-01,77,Reports,9
U0014733,C0898,2025-06-01,75,API,19
U0014734,C0898,2025-07-01,23,Automation,15
U0014735,C0898,2025-08-01,72,Dashboard,5
U0014736,C0898,2025-10-01,20,Automation,14
U0014737,C0898,2025-11-01,33,Integrations,13
U0014738,C0898,2025-12-01,15,API,12
U0014739,C0898,2026-01-01,24,Dashboard,7
U0014740,C0898,2026-02-01,25,Exports,13
U0014741,C0898,2026-04-01,27,Dashboard,8
U0014742,C0898,2026-07-01,43,Reports,3
U0014743,C0898,2026-08-01,16,API,17
U0014744,C0899,2025-01-01,7,Integrations,15
U0014745,C0899,2025-03-01,6,API,11
U0014746,C0899,2025-04-01,23,API,12
U0014747,C0899,2025-06-01,48,Automation,6
U0014748,C0899,2025-07-01,63,API,10
U0014749,C0899,2025-09-01,19,Reports,18
U0014750,C0899,2025-10-01,48,Integrations,14
U0014751,C0899,2025-11-01,8,Exports,5
U0014752,C0899,2025-12-01,35,API,19
U0014753,C0899,2026-01-01,33,Exports,3
U0014754,C0899,2026-02-01,35,Dashboard,18
U0014755,C0899,2026-03-01,19,Exports,17
U0014756,C0899,2026-04-01,68,Automation,12
U0014757,C0899,2026-05-01,68,Reports,7
U0014758,C0899,2026-06-01,42,API,6
U0014759,C0899,2026-07-01,50,Dashboard,7
U0014760,C0899,2026-08-01,30,Automation,6
U0014761,C0899,2026-09-01,30,Automation,6
U0014762,C0900,2025-01-01,62,Reports,17
U0014763,C0900,2025-03-01,47,Exports,19
U0014764,C0900,2025-04-01,45,Integrations,1
U0014765,C0900,2025-05-01,55,Reports,6
U0014766,C0900,2025-06-01,56,API,8
U0014767,C0900,2025-07-01,21,Automation,17
U0014768,C0900,2025-08-01,48,Automation,13
U0014769,C0900,2025-09-01,42,Dashboard,8
U0014770,C0900,2025-10-01,8,Exports,19
U0014771,C0900,2025-11-01,73,Reports,4
U0014772,C0900,2025-12-01,54,API,9
U0014773,C0900,2026-01-01,30,Dashboard,1
U0014774,C0900,2026-02-01,37,Integrations,18
U0014775,C0900,2026-04-01,16,Reports,17
U0014776,C0900,2026-05-01,57,Exports,15
U0014777,C0900,2026-06-01,64,Automation,19
U0014778,C0900,2026-08-01,75,Automation,19
U0014779,C0901,2025-01-01,28,Integrations,3
U0014780,C0901,2025-02-01,71,Exports,6
U0014781,C0901,2025-03-01,72,API,16
U0014782,C0901,2025-04-01,10,Integrations,19
U0014783,C0901,2025-05-01,18,API,14
U0014784,C0901,2025-06-01,30,API,16
U0014785,C0901,2025-07-01,16,Integrations,5
U0014786,C0901,2025-08-01,60,Dashboard,17
U0014787,C0901,2025-10-01,29,Exports,12
U0014788,C0901,2025-11-01,74,Integrations,9
U0014789,C0901,2026-01-01,72,Automation,9
U0014790,C0901,2026-03-01,9,Automation,6
U0014791,C0901,2026-04-01,59,Automation,15
U0014792,C0901,2026-05-01,11,Exports,17
U0014793,C0901,2026-07-01,16,Automation,13
U0014794,C0901,2026-08-01,54,Reports,13
U0014795,C0901,2026-09-01,13,Dashboard,19
U0014796,C0902,2025-02-01,28,Dashboard,8
U0014797,C0902,2025-03-01,59,Reports,11
U0014798,C0902,2025-04-01,60,Reports,3
U0014799,C0902,2025-06-01,58,Exports,14
U0014800,C0902,2025-07-01,18,Exports,13
U0014801,C0902,2025-08-01,35,Exports,12
U0014802,C0902,2025-09-01,40,API,8
U0014803,C0902,2025-11-01,21,Exports,5
U0014804,C0902,2025-12-01,27,Exports,11
U0014805,C0902,2026-02-01,14,Integrations,12
U0014806,C0902,2026-03-01,74,Integrations,19
U0014807,C0902,2026-04-01,49,Exports,2
U0014808,C0902,2026-05-01,39,Reports,18
U0014809,C0902,2026-06-01,30,Integrations,3
U0014810,C0902,2026-07-01,56,Automation,8
U0014811,C0902,2026-09-01,64,Automation,17
U0014812,C0903,2025-01-01,10,Reports,1
U0014813,C0903,2025-02-01,15,Reports,1
U0014814,C0903,2025-03-01,30,Integrations,10
U0014815,C0903,2025-05-01,50,API,3
U0014816,C0903,2025-06-01,28,Dashboard,5
U0014817,C0903,2025-07-01,3,Automation,6
U0014818,C0903,2025-09-01,67,Exports,4
U0014819,C0903,2025-10-01,44,Reports,5
U0014820,C0903,2025-11-01,2,Integrations,15
U0014821,C0903,2025-12-01,12,Automation,9
U0014822,C0903,2026-01-01,44,Integrations,7
U0014823,C0903,2026-03-01,22,Integrations,4
U0014824,C0903,2026-05-01,72,Dashboard,10
U0014825,C0903,2026-06-01,75,Dashboard,16
U0014826,C0903,2026-07-01,68,Integrations,2
U0014827,C0903,2026-09-01,52,Automation,8
U0014828,C0904,2025-01-01,34,Reports,19
U0014829,C0904,2025-02-01,67,Dashboard,16
U0014830,C0904,2025-03-01,76,Exports,9
U0014831,C0904,2025-04-01,69,Reports,19
U0014832,C0904,2025-05-01,51,API,9
U0014833,C0904,2025-07-01,44,Reports,6
U0014834,C0904,2025-08-01,30,Exports,18
U0014835,C0904,2025-09-01,20,Reports,11
U0014836,C0904,2025-10-01,34,Exports,6
U0014837,C0904,2025-11-01,71,API,6
U0014838,C0904,2026-01-01,72,Reports,4
U0014839,C0904,2026-02-01,66,Integrations,19
U0014840,C0904,2026-03-01,16,Dashboard,8
U0014841,C0904,2026-04-01,64,Exports,6
U0014842,C0904,2026-05-01,79,Automation,16
U0014843,C0904,2026-06-01,24,Integrations,11
U0014844,C0904,2026-07-01,3,Automation,9
U0014845,C0904,2026-08-01,4,Integrations,16
U0014846,C0904,2026-09-01,17,API,15
U0014847,C0905,2025-01-01,55,API,8
U0014848,C0905,2025-02-01,72,Dashboard,17
U0014849,C0905,2025-03-01,57,Automation,18
U0014850,C0905,2025-04-01,26,Automation,1
U0014851,C0905,2025-05-01,36,Automation,9
U0014852,C0905,2025-06-01,29,Exports,7
U0014853,C0905,2025-07-01,38,Integrations,7
U0014854,C0905,2025-08-01,35,Dashboard,7
U0014855,C0905,2025-09-01,45,Integrations,1
U0014856,C0905,2025-10-01,7,API,19
U0014857,C0905,2025-11-01,55,Reports,12
U0014858,C0905,2025-12-01,60,Automation,17
U0014859,C0905,2026-01-01,66,Reports,1
U0014860,C0905,2026-02-01,20,Reports,5
U0014861,C0905,2026-04-01,39,Integrations,18
U0014862,C0905,2026-06-01,32,Reports,2
U0014863,C0905,2026-07-01,51,Exports,8
U0014864,C0905,2026-08-01,71,Reports,13
U0014865,C0905,2026-09-01,72,API,2
U0014866,C0906,2025-01-01,77,Dashboard,18
U0014867,C0906,2025-02-01,9,Automation,4
U0014868,C0906,2025-03-01,25,Dashboard,15
U0014869,C0906,2025-05-01,9,Reports,16
U0014870,C0906,2025-08-01,2,Integrations,15
U0014871,C0906,2025-10-01,53,Automation,17
U0014872,C0906,2025-11-01,55,Reports,14
U0014873,C0906,2025-12-01,11,Integrations,9
U0014874,C0906,2026-01-01,25,Dashboard,3
U0014875,C0906,2026-03-01,36,Exports,3
U0014876,C0906,2026-04-01,79,Dashboard,11
U0014877,C0906,2026-06-01,38,API,13
U0014878,C0906,2026-07-01,13,Exports,6
U0014879,C0907,2025-01-01,21,Reports,6
U0014880,C0907,2025-02-01,76,Dashboard,10
U0014881,C0907,2025-03-01,48,Exports,15
U0014882,C0907,2025-04-01,16,Exports,8
U0014883,C0907,2025-05-01,39,Exports,6
U0014884,C0907,2025-06-01,10,Integrations,6
U0014885,C0907,2025-07-01,18,Dashboard,11
U0014886,C0907,2025-08-01,59,Reports,18
U0014887,C0907,2025-09-01,18,Exports,6
U0014888,C0907,2025-11-01,37,Integrations,7
U0014889,C0907,2026-01-01,28,Dashboard,6
U0014890,C0907,2026-02-01,8,API,8
U0014891,C0907,2026-03-01,9,API,2
U0014892,C0907,2026-04-01,64,API,6
U0014893,C0907,2026-05-01,74,Reports,18
U0014894,C0907,2026-06-01,24,Dashboard,17
U0014895,C0907,2026-07-01,64,Reports,15
U0014896,C0907,2026-08-01,53,Reports,7
U0014897,C0907,2026-09-01,76,API,13
U0014898,C0908,2025-01-01,57,Exports,15
U0014899,C0908,2025-02-01,19,API,18
U0014900,C0908,2025-03-01,25,Automation,11
U0014901,C0908,2025-04-01,7,Integrations,18
U0014902,C0908,2025-05-01,66,Automation,18
U0014903,C0908,2025-07-01,61,Exports,6
U0014904,C0908,2025-08-01,69,Exports,1
U0014905,C0908,2025-10-01,42,API,2
U0014906,C0908,2025-11-01,47,Exports,1
U0014907,C0908,2025-12-01,15,Automation,9
U0014908,C0908,2026-02-01,27,Reports,1
U0014909,C0908,2026-03-01,58,API,6
U0014910,C0908,2026-06-01,78,Dashboard,12
U0014911,C0908,2026-07-01,3,Integrations,16
U0014912,C0908,2026-08-01,15,Exports,11
U0014913,C0909,2025-01-01,6,Integrations,13
U0014914,C0909,2025-04-01,29,Automation,12
U0014915,C0909,2025-05-01,1,API,3
U0014916,C0909,2025-06-01,79,Automation,6
U0014917,C0909,2025-07-01,17,Reports,18
U0014918,C0909,2025-08-01,30,Integrations,5
U0014919,C0909,2025-10-01,13,Reports,12
U0014920,C0909,2025-12-01,42,API,3
U0014921,C0909,2026-01-01,79,Integrations,1
U0014922,C0909,2026-02-01,67,Exports,2
U0014923,C0909,2026-03-01,8,Integrations,12
U0014924,C0909,2026-04-01,78,Dashboard,8
U0014925,C0909,2026-07-01,60,Exports,5
U0014926,C0909,2026-09-01,36,Dashboard,13
U0014927,C0910,2025-02-01,75,Reports,15
U0014928,C0910,2025-03-01,44,Exports,1
U0014929,C0910,2025-04-01,21,Dashboard,14
U0014930,C0910,2025-05-01,31,Integrations,16
U0014931,C0910,2025-06-01,9,API,11
U0014932,C0910,2025-07-01,56,Exports,7
U0014933,C0910,2025-08-01,38,Exports,3
U0014934,C0910,2025-10-01,74,Dashboard,5
U0014935,C0910,2025-11-01,22,Dashboard,18
U0014936,C0910,2025-12-01,38,Integrations,3
U0014937,C0910,2026-02-01,57,Automation,15
U0014938,C0910,2026-03-01,53,Automation,7
U0014939,C0910,2026-04-01,39,Exports,14
U0014940,C0910,2026-05-01,2,Automation,3
U0014941,C0910,2026-06-01,6,API,6
U0014942,C0910,2026-09-01,48,Reports,17
U0014943,C0911,2025-01-01,54,Automation,2
U0014944,C0911,2025-02-01,18,API,18
U0014945,C0911,2025-04-01,31,Automation,1
U0014946,C0911,2025-05-01,51,Automation,7
U0014947,C0911,2025-06-01,59,Exports,14
U0014948,C0911,2025-07-01,23,Automation,5
U0014949,C0911,2025-08-01,3,Automation,3
U0014950,C0911,2025-10-01,71,API,10
U0014951,C0911,2025-11-01,74,Integrations,1
U0014952,C0911,2026-01-01,8,Integrations,16
U0014953,C0911,2026-02-01,38,Automation,2
U0014954,C0911,2026-03-01,74,Dashboard,13
U0014955,C0911,2026-04-01,59,Integrations,8
U0014956,C0911,2026-05-01,50,API,8
U0014957,C0911,2026-06-01,62,Exports,10
U0014958,C0911,2026-07-01,44,Integrations,9
U0014959,C0911,2026-09-01,17,Reports,10
U0014960,C0912,2025-01-01,71,Exports,10
U0014961,C0912,2025-03-01,35,Dashboard,15
U0014962,C0912,2025-04-01,34,Exports,17
U0014963,C0912,2025-05-01,26,Reports,13
U0014964,C0912,2025-06-01,36,Automation,7
U0014965,C0912,2025-07-01,12,API,1
U0014966,C0912,2025-08-01,38,Automation,7
U0014967,C0912,2025-09-01,76,Automation,2
U0014968,C0912,2025-11-01,15,Dashboard,2
U0014969,C0912,2025-12-01,31,Automation,1
U0014970,C0912,2026-01-01,38,Integrations,10
U0014971,C0912,2026-02-01,42,Reports,19
U0014972,C0912,2026-03-01,11,Integrations,15
U0014973,C0912,2026-04-01,18,Automation,17
U0014974,C0912,2026-05-01,32,Dashboard,2
U0014975,C0912,2026-06-01,50,Integrations,16
U0014976,C0912,2026-09-01,56,Integrations,13
U0014977,C0913,2025-02-01,33,Exports,14
U0014978,C0913,2025-03-01,2,Automation,12
U0014979,C0913,2025-05-01,79,Exports,15
U0014980,C0913,2025-07-01,5,Automation,7
U0014981,C0913,2025-08-01,13,Exports,13
U0014982,C0913,2025-09-01,57,API,8
U0014983,C0913,2025-10-01,7,Automation,4
U0014984,C0913,2025-11-01,72,Exports,11
U0014985,C0913,2026-03-01,3,Dashboard,10
U0014986,C0913,2026-05-01,39,Exports,7
U0014987,C0913,2026-06-01,4,Reports,7
U0014988,C0913,2026-07-01,65,Dashboard,16
U0014989,C0913,2026-08-01,40,Dashboard,4
U0014990,C0913,2026-09-01,36,Exports,15
U0014991,C0914,2025-01-01,22,Exports,4
U0014992,C0914,2025-02-01,13,Reports,1
U0014993,C0914,2025-05-01,22,Exports,14
U0014994,C0914,2025-06-01,65,Dashboard,2
U0014995,C0914,2025-07-01,56,Automation,13
U0014996,C0914,2025-09-01,60,API,5
U0014997,C0914,2025-10-01,37,Automation,6
U0014998,C0914,2025-11-01,70,API,13
U0014999,C0914,2025-12-01,58,Dashboard,16
U0015000,C0914,2026-01-01,52,API,3
U0015001,C0914,2026-02-01,67,Automation,2
U0015002,C0914,2026-03-01,24,Exports,12
U0015003,C0914,2026-05-01,20,Automation,2
U0015004,C0914,2026-06-01,50,Dashboard,6
U0015005,C0914,2026-07-01,30,Automation,15
U0015006,C0914,2026-08-01,45,Dashboard,15
U0015007,C0914,2026-09-01,56,Automation,6
U0015008,C0915,2025-01-01,76,API,9
U0015009,C0915,2025-03-01,3,Dashboard,18
U0015010,C0915,2025-04-01,37,Integrations,9
U0015011,C0915,2025-05-01,4,API,6
U0015012,C0915,2025-06-01,37,API,11
U0015013,C0915,2025-08-01,60,Dashboard,10
U0015014,C0915,2025-09-01,45,Reports,6
U0015015,C0915,2025-10-01,16,Integrations,11
U0015016,C0915,2025-11-01,49,Integrations,16
U0015017,C0915,2025-12-01,65,Automation,14
U0015018,C0915,2026-01-01,51,API,17
U0015019,C0915,2026-02-01,62,Dashboard,6
U0015020,C0915,2026-03-01,9,Integrations,9
U0015021,C0915,2026-04-01,10,Integrations,1
U0015022,C0915,2026-05-01,53,Exports,9
U0015023,C0915,2026-06-01,10,Dashboard,7
U0015024,C0915,2026-07-01,79,Automation,19
U0015025,C0915,2026-08-01,40,API,10
U0015026,C0915,2026-09-01,13,Automation,15
U0015027,C0916,2025-01-01,1,API,18
U0015028,C0916,2025-03-01,52,Reports,18
U0015029,C0916,2025-04-01,3,Reports,10
U0015030,C0916,2025-05-01,15,API,13
U0015031,C0916,2025-06-01,30,API,3
U0015032,C0916,2025-07-01,15,Reports,7
U0015033,C0916,2025-09-01,32,Reports,18
U0015034,C0916,2025-10-01,40,Reports,12
U0015035,C0916,2025-11-01,22,API,13
U0015036,C0916,2025-12-01,42,Automation,3
U0015037,C0916,2026-01-01,72,Exports,15
U0015038,C0916,2026-02-01,25,API,5
U0015039,C0916,2026-03-01,44,Reports,6
U0015040,C0916,2026-04-01,60,Integrations,19
U0015041,C0916,2026-07-01,20,Integrations,16
U0015042,C0916,2026-08-01,73,Exports,14
U0015043,C0916,2026-09-01,48,Integrations,18
U0015044,C0917,2025-01-01,78,Exports,7
U0015045,C0917,2025-02-01,71,API,9
U0015046,C0917,2025-03-01,62,Integrations,4
U0015047,C0917,2025-04-01,16,API,12
U0015048,C0917,2025-05-01,75,Dashboard,4
U0015049,C0917,2025-07-01,53,Automation,1
U0015050,C0917,2025-08-01,67,Automation,5
U0015051,C0917,2025-11-01,48,Reports,4
U0015052,C0917,2025-12-01,14,Automation,14
U0015053,C0917,2026-01-01,17,Exports,13
U0015054,C0917,2026-02-01,70,API,14
U0015055,C0917,2026-03-01,72,API,2
U0015056,C0917,2026-05-01,27,Exports,8
U0015057,C0917,2026-06-01,18,Exports,6
U0015058,C0917,2026-07-01,70,API,15
U0015059,C0917,2026-08-01,68,Automation,13
U0015060,C0918,2025-01-01,45,Reports,19
U0015061,C0918,2025-02-01,63,Integrations,5
U0015062,C0918,2025-03-01,75,Reports,9
U0015063,C0918,2025-04-01,79,Automation,13
U0015064,C0918,2025-07-01,8,Dashboard,3
U0015065,C0918,2025-08-01,29,Reports,13
U0015066,C0918,2025-09-01,78,Reports,1
U0015067,C0918,2025-10-01,25,Dashboard,1
U0015068,C0918,2025-11-01,27,Exports,5
U0015069,C0918,2026-01-01,39,Dashboard,13
U0015070,C0918,2026-02-01,64,Integrations,12
U0015071,C0918,2026-03-01,77,Automation,9
U0015072,C0918,2026-06-01,50,Reports,10
U0015073,C0918,2026-08-01,5,Integrations,9
U0015074,C0918,2026-09-01,69,Exports,9
U0015075,C0919,2025-02-01,27,Dashboard,8
U0015076,C0919,2025-03-01,75,Exports,4
U0015077,C0919,2025-04-01,28,Automation,13
U0015078,C0919,2025-05-01,70,Automation,18
U0015079,C0919,2025-06-01,64,Exports,3
U0015080,C0919,2025-07-01,35,Reports,11
U0015081,C0919,2025-08-01,54,Integrations,14
U0015082,C0919,2025-09-01,59,Exports,6
U0015083,C0919,2025-10-01,4,API,19
U0015084,C0919,2025-11-01,21,Automation,12
U0015085,C0919,2025-12-01,1,Dashboard,7
U0015086,C0919,2026-01-01,70,Integrations,4
U0015087,C0919,2026-02-01,77,Automation,13
U0015088,C0919,2026-03-01,17,Exports,2
U0015089,C0919,2026-04-01,75,Integrations,15
U0015090,C0919,2026-05-01,33,Dashboard,13
U0015091,C0919,2026-07-01,1,Automation,7
U0015092,C0920,2025-01-01,34,Dashboard,7
U0015093,C0920,2025-02-01,35,Exports,14
U0015094,C0920,2025-03-01,77,Automation,15
U0015095,C0920,2025-05-01,16,Exports,6
U0015096,C0920,2025-06-01,76,Integrations,19
U0015097,C0920,2025-08-01,36,API,4
U0015098,C0920,2025-09-01,11,Integrations,3
U0015099,C0920,2025-10-01,11,Dashboard,9
U0015100,C0920,2025-12-01,26,Integrations,14
U0015101,C0920,2026-01-01,16,Exports,10
U0015102,C0920,2026-02-01,55,Dashboard,19
U0015103,C0920,2026-03-01,39,Dashboard,17
U0015104,C0920,2026-04-01,8,Automation,9
U0015105,C0920,2026-05-01,77,Dashboard,5
U0015106,C0920,2026-06-01,43,Exports,18
U0015107,C0920,2026-07-01,35,Reports,3
U0015108,C0920,2026-09-01,13,Exports,5
U0015109,C0921,2025-01-01,43,Integrations,3
U0015110,C0921,2025-03-01,71,Automation,6
U0015111,C0921,2025-04-01,15,API,8
U0015112,C0921,2025-05-01,66,Integrations,12
U0015113,C0921,2025-08-01,39,Automation,2
U0015114,C0921,2025-12-01,28,Integrations,4
U0015115,C0921,2026-01-01,43,Exports,4
U0015116,C0921,2026-03-01,68,API,2
U0015117,C0921,2026-04-01,35,Exports,11
U0015118,C0921,2026-05-01,15,Automation,8
U0015119,C0921,2026-07-01,24,Reports,10
U0015120,C0921,2026-08-01,78,Dashboard,11
U0015121,C0921,2026-09-01,3,Dashboard,11
U0015122,C0922,2025-01-01,33,Dashboard,18
U0015123,C0922,2025-03-01,57,Exports,18
U0015124,C0922,2025-04-01,40,Exports,11
U0015125,C0922,2025-05-01,15,Reports,11
U0015126,C0922,2025-06-01,8,Exports,15
U0015127,C0922,2025-07-01,64,Integrations,15
U0015128,C0922,2025-08-01,19,Dashboard,15
U0015129,C0922,2025-09-01,22,Automation,10
U0015130,C0922,2025-10-01,45,Automation,2
U0015131,C0922,2025-11-01,28,Integrations,10
U0015132,C0922,2025-12-01,32,Automation,8
U0015133,C0922,2026-01-01,19,Integrations,19
U0015134,C0922,2026-02-01,41,API,5
U0015135,C0922,2026-03-01,59,API,18
U0015136,C0922,2026-04-01,77,API,6
U0015137,C0922,2026-06-01,2,Reports,11
U0015138,C0922,2026-07-01,2,Dashboard,18
U0015139,C0922,2026-08-01,16,API,17
U0015140,C0922,2026-09-01,17,API,6
U0015141,C0923,2025-01-01,6,Reports,19
U0015142,C0923,2025-02-01,61,Reports,11
U0015143,C0923,2025-03-01,7,Integrations,6
U0015144,C0923,2025-04-01,38,Dashboard,18
U0015145,C0923,2025-05-01,45,Automation,11
U0015146,C0923,2025-07-01,5,Exports,2
U0015147,C0923,2025-08-01,21,Integrations,7
U0015148,C0923,2025-09-01,5,Dashboard,7
U0015149,C0923,2025-10-01,39,Integrations,5
U0015150,C0923,2025-11-01,48,Exports,12
U0015151,C0923,2026-03-01,7,Automation,18
U0015152,C0923,2026-04-01,48,Reports,8
U0015153,C0923,2026-05-01,45,Exports,7
U0015154,C0923,2026-06-01,69,Dashboard,4
U0015155,C0923,2026-07-01,62,Integrations,6
U0015156,C0923,2026-08-01,54,API,14
U0015157,C0923,2026-09-01,26,Reports,1
U0015158,C0924,2025-01-01,35,Exports,9
U0015159,C0924,2025-03-01,10,Dashboard,5
U0015160,C0924,2025-05-01,39,Reports,4
U0015161,C0924,2025-06-01,64,Integrations,2
U0015162,C0924,2025-07-01,52,Integrations,12
U0015163,C0924,2025-08-01,40,Integrations,5
U0015164,C0924,2025-09-01,33,Automation,11
U0015165,C0924,2025-10-01,14,Dashboard,5
U0015166,C0924,2025-11-01,28,Automation,2
U0015167,C0924,2026-01-01,75,API,14
U0015168,C0924,2026-02-01,59,Dashboard,8
U0015169,C0924,2026-03-01,12,API,17
U0015170,C0924,2026-04-01,8,API,4
U0015171,C0924,2026-05-01,57,Automation,2
U0015172,C0924,2026-06-01,64,Reports,15
U0015173,C0924,2026-07-01,5,API,5
U0015174,C0924,2026-08-01,76,Exports,14
U0015175,C0925,2025-02-01,58,Automation,2
U0015176,C0925,2025-03-01,30,Automation,18
U0015177,C0925,2025-06-01,79,Integrations,9
U0015178,C0925,2025-07-01,72,Exports,10
U0015179,C0925,2025-09-01,22,Reports,16
U0015180,C0925,2025-10-01,4,Dashboard,4
U0015181,C0925,2025-12-01,4,API,1
U0015182,C0925,2026-02-01,12,Exports,2
U0015183,C0925,2026-03-01,33,Reports,13
U0015184,C0925,2026-04-01,30,Automation,2
U0015185,C0925,2026-05-01,52,Automation,18
U0015186,C0925,2026-06-01,9,Integrations,19
U0015187,C0925,2026-07-01,49,Dashboard,19
U0015188,C0925,2026-08-01,40,API,2
U0015189,C0925,2026-09-01,2,Automation,18
U0015190,C0926,2025-01-01,72,Reports,7
U0015191,C0926,2025-02-01,32,Integrations,10
U0015192,C0926,2025-03-01,69,Exports,17
U0015193,C0926,2025-04-01,1,Automation,1
U0015194,C0926,2025-05-01,13,Integrations,14
U0015195,C0926,2025-06-01,37,Exports,8
U0015196,C0926,2025-07-01,62,Exports,17
U0015197,C0926,2025-08-01,58,Dashboard,5
U0015198,C0926,2025-09-01,31,Exports,7
U0015199,C0926,2025-10-01,21,API,7
U0015200,C0926,2025-11-01,58,API,1
U0015201,C0926,2025-12-01,55,Integrations,18
U0015202,C0926,2026-01-01,46,Dashboard,15
U0015203,C0926,2026-02-01,53,API,5
U0015204,C0926,2026-03-01,38,Dashboard,8
U0015205,C0926,2026-04-01,7,API,8
U0015206,C0926,2026-05-01,59,Automation,17
U0015207,C0926,2026-06-01,32,API,2
U0015208,C0926,2026-07-01,10,Integrations,9
U0015209,C0926,2026-08-01,32,Integrations,19
U0015210,C0926,2026-09-01,14,Exports,16
U0015211,C0927,2025-01-01,10,Integrations,4
U0015212,C0927,2025-02-01,49,Exports,5
U0015213,C0927,2025-03-01,15,Integrations,8
U0015214,C0927,2025-04-01,20,Automation,6
U0015215,C0927,2025-05-01,42,Reports,18
U0015216,C0927,2025-06-01,34,Exports,17
U0015217,C0927,2025-07-01,61,API,15
U0015218,C0927,2025-08-01,33,Exports,8
U0015219,C0927,2025-09-01,44,Automation,8
U0015220,C0927,2025-10-01,77,Dashboard,5
U0015221,C0927,2025-11-01,39,Reports,10
U0015222,C0927,2026-01-01,34,Automation,4
U0015223,C0927,2026-02-01,11,Integrations,15
U0015224,C0927,2026-06-01,53,Dashboard,2
U0015225,C0927,2026-07-01,22,Dashboard,1
U0015226,C0927,2026-09-01,17,API,12
U0015227,C0928,2025-03-01,25,API,9
U0015228,C0928,2025-04-01,38,Automation,18
U0015229,C0928,2025-05-01,79,Dashboard,12
U0015230,C0928,2025-06-01,37,Automation,7
U0015231,C0928,2025-07-01,17,API,4
U0015232,C0928,2025-08-01,64,Reports,18
U0015233,C0928,2025-09-01,69,Reports,17
U0015234,C0928,2025-10-01,36,Integrations,19
U0015235,C0928,2025-11-01,13,API,1
U0015236,C0928,2025-12-01,55,API,10
U0015237,C0928,2026-01-01,53,Exports,5
U0015238,C0928,2026-02-01,13,Integrations,1
U0015239,C0928,2026-03-01,62,Automation,5
U0015240,C0928,2026-04-01,45,Integrations,7
U0015241,C0928,2026-05-01,54,Automation,16
U0015242,C0928,2026-06-01,35,Automation,11
U0015243,C0928,2026-07-01,44,Integrations,11
U0015244,C0928,2026-08-01,55,Integrations,14
U0015245,C0928,2026-09-01,64,Integrations,4
U0015246,C0929,2025-01-01,18,API,7
U0015247,C0929,2025-02-01,56,Dashboard,17
U0015248,C0929,2025-03-01,76,Dashboard,17
U0015249,C0929,2025-04-01,31,Integrations,4
U0015250,C0929,2025-05-01,5,Integrations,8
U0015251,C0929,2025-07-01,25,Exports,1
U0015252,C0929,2025-08-01,52,Exports,8
U0015253,C0929,2025-09-01,31,Automation,6
U0015254,C0929,2025-10-01,18,Integrations,10
U0015255,C0929,2025-11-01,41,Reports,5
U0015256,C0929,2025-12-01,37,Automation,12
U0015257,C0929,2026-02-01,42,Integrations,6
U0015258,C0929,2026-04-01,69,Reports,3
U0015259,C0929,2026-08-01,27,Integrations,13
U0015260,C0929,2026-09-01,36,Automation,17
U0015261,C0930,2025-01-01,9,Reports,12
U0015262,C0930,2025-03-01,5,API,15
U0015263,C0930,2025-04-01,77,Dashboard,2
U0015264,C0930,2025-06-01,61,Exports,9
U0015265,C0930,2025-07-01,7,Automation,3
U0015266,C0930,2025-08-01,76,Automation,3
U0015267,C0930,2025-09-01,10,Integrations,18
U0015268,C0930,2025-10-01,17,Exports,11
U0015269,C0930,2026-01-01,32,Exports,14
U0015270,C0930,2026-02-01,16,Exports,1
U0015271,C0930,2026-03-01,14,Integrations,19
U0015272,C0930,2026-04-01,42,Dashboard,13
U0015273,C0930,2026-05-01,53,Exports,4
U0015274,C0930,2026-06-01,26,Integrations,10
U0015275,C0930,2026-07-01,29,Dashboard,7
U0015276,C0930,2026-09-01,19,Reports,11
U0015277,C0931,2025-01-01,14,Automation,12
U0015278,C0931,2025-02-01,79,Reports,16
U0015279,C0931,2025-04-01,78,Automation,16
U0015280,C0931,2025-05-01,42,Reports,5
U0015281,C0931,2025-06-01,42,Reports,2
U0015282,C0931,2025-07-01,58,API,1
U0015283,C0931,2025-09-01,41,Automation,8
U0015284,C0931,2025-10-01,43,Reports,1
U0015285,C0931,2025-12-01,19,Integrations,16
U0015286,C0931,2026-01-01,58,Dashboard,18
U0015287,C0931,2026-02-01,9,Reports,5
U0015288,C0931,2026-03-01,20,Exports,5
U0015289,C0931,2026-04-01,50,Dashboard,10
U0015290,C0931,2026-05-01,47,API,19
U0015291,C0931,2026-07-01,78,Automation,12
U0015292,C0931,2026-08-01,14,Exports,4
U0015293,C0932,2025-01-01,72,Reports,2
U0015294,C0932,2025-02-01,39,Exports,2
U0015295,C0932,2025-03-01,22,Dashboard,6
U0015296,C0932,2025-04-01,30,API,19
U0015297,C0932,2025-05-01,62,Reports,4
U0015298,C0932,2025-07-01,33,Reports,6
U0015299,C0932,2025-08-01,24,Dashboard,9
U0015300,C0932,2025-09-01,23,Integrations,3
U0015301,C0932,2025-11-01,14,Dashboard,15
U0015302,C0932,2026-02-01,3,Dashboard,12
U0015303,C0932,2026-05-01,74,Exports,9
U0015304,C0932,2026-06-01,77,Integrations,9
U0015305,C0932,2026-07-01,56,Exports,1
U0015306,C0932,2026-08-01,12,Integrations,4
U0015307,C0933,2025-01-01,39,Reports,2
U0015308,C0933,2025-02-01,49,Automation,13
U0015309,C0933,2025-03-01,26,Integrations,4
U0015310,C0933,2025-04-01,28,Exports,9
U0015311,C0933,2025-05-01,55,Dashboard,8
U0015312,C0933,2025-06-01,73,Dashboard,1
U0015313,C0933,2025-07-01,78,Automation,17
U0015314,C0933,2025-08-01,71,Automation,14
U0015315,C0933,2025-09-01,29,Dashboard,2
U0015316,C0933,2025-10-01,39,Dashboard,3
U0015317,C0933,2025-12-01,59,Exports,18
U0015318,C0933,2026-01-01,46,Reports,10
U0015319,C0933,2026-02-01,11,Exports,12
U0015320,C0933,2026-03-01,44,Dashboard,13
U0015321,C0933,2026-04-01,63,API,2
U0015322,C0933,2026-05-01,73,Exports,1
U0015323,C0933,2026-08-01,65,Exports,8
U0015324,C0933,2026-09-01,76,Integrations,18
U0015325,C0934,2025-01-01,55,Exports,10
U0015326,C0934,2025-03-01,45,Dashboard,9
U0015327,C0934,2025-04-01,4,Automation,13
U0015328,C0934,2025-05-01,72,Dashboard,10
U0015329,C0934,2025-06-01,78,Reports,18
U0015330,C0934,2025-07-01,28,Integrations,18
U0015331,C0934,2025-08-01,36,Reports,3
U0015332,C0934,2025-09-01,49,Dashboard,16
U0015333,C0934,2025-10-01,37,API,3
U0015334,C0934,2025-11-01,52,API,9
U0015335,C0934,2026-01-01,20,Integrations,2
U0015336,C0934,2026-02-01,10,Automation,19
U0015337,C0934,2026-05-01,16,Dashboard,8
U0015338,C0934,2026-06-01,62,API,17
U0015339,C0934,2026-08-01,37,Automation,15
U0015340,C0934,2026-09-01,56,API,4
U0015341,C0935,2025-01-01,37,Integrations,8
U0015342,C0935,2025-02-01,1,Exports,2
U0015343,C0935,2025-04-01,55,Reports,5
U0015344,C0935,2025-05-01,40,Reports,1
U0015345,C0935,2025-07-01,68,Dashboard,4
U0015346,C0935,2025-09-01,17,Integrations,16
U0015347,C0935,2025-10-01,38,API,7
U0015348,C0935,2025-11-01,54,Automation,6
U0015349,C0935,2025-12-01,61,Exports,1
U0015350,C0935,2026-01-01,3,Automation,11
U0015351,C0935,2026-02-01,33,Dashboard,4
U0015352,C0935,2026-03-01,47,Integrations,12
U0015353,C0935,2026-05-01,70,Exports,6
U0015354,C0935,2026-06-01,25,Integrations,5
U0015355,C0935,2026-07-01,30,Exports,6
U0015356,C0935,2026-08-01,18,Dashboard,2
U0015357,C0935,2026-09-01,72,Exports,7
U0015358,C0936,2025-01-01,25,Integrations,1
U0015359,C0936,2025-02-01,66,Reports,12
U0015360,C0936,2025-04-01,31,Dashboard,16
U0015361,C0936,2025-05-01,28,Integrations,4
U0015362,C0936,2025-06-01,25,Dashboard,4
U0015363,C0936,2025-07-01,8,Integrations,5
U0015364,C0936,2025-08-01,4,API,6
U0015365,C0936,2025-09-01,48,Reports,3
U0015366,C0936,2025-11-01,64,Exports,15
U0015367,C0936,2025-12-01,60,Integrations,4
U0015368,C0936,2026-01-01,27,Dashboard,16
U0015369,C0936,2026-02-01,62,Integrations,18
U0015370,C0936,2026-03-01,44,Dashboard,2
U0015371,C0936,2026-04-01,57,Exports,3
U0015372,C0936,2026-05-01,14,Automation,15
U0015373,C0936,2026-09-01,2,Integrations,11
U0015374,C0937,2025-02-01,77,API,5
U0015375,C0937,2025-03-01,11,Exports,16
U0015376,C0937,2025-04-01,2,Reports,17
U0015377,C0937,2025-06-01,55,Reports,15
U0015378,C0937,2025-07-01,20,Reports,11
U0015379,C0937,2025-08-01,75,Exports,11
U0015380,C0937,2025-11-01,47,API,7
U0015381,C0937,2026-01-01,48,Reports,4
U0015382,C0937,2026-02-01,46,Reports,12
U0015383,C0937,2026-03-01,8,Dashboard,11
U0015384,C0937,2026-04-01,60,API,16
U0015385,C0937,2026-05-01,10,Reports,19
U0015386,C0937,2026-06-01,18,Exports,5
U0015387,C0937,2026-07-01,3,Integrations,1
U0015388,C0937,2026-08-01,44,Reports,2
U0015389,C0938,2025-01-01,1,Exports,5
U0015390,C0938,2025-02-01,66,Automation,14
U0015391,C0938,2025-03-01,75,API,10
U0015392,C0938,2025-05-01,60,Exports,15
U0015393,C0938,2025-06-01,47,Automation,1
U0015394,C0938,2025-07-01,47,Exports,6
U0015395,C0938,2025-09-01,72,API,2
U0015396,C0938,2025-10-01,33,Dashboard,14
U0015397,C0938,2025-12-01,33,Integrations,14
U0015398,C0938,2026-01-01,27,Reports,5
U0015399,C0938,2026-02-01,43,Exports,1
U0015400,C0938,2026-03-01,24,Automation,18
U0015401,C0938,2026-04-01,52,Reports,8
U0015402,C0938,2026-05-01,59,Integrations,12
U0015403,C0938,2026-06-01,67,Reports,19
U0015404,C0938,2026-07-01,13,Automation,15
U0015405,C0938,2026-08-01,24,Automation,12
U0015406,C0938,2026-09-01,75,Exports,10
U0015407,C0939,2025-02-01,51,Automation,5
U0015408,C0939,2025-03-01,57,Automation,16
U0015409,C0939,2025-05-01,32,Reports,1
U0015410,C0939,2025-06-01,38,Integrations,10
U0015411,C0939,2025-07-01,68,Reports,10
U0015412,C0939,2025-08-01,79,API,7
U0015413,C0939,2025-10-01,71,Dashboard,1
U0015414,C0939,2025-11-01,53,Exports,19
U0015415,C0939,2026-01-01,53,Automation,19
U0015416,C0939,2026-02-01,8,Integrations,1
U0015417,C0939,2026-03-01,59,Integrations,5
U0015418,C0939,2026-04-01,28,Automation,9
U0015419,C0939,2026-06-01,6,Exports,9
U0015420,C0939,2026-07-01,48,Automation,18
U0015421,C0939,2026-08-01,2,Dashboard,18
U0015422,C0939,2026-09-01,53,Integrations,13
U0015423,C0940,2025-01-01,17,Dashboard,5
U0015424,C0940,2025-02-01,29,Exports,12
U0015425,C0940,2025-03-01,69,Dashboard,15
U0015426,C0940,2025-04-01,14,Reports,14
U0015427,C0940,2025-05-01,73,Exports,19
U0015428,C0940,2025-06-01,19,Exports,13
U0015429,C0940,2025-07-01,67,Reports,17
U0015430,C0940,2025-08-01,47,Exports,14
U0015431,C0940,2025-09-01,69,Integrations,16
U0015432,C0940,2025-10-01,9,Automation,16
U0015433,C0940,2025-11-01,56,Exports,5
U0015434,C0940,2025-12-01,2,API,3
U0015435,C0940,2026-02-01,70,Automation,4
U0015436,C0940,2026-04-01,62,Dashboard,18
U0015437,C0940,2026-05-01,46,API,5
U0015438,C0940,2026-06-01,27,Exports,14
U0015439,C0940,2026-09-01,4,Automation,18
U0015440,C0941,2025-01-01,23,Integrations,11
U0015441,C0941,2025-02-01,22,Reports,18
U0015442,C0941,2025-03-01,77,Dashboard,3
U0015443,C0941,2025-04-01,17,Reports,16
U0015444,C0941,2025-05-01,32,API,8
U0015445,C0941,2025-06-01,30,Automation,5
U0015446,C0941,2025-07-01,70,Integrations,2
U0015447,C0941,2025-08-01,73,Integrations,19
U0015448,C0941,2025-09-01,25,Dashboard,6
U0015449,C0941,2025-10-01,50,Automation,14
U0015450,C0941,2025-11-01,60,Integrations,3
U0015451,C0941,2026-01-01,15,API,10
U0015452,C0941,2026-02-01,42,API,5
U0015453,C0941,2026-04-01,29,Integrations,11
U0015454,C0941,2026-05-01,13,Dashboard,5
U0015455,C0941,2026-06-01,50,Dashboard,9
U0015456,C0941,2026-08-01,59,Dashboard,7
U0015457,C0941,2026-09-01,26,Reports,14
U0015458,C0942,2025-01-01,21,API,19
U0015459,C0942,2025-02-01,15,Exports,14
U0015460,C0942,2025-03-01,25,Dashboard,12
U0015461,C0942,2025-04-01,49,Reports,6
U0015462,C0942,2025-05-01,42,API,13
U0015463,C0942,2025-06-01,64,Exports,19
U0015464,C0942,2025-07-01,55,Exports,15
U0015465,C0942,2025-09-01,1,Automation,18
U0015466,C0942,2025-10-01,50,Automation,7
U0015467,C0942,2025-11-01,65,Reports,18
U0015468,C0942,2025-12-01,75,Exports,5
U0015469,C0942,2026-01-01,76,API,9
U0015470,C0942,2026-02-01,43,Dashboard,11
U0015471,C0942,2026-03-01,34,Reports,16
U0015472,C0942,2026-07-01,14,Dashboard,4
U0015473,C0942,2026-09-01,21,Automation,15
U0015474,C0943,2025-01-01,50,Exports,12
U0015475,C0943,2025-02-01,10,Reports,11
U0015476,C0943,2025-05-01,43,Exports,4
U0015477,C0943,2025-07-01,17,Integrations,13
U0015478,C0943,2025-08-01,48,Automation,1
U0015479,C0943,2025-09-01,28,Reports,2
U0015480,C0943,2025-11-01,10,Exports,14
U0015481,C0943,2026-02-01,34,API,16
U0015482,C0943,2026-03-01,11,Exports,6
U0015483,C0943,2026-04-01,5,Integrations,1
U0015484,C0943,2026-05-01,10,Automation,15
U0015485,C0943,2026-06-01,44,Dashboard,3
U0015486,C0943,2026-07-01,48,Exports,9
U0015487,C0943,2026-08-01,64,Dashboard,6
U0015488,C0944,2025-01-01,55,Reports,3
U0015489,C0944,2025-02-01,31,Integrations,18
U0015490,C0944,2025-03-01,73,Exports,6
U0015491,C0944,2025-07-01,26,Automation,6
U0015492,C0944,2025-08-01,16,API,3
U0015493,C0944,2025-09-01,12,Automation,13
U0015494,C0944,2025-10-01,24,Reports,12
U0015495,C0944,2026-01-01,74,Dashboard,16
U0015496,C0944,2026-02-01,7,Reports,2
U0015497,C0944,2026-03-01,57,Reports,10
U0015498,C0944,2026-04-01,45,API,9
U0015499,C0944,2026-05-01,60,Exports,17
U0015500,C0944,2026-07-01,45,Exports,6
U0015501,C0944,2026-08-01,66,Automation,5
U0015502,C0944,2026-09-01,66,Integrations,11
U0015503,C0945,2025-01-01,26,Reports,7
U0015504,C0945,2025-02-01,2,Exports,19
U0015505,C0945,2025-03-01,26,Automation,13
U0015506,C0945,2025-04-01,58,API,15
U0015507,C0945,2025-06-01,79,API,14
U0015508,C0945,2025-07-01,6,Reports,16
U0015509,C0945,2025-08-01,27,Exports,19
U0015510,C0945,2025-09-01,51,Automation,2
U0015511,C0945,2025-10-01,27,Reports,4
U0015512,C0945,2025-11-01,22,Automation,14
U0015513,C0945,2026-01-01,33,Dashboard,14
U0015514,C0945,2026-02-01,77,Automation,8
U0015515,C0945,2026-04-01,58,Dashboard,18
U0015516,C0945,2026-05-01,39,Integrations,4
U0015517,C0945,2026-06-01,63,Reports,2
U0015518,C0945,2026-07-01,64,Automation,1
U0015519,C0945,2026-08-01,35,Exports,6
U0015520,C0946,2025-01-01,58,Dashboard,11
U0015521,C0946,2025-02-01,75,Automation,19
U0015522,C0946,2025-03-01,5,Exports,7
U0015523,C0946,2025-04-01,71,Reports,15
U0015524,C0946,2025-05-01,18,Integrations,11
U0015525,C0946,2025-06-01,21,API,3
U0015526,C0946,2025-07-01,55,Exports,18
U0015527,C0946,2025-08-01,12,Integrations,10
U0015528,C0946,2025-10-01,73,Dashboard,7
U0015529,C0946,2025-12-01,18,Exports,15
U0015530,C0946,2026-01-01,59,Reports,14
U0015531,C0946,2026-02-01,15,Integrations,11
U0015532,C0946,2026-03-01,32,API,3
U0015533,C0946,2026-04-01,62,Exports,16
U0015534,C0946,2026-05-01,44,Exports,19
U0015535,C0946,2026-06-01,56,Integrations,2
U0015536,C0946,2026-07-01,19,Integrations,9
U0015537,C0946,2026-08-01,69,Reports,6
U0015538,C0946,2026-09-01,40,Integrations,10
U0015539,C0947,2025-01-01,30,Automation,8
U0015540,C0947,2025-02-01,17,API,18
U0015541,C0947,2025-03-01,74,Reports,6
U0015542,C0947,2025-08-01,62,Dashboard,19
U0015543,C0947,2025-10-01,9,Integrations,12
U0015544,C0947,2025-11-01,64,Exports,10
U0015545,C0947,2025-12-01,7,Reports,12
U0015546,C0947,2026-01-01,12,Reports,11
U0015547,C0947,2026-02-01,33,Dashboard,14
U0015548,C0947,2026-03-01,52,Exports,18
U0015549,C0947,2026-04-01,68,Automation,12
U0015550,C0947,2026-06-01,69,Integrations,18
U0015551,C0947,2026-07-01,14,Automation,13
U0015552,C0947,2026-08-01,15,Exports,15
U0015553,C0948,2025-02-01,59,Integrations,16
U0015554,C0948,2025-03-01,50,Integrations,3
U0015555,C0948,2025-04-01,2,API,5
U0015556,C0948,2025-05-01,58,Reports,9
U0015557,C0948,2025-06-01,5,Reports,6
U0015558,C0948,2025-08-01,2,Dashboard,12
U0015559,C0948,2025-09-01,67,Integrations,14
U0015560,C0948,2025-10-01,18,Dashboard,14
U0015561,C0948,2025-11-01,57,Automation,5
U0015562,C0948,2025-12-01,45,Reports,7
U0015563,C0948,2026-01-01,28,Exports,1
U0015564,C0948,2026-02-01,20,Integrations,11
U0015565,C0948,2026-03-01,11,Integrations,6
U0015566,C0948,2026-04-01,9,Reports,17
U0015567,C0948,2026-05-01,23,Reports,5
U0015568,C0948,2026-06-01,60,API,17
U0015569,C0948,2026-07-01,33,Exports,5
U0015570,C0949,2025-01-01,6,Dashboard,17
U0015571,C0949,2025-02-01,3,Dashboard,14
U0015572,C0949,2025-03-01,46,Reports,1
U0015573,C0949,2025-04-01,19,Automation,8
U0015574,C0949,2025-06-01,26,API,16
U0015575,C0949,2025-09-01,43,Exports,15
U0015576,C0949,2025-10-01,8,Automation,7
U0015577,C0949,2025-12-01,48,Exports,11
U0015578,C0949,2026-01-01,10,Dashboard,15
U0015579,C0949,2026-05-01,68,Integrations,8
U0015580,C0949,2026-06-01,18,Integrations,10
U0015581,C0949,2026-07-01,16,API,7
U0015582,C0949,2026-09-01,56,Reports,9
U0015583,C0950,2025-01-01,57,Dashboard,15
U0015584,C0950,2025-02-01,54,Reports,17
U0015585,C0950,2025-03-01,14,Dashboard,8
U0015586,C0950,2025-05-01,2,Dashboard,4
U0015587,C0950,2025-07-01,24,Automation,15
U0015588,C0950,2025-08-01,62,Integrations,1
U0015589,C0950,2025-09-01,74,Automation,16
U0015590,C0950,2025-10-01,24,API,17
U0015591,C0950,2025-11-01,34,Dashboard,2
U0015592,C0950,2025-12-01,76,Dashboard,1
U0015593,C0950,2026-01-01,7,Exports,10
U0015594,C0950,2026-03-01,50,Dashboard,5
U0015595,C0950,2026-04-01,56,Reports,3
U0015596,C0950,2026-05-01,41,Dashboard,11
U0015597,C0950,2026-06-01,26,Integrations,9
U0015598,C0950,2026-07-01,20,Automation,13
U0015599,C0950,2026-08-01,48,Reports,8
U0015600,C0950,2026-09-01,66,Dashboard,11
U0015601,C0951,2025-01-01,31,Automation,9
U0015602,C0951,2025-02-01,76,Integrations,15
U0015603,C0951,2025-03-01,50,Automation,8
U0015604,C0951,2025-04-01,72,Integrations,6
U0015605,C0951,2025-05-01,44,Dashboard,11
U0015606,C0951,2025-06-01,39,Dashboard,8
U0015607,C0951,2025-07-01,21,Reports,17
U0015608,C0951,2025-08-01,15,Automation,8
U0015609,C0951,2025-09-01,5,Integrations,1
U0015610,C0951,2025-11-01,45,Dashboard,17
U0015611,C0951,2025-12-01,23,Dashboard,5
U0015612,C0951,2026-02-01,53,Exports,3
U0015613,C0951,2026-03-01,22,Automation,12
U0015614,C0951,2026-06-01,13,API,14
U0015615,C0951,2026-07-01,52,Integrations,13
U0015616,C0951,2026-08-01,39,Exports,17
U0015617,C0951,2026-09-01,42,Integrations,3
U0015618,C0952,2025-01-01,79,Exports,17
U0015619,C0952,2025-02-01,20,Dashboard,12
U0015620,C0952,2025-04-01,53,Exports,10
U0015621,C0952,2025-05-01,67,Exports,13
U0015622,C0952,2025-06-01,18,Automation,14
U0015623,C0952,2025-07-01,21,API,15
U0015624,C0952,2025-08-01,62,Reports,15
U0015625,C0952,2025-09-01,33,Reports,7
U0015626,C0952,2025-10-01,59,Automation,2
U0015627,C0952,2025-12-01,72,Automation,18
U0015628,C0952,2026-02-01,17,Exports,2
U0015629,C0952,2026-03-01,31,Reports,12
U0015630,C0952,2026-04-01,53,Reports,12
U0015631,C0952,2026-05-01,59,Integrations,8
U0015632,C0952,2026-06-01,10,Automation,8
U0015633,C0952,2026-08-01,50,Integrations,7
U0015634,C0952,2026-09-01,22,Dashboard,16
U0015635,C0953,2025-02-01,14,Dashboard,15
U0015636,C0953,2025-04-01,68,Automation,19
U0015637,C0953,2025-05-01,6,Reports,8
U0015638,C0953,2025-06-01,68,API,8
U0015639,C0953,2025-07-01,17,Integrations,6
U0015640,C0953,2025-10-01,58,Dashboard,16
U0015641,C0953,2025-11-01,23,API,18
U0015642,C0953,2025-12-01,70,API,8
U0015643,C0953,2026-01-01,8,Exports,6
U0015644,C0953,2026-02-01,57,API,9
U0015645,C0953,2026-03-01,29,Exports,15
U0015646,C0953,2026-04-01,73,Integrations,5
U0015647,C0953,2026-06-01,6,API,7
U0015648,C0953,2026-07-01,47,Reports,11
U0015649,C0954,2025-01-01,69,Exports,9
U0015650,C0954,2025-02-01,11,Dashboard,13
U0015651,C0954,2025-04-01,36,Reports,15
U0015652,C0954,2025-06-01,65,Reports,19
U0015653,C0954,2025-07-01,16,Integrations,6
U0015654,C0954,2025-08-01,23,Exports,3
U0015655,C0954,2025-09-01,3,Dashboard,16
U0015656,C0954,2025-10-01,45,Reports,18
U0015657,C0954,2025-11-01,70,Reports,16
U0015658,C0954,2025-12-01,78,API,11
U0015659,C0954,2026-01-01,66,Reports,18
U0015660,C0954,2026-02-01,62,Automation,13
U0015661,C0954,2026-03-01,5,API,18
U0015662,C0954,2026-04-01,59,Integrations,17
U0015663,C0954,2026-05-01,19,Automation,16
U0015664,C0954,2026-06-01,55,Integrations,15
U0015665,C0954,2026-07-01,65,Dashboard,4
U0015666,C0954,2026-08-01,68,API,3
U0015667,C0954,2026-09-01,31,Dashboard,11
U0015668,C0955,2025-01-01,42,Integrations,5
U0015669,C0955,2025-02-01,13,Exports,18
U0015670,C0955,2025-07-01,36,Reports,16
U0015671,C0955,2025-08-01,68,API,12
U0015672,C0955,2025-09-01,49,Integrations,14
U0015673,C0955,2025-10-01,75,Reports,6
U0015674,C0955,2025-12-01,10,API,7
U0015675,C0955,2026-01-01,4,Automation,19
U0015676,C0955,2026-02-01,56,Automation,4
U0015677,C0955,2026-04-01,79,Automation,7
U0015678,C0955,2026-05-01,13,Integrations,8
U0015679,C0955,2026-06-01,35,Reports,13
U0015680,C0955,2026-07-01,67,API,8
U0015681,C0955,2026-08-01,79,Reports,6
U0015682,C0955,2026-09-01,15,Exports,13
U0015683,C0956,2025-01-01,4,Exports,14
U0015684,C0956,2025-02-01,1,Integrations,16
U0015685,C0956,2025-03-01,53,Exports,11
U0015686,C0956,2025-04-01,52,Exports,2
U0015687,C0956,2025-05-01,73,Dashboard,8
U0015688,C0956,2025-06-01,9,Exports,12
U0015689,C0956,2025-07-01,51,Automation,7
U0015690,C0956,2025-08-01,15,Dashboard,11
U0015691,C0956,2025-10-01,27,Reports,14
U0015692,C0956,2025-11-01,52,Reports,9
U0015693,C0956,2025-12-01,71,Reports,14
U0015694,C0956,2026-02-01,74,Reports,19
U0015695,C0956,2026-03-01,33,Integrations,17
U0015696,C0956,2026-04-01,51,Dashboard,19
U0015697,C0956,2026-05-01,71,Integrations,8
U0015698,C0956,2026-06-01,41,API,1
U0015699,C0957,2025-01-01,48,API,7
U0015700,C0957,2025-02-01,19,Automation,4
U0015701,C0957,2025-03-01,56,Dashboard,8
U0015702,C0957,2025-04-01,2,API,6
U0015703,C0957,2025-05-01,6,Automation,16
U0015704,C0957,2025-06-01,12,Exports,9
U0015705,C0957,2025-09-01,7,API,15
U0015706,C0957,2025-10-01,18,Automation,15
U0015707,C0957,2025-12-01,34,API,9
U0015708,C0957,2026-01-01,66,Exports,6
U0015709,C0957,2026-02-01,12,Automation,18
U0015710,C0957,2026-03-01,66,Exports,10
U0015711,C0957,2026-04-01,5,Automation,10
U0015712,C0957,2026-05-01,52,Automation,19
U0015713,C0957,2026-06-01,67,Integrations,12
U0015714,C0957,2026-07-01,78,Dashboard,10
U0015715,C0957,2026-08-01,49,Dashboard,5
U0015716,C0957,2026-09-01,4,Exports,9
U0015717,C0958,2025-02-01,30,Automation,14
U0015718,C0958,2025-03-01,28,Integrations,2
U0015719,C0958,2025-04-01,24,Exports,19
U0015720,C0958,2025-06-01,74,API,3
U0015721,C0958,2025-07-01,5,Reports,1
U0015722,C0958,2025-08-01,42,Dashboard,11
U0015723,C0958,2025-09-01,56,Dashboard,19
U0015724,C0958,2025-11-01,54,Dashboard,3
U0015725,C0958,2026-01-01,64,Exports,9
U0015726,C0958,2026-02-01,14,API,15
U0015727,C0958,2026-04-01,21,Integrations,4
U0015728,C0958,2026-05-01,73,API,8
U0015729,C0958,2026-06-01,9,Reports,1
U0015730,C0958,2026-07-01,71,Automation,11
U0015731,C0958,2026-09-01,5,Automation,12
U0015732,C0959,2025-01-01,59,Exports,15
U0015733,C0959,2025-02-01,76,Dashboard,14
U0015734,C0959,2025-08-01,59,Dashboard,7
U0015735,C0959,2025-09-01,74,Reports,11
U0015736,C0959,2025-11-01,16,API,6
U0015737,C0959,2025-12-01,3,Automation,1
U0015738,C0959,2026-01-01,34,Automation,15
U0015739,C0959,2026-03-01,13,Exports,2
U0015740,C0959,2026-04-01,59,Automation,12
U0015741,C0959,2026-06-01,40,Integrations,5
U0015742,C0959,2026-07-01,77,API,14
U0015743,C0959,2026-08-01,67,Dashboard,9
U0015744,C0959,2026-09-01,8,Exports,9
U0015745,C0960,2025-01-01,40,Exports,18
U0015746,C0960,2025-02-01,69,Dashboard,1
U0015747,C0960,2025-03-01,23,Integrations,8
U0015748,C0960,2025-04-01,5,Dashboard,8
U0015749,C0960,2025-05-01,43,Automation,18
U0015750,C0960,2025-07-01,28,Exports,14
U0015751,C0960,2025-08-01,79,Exports,7
U0015752,C0960,2025-09-01,46,API,3
U0015753,C0960,2025-10-01,38,Integrations,14
U0015754,C0960,2025-12-01,65,Integrations,13
U0015755,C0960,2026-02-01,39,Automation,11
U0015756,C0960,2026-03-01,50,Dashboard,17
U0015757,C0960,2026-04-01,53,Dashboard,1
U0015758,C0960,2026-06-01,17,Integrations,19
U0015759,C0960,2026-07-01,40,Dashboard,17
U0015760,C0960,2026-08-01,13,Reports,19
U0015761,C0960,2026-09-01,15,Automation,16
U0015762,C0961,2025-01-01,23,Exports,16
U0015763,C0961,2025-02-01,52,Dashboard,8
U0015764,C0961,2025-03-01,37,Reports,9
U0015765,C0961,2025-04-01,18,Automation,8
U0015766,C0961,2025-05-01,67,Integrations,12
U0015767,C0961,2025-08-01,20,API,17
U0015768,C0961,2025-09-01,24,Exports,7
U0015769,C0961,2025-11-01,74,Exports,3
U0015770,C0961,2025-12-01,48,API,17
U0015771,C0961,2026-01-01,72,Exports,15
U0015772,C0961,2026-03-01,24,Reports,7
U0015773,C0961,2026-04-01,71,API,17
U0015774,C0961,2026-05-01,40,Exports,10
U0015775,C0961,2026-06-01,3,Reports,6
U0015776,C0961,2026-07-01,46,API,19
U0015777,C0961,2026-08-01,21,Automation,1
U0015778,C0961,2026-09-01,21,Dashboard,10
U0015779,C0962,2025-01-01,10,Integrations,7
U0015780,C0962,2025-02-01,43,Reports,11
U0015781,C0962,2025-03-01,23,Integrations,18
U0015782,C0962,2025-04-01,9,Exports,18
U0015783,C0962,2025-06-01,15,Reports,18
U0015784,C0962,2025-07-01,68,Exports,4
U0015785,C0962,2025-08-01,13,Automation,9
U0015786,C0962,2025-09-01,28,Dashboard,19
U0015787,C0962,2025-10-01,40,API,2
U0015788,C0962,2025-11-01,6,Exports,8
U0015789,C0962,2026-02-01,6,Integrations,13
U0015790,C0962,2026-03-01,40,Reports,19
U0015791,C0962,2026-04-01,19,Integrations,19
U0015792,C0962,2026-05-01,37,Dashboard,15
U0015793,C0962,2026-07-01,38,API,3
U0015794,C0962,2026-08-01,61,API,12
U0015795,C0962,2026-09-01,31,Automation,8
U0015796,C0963,2025-02-01,42,API,6
U0015797,C0963,2025-03-01,50,API,10
U0015798,C0963,2025-04-01,20,Automation,4
U0015799,C0963,2025-05-01,27,Dashboard,6
U0015800,C0963,2025-06-01,36,Automation,13
U0015801,C0963,2025-07-01,53,Integrations,1
U0015802,C0963,2025-08-01,31,Integrations,14
U0015803,C0963,2025-09-01,28,Dashboard,8
U0015804,C0963,2025-10-01,68,Integrations,1
U0015805,C0963,2025-11-01,73,Automation,13
U0015806,C0963,2025-12-01,34,Integrations,5
U0015807,C0963,2026-03-01,33,Integrations,11
U0015808,C0963,2026-04-01,23,Exports,11
U0015809,C0963,2026-05-01,77,Dashboard,14
U0015810,C0963,2026-06-01,17,Dashboard,7
U0015811,C0963,2026-07-01,28,Integrations,3
U0015812,C0963,2026-08-01,78,API,5
U0015813,C0963,2026-09-01,49,Automation,3
U0015814,C0964,2025-01-01,9,Reports,11
U0015815,C0964,2025-02-01,32,API,7
U0015816,C0964,2025-05-01,9,Dashboard,13
U0015817,C0964,2025-06-01,33,Automation,7
U0015818,C0964,2025-07-01,37,Automation,8
U0015819,C0964,2025-08-01,4,Dashboard,13
U0015820,C0964,2025-09-01,47,Reports,11
U0015821,C0964,2025-11-01,24,API,15
U0015822,C0964,2026-01-01,42,API,7
U0015823,C0964,2026-02-01,62,Reports,15
U0015824,C0964,2026-03-01,56,API,6
U0015825,C0964,2026-04-01,4,Exports,4
U0015826,C0964,2026-05-01,69,Dashboard,10
U0015827,C0964,2026-06-01,38,Reports,15
U0015828,C0964,2026-07-01,66,Integrations,4
U0015829,C0964,2026-09-01,34,Dashboard,4
U0015830,C0965,2025-01-01,33,Exports,15
U0015831,C0965,2025-02-01,20,Automation,15
U0015832,C0965,2025-03-01,57,API,1
U0015833,C0965,2025-04-01,36,Dashboard,17
U0015834,C0965,2025-05-01,44,Reports,9
U0015835,C0965,2025-06-01,72,Dashboard,18
U0015836,C0965,2025-07-01,62,Dashboard,10
U0015837,C0965,2025-08-01,16,Automation,14
U0015838,C0965,2025-09-01,22,Exports,2
U0015839,C0965,2025-10-01,9,API,5
U0015840,C0965,2025-11-01,28,Exports,14
U0015841,C0965,2025-12-01,36,Integrations,5
U0015842,C0965,2026-01-01,20,Dashboard,16
U0015843,C0965,2026-02-01,41,API,12
U0015844,C0965,2026-03-01,59,Exports,4
U0015845,C0965,2026-04-01,31,Dashboard,17
U0015846,C0965,2026-07-01,76,Exports,12
U0015847,C0965,2026-08-01,13,API,15
U0015848,C0965,2026-09-01,57,API,3
U0015849,C0966,2025-01-01,73,Automation,18
U0015850,C0966,2025-02-01,16,Exports,7
U0015851,C0966,2025-04-01,13,Reports,19
U0015852,C0966,2025-05-01,72,Dashboard,5
U0015853,C0966,2025-06-01,40,API,5
U0015854,C0966,2025-08-01,59,Automation,7
U0015855,C0966,2025-09-01,23,API,3
U0015856,C0966,2025-11-01,34,Integrations,1
U0015857,C0966,2025-12-01,16,Integrations,12
U0015858,C0966,2026-03-01,28,Reports,10
U0015859,C0966,2026-05-01,14,API,15
U0015860,C0966,2026-06-01,79,Reports,14
U0015861,C0966,2026-07-01,17,Automation,13
U0015862,C0966,2026-08-01,16,Dashboard,6
U0015863,C0966,2026-09-01,14,Dashboard,14
U0015864,C0967,2025-01-01,65,Integrations,19
U0015865,C0967,2025-02-01,68,API,19
U0015866,C0967,2025-03-01,47,Automation,9
U0015867,C0967,2025-04-01,27,Dashboard,5
U0015868,C0967,2025-05-01,68,Automation,17
U0015869,C0967,2025-06-01,11,Reports,16
U0015870,C0967,2025-07-01,76,Automation,2
U0015871,C0967,2025-08-01,52,Exports,18
U0015872,C0967,2025-10-01,56,Automation,13
U0015873,C0967,2025-12-01,74,Reports,13
U0015874,C0967,2026-01-01,17,Reports,8
U0015875,C0967,2026-02-01,16,API,16
U0015876,C0967,2026-03-01,60,Integrations,14
U0015877,C0967,2026-05-01,1,Integrations,7
U0015878,C0967,2026-06-01,32,Exports,16
U0015879,C0967,2026-07-01,30,Reports,8
U0015880,C0967,2026-08-01,60,Dashboard,4
U0015881,C0968,2025-01-01,20,Dashboard,10
U0015882,C0968,2025-02-01,41,Exports,19
U0015883,C0968,2025-03-01,33,Exports,7
U0015884,C0968,2025-04-01,18,Automation,10
U0015885,C0968,2025-05-01,25,Automation,12
U0015886,C0968,2025-06-01,71,Integrations,16
U0015887,C0968,2025-07-01,63,Integrations,16
U0015888,C0968,2025-08-01,20,Integrations,18
U0015889,C0968,2025-10-01,25,Automation,13
U0015890,C0968,2025-11-01,66,Integrations,10
U0015891,C0968,2025-12-01,70,Integrations,19
U0015892,C0968,2026-01-01,75,Reports,6
U0015893,C0968,2026-02-01,74,Automation,9
U0015894,C0968,2026-03-01,45,Reports,4
U0015895,C0968,2026-04-01,10,Exports,19
U0015896,C0968,2026-05-01,77,Exports,11
U0015897,C0968,2026-06-01,52,API,10
U0015898,C0968,2026-08-01,28,Reports,8
U0015899,C0969,2025-01-01,27,Exports,9
U0015900,C0969,2025-02-01,74,Integrations,10
U0015901,C0969,2025-03-01,1,Reports,18
U0015902,C0969,2025-06-01,44,Exports,17
U0015903,C0969,2025-07-01,58,Reports,13
U0015904,C0969,2025-08-01,4,Dashboard,4
U0015905,C0969,2025-09-01,59,Dashboard,5
U0015906,C0969,2025-10-01,45,Integrations,12
U0015907,C0969,2026-02-01,23,Reports,7
U0015908,C0969,2026-03-01,59,Dashboard,5
U0015909,C0969,2026-06-01,56,API,12
U0015910,C0969,2026-07-01,17,Reports,5
U0015911,C0969,2026-08-01,18,Dashboard,8
U0015912,C0969,2026-09-01,29,Dashboard,7
U0015913,C0970,2025-01-01,37,API,2
U0015914,C0970,2025-03-01,50,Automation,5
U0015915,C0970,2025-04-01,53,Integrations,16
U0015916,C0970,2025-05-01,63,Integrations,17
U0015917,C0970,2025-06-01,23,Automation,4
U0015918,C0970,2025-08-01,11,Automation,9
U0015919,C0970,2025-09-01,8,Exports,5
U0015920,C0970,2025-10-01,78,Integrations,1
U0015921,C0970,2025-11-01,42,Reports,13
U0015922,C0970,2025-12-01,64,Reports,14
U0015923,C0970,2026-01-01,48,Integrations,10
U0015924,C0970,2026-02-01,3,Automation,10
U0015925,C0970,2026-03-01,60,Reports,4
U0015926,C0970,2026-04-01,64,Dashboard,1
U0015927,C0970,2026-05-01,57,Exports,2
U0015928,C0970,2026-06-01,45,Integrations,17
U0015929,C0970,2026-07-01,65,Exports,4
U0015930,C0970,2026-08-01,14,Reports,12
U0015931,C0970,2026-09-01,28,Integrations,8
U0015932,C0971,2025-01-01,59,Integrations,11
U0015933,C0971,2025-06-01,26,Automation,1
U0015934,C0971,2025-07-01,32,API,7
U0015935,C0971,2025-08-01,72,Automation,6
U0015936,C0971,2025-10-01,78,API,15
U0015937,C0971,2025-12-01,28,Dashboard,7
U0015938,C0971,2026-01-01,71,Reports,19
U0015939,C0971,2026-02-01,79,Integrations,4
U0015940,C0971,2026-04-01,73,API,7
U0015941,C0971,2026-05-01,4,API,2
U0015942,C0971,2026-06-01,29,API,4
U0015943,C0971,2026-07-01,22,Automation,19
U0015944,C0971,2026-08-01,24,Exports,14
U0015945,C0971,2026-09-01,7,Automation,4
U0015946,C0972,2025-02-01,55,Automation,11
U0015947,C0972,2025-03-01,21,Automation,15
U0015948,C0972,2025-06-01,35,Reports,15
U0015949,C0972,2025-07-01,8,Dashboard,1
U0015950,C0972,2025-08-01,33,Exports,11
U0015951,C0972,2025-09-01,74,Reports,17
U0015952,C0972,2025-10-01,12,Reports,1
U0015953,C0972,2025-11-01,61,API,18
U0015954,C0972,2025-12-01,50,Reports,12
U0015955,C0972,2026-01-01,42,API,13
U0015956,C0972,2026-04-01,49,Reports,14
U0015957,C0972,2026-06-01,40,Dashboard,17
U0015958,C0972,2026-07-01,78,Reports,9
U0015959,C0972,2026-09-01,2,Integrations,16
U0015960,C0973,2025-01-01,20,API,7
U0015961,C0973,2025-02-01,69,Automation,18
U0015962,C0973,2025-04-01,10,API,19
U0015963,C0973,2025-05-01,25,Dashboard,7
U0015964,C0973,2025-06-01,56,Exports,10
U0015965,C0973,2025-07-01,15,Exports,14
U0015966,C0973,2025-08-01,37,Dashboard,10
U0015967,C0973,2025-09-01,54,Reports,10
U0015968,C0973,2025-10-01,2,Automation,18
U0015969,C0973,2025-11-01,22,Exports,19
U0015970,C0973,2025-12-01,1,Automation,4
U0015971,C0973,2026-01-01,71,Dashboard,10
U0015972,C0973,2026-02-01,68,Automation,6
U0015973,C0973,2026-03-01,31,Automation,15
U0015974,C0973,2026-04-01,22,Automation,4
U0015975,C0973,2026-06-01,57,Automation,14
U0015976,C0973,2026-07-01,12,Reports,1
U0015977,C0973,2026-08-01,75,Reports,16
U0015978,C0973,2026-09-01,68,Automation,8
U0015979,C0974,2025-01-01,77,Exports,15
U0015980,C0974,2025-03-01,40,Exports,5
U0015981,C0974,2025-04-01,4,Reports,13
U0015982,C0974,2025-05-01,24,Reports,11
U0015983,C0974,2025-06-01,54,Dashboard,2
U0015984,C0974,2025-07-01,68,Reports,12
U0015985,C0974,2025-08-01,25,Automation,6
U0015986,C0974,2025-09-01,71,Dashboard,17
U0015987,C0974,2025-10-01,17,Reports,13
U0015988,C0974,2025-12-01,64,Reports,3
U0015989,C0974,2026-01-01,78,Reports,5
U0015990,C0974,2026-02-01,67,Integrations,10
U0015991,C0974,2026-03-01,46,Reports,15
U0015992,C0974,2026-04-01,60,Dashboard,19
U0015993,C0974,2026-05-01,24,Exports,18
U0015994,C0974,2026-06-01,69,API,14
U0015995,C0974,2026-07-01,51,Reports,9
U0015996,C0974,2026-08-01,32,Integrations,11
U0015997,C0975,2025-01-01,39,Reports,13
U0015998,C0975,2025-04-01,62,API,10
U0015999,C0975,2025-05-01,49,Reports,5
U0016000,C0975,2025-06-01,37,Reports,2
U0016001,C0975,2025-07-01,10,Dashboard,14
U0016002,C0975,2025-08-01,1,Automation,11
U0016003,C0975,2025-09-01,70,Integrations,10
U0016004,C0975,2025-10-01,26,Reports,11
U0016005,C0975,2025-11-01,22,Dashboard,9
U0016006,C0975,2025-12-01,1,Dashboard,12
U0016007,C0975,2026-01-01,33,Exports,16
U0016008,C0975,2026-02-01,17,API,13
U0016009,C0975,2026-04-01,55,Exports,15
U0016010,C0975,2026-05-01,27,API,18
U0016011,C0975,2026-06-01,41,API,14
U0016012,C0975,2026-07-01,29,Reports,16
U0016013,C0975,2026-08-01,61,Exports,15
U0016014,C0976,2025-02-01,61,API,11
U0016015,C0976,2025-03-01,72,API,16
U0016016,C0976,2025-05-01,4,Automation,17
U0016017,C0976,2025-06-01,46,Automation,3
U0016018,C0976,2025-07-01,37,Reports,3
U0016019,C0976,2025-08-01,44,Dashboard,17
U0016020,C0976,2025-11-01,8,Dashboard,1
U0016021,C0976,2025-12-01,20,API,1
U0016022,C0976,2026-01-01,55,Dashboard,19
U0016023,C0976,2026-03-01,49,Reports,10
U0016024,C0976,2026-04-01,77,Reports,2
U0016025,C0976,2026-05-01,66,Integrations,8
U0016026,C0976,2026-06-01,47,API,3
U0016027,C0976,2026-07-01,24,Reports,7
U0016028,C0976,2026-08-01,45,Exports,16
U0016029,C0976,2026-09-01,16,Dashboard,14
U0016030,C0977,2025-01-01,39,Automation,14
U0016031,C0977,2025-02-01,59,Integrations,19
U0016032,C0977,2025-03-01,33,Exports,16
U0016033,C0977,2025-04-01,48,Automation,15
U0016034,C0977,2025-05-01,45,Exports,19
U0016035,C0977,2025-06-01,19,Exports,19
U0016036,C0977,2025-07-01,30,Integrations,2
U0016037,C0977,2025-09-01,16,API,6
U0016038,C0977,2025-10-01,69,Dashboard,9
U0016039,C0977,2025-11-01,42,Automation,3
U0016040,C0977,2025-12-01,3,Dashboard,6
U0016041,C0977,2026-01-01,17,Exports,6
U0016042,C0977,2026-02-01,41,Integrations,5
U0016043,C0977,2026-03-01,49,Reports,15
U0016044,C0977,2026-04-01,52,API,19
U0016045,C0977,2026-05-01,69,API,6
U0016046,C0977,2026-07-01,64,Dashboard,9
U0016047,C0977,2026-08-01,55,Reports,1
U0016048,C0977,2026-09-01,76,Exports,6
U0016049,C0978,2025-01-01,10,API,2
U0016050,C0978,2025-02-01,67,Exports,5
U0016051,C0978,2025-03-01,1,Automation,2
U0016052,C0978,2025-05-01,51,Integrations,8
U0016053,C0978,2025-06-01,17,Automation,4
U0016054,C0978,2025-07-01,46,Exports,17
U0016055,C0978,2025-08-01,6,Reports,9
U0016056,C0978,2025-10-01,9,Integrations,8
U0016057,C0978,2025-11-01,40,Dashboard,1
U0016058,C0978,2025-12-01,48,Dashboard,4
U0016059,C0978,2026-02-01,67,Dashboard,7
U0016060,C0978,2026-03-01,75,Automation,3
U0016061,C0978,2026-04-01,73,Integrations,9
U0016062,C0978,2026-05-01,8,Exports,17
U0016063,C0978,2026-06-01,13,Integrations,2
U0016064,C0978,2026-08-01,46,Dashboard,4
U0016065,C0978,2026-09-01,12,Automation,6
U0016066,C0979,2025-01-01,11,Integrations,14
U0016067,C0979,2025-02-01,62,Dashboard,3
U0016068,C0979,2025-03-01,23,Integrations,2
U0016069,C0979,2025-04-01,56,Integrations,6
U0016070,C0979,2025-05-01,76,Automation,15
U0016071,C0979,2025-06-01,15,Automation,14
U0016072,C0979,2025-07-01,24,Exports,6
U0016073,C0979,2025-09-01,65,Reports,17
U0016074,C0979,2025-10-01,9,Exports,1
U0016075,C0979,2025-12-01,21,Integrations,10
U0016076,C0979,2026-01-01,23,Dashboard,5
U0016077,C0979,2026-02-01,78,Automation,8
U0016078,C0979,2026-04-01,12,Automation,16
U0016079,C0979,2026-07-01,28,Integrations,1
U0016080,C0979,2026-09-01,28,Integrations,11
U0016081,C0980,2025-02-01,77,Integrations,14
U0016082,C0980,2025-03-01,41,Automation,3
U0016083,C0980,2025-05-01,37,Exports,9
U0016084,C0980,2025-07-01,74,Integrations,19
U0016085,C0980,2025-08-01,50,Reports,17
U0016086,C0980,2025-10-01,50,Exports,19
U0016087,C0980,2025-11-01,74,Automation,1
U0016088,C0980,2025-12-01,71,Integrations,16
U0016089,C0980,2026-01-01,69,Reports,4
U0016090,C0980,2026-02-01,41,Reports,15
U0016091,C0980,2026-03-01,61,Exports,13
U0016092,C0980,2026-05-01,63,Automation,8
U0016093,C0980,2026-06-01,74,Exports,4
U0016094,C0980,2026-07-01,18,Dashboard,7
U0016095,C0980,2026-08-01,64,Reports,1
U0016096,C0980,2026-09-01,78,Reports,4
U0016097,C0981,2025-01-01,20,Dashboard,6
U0016098,C0981,2025-02-01,31,API,6
U0016099,C0981,2025-03-01,58,Dashboard,7
U0016100,C0981,2025-04-01,36,Dashboard,5
U0016101,C0981,2025-05-01,45,Integrations,4
U0016102,C0981,2025-06-01,9,API,4
U0016103,C0981,2025-07-01,24,API,18
U0016104,C0981,2025-10-01,21,Exports,2
U0016105,C0981,2025-11-01,56,Exports,3
U0016106,C0981,2025-12-01,13,API,16
U0016107,C0981,2026-02-01,77,Exports,14
U0016108,C0981,2026-04-01,54,Reports,8
U0016109,C0981,2026-05-01,70,Integrations,17
U0016110,C0981,2026-07-01,61,API,10
U0016111,C0981,2026-08-01,18,Dashboard,4
U0016112,C0981,2026-09-01,29,Exports,7
U0016113,C0982,2025-02-01,59,Integrations,11
U0016114,C0982,2025-03-01,25,Reports,5
U0016115,C0982,2025-04-01,32,Reports,1
U0016116,C0982,2025-05-01,70,Automation,9
U0016117,C0982,2025-06-01,3,Integrations,6
U0016118,C0982,2025-07-01,36,API,6
U0016119,C0982,2025-08-01,74,Exports,3
U0016120,C0982,2025-09-01,30,API,4
U0016121,C0982,2025-10-01,42,Dashboard,1
U0016122,C0982,2025-11-01,63,Reports,9
U0016123,C0982,2025-12-01,35,API,2
U0016124,C0982,2026-01-01,32,API,6
U0016125,C0982,2026-02-01,45,Reports,1
U0016126,C0982,2026-04-01,42,Exports,4
U0016127,C0982,2026-06-01,35,Exports,5
U0016128,C0982,2026-07-01,1,Automation,4
U0016129,C0982,2026-08-01,27,Automation,2
U0016130,C0982,2026-09-01,15,Integrations,2
U0016131,C0983,2025-01-01,49,Integrations,11
U0016132,C0983,2025-02-01,21,Reports,4
U0016133,C0983,2025-04-01,37,Reports,10
U0016134,C0983,2025-05-01,25,Dashboard,7
U0016135,C0983,2025-06-01,28,Exports,5
U0016136,C0983,2025-08-01,29,Dashboard,19
U0016137,C0983,2025-09-01,68,Automation,18
U0016138,C0983,2025-10-01,53,Dashboard,12
U0016139,C0983,2025-11-01,46,API,10
U0016140,C0983,2025-12-01,70,API,17
U0016141,C0983,2026-01-01,68,Dashboard,9
U0016142,C0983,2026-04-01,42,Reports,7
U0016143,C0983,2026-05-01,27,Exports,7
U0016144,C0983,2026-06-01,9,Dashboard,3
U0016145,C0983,2026-07-01,32,Automation,1
U0016146,C0983,2026-08-01,50,Reports,13
U0016147,C0983,2026-09-01,63,Exports,18
U0016148,C0984,2025-01-01,57,Reports,9
U0016149,C0984,2025-02-01,52,Exports,14
U0016150,C0984,2025-03-01,38,API,5
U0016151,C0984,2025-09-01,22,Reports,19
U0016152,C0984,2025-11-01,71,Dashboard,7
U0016153,C0984,2026-01-01,4,API,18
U0016154,C0984,2026-02-01,76,Dashboard,19
U0016155,C0984,2026-03-01,66,Reports,3
U0016156,C0984,2026-07-01,59,Exports,8
U0016157,C0984,2026-08-01,60,Reports,19
U0016158,C0984,2026-09-01,70,Integrations,18
U0016159,C0985,2025-01-01,22,Dashboard,19
U0016160,C0985,2025-02-01,1,Automation,14
U0016161,C0985,2025-03-01,67,Exports,19
U0016162,C0985,2025-04-01,64,Dashboard,12
U0016163,C0985,2025-05-01,72,Dashboard,4
U0016164,C0985,2025-07-01,6,Integrations,13
U0016165,C0985,2025-08-01,9,Automation,16
U0016166,C0985,2025-09-01,52,Automation,13
U0016167,C0985,2025-10-01,20,Dashboard,17
U0016168,C0985,2025-12-01,8,Dashboard,6
U0016169,C0985,2026-01-01,79,API,8
U0016170,C0985,2026-03-01,18,Exports,12
U0016171,C0985,2026-04-01,74,API,18
U0016172,C0985,2026-05-01,65,API,5
U0016173,C0985,2026-06-01,37,Exports,2
U0016174,C0985,2026-07-01,29,Dashboard,11
U0016175,C0985,2026-08-01,75,Dashboard,5
U0016176,C0985,2026-09-01,41,API,16
U0016177,C0986,2025-01-01,67,Integrations,17
U0016178,C0986,2025-02-01,34,API,15
U0016179,C0986,2025-03-01,32,Reports,7
U0016180,C0986,2025-04-01,2,Integrations,13
U0016181,C0986,2025-05-01,37,Integrations,11
U0016182,C0986,2025-06-01,49,Integrations,4
U0016183,C0986,2025-07-01,9,Exports,18
U0016184,C0986,2025-09-01,75,Automation,4
U0016185,C0986,2025-10-01,1,Dashboard,9
U0016186,C0986,2025-11-01,77,Reports,10
U0016187,C0986,2025-12-01,77,Integrations,13
U0016188,C0986,2026-01-01,63,Automation,5
U0016189,C0986,2026-02-01,50,Exports,19
U0016190,C0986,2026-03-01,56,Dashboard,16
U0016191,C0986,2026-06-01,18,API,14
U0016192,C0986,2026-07-01,37,Integrations,11
U0016193,C0986,2026-08-01,7,Dashboard,5
U0016194,C0986,2026-09-01,20,Dashboard,15
U0016195,C0987,2025-01-01,79,Automation,13
U0016196,C0987,2025-02-01,35,Integrations,1
U0016197,C0987,2025-03-01,51,API,14
U0016198,C0987,2025-04-01,34,Integrations,8
U0016199,C0987,2025-05-01,14,Dashboard,12
U0016200,C0987,2025-06-01,5,Automation,6
U0016201,C0987,2025-07-01,5,Exports,10
U0016202,C0987,2025-10-01,62,Exports,12
U0016203,C0987,2026-02-01,2,Dashboard,16
U0016204,C0987,2026-03-01,55,API,3
U0016205,C0987,2026-04-01,27,API,6
U0016206,C0987,2026-05-01,26,API,5
U0016207,C0987,2026-06-01,79,Dashboard,6
U0016208,C0987,2026-07-01,31,Reports,16
U0016209,C0987,2026-08-01,68,API,1
U0016210,C0987,2026-09-01,8,Automation,5
U0016211,C0988,2025-01-01,54,Reports,12
U0016212,C0988,2025-02-01,43,Exports,2
U0016213,C0988,2025-03-01,19,Exports,9
U0016214,C0988,2025-04-01,59,API,12
U0016215,C0988,2025-05-01,37,Dashboard,15
U0016216,C0988,2025-06-01,51,Integrations,19
U0016217,C0988,2025-07-01,45,Automation,7
U0016218,C0988,2025-08-01,5,Exports,10
U0016219,C0988,2025-09-01,22,Automation,1
U0016220,C0988,2025-10-01,17,Automation,10
U0016221,C0988,2025-11-01,5,Reports,4
U0016222,C0988,2025-12-01,20,API,2
U0016223,C0988,2026-01-01,1,Dashboard,6
U0016224,C0988,2026-02-01,41,API,13
U0016225,C0988,2026-04-01,45,Exports,12
U0016226,C0988,2026-05-01,7,API,6
U0016227,C0988,2026-06-01,40,Exports,8
U0016228,C0988,2026-07-01,25,Dashboard,1
U0016229,C0988,2026-09-01,54,Automation,6
U0016230,C0989,2025-02-01,20,Exports,15
U0016231,C0989,2025-04-01,6,API,5
U0016232,C0989,2025-05-01,33,Exports,5
U0016233,C0989,2025-06-01,50,Dashboard,17
U0016234,C0989,2025-07-01,14,Dashboard,14
U0016235,C0989,2025-08-01,56,Dashboard,1
U0016236,C0989,2025-09-01,6,Exports,4
U0016237,C0989,2025-10-01,4,Integrations,19
U0016238,C0989,2025-11-01,73,Reports,13
U0016239,C0989,2026-01-01,58,Reports,1
U0016240,C0989,2026-02-01,57,API,10
U0016241,C0989,2026-03-01,54,Exports,18
U0016242,C0989,2026-04-01,4,API,2
U0016243,C0989,2026-05-01,45,Dashboard,14
U0016244,C0989,2026-06-01,34,Integrations,5
U0016245,C0989,2026-07-01,59,Integrations,4
U0016246,C0989,2026-08-01,11,Integrations,4
U0016247,C0989,2026-09-01,44,Integrations,13
U0016248,C0990,2025-01-01,8,Exports,6
U0016249,C0990,2025-02-01,31,Automation,4
U0016250,C0990,2025-03-01,53,Automation,2
U0016251,C0990,2025-05-01,30,API,14
U0016252,C0990,2025-06-01,69,Automation,15
U0016253,C0990,2025-07-01,52,Exports,12
U0016254,C0990,2025-08-01,55,Dashboard,17
U0016255,C0990,2025-09-01,6,Exports,10
U0016256,C0990,2025-10-01,39,Dashboard,13
U0016257,C0990,2025-11-01,75,Reports,11
U0016258,C0990,2025-12-01,19,Reports,2
U0016259,C0990,2026-01-01,70,Integrations,18
U0016260,C0990,2026-03-01,9,Reports,16
U0016261,C0990,2026-04-01,6,Integrations,14
U0016262,C0990,2026-05-01,54,API,8
U0016263,C0990,2026-06-01,56,Integrations,13
U0016264,C0990,2026-07-01,4,API,3
U0016265,C0990,2026-08-01,17,Dashboard,5
U0016266,C0990,2026-09-01,28,API,11
U0016267,C0991,2025-01-01,45,Integrations,6
U0016268,C0991,2025-02-01,69,Reports,18
U0016269,C0991,2025-04-01,27,Integrations,9
U0016270,C0991,2025-05-01,17,Automation,7
U0016271,C0991,2025-06-01,16,Exports,9
U0016272,C0991,2025-07-01,17,API,15
U0016273,C0991,2025-08-01,70,Integrations,2
U0016274,C0991,2025-09-01,26,API,7
U0016275,C0991,2025-10-01,36,Integrations,17
U0016276,C0991,2025-11-01,17,Dashboard,17
U0016277,C0991,2025-12-01,19,API,11
U0016278,C0991,2026-01-01,32,Reports,2
U0016279,C0991,2026-02-01,48,Exports,6
U0016280,C0991,2026-04-01,33,Automation,8
U0016281,C0991,2026-05-01,29,Integrations,11
U0016282,C0991,2026-06-01,61,Reports,3
U0016283,C0991,2026-07-01,30,Reports,9
U0016284,C0991,2026-08-01,18,Dashboard,14
U0016285,C0991,2026-09-01,21,Automation,9
U0016286,C0992,2025-02-01,1,Integrations,5
U0016287,C0992,2025-03-01,48,API,4
U0016288,C0992,2025-04-01,73,API,9
U0016289,C0992,2025-06-01,32,Dashboard,8
U0016290,C0992,2025-07-01,15,Reports,5
U0016291,C0992,2025-08-01,3,Dashboard,13
U0016292,C0992,2025-09-01,77,Exports,5
U0016293,C0992,2025-11-01,15,Integrations,4
U0016294,C0992,2026-01-01,51,Automation,3
U0016295,C0992,2026-02-01,3,Automation,4
U0016296,C0992,2026-03-01,35,Exports,9
U0016297,C0992,2026-04-01,40,Reports,5
U0016298,C0992,2026-05-01,17,Dashboard,14
U0016299,C0992,2026-06-01,7,Dashboard,7
U0016300,C0992,2026-07-01,63,Automation,1
U0016301,C0992,2026-09-01,62,Automation,7
U0016302,C0993,2025-01-01,7,Automation,14
U0016303,C0993,2025-02-01,58,Dashboard,1
U0016304,C0993,2025-03-01,29,Reports,3
U0016305,C0993,2025-04-01,55,Integrations,8
U0016306,C0993,2025-05-01,23,Reports,12
U0016307,C0993,2025-09-01,64,Automation,9
U0016308,C0993,2025-10-01,37,Dashboard,6
U0016309,C0993,2025-11-01,64,Exports,17
U0016310,C0993,2025-12-01,17,Automation,5
U0016311,C0993,2026-01-01,47,Dashboard,7
U0016312,C0993,2026-02-01,49,Integrations,10
U0016313,C0993,2026-03-01,15,Reports,6
U0016314,C0993,2026-04-01,14,API,8
U0016315,C0993,2026-05-01,7,Reports,16
U0016316,C0993,2026-06-01,14,Dashboard,18
U0016317,C0993,2026-07-01,62,Exports,14
U0016318,C0993,2026-09-01,48,API,15
U0016319,C0994,2025-01-01,18,Exports,13
U0016320,C0994,2025-02-01,13,Reports,14
U0016321,C0994,2025-03-01,60,Dashboard,2
U0016322,C0994,2025-04-01,51,Automation,6
U0016323,C0994,2025-05-01,68,API,11
U0016324,C0994,2025-06-01,49,Integrations,4
U0016325,C0994,2025-07-01,9,Integrations,11
U0016326,C0994,2025-08-01,36,API,19
U0016327,C0994,2025-09-01,24,Exports,5
U0016328,C0994,2025-10-01,76,Integrations,11
U0016329,C0994,2025-12-01,29,Reports,1
U0016330,C0994,2026-02-01,40,Dashboard,10
U0016331,C0994,2026-03-01,76,Reports,10
U0016332,C0994,2026-05-01,28,API,6
U0016333,C0994,2026-08-01,12,Reports,16
U0016334,C0995,2025-01-01,39,Exports,1
U0016335,C0995,2025-02-01,39,Integrations,11
U0016336,C0995,2025-04-01,51,Exports,15
U0016337,C0995,2025-05-01,62,Exports,5
U0016338,C0995,2025-06-01,39,Exports,5
U0016339,C0995,2025-07-01,39,Automation,13
U0016340,C0995,2025-09-01,16,Dashboard,7
U0016341,C0995,2025-10-01,59,Exports,3
U0016342,C0995,2025-12-01,29,Automation,10
U0016343,C0995,2026-01-01,65,Exports,5
U0016344,C0995,2026-02-01,32,Automation,12
U0016345,C0995,2026-03-01,40,Reports,16
U0016346,C0995,2026-04-01,22,Automation,3
U0016347,C0995,2026-05-01,28,Dashboard,7
U0016348,C0995,2026-08-01,62,Reports,14
U0016349,C0995,2026-09-01,14,Automation,12
U0016350,C0996,2025-01-01,33,Dashboard,8
U0016351,C0996,2025-02-01,15,API,15
U0016352,C0996,2025-03-01,72,Dashboard,6
U0016353,C0996,2025-04-01,36,Reports,10
U0016354,C0996,2025-05-01,18,Automation,15
U0016355,C0996,2025-06-01,44,Exports,16
U0016356,C0996,2025-07-01,59,API,5
U0016357,C0996,2025-08-01,22,Automation,10
U0016358,C0996,2025-09-01,52,Dashboard,8
U0016359,C0996,2025-10-01,68,Automation,10
U0016360,C0996,2025-11-01,31,API,10
U0016361,C0996,2025-12-01,41,Reports,11
U0016362,C0996,2026-01-01,7,Automation,14
U0016363,C0996,2026-02-01,17,Dashboard,19
U0016364,C0996,2026-05-01,60,Integrations,5
U0016365,C0996,2026-06-01,22,Dashboard,1
U0016366,C0996,2026-08-01,40,Integrations,16
U0016367,C0996,2026-09-01,78,Integrations,11
U0016368,C0997,2025-01-01,15,Integrations,9
U0016369,C0997,2025-03-01,38,Exports,13
U0016370,C0997,2025-04-01,11,Automation,6
U0016371,C0997,2025-06-01,31,API,16
U0016372,C0997,2025-07-01,52,Dashboard,15
U0016373,C0997,2025-08-01,51,Automation,11
U0016374,C0997,2025-09-01,64,API,17
U0016375,C0997,2025-10-01,50,Reports,10
U0016376,C0997,2025-12-01,60,Automation,7
U0016377,C0997,2026-01-01,12,Automation,19
U0016378,C0997,2026-03-01,23,Exports,14
U0016379,C0997,2026-04-01,66,Reports,8
U0016380,C0997,2026-05-01,48,Dashboard,18
U0016381,C0997,2026-06-01,76,Reports,18
U0016382,C0997,2026-07-01,14,Automation,12
U0016383,C0998,2025-01-01,72,Dashboard,6
U0016384,C0998,2025-02-01,73,Exports,6
U0016385,C0998,2025-03-01,58,API,19
U0016386,C0998,2025-05-01,66,Integrations,8
U0016387,C0998,2025-06-01,77,Exports,7
U0016388,C0998,2025-07-01,8,API,18
U0016389,C0998,2025-08-01,40,Reports,9
U0016390,C0998,2025-09-01,7,API,10
U0016391,C0998,2025-10-01,10,Reports,6
U0016392,C0998,2025-11-01,26,Exports,6
U0016393,C0998,2025-12-01,64,Reports,19
U0016394,C0998,2026-01-01,32,Exports,11
U0016395,C0998,2026-02-01,33,API,19
U0016396,C0998,2026-03-01,23,Dashboard,6
U0016397,C0998,2026-04-01,24,Automation,16
U0016398,C0998,2026-05-01,35,API,19
U0016399,C0998,2026-06-01,67,Integrations,4
U0016400,C0998,2026-07-01,25,Automation,2
U0016401,C0998,2026-08-01,35,API,5
U0016402,C0999,2025-01-01,18,Automation,8
U0016403,C0999,2025-02-01,19,API,2
U0016404,C0999,2025-03-01,34,Automation,12
U0016405,C0999,2025-04-01,73,Integrations,5
U0016406,C0999,2025-06-01,58,Exports,19
U0016407,C0999,2025-07-01,15,Integrations,2
U0016408,C0999,2025-08-01,5,Dashboard,3
U0016409,C0999,2025-09-01,75,Dashboard,1
U0016410,C0999,2025-10-01,50,API,19
U0016411,C0999,2025-11-01,68,Integrations,1
U0016412,C0999,2025-12-01,22,Automation,17
U0016413,C0999,2026-01-01,53,API,13
U0016414,C0999,2026-02-01,15,Automation,15
U0016415,C0999,2026-03-01,26,Exports,10
U0016416,C0999,2026-05-01,46,Automation,4
U0016417,C0999,2026-06-01,69,Dashboard,8
U0016418,C0999,2026-07-01,16,Exports,1
U0016419,C0999,2026-09-01,5,Exports,11
U0016420,C1000,2025-01-01,22,API,10
U0016421,C1000,2025-02-01,54,API,17
U0016422,C1000,2025-03-01,75,Dashboard,5
U0016423,C1000,2025-04-01,52,API,8
U0016424,C1000,2025-05-01,13,API,11
U0016425,C1000,2025-07-01,39,API,13
U0016426,C1000,2025-09-01,30,API,5
U0016427,C1000,2025-10-01,2,Automation,5
U0016428,C1000,2025-11-01,60,Reports,14
U0016429,C1000,2025-12-01,43,Dashboard,10
U0016430,C1000,2026-01-01,20,Integrations,10
U0016431,C1000,2026-03-01,2,Dashboard,11
U0016432,C1000,2026-04-01,40,Integrations,13
U0016433,C1000,2026-05-01,13,Reports,14
U0016434,C1000,2026-06-01,27,Exports,8
U0016435,C1000,2026-07-01,60,Automation,15
U0016436,C1000,2026-08-01,55,Dashboard,17
U0016437,C1000,2026-09-01,72,Reports,19
U0016438,C1001,2025-01-01,20,Exports,11
U0016439,C1001,2025-02-01,32,Exports,13
U0016440,C1001,2025-04-01,51,Automation,4
U0016441,C1001,2025-05-01,68,Exports,4
U0016442,C1001,2025-06-01,13,API,9
U0016443,C1001,2025-07-01,40,API,4
U0016444,C1001,2025-08-01,39,Exports,17
U0016445,C1001,2025-09-01,1,Automation,10
U0016446,C1001,2025-10-01,7,Exports,13
U0016447,C1001,2025-11-01,7,Reports,15
U0016448,C1001,2025-12-01,25,Reports,7
U0016449,C1001,2026-01-01,76,Exports,14
U0016450,C1001,2026-02-01,62,Reports,6
U0016451,C1001,2026-03-01,67,Exports,5
U0016452,C1001,2026-04-01,38,Exports,17
U0016453,C1001,2026-05-01,45,Exports,16
U0016454,C1001,2026-06-01,3,Dashboard,10
U0016455,C1001,2026-07-01,4,Exports,16
U0016456,C1001,2026-08-01,31,Dashboard,2
U0016457,C1001,2026-09-01,49,Integrations,1
U0016458,C1002,2025-02-01,1,Exports,5
U0016459,C1002,2025-04-01,29,Dashboard,10
U0016460,C1002,2025-05-01,28,Integrations,1
U0016461,C1002,2025-07-01,65,Automation,4
U0016462,C1002,2025-08-01,52,Exports,18
U0016463,C1002,2025-09-01,40,Dashboard,17
U0016464,C1002,2025-10-01,47,Automation,19
U0016465,C1002,2025-11-01,31,Automation,3
U0016466,C1002,2025-12-01,1,Dashboard,15
U0016467,C1002,2026-02-01,66,Dashboard,3
U0016468,C1002,2026-03-01,58,API,12
U0016469,C1002,2026-04-01,33,Reports,9
U0016470,C1002,2026-05-01,25,Automation,18
U0016471,C1002,2026-06-01,57,Automation,16
U0016472,C1002,2026-08-01,9,Automation,12
U0016473,C1003,2025-01-01,57,Reports,18
U0016474,C1003,2025-02-01,19,Exports,2
U0016475,C1003,2025-05-01,63,Reports,16
U0016476,C1003,2025-06-01,36,API,11
U0016477,C1003,2025-07-01,13,API,9
U0016478,C1003,2025-08-01,17,Dashboard,5
U0016479,C1003,2025-09-01,19,Integrations,14
U0016480,C1003,2025-10-01,17,Dashboard,18
U0016481,C1003,2025-11-01,14,Automation,17
U0016482,C1003,2025-12-01,40,API,4
U0016483,C1003,2026-01-01,72,Reports,7
U0016484,C1003,2026-02-01,20,Reports,5
U0016485,C1003,2026-03-01,43,Reports,17
U0016486,C1003,2026-04-01,46,Reports,17
U0016487,C1003,2026-05-01,43,Dashboard,9
U0016488,C1003,2026-06-01,34,API,18
U0016489,C1003,2026-07-01,49,Exports,17
U0016490,C1003,2026-08-01,32,Reports,3
U0016491,C1003,2026-09-01,71,Integrations,13
U0016492,C1004,2025-01-01,2,Exports,3
U0016493,C1004,2025-02-01,75,Reports,4
U0016494,C1004,2025-03-01,75,API,16
U0016495,C1004,2025-07-01,69,API,7
U0016496,C1004,2025-08-01,25,Integrations,19
U0016497,C1004,2025-09-01,9,Automation,12
U0016498,C1004,2025-10-01,39,Reports,19
U0016499,C1004,2025-11-01,14,API,6
U0016500,C1004,2025-12-01,46,Dashboard,8
U0016501,C1004,2026-01-01,60,API,7
U0016502,C1004,2026-02-01,49,Integrations,1
U0016503,C1004,2026-03-01,72,Integrations,2
U0016504,C1004,2026-04-01,51,Automation,14
U0016505,C1004,2026-05-01,41,API,10
U0016506,C1004,2026-06-01,42,Exports,12
U0016507,C1004,2026-07-01,77,Exports,13
U0016508,C1004,2026-08-01,58,Reports,14
U0016509,C1004,2026-09-01,37,Integrations,12
U0016510,C1005,2025-01-01,51,Reports,9
U0016511,C1005,2025-02-01,63,Reports,15
U0016512,C1005,2025-03-01,26,Reports,4
U0016513,C1005,2025-04-01,37,Dashboard,13
U0016514,C1005,2025-05-01,65,Reports,8
U0016515,C1005,2025-07-01,56,API,18
U0016516,C1005,2025-08-01,21,API,13
U0016517,C1005,2025-09-01,78,Integrations,17
U0016518,C1005,2025-10-01,69,Reports,19
U0016519,C1005,2025-11-01,66,Exports,17
U0016520,C1005,2025-12-01,34,Exports,10
U0016521,C1005,2026-01-01,54,Dashboard,3
U0016522,C1005,2026-02-01,33,Integrations,15
U0016523,C1005,2026-03-01,36,Exports,7
U0016524,C1005,2026-04-01,69,Integrations,17
U0016525,C1005,2026-05-01,75,Dashboard,3
U0016526,C1005,2026-06-01,75,Reports,8
U0016527,C1005,2026-07-01,3,Reports,8
U0016528,C1005,2026-08-01,43,Exports,14
U0016529,C1005,2026-09-01,72,Dashboard,10
U0016530,C1006,2025-01-01,63,Exports,19
U0016531,C1006,2025-03-01,46,Reports,11
U0016532,C1006,2025-05-01,17,Exports,14
U0016533,C1006,2025-07-01,23,API,5
U0016534,C1006,2025-08-01,28,API,4
U0016535,C1006,2025-09-01,25,API,4
U0016536,C1006,2025-10-01,42,Exports,2
U0016537,C1006,2025-11-01,13,Exports,13
U0016538,C1006,2026-01-01,56,API,5
U0016539,C1006,2026-03-01,24,Automation,2
U0016540,C1006,2026-06-01,64,Exports,10
U0016541,C1006,2026-07-01,51,Automation,1
U0016542,C1006,2026-08-01,66,Exports,9
U0016543,C1006,2026-09-01,40,Automation,13
U0016544,C1007,2025-01-01,29,Dashboard,10
U0016545,C1007,2025-02-01,43,Integrations,15
U0016546,C1007,2025-03-01,8,Dashboard,1
U0016547,C1007,2025-04-01,57,Dashboard,8
U0016548,C1007,2025-05-01,33,Automation,18
U0016549,C1007,2025-07-01,53,Dashboard,11
U0016550,C1007,2025-08-01,37,Dashboard,12
U0016551,C1007,2025-10-01,67,API,3
U0016552,C1007,2025-12-01,37,Exports,11
U0016553,C1007,2026-01-01,33,Dashboard,9
U0016554,C1007,2026-05-01,55,API,6
U0016555,C1007,2026-06-01,79,Dashboard,17
U0016556,C1007,2026-07-01,2,Reports,8
U0016557,C1007,2026-08-01,5,API,12
U0016558,C1007,2026-09-01,30,Integrations,1
U0016559,C1008,2025-01-01,20,Reports,10
U0016560,C1008,2025-02-01,4,Integrations,10
U0016561,C1008,2025-03-01,65,Dashboard,13
U0016562,C1008,2025-04-01,21,Exports,9
U0016563,C1008,2025-06-01,64,Dashboard,19
U0016564,C1008,2025-07-01,10,API,15
U0016565,C1008,2025-08-01,11,API,19
U0016566,C1008,2025-10-01,8,Exports,14
U0016567,C1008,2025-11-01,19,API,17
U0016568,C1008,2026-01-01,77,Dashboard,18
U0016569,C1008,2026-02-01,6,Reports,14
U0016570,C1008,2026-03-01,76,Integrations,14
U0016571,C1008,2026-04-01,60,Exports,19
U0016572,C1008,2026-05-01,36,Dashboard,13
U0016573,C1008,2026-06-01,47,Dashboard,7
U0016574,C1008,2026-08-01,30,API,14
U0016575,C1008,2026-09-01,13,Integrations,2
U0016576,C1009,2025-01-01,20,Automation,14
U0016577,C1009,2025-02-01,72,Reports,12
U0016578,C1009,2025-03-01,70,API,3
U0016579,C1009,2025-06-01,14,Reports,6
U0016580,C1009,2025-07-01,71,API,12
U0016581,C1009,2025-08-01,17,Exports,11
U0016582,C1009,2025-09-01,30,Automation,5
U0016583,C1009,2025-10-01,19,Integrations,5
U0016584,C1009,2025-11-01,25,API,7
U0016585,C1009,2025-12-01,16,Dashboard,15
U0016586,C1009,2026-01-01,19,Dashboard,7
U0016587,C1009,2026-02-01,69,Automation,4
U0016588,C1009,2026-04-01,28,Reports,15
U0016589,C1009,2026-05-01,77,Automation,12
U0016590,C1009,2026-06-01,27,API,14
U0016591,C1009,2026-07-01,45,Automation,16
U0016592,C1009,2026-08-01,36,Reports,10
U0016593,C1009,2026-09-01,14,Dashboard,2
U0016594,C1010,2025-02-01,48,Dashboard,10
U0016595,C1010,2025-05-01,28,Dashboard,18
U0016596,C1010,2025-06-01,11,API,19
U0016597,C1010,2025-07-01,72,API,12
U0016598,C1010,2025-08-01,12,Reports,18
U0016599,C1010,2025-09-01,38,Automation,6
U0016600,C1010,2025-10-01,71,API,16
U0016601,C1010,2025-11-01,2,API,5
U0016602,C1010,2025-12-01,27,API,18
U0016603,C1010,2026-01-01,58,Reports,8
U0016604,C1010,2026-02-01,1,Exports,16
U0016605,C1010,2026-03-01,34,Automation,15
U0016606,C1010,2026-04-01,56,Integrations,10
U0016607,C1010,2026-06-01,31,Integrations,1
U0016608,C1010,2026-07-01,75,API,4
U0016609,C1010,2026-08-01,32,Reports,5
U0016610,C1010,2026-09-01,32,Dashboard,14
U0016611,C1011,2025-01-01,33,Reports,18
U0016612,C1011,2025-04-01,54,Automation,17
U0016613,C1011,2025-05-01,40,API,14
U0016614,C1011,2025-06-01,7,Exports,9
U0016615,C1011,2025-07-01,27,Integrations,6
U0016616,C1011,2025-08-01,21,Integrations,18
U0016617,C1011,2025-10-01,28,API,1
U0016618,C1011,2025-11-01,20,Automation,5
U0016619,C1011,2025-12-01,34,Integrations,7
U0016620,C1011,2026-01-01,60,Integrations,10
U0016621,C1011,2026-02-01,27,API,16
U0016622,C1011,2026-04-01,59,Automation,4
U0016623,C1011,2026-05-01,9,Exports,11
U0016624,C1011,2026-07-01,32,API,8
U0016625,C1011,2026-08-01,11,Integrations,19
U0016626,C1011,2026-09-01,39,Reports,6
U0016627,C1012,2025-01-01,14,Integrations,15
U0016628,C1012,2025-02-01,71,API,10
U0016629,C1012,2025-03-01,11,Integrations,11
U0016630,C1012,2025-04-01,14,Exports,19
U0016631,C1012,2025-05-01,43,Integrations,1
U0016632,C1012,2025-06-01,72,Dashboard,19
U0016633,C1012,2025-07-01,11,Integrations,8
U0016634,C1012,2025-08-01,73,Automation,13
U0016635,C1012,2025-09-01,39,API,11
U0016636,C1012,2025-11-01,62,Automation,1
U0016637,C1012,2026-02-01,62,Exports,9
U0016638,C1012,2026-03-01,67,Dashboard,1
U0016639,C1012,2026-04-01,72,Reports,19
U0016640,C1012,2026-05-01,23,Dashboard,5
U0016641,C1012,2026-07-01,4,Automation,9
U0016642,C1012,2026-08-01,9,API,2
U0016643,C1012,2026-09-01,42,API,6
U0016644,C1013,2025-01-01,57,Automation,14
U0016645,C1013,2025-02-01,34,Reports,16
U0016646,C1013,2025-03-01,10,Integrations,15
U0016647,C1013,2025-05-01,78,API,15
U0016648,C1013,2025-06-01,46,Integrations,10
U0016649,C1013,2025-08-01,22,Integrations,1
U0016650,C1013,2025-09-01,75,Automation,17
U0016651,C1013,2025-10-01,50,Reports,5
U0016652,C1013,2025-11-01,57,Reports,2
U0016653,C1013,2025-12-01,64,Exports,11
U0016654,C1013,2026-01-01,77,Integrations,19
U0016655,C1013,2026-02-01,13,Reports,7
U0016656,C1013,2026-03-01,37,Integrations,7
U0016657,C1013,2026-04-01,68,Exports,18
U0016658,C1013,2026-05-01,56,Reports,9
U0016659,C1013,2026-06-01,2,Automation,18
U0016660,C1013,2026-07-01,14,Dashboard,3
U0016661,C1013,2026-08-01,60,Automation,10
U0016662,C1014,2025-01-01,16,API,17
U0016663,C1014,2025-02-01,73,Exports,6
U0016664,C1014,2025-03-01,66,Automation,11
U0016665,C1014,2025-04-01,4,Reports,18
U0016666,C1014,2025-05-01,47,Exports,19
U0016667,C1014,2025-06-01,32,Reports,8
U0016668,C1014,2025-07-01,45,Dashboard,12
U0016669,C1014,2025-08-01,22,Dashboard,16
U0016670,C1014,2025-09-01,9,Reports,5
U0016671,C1014,2025-10-01,41,Automation,14
U0016672,C1014,2025-11-01,78,Exports,3
U0016673,C1014,2026-01-01,68,Reports,12
U0016674,C1014,2026-02-01,41,Dashboard,5
U0016675,C1014,2026-03-01,27,Automation,15
U0016676,C1014,2026-04-01,68,Automation,19
U0016677,C1014,2026-05-01,2,Dashboard,10
U0016678,C1014,2026-06-01,72,Exports,9
U0016679,C1014,2026-07-01,11,Dashboard,16
U0016680,C1014,2026-08-01,60,Exports,19
U0016681,C1015,2025-01-01,5,Exports,19
U0016682,C1015,2025-02-01,44,Exports,6
U0016683,C1015,2025-04-01,35,Reports,15
U0016684,C1015,2025-05-01,32,Integrations,8
U0016685,C1015,2025-06-01,73,Dashboard,15
U0016686,C1015,2025-08-01,23,Exports,2
U0016687,C1015,2025-09-01,69,Exports,4
U0016688,C1015,2025-10-01,11,Automation,13
U0016689,C1015,2025-11-01,31,Dashboard,2
U0016690,C1015,2026-01-01,40,Automation,6
U0016691,C1015,2026-02-01,69,Integrations,12
U0016692,C1015,2026-03-01,15,Reports,6
U0016693,C1015,2026-04-01,23,Reports,3
U0016694,C1015,2026-05-01,24,Reports,5
U0016695,C1015,2026-06-01,4,Automation,15
U0016696,C1015,2026-07-01,17,Reports,19
U0016697,C1015,2026-08-01,16,Reports,3
U0016698,C1015,2026-09-01,65,Integrations,17
U0016699,C1016,2025-01-01,76,API,13
U0016700,C1016,2025-03-01,46,Reports,16
U0016701,C1016,2025-04-01,39,Automation,2
U0016702,C1016,2025-07-01,62,Reports,4
U0016703,C1016,2025-08-01,45,Reports,17
U0016704,C1016,2025-09-01,15,Dashboard,13
U0016705,C1016,2025-10-01,74,Dashboard,16
U0016706,C1016,2025-11-01,34,Integrations,2
U0016707,C1016,2025-12-01,59,Dashboard,15
U0016708,C1016,2026-02-01,68,Dashboard,3
U0016709,C1016,2026-03-01,21,API,6
U0016710,C1016,2026-05-01,31,Automation,16
U0016711,C1016,2026-06-01,15,Exports,16
U0016712,C1016,2026-07-01,60,Integrations,2
U0016713,C1016,2026-08-01,3,API,3
U0016714,C1017,2025-01-01,46,Integrations,5
U0016715,C1017,2025-03-01,75,API,2
U0016716,C1017,2025-04-01,6,Exports,17
U0016717,C1017,2025-05-01,64,Automation,8
U0016718,C1017,2025-06-01,10,Integrations,7
U0016719,C1017,2025-07-01,49,Integrations,7
U0016720,C1017,2025-08-01,7,Reports,13
U0016721,C1017,2025-10-01,2,Dashboard,16
U0016722,C1017,2025-11-01,9,Automation,2
U0016723,C1017,2025-12-01,27,Reports,5
U0016724,C1017,2026-01-01,16,API,15
U0016725,C1017,2026-02-01,5,API,16
U0016726,C1017,2026-03-01,33,Exports,4
U0016727,C1017,2026-04-01,28,Dashboard,12
U0016728,C1017,2026-06-01,35,Reports,12
U0016729,C1017,2026-07-01,15,Integrations,9
U0016730,C1017,2026-08-01,72,Automation,15
U0016731,C1017,2026-09-01,61,Dashboard,7
U0016732,C1018,2025-02-01,20,Exports,17
U0016733,C1018,2025-04-01,39,Dashboard,18
U0016734,C1018,2025-06-01,62,API,2
U0016735,C1018,2025-07-01,1,Reports,15
U0016736,C1018,2025-08-01,66,Dashboard,8
U0016737,C1018,2025-09-01,44,Automation,15
U0016738,C1018,2025-10-01,42,API,12
U0016739,C1018,2025-11-01,55,Exports,9
U0016740,C1018,2025-12-01,13,Reports,19
U0016741,C1018,2026-01-01,27,Dashboard,9
U0016742,C1018,2026-02-01,68,API,8
U0016743,C1018,2026-04-01,27,Exports,4
U0016744,C1018,2026-05-01,22,Dashboard,12
U0016745,C1018,2026-06-01,19,Automation,3
U0016746,C1018,2026-07-01,55,API,12
U0016747,C1018,2026-09-01,14,Integrations,15
U0016748,C1019,2025-01-01,6,Reports,2
U0016749,C1019,2025-02-01,54,Exports,4
U0016750,C1019,2025-03-01,40,Exports,16
U0016751,C1019,2025-04-01,77,Automation,11
U0016752,C1019,2025-05-01,38,Dashboard,13
U0016753,C1019,2025-06-01,65,Integrations,19
U0016754,C1019,2025-07-01,6,API,6
U0016755,C1019,2025-08-01,46,API,14
U0016756,C1019,2025-10-01,44,Integrations,2
U0016757,C1019,2025-11-01,14,API,4
U0016758,C1019,2025-12-01,20,Integrations,11
U0016759,C1019,2026-01-01,5,Reports,15
U0016760,C1019,2026-02-01,16,Integrations,4
U0016761,C1019,2026-03-01,21,Dashboard,12
U0016762,C1019,2026-04-01,39,Automation,2
U0016763,C1019,2026-05-01,22,Exports,7
U0016764,C1019,2026-06-01,40,Dashboard,9
U0016765,C1019,2026-08-01,38,Automation,11
U0016766,C1019,2026-09-01,38,API,19
U0016767,C1020,2025-01-01,38,Reports,7
U0016768,C1020,2025-02-01,23,Exports,2
U0016769,C1020,2025-03-01,58,Exports,1
U0016770,C1020,2025-06-01,43,API,2
U0016771,C1020,2025-09-01,18,Automation,19
U0016772,C1020,2025-11-01,53,API,5
U0016773,C1020,2025-12-01,52,Reports,7
U0016774,C1020,2026-02-01,71,API,13
U0016775,C1020,2026-03-01,77,Integrations,8
U0016776,C1020,2026-04-01,48,Reports,6
U0016777,C1020,2026-05-01,51,Automation,17
U0016778,C1020,2026-07-01,37,Integrations,15
U0016779,C1020,2026-09-01,37,Exports,14
U0016780,C1021,2025-01-01,50,Dashboard,3
U0016781,C1021,2025-02-01,35,Integrations,8
U0016782,C1021,2025-05-01,43,API,2
U0016783,C1021,2025-06-01,51,Automation,11
U0016784,C1021,2025-08-01,62,Reports,7
U0016785,C1021,2025-09-01,20,Integrations,4
U0016786,C1021,2025-10-01,35,Reports,14
U0016787,C1021,2025-11-01,3,Exports,3
U0016788,C1021,2025-12-01,5,Reports,6
U0016789,C1021,2026-02-01,13,Reports,3
U0016790,C1021,2026-03-01,69,Reports,13
U0016791,C1021,2026-04-01,43,API,11
U0016792,C1021,2026-05-01,72,Exports,10
U0016793,C1021,2026-06-01,2,Automation,19
U0016794,C1021,2026-08-01,54,Integrations,7
U0016795,C1021,2026-09-01,7,Automation,3
U0016796,C1022,2025-01-01,21,Automation,3
U0016797,C1022,2025-02-01,61,API,2
U0016798,C1022,2025-03-01,36,Exports,8
U0016799,C1022,2025-04-01,14,API,9
U0016800,C1022,2025-07-01,78,Automation,16
U0016801,C1022,2025-08-01,24,Integrations,5
U0016802,C1022,2025-09-01,27,Reports,10
U0016803,C1022,2025-10-01,66,Integrations,19
U0016804,C1022,2025-11-01,74,API,11
U0016805,C1022,2025-12-01,46,Integrations,14
U0016806,C1022,2026-01-01,2,Automation,1
U0016807,C1022,2026-02-01,57,Automation,8
U0016808,C1022,2026-03-01,41,Integrations,16
U0016809,C1022,2026-04-01,9,Automation,3
U0016810,C1022,2026-06-01,10,Automation,18
U0016811,C1022,2026-08-01,18,API,2
U0016812,C1022,2026-09-01,47,Reports,8
U0016813,C1023,2025-01-01,74,Exports,6
U0016814,C1023,2025-02-01,4,API,9
U0016815,C1023,2025-04-01,6,Integrations,11
U0016816,C1023,2025-06-01,37,Exports,6
U0016817,C1023,2025-09-01,74,API,15
U0016818,C1023,2025-10-01,4,Integrations,7
U0016819,C1023,2026-01-01,33,Dashboard,2
U0016820,C1023,2026-02-01,42,API,17
U0016821,C1023,2026-03-01,18,Integrations,9
U0016822,C1023,2026-04-01,56,API,16
U0016823,C1023,2026-05-01,14,Reports,12
U0016824,C1023,2026-06-01,8,Dashboard,12
U0016825,C1023,2026-07-01,18,Automation,4
U0016826,C1023,2026-08-01,67,Integrations,11
U0016827,C1023,2026-09-01,62,Dashboard,4
U0016828,C1024,2025-01-01,5,Dashboard,5
U0016829,C1024,2025-02-01,78,Automation,17
U0016830,C1024,2025-03-01,61,Dashboard,1
U0016831,C1024,2025-04-01,48,Integrations,4
U0016832,C1024,2025-05-01,5,Automation,2
U0016833,C1024,2025-06-01,34,API,3
U0016834,C1024,2025-07-01,12,API,19
U0016835,C1024,2025-08-01,1,Exports,17
U0016836,C1024,2025-11-01,16,Integrations,5
U0016837,C1024,2025-12-01,51,API,19
U0016838,C1024,2026-01-01,51,Integrations,13
U0016839,C1024,2026-02-01,53,Dashboard,7
U0016840,C1024,2026-03-01,43,Reports,9
U0016841,C1024,2026-04-01,49,Integrations,9
U0016842,C1024,2026-05-01,59,API,5
U0016843,C1024,2026-06-01,52,Reports,19
U0016844,C1024,2026-07-01,23,Automation,8
U0016845,C1024,2026-09-01,61,Reports,18
U0016846,C1025,2025-03-01,36,Automation,2
U0016847,C1025,2025-04-01,2,Automation,4
U0016848,C1025,2025-05-01,63,Dashboard,10
U0016849,C1025,2025-06-01,49,Automation,5
U0016850,C1025,2025-07-01,53,Integrations,3
U0016851,C1025,2025-10-01,56,API,19
U0016852,C1025,2026-02-01,22,Automation,16
U0016853,C1025,2026-03-01,45,Exports,16
U0016854,C1025,2026-05-01,2,Automation,12
U0016855,C1025,2026-06-01,44,API,5
U0016856,C1025,2026-08-01,12,API,13
U0016857,C1025,2026-09-01,72,Dashboard,11
U0016858,C1026,2025-01-01,9,Automation,13
U0016859,C1026,2025-02-01,60,Reports,3
U0016860,C1026,2025-03-01,28,Reports,11
U0016861,C1026,2025-05-01,33,Reports,18
U0016862,C1026,2025-06-01,55,Automation,10
U0016863,C1026,2025-07-01,52,Reports,12
U0016864,C1026,2025-08-01,37,Reports,3
U0016865,C1026,2025-09-01,72,Reports,10
U0016866,C1026,2025-11-01,18,Integrations,14
U0016867,C1026,2026-01-01,75,Integrations,9
U0016868,C1026,2026-02-01,35,Exports,5
U0016869,C1026,2026-03-01,77,Dashboard,9
U0016870,C1026,2026-04-01,70,API,13
U0016871,C1026,2026-05-01,68,Automation,5
U0016872,C1026,2026-06-01,62,Dashboard,16
U0016873,C1026,2026-07-01,77,Automation,17
U0016874,C1026,2026-08-01,5,Dashboard,11
U0016875,C1026,2026-09-01,61,Exports,6
U0016876,C1027,2025-01-01,16,Dashboard,16
U0016877,C1027,2025-02-01,28,Integrations,5
U0016878,C1027,2025-03-01,55,Integrations,7
U0016879,C1027,2025-04-01,39,API,11
U0016880,C1027,2025-05-01,41,Automation,1
U0016881,C1027,2025-07-01,38,Reports,13
U0016882,C1027,2025-08-01,23,API,14
U0016883,C1027,2025-09-01,61,Automation,9
U0016884,C1027,2025-10-01,26,Reports,15
U0016885,C1027,2025-11-01,38,Integrations,11
U0016886,C1027,2026-01-01,49,Automation,4
U0016887,C1027,2026-02-01,58,Dashboard,19
U0016888,C1027,2026-03-01,62,Integrations,19
U0016889,C1027,2026-06-01,19,Exports,11
U0016890,C1027,2026-07-01,64,API,8
U0016891,C1027,2026-09-01,47,API,12
U0016892,C1028,2025-01-01,79,Exports,9
U0016893,C1028,2025-03-01,14,Dashboard,15
U0016894,C1028,2025-04-01,6,Integrations,12
U0016895,C1028,2025-05-01,55,Dashboard,13
U0016896,C1028,2025-07-01,8,Reports,17
U0016897,C1028,2025-08-01,13,Dashboard,13
U0016898,C1028,2025-09-01,77,Automation,13
U0016899,C1028,2025-10-01,64,Automation,5
U0016900,C1028,2025-11-01,36,Dashboard,8
U0016901,C1028,2025-12-01,46,Exports,11
U0016902,C1028,2026-01-01,63,Dashboard,1
U0016903,C1028,2026-03-01,57,Integrations,19
U0016904,C1028,2026-05-01,75,Automation,15
U0016905,C1028,2026-06-01,5,Reports,4
U0016906,C1028,2026-07-01,63,Integrations,4
U0016907,C1028,2026-08-01,52,Integrations,18
U0016908,C1028,2026-09-01,68,Dashboard,14
U0016909,C1029,2025-01-01,41,Automation,4
U0016910,C1029,2025-02-01,11,Exports,15
U0016911,C1029,2025-03-01,61,Reports,9
U0016912,C1029,2025-04-01,27,Automation,5
U0016913,C1029,2025-05-01,79,Reports,4
U0016914,C1029,2025-06-01,32,Integrations,6
U0016915,C1029,2025-07-01,25,Dashboard,18
U0016916,C1029,2025-08-01,77,API,5
U0016917,C1029,2025-09-01,12,Automation,1
U0016918,C1029,2025-10-01,4,Reports,13
U0016919,C1029,2025-11-01,36,API,11
U0016920,C1029,2025-12-01,54,Integrations,3
U0016921,C1029,2026-01-01,22,Integrations,1
U0016922,C1029,2026-02-01,68,API,12
U0016923,C1029,2026-03-01,44,Exports,11
U0016924,C1029,2026-04-01,49,Integrations,1
U0016925,C1029,2026-05-01,38,API,3
U0016926,C1029,2026-07-01,79,Exports,17
U0016927,C1029,2026-08-01,74,Automation,9
U0016928,C1029,2026-09-01,41,Automation,16
U0016929,C1030,2025-01-01,50,API,7
U0016930,C1030,2025-03-01,74,Integrations,4
U0016931,C1030,2025-04-01,40,Dashboard,3
U0016932,C1030,2025-05-01,51,API,12
U0016933,C1030,2025-07-01,50,API,5
U0016934,C1030,2025-08-01,68,Automation,1
U0016935,C1030,2025-09-01,58,Reports,11
U0016936,C1030,2025-10-01,2,Automation,12
U0016937,C1030,2025-11-01,49,API,11
U0016938,C1030,2025-12-01,29,Integrations,7
U0016939,C1030,2026-01-01,5,Dashboard,15
U0016940,C1030,2026-02-01,67,Reports,4
U0016941,C1030,2026-03-01,75,Automation,18
U0016942,C1030,2026-04-01,3,Reports,9
U0016943,C1030,2026-05-01,72,Dashboard,12
U0016944,C1030,2026-06-01,59,Dashboard,4
U0016945,C1030,2026-08-01,64,Exports,2
U0016946,C1031,2025-01-01,22,Reports,13
U0016947,C1031,2025-02-01,23,Integrations,6
U0016948,C1031,2025-03-01,27,Dashboard,8
U0016949,C1031,2025-04-01,29,Dashboard,16
U0016950,C1031,2025-05-01,28,API,18
U0016951,C1031,2025-06-01,45,API,19
U0016952,C1031,2025-07-01,11,Automation,10
U0016953,C1031,2025-08-01,68,Reports,2
U0016954,C1031,2025-09-01,26,Dashboard,17
U0016955,C1031,2025-10-01,11,Integrations,14
U0016956,C1031,2025-11-01,28,Dashboard,2
U0016957,C1031,2025-12-01,66,Reports,12
U0016958,C1031,2026-02-01,48,API,4
U0016959,C1031,2026-03-01,74,Automation,15
U0016960,C1031,2026-05-01,26,Reports,8
U0016961,C1031,2026-06-01,7,Automation,3
U0016962,C1031,2026-08-01,12,Integrations,13
U0016963,C1031,2026-09-01,51,Exports,2
U0016964,C1032,2025-02-01,47,Automation,4
U0016965,C1032,2025-03-01,56,API,16
U0016966,C1032,2025-05-01,17,Automation,19
U0016967,C1032,2025-06-01,44,Dashboard,10
U0016968,C1032,2025-08-01,65,Exports,14
U0016969,C1032,2025-09-01,51,Exports,17
U0016970,C1032,2025-10-01,46,Automation,4
U0016971,C1032,2025-11-01,51,Exports,18
U0016972,C1032,2025-12-01,51,Integrations,4
U0016973,C1032,2026-01-01,74,Automation,10
U0016974,C1032,2026-02-01,75,Reports,6
U0016975,C1032,2026-03-01,1,Integrations,18
U0016976,C1032,2026-04-01,74,Automation,10
U0016977,C1032,2026-05-01,49,Exports,13
U0016978,C1032,2026-06-01,72,API,1
U0016979,C1032,2026-07-01,28,Dashboard,5
U0016980,C1032,2026-08-01,48,Reports,4
U0016981,C1032,2026-09-01,2,Automation,10
U0016982,C1033,2025-02-01,41,Automation,10
U0016983,C1033,2025-04-01,43,API,14
U0016984,C1033,2025-06-01,58,API,1
U0016985,C1033,2025-08-01,42,API,16
U0016986,C1033,2025-09-01,78,Dashboard,4
U0016987,C1033,2025-10-01,57,API,17
U0016988,C1033,2025-12-01,23,Reports,2
U0016989,C1033,2026-01-01,10,API,19
U0016990,C1033,2026-03-01,59,API,1
U0016991,C1033,2026-04-01,51,Dashboard,7
U0016992,C1033,2026-05-01,61,Automation,18
U0016993,C1033,2026-06-01,8,Reports,1
U0016994,C1033,2026-08-01,74,Reports,1
U0016995,C1033,2026-09-01,62,Automation,17
U0016996,C1034,2025-01-01,57,Dashboard,7
U0016997,C1034,2025-02-01,10,API,18
U0016998,C1034,2025-03-01,10,API,18
U0016999,C1034,2025-04-01,19,Automation,9
U0017000,C1034,2025-05-01,16,API,2
U0017001,C1034,2025-06-01,38,Exports,16
U0017002,C1034,2025-07-01,66,API,1
U0017003,C1034,2025-08-01,9,Reports,2
U0017004,C1034,2025-09-01,41,Integrations,9
U0017005,C1034,2025-11-01,2,Exports,13
U0017006,C1034,2025-12-01,31,Integrations,9
U0017007,C1034,2026-01-01,24,Automation,17
U0017008,C1034,2026-02-01,36,API,14
U0017009,C1034,2026-03-01,59,Exports,14
U0017010,C1034,2026-07-01,14,Dashboard,18
U0017011,C1034,2026-08-01,4,Exports,3
U0017012,C1034,2026-09-01,75,Dashboard,17
U0017013,C1035,2025-01-01,60,API,17
U0017014,C1035,2025-03-01,67,API,18
U0017015,C1035,2025-04-01,67,Exports,1
U0017016,C1035,2025-05-01,32,Automation,1
U0017017,C1035,2025-06-01,77,Automation,8
U0017018,C1035,2025-07-01,2,Reports,16
U0017019,C1035,2025-08-01,6,API,19
U0017020,C1035,2025-09-01,41,Integrations,19
U0017021,C1035,2025-10-01,1,Integrations,10
U0017022,C1035,2025-11-01,26,Integrations,1
U0017023,C1035,2025-12-01,34,Exports,11
U0017024,C1035,2026-01-01,36,Reports,10
U0017025,C1035,2026-02-01,54,Integrations,18
U0017026,C1035,2026-04-01,43,API,9
U0017027,C1035,2026-05-01,23,Dashboard,18
U0017028,C1035,2026-06-01,24,API,1
U0017029,C1035,2026-07-01,20,Automation,1
U0017030,C1035,2026-08-01,76,Dashboard,15
U0017031,C1035,2026-09-01,23,Dashboard,14
U0017032,C1036,2025-01-01,3,Automation,2
U0017033,C1036,2025-02-01,76,Reports,3
U0017034,C1036,2025-04-01,79,Exports,9
U0017035,C1036,2025-05-01,33,Exports,2
U0017036,C1036,2025-07-01,14,API,14
U0017037,C1036,2025-08-01,11,Integrations,8
U0017038,C1036,2025-11-01,39,API,8
U0017039,C1036,2025-12-01,52,Exports,12
U0017040,C1036,2026-02-01,77,Reports,2
U0017041,C1036,2026-03-01,7,Dashboard,10
U0017042,C1036,2026-04-01,67,API,7
U0017043,C1036,2026-07-01,20,Automation,5
U0017044,C1036,2026-09-01,43,Exports,18
U0017045,C1037,2025-05-01,33,Integrations,4
U0017046,C1037,2025-07-01,23,Dashboard,2
U0017047,C1037,2025-08-01,17,Integrations,5
U0017048,C1037,2025-09-01,41,API,5
U0017049,C1037,2025-10-01,18,API,5
U0017050,C1037,2025-11-01,35,Exports,1
U0017051,C1037,2025-12-01,3,Dashboard,1
U0017052,C1037,2026-01-01,8,Reports,18
U0017053,C1037,2026-02-01,41,API,11
U0017054,C1037,2026-03-01,18,Integrations,2
U0017055,C1037,2026-04-01,78,Automation,19
U0017056,C1037,2026-06-01,18,Integrations,19
U0017057,C1037,2026-07-01,59,Dashboard,9
U0017058,C1037,2026-08-01,78,Reports,18
U0017059,C1037,2026-09-01,41,Reports,8
U0017060,C1038,2025-01-01,73,Automation,13
U0017061,C1038,2025-02-01,72,Dashboard,3
U0017062,C1038,2025-03-01,74,Exports,3
U0017063,C1038,2025-04-01,52,Automation,18
U0017064,C1038,2025-05-01,14,Dashboard,10
U0017065,C1038,2025-06-01,54,Reports,9
U0017066,C1038,2025-07-01,16,Automation,14
U0017067,C1038,2025-08-01,72,API,7
U0017068,C1038,2025-10-01,62,Automation,8
U0017069,C1038,2025-11-01,73,Integrations,19
U0017070,C1038,2026-02-01,65,Integrations,12
U0017071,C1038,2026-03-01,45,Exports,14
U0017072,C1038,2026-04-01,25,Reports,12
U0017073,C1038,2026-05-01,38,API,2
U0017074,C1038,2026-06-01,47,Dashboard,11
U0017075,C1038,2026-07-01,42,Dashboard,7
U0017076,C1038,2026-09-01,66,API,5
U0017077,C1039,2025-01-01,48,Exports,8
U0017078,C1039,2025-02-01,71,API,5
U0017079,C1039,2025-03-01,62,Integrations,8
U0017080,C1039,2025-04-01,15,Integrations,5
U0017081,C1039,2025-07-01,72,Dashboard,18
U0017082,C1039,2025-08-01,29,Exports,16
U0017083,C1039,2025-10-01,3,Dashboard,5
U0017084,C1039,2025-11-01,70,API,9
U0017085,C1039,2025-12-01,37,Automation,9
U0017086,C1039,2026-02-01,49,API,9
U0017087,C1039,2026-03-01,49,Dashboard,19
U0017088,C1039,2026-05-01,10,Exports,1
U0017089,C1039,2026-06-01,41,API,1
U0017090,C1039,2026-07-01,74,Exports,1
U0017091,C1039,2026-08-01,64,Automation,9
U0017092,C1039,2026-09-01,58,Exports,3
U0017093,C1040,2025-02-01,17,Automation,11
U0017094,C1040,2025-03-01,69,API,17
U0017095,C1040,2025-06-01,55,API,2
U0017096,C1040,2025-07-01,36,Reports,12
U0017097,C1040,2025-08-01,31,API,17
U0017098,C1040,2025-09-01,61,Integrations,9
U0017099,C1040,2025-10-01,11,API,13
U0017100,C1040,2025-11-01,7,Automation,15
U0017101,C1040,2025-12-01,63,Integrations,7
U0017102,C1040,2026-02-01,13,Reports,12
U0017103,C1040,2026-03-01,58,Integrations,15
U0017104,C1040,2026-05-01,45,API,5
U0017105,C1040,2026-06-01,54,Exports,1
U0017106,C1040,2026-07-01,65,API,10
U0017107,C1040,2026-08-01,15,Automation,9
U0017108,C1040,2026-09-01,28,Reports,13
U0017109,C1041,2025-04-01,20,Exports,2
U0017110,C1041,2025-05-01,49,API,8
U0017111,C1041,2025-06-01,45,Exports,5
U0017112,C1041,2025-07-01,21,Integrations,17
U0017113,C1041,2025-08-01,35,API,16
U0017114,C1041,2025-09-01,39,Exports,13
U0017115,C1041,2025-11-01,45,Exports,18
U0017116,C1041,2025-12-01,57,Dashboard,16
U0017117,C1041,2026-01-01,10,Reports,5
U0017118,C1041,2026-02-01,33,Exports,15
U0017119,C1041,2026-03-01,49,Integrations,18
U0017120,C1041,2026-04-01,16,Reports,3
U0017121,C1041,2026-05-01,1,Integrations,1
U0017122,C1041,2026-06-01,58,Integrations,15
U0017123,C1041,2026-08-01,54,Integrations,14
U0017124,C1041,2026-09-01,27,Integrations,8
U0017125,C1042,2025-01-01,65,Exports,9
U0017126,C1042,2025-02-01,69,Automation,14
U0017127,C1042,2025-03-01,69,Integrations,18
U0017128,C1042,2025-04-01,33,Automation,2
U0017129,C1042,2025-05-01,74,Automation,19
U0017130,C1042,2025-06-01,66,Exports,6
U0017131,C1042,2025-08-01,65,Integrations,10
U0017132,C1042,2025-10-01,59,Exports,1
U0017133,C1042,2025-11-01,21,Integrations,9
U0017134,C1042,2025-12-01,9,Reports,13
U0017135,C1042,2026-01-01,37,Reports,19
U0017136,C1042,2026-03-01,42,API,2
U0017137,C1042,2026-05-01,55,Integrations,4
U0017138,C1042,2026-07-01,32,Integrations,7
U0017139,C1042,2026-08-01,52,Dashboard,14
U0017140,C1042,2026-09-01,18,Reports,19
U0017141,C1043,2025-01-01,74,Reports,14
U0017142,C1043,2025-02-01,36,Integrations,15
U0017143,C1043,2025-03-01,79,API,1
U0017144,C1043,2025-04-01,78,Dashboard,2
U0017145,C1043,2025-05-01,22,Automation,7
U0017146,C1043,2025-06-01,51,Automation,16
U0017147,C1043,2025-07-01,28,API,11
U0017148,C1043,2025-09-01,4,Reports,13
U0017149,C1043,2025-10-01,2,Exports,3
U0017150,C1043,2025-11-01,77,Exports,12
U0017151,C1043,2025-12-01,32,Reports,16
U0017152,C1043,2026-01-01,25,Exports,3
U0017153,C1043,2026-02-01,46,Dashboard,4
U0017154,C1043,2026-03-01,47,Exports,14
U0017155,C1043,2026-04-01,61,Integrations,4
U0017156,C1043,2026-05-01,45,Dashboard,1
U0017157,C1043,2026-06-01,8,API,14
U0017158,C1043,2026-08-01,29,API,14
U0017159,C1043,2026-09-01,11,Reports,13
U0017160,C1044,2025-01-01,39,Dashboard,2
U0017161,C1044,2025-03-01,32,Dashboard,4
U0017162,C1044,2025-05-01,50,Exports,15
U0017163,C1044,2025-06-01,20,Dashboard,9
U0017164,C1044,2025-07-01,6,Reports,12
U0017165,C1044,2025-08-01,34,Integrations,4
U0017166,C1044,2025-09-01,28,Reports,14
U0017167,C1044,2025-10-01,11,Exports,9
U0017168,C1044,2025-11-01,22,Automation,9
U0017169,C1044,2026-01-01,76,Reports,7
U0017170,C1044,2026-02-01,29,Automation,18
U0017171,C1044,2026-03-01,51,Dashboard,9
U0017172,C1044,2026-04-01,18,Dashboard,14
U0017173,C1044,2026-05-01,61,API,10
U0017174,C1044,2026-06-01,53,Reports,19
U0017175,C1044,2026-08-01,25,Integrations,13
U0017176,C1044,2026-09-01,76,Integrations,8
U0017177,C1045,2025-01-01,56,API,15
U0017178,C1045,2025-02-01,40,Reports,1
U0017179,C1045,2025-03-01,78,Reports,11
U0017180,C1045,2025-04-01,41,Exports,12
U0017181,C1045,2025-06-01,47,Integrations,12
U0017182,C1045,2025-08-01,40,Automation,9
U0017183,C1045,2025-10-01,79,Exports,19
U0017184,C1045,2025-11-01,60,Dashboard,6
U0017185,C1045,2025-12-01,51,Dashboard,1
U0017186,C1045,2026-01-01,64,Reports,11
U0017187,C1045,2026-02-01,44,Automation,16
U0017188,C1045,2026-03-01,33,Automation,7
U0017189,C1045,2026-05-01,11,API,10
U0017190,C1045,2026-06-01,74,Automation,3
U0017191,C1045,2026-07-01,72,Dashboard,17
U0017192,C1045,2026-08-01,56,Integrations,8
U0017193,C1045,2026-09-01,54,Exports,17
U0017194,C1046,2025-02-01,69,API,13
U0017195,C1046,2025-03-01,33,Reports,4
U0017196,C1046,2025-05-01,38,API,5
U0017197,C1046,2025-06-01,28,Automation,11
U0017198,C1046,2025-07-01,46,Integrations,14
U0017199,C1046,2025-08-01,46,Dashboard,9
U0017200,C1046,2025-11-01,38,Dashboard,3
U0017201,C1046,2025-12-01,28,Dashboard,4
U0017202,C1046,2026-01-01,78,Reports,18
U0017203,C1046,2026-02-01,1,Reports,15
U0017204,C1046,2026-03-01,28,Exports,7
U0017205,C1046,2026-04-01,51,Exports,13
U0017206,C1046,2026-05-01,8,Reports,5
U0017207,C1046,2026-06-01,73,Dashboard,6
U0017208,C1046,2026-07-01,65,Exports,13
U0017209,C1046,2026-08-01,24,Integrations,4
U0017210,C1047,2025-01-01,7,API,1
U0017211,C1047,2025-02-01,37,Dashboard,15
U0017212,C1047,2025-03-01,18,Exports,9
U0017213,C1047,2025-06-01,18,Integrations,15
U0017214,C1047,2025-07-01,46,Automation,7
U0017215,C1047,2025-08-01,76,Exports,17
U0017216,C1047,2025-09-01,76,Reports,16
U0017217,C1047,2025-10-01,24,Dashboard,15
U0017218,C1047,2025-11-01,69,Automation,16
U0017219,C1047,2025-12-01,42,Automation,13
U0017220,C1047,2026-01-01,18,Dashboard,4
U0017221,C1047,2026-02-01,71,API,11
U0017222,C1047,2026-04-01,50,Dashboard,16
U0017223,C1047,2026-05-01,14,Exports,12
U0017224,C1047,2026-06-01,29,API,2
U0017225,C1047,2026-07-01,15,API,11
U0017226,C1047,2026-08-01,66,API,19
U0017227,C1048,2025-01-01,29,Dashboard,12
U0017228,C1048,2025-02-01,51,Reports,11
U0017229,C1048,2025-03-01,57,Automation,12
U0017230,C1048,2025-04-01,23,Integrations,13
U0017231,C1048,2025-05-01,33,Exports,9
U0017232,C1048,2025-08-01,47,Automation,7
U0017233,C1048,2025-11-01,39,API,7
U0017234,C1048,2026-01-01,44,Automation,10
U0017235,C1048,2026-02-01,49,Exports,15
U0017236,C1048,2026-04-01,67,Dashboard,11
U0017237,C1048,2026-05-01,3,Dashboard,8
U0017238,C1048,2026-06-01,60,Exports,13
U0017239,C1048,2026-07-01,74,API,13
U0017240,C1048,2026-08-01,51,Automation,19
U0017241,C1048,2026-09-01,20,Dashboard,16
U0017242,C1049,2025-01-01,2,API,6
U0017243,C1049,2025-02-01,62,Exports,11
U0017244,C1049,2025-03-01,13,Dashboard,12
U0017245,C1049,2025-04-01,68,Exports,2
U0017246,C1049,2025-05-01,41,Exports,7
U0017247,C1049,2025-07-01,51,Exports,12
U0017248,C1049,2025-08-01,59,Integrations,18
U0017249,C1049,2025-09-01,68,Integrations,16
U0017250,C1049,2025-11-01,1,Dashboard,15
U0017251,C1049,2025-12-01,77,Automation,11
U0017252,C1049,2026-02-01,37,API,12
U0017253,C1049,2026-04-01,53,Dashboard,19
U0017254,C1049,2026-06-01,78,Exports,15
U0017255,C1049,2026-07-01,24,Exports,7
U0017256,C1049,2026-08-01,49,Dashboard,15
U0017257,C1050,2025-01-01,13,API,1
U0017258,C1050,2025-02-01,53,Dashboard,14
U0017259,C1050,2025-04-01,9,Dashboard,11
U0017260,C1050,2025-05-01,31,Integrations,1
U0017261,C1050,2025-06-01,10,Exports,14
U0017262,C1050,2025-09-01,31,Dashboard,9
U0017263,C1050,2025-10-01,43,Reports,3
U0017264,C1050,2025-11-01,48,Reports,9
U0017265,C1050,2026-01-01,22,Integrations,14
U0017266,C1050,2026-02-01,68,Automation,3
U0017267,C1050,2026-03-01,1,Integrations,9
U0017268,C1050,2026-06-01,46,Reports,11
U0017269,C1050,2026-07-01,30,Dashboard,8
U0017270,C1050,2026-08-01,55,Integrations,13
U0017271,C1051,2025-01-01,42,Integrations,8
U0017272,C1051,2025-02-01,45,Automation,17
U0017273,C1051,2025-03-01,12,Automation,4
U0017274,C1051,2025-04-01,45,Reports,17
U0017275,C1051,2025-05-01,11,Automation,12
U0017276,C1051,2025-06-01,1,Dashboard,12
U0017277,C1051,2025-07-01,19,Reports,12
U0017278,C1051,2025-08-01,64,Integrations,8
U0017279,C1051,2025-09-01,43,Integrations,19
U0017280,C1051,2025-10-01,2,API,5
U0017281,C1051,2025-11-01,33,Integrations,12
U0017282,C1051,2025-12-01,70,Automation,12
U0017283,C1051,2026-01-01,34,API,2
U0017284,C1051,2026-02-01,31,Automation,3
U0017285,C1051,2026-03-01,51,Integrations,3
U0017286,C1051,2026-04-01,46,Automation,3
U0017287,C1051,2026-05-01,33,Dashboard,9
U0017288,C1051,2026-06-01,26,Reports,12
U0017289,C1051,2026-07-01,5,API,18
U0017290,C1051,2026-08-01,3,Reports,19
U0017291,C1051,2026-09-01,30,Dashboard,2
U0017292,C1052,2025-01-01,7,Integrations,1
U0017293,C1052,2025-02-01,29,Automation,13
U0017294,C1052,2025-03-01,1,API,13
U0017295,C1052,2025-04-01,76,Exports,9
U0017296,C1052,2025-06-01,42,Automation,11
U0017297,C1052,2025-07-01,49,Integrations,7
U0017298,C1052,2025-08-01,5,Exports,9
U0017299,C1052,2025-10-01,38,Reports,11
U0017300,C1052,2025-11-01,73,Integrations,17
U0017301,C1052,2026-01-01,29,API,18
U0017302,C1052,2026-06-01,40,Exports,9
U0017303,C1052,2026-07-01,51,Integrations,17
U0017304,C1052,2026-08-01,2,Reports,8
U0017305,C1052,2026-09-01,2,Dashboard,10
U0017306,C1053,2025-01-01,19,Integrations,5
U0017307,C1053,2025-03-01,3,Dashboard,18
U0017308,C1053,2025-04-01,15,Automation,5
U0017309,C1053,2025-06-01,75,API,18
U0017310,C1053,2025-07-01,30,Automation,7
U0017311,C1053,2025-08-01,51,Reports,16
U0017312,C1053,2025-09-01,48,Dashboard,13
U0017313,C1053,2025-10-01,18,Exports,13
U0017314,C1053,2025-11-01,54,Exports,16
U0017315,C1053,2025-12-01,60,Automation,4
U0017316,C1053,2026-01-01,3,Dashboard,3
U0017317,C1053,2026-02-01,37,Dashboard,16
U0017318,C1053,2026-03-01,32,Exports,1
U0017319,C1053,2026-04-01,18,Dashboard,9
U0017320,C1053,2026-05-01,2,Automation,19
U0017321,C1053,2026-06-01,51,Reports,18
U0017322,C1053,2026-08-01,31,Integrations,4
U0017323,C1054,2025-02-01,1,Automation,1
U0017324,C1054,2025-05-01,20,Exports,9
U0017325,C1054,2025-06-01,79,Reports,2
U0017326,C1054,2025-07-01,78,Automation,5
U0017327,C1054,2025-08-01,51,Dashboard,6
U0017328,C1054,2025-09-01,23,Reports,16
U0017329,C1054,2025-10-01,28,API,17
U0017330,C1054,2025-11-01,52,Exports,18
U0017331,C1054,2025-12-01,7,Exports,19
U0017332,C1054,2026-01-01,13,Integrations,4
U0017333,C1054,2026-02-01,55,Dashboard,19
U0017334,C1054,2026-03-01,8,Dashboard,3
U0017335,C1054,2026-04-01,24,Automation,5
U0017336,C1054,2026-05-01,58,Dashboard,10
U0017337,C1054,2026-06-01,72,Dashboard,7
U0017338,C1054,2026-07-01,53,Reports,18
U0017339,C1054,2026-08-01,16,Reports,2
U0017340,C1054,2026-09-01,61,Integrations,14
U0017341,C1055,2025-01-01,74,API,12
U0017342,C1055,2025-02-01,47,Reports,7
U0017343,C1055,2025-03-01,11,Integrations,11
U0017344,C1055,2025-04-01,12,Dashboard,7
U0017345,C1055,2025-06-01,27,API,9
U0017346,C1055,2025-07-01,8,Integrations,19
U0017347,C1055,2025-08-01,22,Automation,19
U0017348,C1055,2025-09-01,73,Exports,15
U0017349,C1055,2025-10-01,42,Automation,11
U0017350,C1055,2025-12-01,56,Automation,9
U0017351,C1055,2026-01-01,28,Integrations,7
U0017352,C1055,2026-02-01,56,Exports,19
U0017353,C1055,2026-03-01,55,API,4
U0017354,C1055,2026-04-01,65,Reports,10
U0017355,C1055,2026-05-01,71,Automation,1
U0017356,C1055,2026-06-01,56,Dashboard,2
U0017357,C1055,2026-07-01,44,API,13
U0017358,C1055,2026-08-01,7,Exports,10
U0017359,C1056,2025-01-01,34,Integrations,1
U0017360,C1056,2025-02-01,78,API,4
U0017361,C1056,2025-03-01,69,Dashboard,10
U0017362,C1056,2025-04-01,6,API,2
U0017363,C1056,2025-06-01,63,Automation,1
U0017364,C1056,2025-07-01,5,API,7
U0017365,C1056,2025-08-01,41,Reports,7
U0017366,C1056,2025-09-01,38,Automation,2
U0017367,C1056,2025-10-01,33,Exports,5
U0017368,C1056,2025-11-01,59,Integrations,2
U0017369,C1056,2025-12-01,3,API,19
U0017370,C1056,2026-02-01,27,API,17
U0017371,C1056,2026-03-01,13,API,1
U0017372,C1056,2026-04-01,50,Integrations,10
U0017373,C1056,2026-07-01,34,Dashboard,7
U0017374,C1056,2026-09-01,49,Automation,5
U0017375,C1057,2025-01-01,25,Dashboard,10
U0017376,C1057,2025-02-01,46,Exports,3
U0017377,C1057,2025-03-01,15,Exports,5
U0017378,C1057,2025-04-01,20,API,15
U0017379,C1057,2025-05-01,55,Dashboard,5
U0017380,C1057,2025-06-01,75,Exports,9
U0017381,C1057,2025-07-01,14,Integrations,14
U0017382,C1057,2025-09-01,45,API,6
U0017383,C1057,2025-10-01,37,Integrations,17
U0017384,C1057,2025-11-01,35,API,3
U0017385,C1057,2025-12-01,53,API,5
U0017386,C1057,2026-01-01,58,Exports,19
U0017387,C1057,2026-02-01,60,Reports,8
U0017388,C1057,2026-03-01,41,Dashboard,13
U0017389,C1057,2026-04-01,79,Dashboard,2
U0017390,C1057,2026-05-01,46,Reports,7
U0017391,C1057,2026-07-01,38,Exports,16
U0017392,C1057,2026-09-01,52,Dashboard,10
U0017393,C1058,2025-01-01,21,Dashboard,16
U0017394,C1058,2025-03-01,19,Integrations,17
U0017395,C1058,2025-04-01,73,API,2
U0017396,C1058,2025-07-01,52,Exports,15
U0017397,C1058,2025-08-01,5,API,14
U0017398,C1058,2025-09-01,38,Automation,18
U0017399,C1058,2025-12-01,75,Integrations,8
U0017400,C1058,2026-01-01,58,Exports,11
U0017401,C1058,2026-02-01,60,Exports,11
U0017402,C1058,2026-03-01,62,Integrations,17
U0017403,C1058,2026-04-01,70,Reports,16
U0017404,C1058,2026-05-01,29,Reports,16
U0017405,C1058,2026-06-01,40,Integrations,19
U0017406,C1058,2026-07-01,35,Automation,5
U0017407,C1058,2026-09-01,43,Automation,12
U0017408,C1059,2025-01-01,24,Integrations,9
U0017409,C1059,2025-02-01,77,Exports,8
U0017410,C1059,2025-05-01,35,API,7
U0017411,C1059,2025-06-01,17,Exports,10
U0017412,C1059,2025-08-01,52,Reports,4
U0017413,C1059,2025-09-01,14,Automation,16
U0017414,C1059,2025-10-01,19,Automation,16
U0017415,C1059,2025-11-01,47,Dashboard,3
U0017416,C1059,2025-12-01,68,Exports,12
U0017417,C1059,2026-01-01,69,Reports,16
U0017418,C1059,2026-05-01,36,Exports,4
U0017419,C1059,2026-06-01,38,Integrations,3
U0017420,C1059,2026-07-01,46,API,1
U0017421,C1059,2026-08-01,21,Reports,6
U0017422,C1059,2026-09-01,71,Dashboard,13
U0017423,C1060,2025-01-01,16,Integrations,9
U0017424,C1060,2025-03-01,12,Reports,14
U0017425,C1060,2025-04-01,27,Integrations,17
U0017426,C1060,2025-05-01,70,Exports,15
U0017427,C1060,2025-06-01,69,Exports,19
U0017428,C1060,2025-07-01,71,Reports,8
U0017429,C1060,2025-09-01,39,Reports,1
U0017430,C1060,2025-10-01,41,Dashboard,5
U0017431,C1060,2025-11-01,74,Reports,7
U0017432,C1060,2025-12-01,26,Reports,16
U0017433,C1060,2026-01-01,24,Integrations,17
U0017434,C1060,2026-02-01,5,API,17
U0017435,C1060,2026-04-01,33,Integrations,17
U0017436,C1060,2026-06-01,74,Dashboard,15
U0017437,C1060,2026-07-01,71,Dashboard,17
U0017438,C1060,2026-09-01,24,Automation,4
U0017439,C1061,2025-03-01,68,Automation,19
U0017440,C1061,2025-05-01,56,Reports,1
U0017441,C1061,2025-08-01,73,Automation,2
U0017442,C1061,2025-09-01,42,Dashboard,4
U0017443,C1061,2025-10-01,18,Reports,8
U0017444,C1061,2025-12-01,3,Exports,16
U0017445,C1061,2026-01-01,3,Reports,10
U0017446,C1061,2026-02-01,41,Dashboard,8
U0017447,C1061,2026-03-01,18,Dashboard,16
U0017448,C1061,2026-04-01,25,Reports,4
U0017449,C1061,2026-05-01,12,API,3
U0017450,C1061,2026-06-01,60,Automation,10
U0017451,C1061,2026-08-01,5,Dashboard,12
U0017452,C1061,2026-09-01,36,Reports,17
U0017453,C1062,2025-01-01,31,API,5
U0017454,C1062,2025-02-01,1,Automation,17
U0017455,C1062,2025-03-01,44,Dashboard,5
U0017456,C1062,2025-04-01,3,API,2
U0017457,C1062,2025-05-01,12,Dashboard,6
U0017458,C1062,2025-06-01,50,Automation,18
U0017459,C1062,2025-08-01,62,Dashboard,9
U0017460,C1062,2025-09-01,7,Integrations,5
U0017461,C1062,2025-10-01,29,Exports,12
U0017462,C1062,2025-11-01,10,Reports,4
U0017463,C1062,2025-12-01,48,Integrations,9
U0017464,C1062,2026-01-01,13,Integrations,11
U0017465,C1062,2026-02-01,50,API,4
U0017466,C1062,2026-03-01,29,Reports,6
U0017467,C1062,2026-04-01,36,Exports,2
U0017468,C1062,2026-05-01,36,Reports,12
U0017469,C1062,2026-07-01,38,API,4
U0017470,C1062,2026-08-01,67,Reports,16
U0017471,C1062,2026-09-01,57,Reports,17
U0017472,C1063,2025-01-01,53,Dashboard,9
U0017473,C1063,2025-02-01,48,Automation,5
U0017474,C1063,2025-04-01,52,Integrations,11
U0017475,C1063,2025-05-01,55,API,11
U0017476,C1063,2025-06-01,48,Reports,18
U0017477,C1063,2025-07-01,60,API,19
U0017478,C1063,2025-08-01,71,API,1
U0017479,C1063,2025-09-01,79,Reports,5
U0017480,C1063,2025-10-01,50,Reports,14
U0017481,C1063,2025-11-01,32,Automation,8
U0017482,C1063,2025-12-01,12,Exports,13
U0017483,C1063,2026-01-01,51,Reports,12
U0017484,C1063,2026-03-01,43,Reports,15
U0017485,C1063,2026-04-01,79,API,10
U0017486,C1063,2026-05-01,54,API,12
U0017487,C1063,2026-06-01,43,Reports,14
U0017488,C1063,2026-07-01,54,API,8
U0017489,C1063,2026-08-01,67,Reports,14
U0017490,C1063,2026-09-01,21,Integrations,6
U0017491,C1064,2025-01-01,16,Automation,1
U0017492,C1064,2025-02-01,77,Dashboard,15
U0017493,C1064,2025-03-01,33,Reports,16
U0017494,C1064,2025-04-01,11,Automation,12
U0017495,C1064,2025-05-01,15,API,1
U0017496,C1064,2025-06-01,6,Dashboard,19
U0017497,C1064,2025-07-01,75,Reports,15
U0017498,C1064,2025-08-01,72,Dashboard,12
U0017499,C1064,2025-09-01,79,API,13
U0017500,C1064,2025-10-01,8,Dashboard,15
U0017501,C1064,2025-11-01,74,Exports,13
U0017502,C1064,2025-12-01,32,Reports,3
U0017503,C1064,2026-01-01,24,Integrations,6
U0017504,C1064,2026-02-01,16,Reports,4
U0017505,C1064,2026-04-01,47,Reports,8
U0017506,C1064,2026-06-01,62,Integrations,10
U0017507,C1064,2026-07-01,64,Integrations,4
U0017508,C1064,2026-08-01,29,Integrations,11
U0017509,C1065,2025-01-01,67,API,11
U0017510,C1065,2025-02-01,48,Integrations,2
U0017511,C1065,2025-04-01,57,Automation,4
U0017512,C1065,2025-05-01,61,Reports,8
U0017513,C1065,2025-06-01,51,Dashboard,5
U0017514,C1065,2025-07-01,7,API,13
U0017515,C1065,2025-08-01,18,API,15
U0017516,C1065,2025-09-01,28,Dashboard,17
U0017517,C1065,2025-10-01,16,API,17
U0017518,C1065,2025-11-01,62,Reports,13
U0017519,C1065,2025-12-01,65,Dashboard,12
U0017520,C1065,2026-01-01,14,Automation,12
U0017521,C1065,2026-05-01,52,Dashboard,15
U0017522,C1065,2026-07-01,37,Integrations,15
U0017523,C1065,2026-08-01,59,Integrations,6
U0017524,C1065,2026-09-01,10,Reports,8
U0017525,C1066,2025-01-01,55,Exports,6
U0017526,C1066,2025-02-01,26,Integrations,17
U0017527,C1066,2025-03-01,41,API,18
U0017528,C1066,2025-04-01,22,Reports,13
U0017529,C1066,2025-05-01,35,Integrations,13
U0017530,C1066,2025-06-01,33,Automation,19
U0017531,C1066,2025-07-01,15,Exports,3
U0017532,C1066,2025-08-01,29,Reports,12
U0017533,C1066,2025-09-01,57,Automation,19
U0017534,C1066,2025-10-01,68,Automation,14
U0017535,C1066,2025-11-01,49,Automation,3
U0017536,C1066,2025-12-01,21,Reports,13
U0017537,C1066,2026-01-01,19,Dashboard,7
U0017538,C1066,2026-04-01,48,Reports,6
U0017539,C1066,2026-06-01,30,Exports,10
U0017540,C1066,2026-08-01,15,Dashboard,18
U0017541,C1066,2026-09-01,45,Dashboard,2
U0017542,C1067,2025-01-01,12,Exports,18
U0017543,C1067,2025-02-01,73,API,7
U0017544,C1067,2025-04-01,1,API,16
U0017545,C1067,2025-05-01,69,Dashboard,10
U0017546,C1067,2025-06-01,50,Reports,1
U0017547,C1067,2025-08-01,22,Reports,9
U0017548,C1067,2025-09-01,13,Exports,5
U0017549,C1067,2025-10-01,53,Exports,7
U0017550,C1067,2025-11-01,77,Automation,7
U0017551,C1067,2026-01-01,26,Exports,13
U0017552,C1067,2026-03-01,54,Automation,6
U0017553,C1067,2026-05-01,32,Integrations,5
U0017554,C1067,2026-06-01,71,Reports,8
U0017555,C1067,2026-07-01,61,Automation,10
U0017556,C1067,2026-08-01,62,Integrations,15
U0017557,C1067,2026-09-01,32,API,16
U0017558,C1068,2025-02-01,12,Integrations,10
U0017559,C1068,2025-07-01,21,API,19
U0017560,C1068,2025-09-01,57,Exports,2
U0017561,C1068,2025-10-01,39,API,10
U0017562,C1068,2025-11-01,35,Integrations,16
U0017563,C1068,2025-12-01,51,Integrations,8
U0017564,C1068,2026-01-01,79,Dashboard,6
U0017565,C1068,2026-02-01,14,Integrations,14
U0017566,C1068,2026-03-01,68,Integrations,7
U0017567,C1068,2026-04-01,34,Dashboard,13
U0017568,C1068,2026-05-01,23,Exports,17
U0017569,C1068,2026-06-01,17,Automation,19
U0017570,C1068,2026-07-01,18,Integrations,5
U0017571,C1068,2026-08-01,48,Automation,11
U0017572,C1068,2026-09-01,20,API,6
U0017573,C1069,2025-01-01,22,Dashboard,7
U0017574,C1069,2025-02-01,33,Automation,10
U0017575,C1069,2025-03-01,7,Exports,10
U0017576,C1069,2025-05-01,65,Integrations,11
U0017577,C1069,2025-06-01,65,API,15
U0017578,C1069,2025-07-01,23,Automation,8
U0017579,C1069,2025-09-01,4,Exports,9
U0017580,C1069,2025-10-01,63,Reports,13
U0017581,C1069,2025-12-01,33,Dashboard,2
U0017582,C1069,2026-04-01,45,API,2
U0017583,C1069,2026-05-01,1,API,1
U0017584,C1069,2026-06-01,14,Integrations,15
U0017585,C1069,2026-07-01,14,Exports,19
U0017586,C1069,2026-09-01,3,Exports,18
U0017587,C1070,2025-01-01,21,Integrations,3
U0017588,C1070,2025-02-01,60,Exports,11
U0017589,C1070,2025-03-01,64,Reports,13
U0017590,C1070,2025-05-01,17,Exports,4
U0017591,C1070,2025-08-01,20,Automation,13
U0017592,C1070,2025-11-01,31,Automation,7
U0017593,C1070,2025-12-01,52,API,7
U0017594,C1070,2026-01-01,8,Reports,3
U0017595,C1070,2026-02-01,38,API,16
U0017596,C1070,2026-04-01,44,Automation,7
U0017597,C1070,2026-05-01,75,Integrations,13
U0017598,C1070,2026-06-01,29,Integrations,14
U0017599,C1070,2026-07-01,64,Reports,15
U0017600,C1070,2026-08-01,47,API,18
U0017601,C1071,2025-01-01,76,Reports,11
U0017602,C1071,2025-02-01,59,Exports,10
U0017603,C1071,2025-03-01,10,Exports,6
U0017604,C1071,2025-05-01,53,Integrations,8
U0017605,C1071,2025-06-01,13,Reports,13
U0017606,C1071,2025-07-01,43,API,7
U0017607,C1071,2025-08-01,40,Integrations,19
U0017608,C1071,2025-09-01,20,Reports,3
U0017609,C1071,2025-10-01,65,Automation,5
U0017610,C1071,2025-11-01,78,Reports,2
U0017611,C1071,2026-04-01,78,Automation,4
U0017612,C1071,2026-06-01,34,Reports,13
U0017613,C1071,2026-07-01,37,Exports,13
U0017614,C1071,2026-08-01,7,Exports,15
U0017615,C1071,2026-09-01,63,Exports,8
U0017616,C1072,2025-01-01,44,Integrations,14
U0017617,C1072,2025-02-01,28,Exports,9
U0017618,C1072,2025-03-01,21,Dashboard,6
U0017619,C1072,2025-06-01,2,Dashboard,7
U0017620,C1072,2025-07-01,20,API,13
U0017621,C1072,2025-08-01,29,API,13
U0017622,C1072,2025-09-01,3,Automation,5
U0017623,C1072,2025-10-01,34,Reports,7
U0017624,C1072,2025-12-01,21,Dashboard,5
U0017625,C1072,2026-01-01,8,API,9
U0017626,C1072,2026-04-01,79,Reports,19
U0017627,C1072,2026-05-01,12,Integrations,14
U0017628,C1072,2026-06-01,18,Integrations,7
U0017629,C1072,2026-07-01,15,Automation,1
U0017630,C1072,2026-08-01,49,Integrations,10
U0017631,C1072,2026-09-01,51,Automation,1
U0017632,C1073,2025-01-01,54,Exports,1
U0017633,C1073,2025-02-01,27,Exports,18
U0017634,C1073,2025-03-01,48,Dashboard,7
U0017635,C1073,2025-05-01,29,Automation,9
U0017636,C1073,2025-08-01,11,Reports,7
U0017637,C1073,2025-10-01,62,Integrations,5
U0017638,C1073,2025-11-01,9,Integrations,9
U0017639,C1073,2025-12-01,34,Exports,1
U0017640,C1073,2026-03-01,50,Dashboard,7
U0017641,C1073,2026-04-01,44,API,15
U0017642,C1073,2026-05-01,50,Integrations,4
U0017643,C1073,2026-06-01,73,Reports,1
U0017644,C1073,2026-07-01,70,Integrations,15
U0017645,C1074,2025-02-01,26,Automation,5
U0017646,C1074,2025-04-01,21,Reports,6
U0017647,C1074,2025-06-01,1,Reports,10
U0017648,C1074,2025-07-01,78,Reports,16
U0017649,C1074,2025-08-01,73,Exports,4
U0017650,C1074,2025-09-01,17,Dashboard,16
U0017651,C1074,2025-10-01,57,Reports,6
U0017652,C1074,2025-11-01,37,Reports,5
U0017653,C1074,2025-12-01,1,Exports,1
U0017654,C1074,2026-03-01,61,Automation,10
U0017655,C1074,2026-04-01,42,Integrations,12
U0017656,C1074,2026-05-01,16,Reports,3
U0017657,C1074,2026-07-01,76,Dashboard,7
U0017658,C1074,2026-08-01,73,Reports,6
U0017659,C1074,2026-09-01,55,Reports,1
U0017660,C1075,2025-02-01,46,Integrations,8
U0017661,C1075,2025-04-01,78,Dashboard,7
U0017662,C1075,2025-05-01,1,Exports,4
U0017663,C1075,2025-06-01,15,Dashboard,8
U0017664,C1075,2025-08-01,26,Reports,13
U0017665,C1075,2025-10-01,40,API,7
U0017666,C1075,2025-11-01,66,Dashboard,13
U0017667,C1075,2025-12-01,78,Dashboard,18
U0017668,C1075,2026-01-01,22,Integrations,4
U0017669,C1075,2026-03-01,40,Exports,9
U0017670,C1075,2026-04-01,23,API,14
U0017671,C1075,2026-05-01,14,Reports,12
U0017672,C1075,2026-06-01,59,Exports,3
U0017673,C1075,2026-08-01,31,Integrations,13
U0017674,C1075,2026-09-01,67,Automation,13
U0017675,C1076,2025-01-01,50,Exports,12
U0017676,C1076,2025-02-01,64,Integrations,8
U0017677,C1076,2025-03-01,4,Exports,8
U0017678,C1076,2025-04-01,68,Dashboard,5
U0017679,C1076,2025-05-01,41,Automation,1
U0017680,C1076,2025-06-01,27,Automation,3
U0017681,C1076,2025-07-01,75,Exports,2
U0017682,C1076,2025-08-01,73,Exports,8
U0017683,C1076,2025-10-01,47,API,4
U0017684,C1076,2025-11-01,3,Exports,6
U0017685,C1076,2025-12-01,31,Reports,10
U0017686,C1076,2026-01-01,18,Integrations,8
U0017687,C1076,2026-03-01,69,Reports,18
U0017688,C1076,2026-04-01,56,Automation,5
U0017689,C1076,2026-06-01,32,Automation,15
U0017690,C1076,2026-07-01,4,Dashboard,12
U0017691,C1076,2026-08-01,1,Integrations,4
U0017692,C1076,2026-09-01,61,Integrations,12
U0017693,C1077,2025-02-01,14,Exports,16
U0017694,C1077,2025-03-01,16,Integrations,14
U0017695,C1077,2025-05-01,2,Integrations,15
U0017696,C1077,2025-06-01,21,API,19
U0017697,C1077,2025-07-01,49,Integrations,1
U0017698,C1077,2025-08-01,25,Automation,14
U0017699,C1077,2025-09-01,22,Reports,14
U0017700,C1077,2025-10-01,76,Integrations,1
U0017701,C1077,2025-11-01,76,Integrations,2
U0017702,C1077,2025-12-01,65,Automation,10
U0017703,C1077,2026-01-01,37,Automation,6
U0017704,C1077,2026-03-01,61,Integrations,11
U0017705,C1077,2026-04-01,74,Automation,14
U0017706,C1077,2026-05-01,62,Dashboard,18
U0017707,C1077,2026-06-01,50,Automation,8
U0017708,C1077,2026-07-01,68,Dashboard,7
U0017709,C1077,2026-09-01,3,API,13
U0017710,C1078,2025-01-01,4,Reports,5
U0017711,C1078,2025-03-01,72,API,13
U0017712,C1078,2025-04-01,33,Exports,10
U0017713,C1078,2025-06-01,75,Integrations,16
U0017714,C1078,2025-07-01,72,Automation,11
U0017715,C1078,2025-10-01,72,Dashboard,2
U0017716,C1078,2025-11-01,52,Exports,13
U0017717,C1078,2025-12-01,45,API,15
U0017718,C1078,2026-01-01,57,API,19
U0017719,C1078,2026-02-01,66,Exports,4
U0017720,C1078,2026-03-01,15,Exports,8
U0017721,C1078,2026-04-01,17,Dashboard,16
U0017722,C1078,2026-08-01,9,Exports,11
U0017723,C1079,2025-01-01,57,API,13
U0017724,C1079,2025-03-01,64,Exports,17
U0017725,C1079,2025-05-01,18,Automation,6
U0017726,C1079,2025-07-01,33,Integrations,12
U0017727,C1079,2025-08-01,7,Reports,8
U0017728,C1079,2025-09-01,49,Dashboard,7
U0017729,C1079,2025-10-01,74,Exports,17
U0017730,C1079,2025-11-01,17,Integrations,18
U0017731,C1079,2025-12-01,61,API,13
U0017732,C1079,2026-01-01,32,Reports,13
U0017733,C1079,2026-02-01,5,API,19
U0017734,C1079,2026-03-01,46,Dashboard,4
U0017735,C1079,2026-04-01,62,Automation,5
U0017736,C1079,2026-06-01,40,API,13
U0017737,C1079,2026-07-01,51,API,14
U0017738,C1079,2026-08-01,65,Integrations,1
U0017739,C1079,2026-09-01,56,Integrations,10
U0017740,C1080,2025-02-01,79,Integrations,2
U0017741,C1080,2025-03-01,55,API,6
U0017742,C1080,2025-05-01,23,Exports,16
U0017743,C1080,2025-06-01,28,Exports,3
U0017744,C1080,2025-08-01,1,Integrations,5
U0017745,C1080,2025-09-01,71,API,14
U0017746,C1080,2025-10-01,64,Exports,6
U0017747,C1080,2025-12-01,79,Integrations,14
U0017748,C1080,2026-01-01,19,Dashboard,6
U0017749,C1080,2026-02-01,23,Reports,19
U0017750,C1080,2026-04-01,50,Dashboard,5
U0017751,C1080,2026-05-01,55,API,15
U0017752,C1080,2026-06-01,31,Automation,14
U0017753,C1080,2026-07-01,47,API,10
U0017754,C1080,2026-08-01,42,Integrations,5
U0017755,C1081,2025-01-01,15,Exports,1
U0017756,C1081,2025-02-01,51,Automation,17
U0017757,C1081,2025-03-01,1,Automation,16
U0017758,C1081,2025-04-01,79,Exports,18
U0017759,C1081,2025-05-01,79,Exports,17
U0017760,C1081,2025-06-01,43,Automation,1
U0017761,C1081,2025-08-01,37,Reports,2
U0017762,C1081,2025-09-01,46,Dashboard,10
U0017763,C1081,2025-10-01,26,Reports,11
U0017764,C1081,2025-11-01,58,Exports,3
U0017765,C1081,2025-12-01,57,Automation,4
U0017766,C1081,2026-01-01,44,Automation,1
U0017767,C1081,2026-03-01,50,Exports,15
U0017768,C1081,2026-04-01,10,Reports,14
U0017769,C1081,2026-05-01,68,Integrations,19
U0017770,C1081,2026-06-01,55,Reports,6
U0017771,C1081,2026-07-01,7,Reports,12
U0017772,C1081,2026-09-01,9,Integrations,4
U0017773,C1082,2025-01-01,3,Automation,10
U0017774,C1082,2025-02-01,60,Exports,16
U0017775,C1082,2025-03-01,8,Automation,8
U0017776,C1082,2025-04-01,24,Integrations,19
U0017777,C1082,2025-05-01,20,Automation,17
U0017778,C1082,2025-06-01,21,Automation,9
U0017779,C1082,2025-07-01,72,Reports,15
U0017780,C1082,2025-08-01,9,Reports,5
U0017781,C1082,2025-10-01,34,Automation,8
U0017782,C1082,2025-12-01,37,Integrations,4
U0017783,C1082,2026-01-01,77,Dashboard,19
U0017784,C1082,2026-02-01,57,Integrations,10
U0017785,C1082,2026-03-01,52,Automation,4
U0017786,C1082,2026-04-01,58,Exports,9
U0017787,C1082,2026-05-01,65,Exports,4
U0017788,C1082,2026-06-01,72,Integrations,12
U0017789,C1082,2026-07-01,56,API,4
U0017790,C1083,2025-01-01,42,API,5
U0017791,C1083,2025-02-01,57,Exports,18
U0017792,C1083,2025-03-01,55,Dashboard,9
U0017793,C1083,2025-04-01,77,Automation,11
U0017794,C1083,2025-05-01,23,Dashboard,4
U0017795,C1083,2025-07-01,39,Automation,14
U0017796,C1083,2025-08-01,60,Exports,17
U0017797,C1083,2025-09-01,33,Automation,19
U0017798,C1083,2025-10-01,6,Exports,1
U0017799,C1083,2025-11-01,78,Integrations,12
U0017800,C1083,2026-01-01,8,Integrations,10
U0017801,C1083,2026-02-01,70,Integrations,18
U0017802,C1083,2026-03-01,9,Dashboard,16
U0017803,C1083,2026-04-01,69,Integrations,16
U0017804,C1083,2026-06-01,28,Automation,13
U0017805,C1083,2026-07-01,36,Reports,4
U0017806,C1083,2026-08-01,39,Dashboard,7
U0017807,C1083,2026-09-01,39,API,7
U0017808,C1084,2025-01-01,70,Integrations,9
U0017809,C1084,2025-04-01,22,Dashboard,15
U0017810,C1084,2025-06-01,30,Reports,17
U0017811,C1084,2025-07-01,49,API,17
U0017812,C1084,2025-08-01,55,Integrations,17
U0017813,C1084,2025-09-01,20,Automation,14
U0017814,C1084,2025-10-01,31,API,10
U0017815,C1084,2026-01-01,62,Dashboard,3
U0017816,C1084,2026-02-01,33,Exports,13
U0017817,C1084,2026-03-01,8,API,12
U0017818,C1084,2026-04-01,30,Integrations,17
U0017819,C1084,2026-05-01,2,API,7
U0017820,C1084,2026-06-01,53,Reports,9
U0017821,C1084,2026-07-01,72,Automation,9
U0017822,C1084,2026-08-01,22,Dashboard,6
U0017823,C1084,2026-09-01,44,Integrations,16
U0017824,C1085,2025-01-01,29,Automation,2
U0017825,C1085,2025-02-01,3,Dashboard,17
U0017826,C1085,2025-03-01,50,Integrations,16
U0017827,C1085,2025-04-01,21,Automation,1
U0017828,C1085,2025-06-01,69,Integrations,8
U0017829,C1085,2025-07-01,24,Dashboard,1
U0017830,C1085,2025-08-01,79,Exports,16
U0017831,C1085,2025-09-01,65,Exports,11
U0017832,C1085,2025-11-01,3,API,10
U0017833,C1085,2025-12-01,1,Exports,3
U0017834,C1085,2026-01-01,43,Dashboard,11
U0017835,C1085,2026-02-01,76,Exports,11
U0017836,C1085,2026-04-01,46,Reports,3
U0017837,C1085,2026-05-01,25,API,8
U0017838,C1085,2026-06-01,11,Reports,7
U0017839,C1085,2026-07-01,3,Dashboard,10
U0017840,C1085,2026-08-01,6,Automation,13
U0017841,C1085,2026-09-01,20,Integrations,9
U0017842,C1086,2025-01-01,68,Integrations,18
U0017843,C1086,2025-02-01,56,Dashboard,11
U0017844,C1086,2025-04-01,64,API,7
U0017845,C1086,2025-05-01,70,Integrations,19
U0017846,C1086,2025-06-01,46,Exports,19
U0017847,C1086,2025-09-01,73,Dashboard,17
U0017848,C1086,2025-10-01,52,Integrations,11
U0017849,C1086,2025-11-01,51,Exports,18
U0017850,C1086,2026-01-01,23,Integrations,15
U0017851,C1086,2026-02-01,33,Automation,10
U0017852,C1086,2026-04-01,77,Reports,18
U0017853,C1086,2026-05-01,12,Reports,19
U0017854,C1086,2026-06-01,65,API,8
U0017855,C1086,2026-07-01,73,Integrations,11
U0017856,C1086,2026-08-01,71,Integrations,8
U0017857,C1086,2026-09-01,8,Integrations,6
U0017858,C1087,2025-01-01,66,Dashboard,2
U0017859,C1087,2025-02-01,3,Automation,17
U0017860,C1087,2025-03-01,30,API,17
U0017861,C1087,2025-04-01,17,Reports,1
U0017862,C1087,2025-05-01,42,Integrations,3
U0017863,C1087,2025-06-01,55,Automation,6
U0017864,C1087,2025-07-01,39,Automation,14
U0017865,C1087,2025-08-01,55,Exports,10
U0017866,C1087,2025-11-01,70,Integrations,15
U0017867,C1087,2026-03-01,5,Reports,17
U0017868,C1087,2026-04-01,40,Integrations,13
U0017869,C1087,2026-05-01,10,Automation,10
U0017870,C1087,2026-06-01,16,Automation,15
U0017871,C1087,2026-07-01,71,Reports,19
U0017872,C1087,2026-08-01,12,Reports,1
U0017873,C1087,2026-09-01,54,Automation,17
U0017874,C1088,2025-01-01,6,Automation,11
U0017875,C1088,2025-02-01,29,Exports,15
U0017876,C1088,2025-03-01,37,Reports,17
U0017877,C1088,2025-04-01,72,Dashboard,7
U0017878,C1088,2025-06-01,64,Dashboard,11
U0017879,C1088,2025-07-01,57,Automation,11
U0017880,C1088,2025-08-01,49,Integrations,14
U0017881,C1088,2025-09-01,51,Exports,2
U0017882,C1088,2025-10-01,53,Automation,3
U0017883,C1088,2025-11-01,66,Reports,1
U0017884,C1088,2025-12-01,40,Integrations,10
U0017885,C1088,2026-01-01,75,API,1
U0017886,C1088,2026-02-01,22,Exports,14
U0017887,C1088,2026-03-01,6,Exports,16
U0017888,C1088,2026-04-01,10,API,8
U0017889,C1088,2026-06-01,26,Reports,8
U0017890,C1088,2026-07-01,4,Exports,9
U0017891,C1088,2026-08-01,13,API,18
U0017892,C1088,2026-09-01,3,Integrations,3
U0017893,C1089,2025-01-01,57,API,16
U0017894,C1089,2025-02-01,46,API,10
U0017895,C1089,2025-03-01,44,Integrations,12
U0017896,C1089,2025-04-01,2,API,5
U0017897,C1089,2025-05-01,11,Exports,18
U0017898,C1089,2025-06-01,14,Integrations,17
U0017899,C1089,2025-07-01,39,Integrations,3
U0017900,C1089,2025-09-01,61,Dashboard,8
U0017901,C1089,2025-10-01,47,Exports,18
U0017902,C1089,2025-12-01,25,Reports,10
U0017903,C1089,2026-01-01,33,Dashboard,9
U0017904,C1089,2026-03-01,47,Integrations,15
U0017905,C1089,2026-04-01,4,Dashboard,15
U0017906,C1089,2026-06-01,2,Integrations,3
U0017907,C1089,2026-07-01,34,API,5
U0017908,C1089,2026-08-01,22,Automation,2
U0017909,C1089,2026-09-01,68,Dashboard,6
U0017910,C1090,2025-02-01,6,API,8
U0017911,C1090,2025-03-01,10,Reports,1
U0017912,C1090,2025-04-01,4,API,4
U0017913,C1090,2025-06-01,69,Exports,11
U0017914,C1090,2025-08-01,55,API,10
U0017915,C1090,2025-10-01,66,Integrations,10
U0017916,C1090,2025-11-01,21,Automation,5
U0017917,C1090,2025-12-01,22,Reports,8
U0017918,C1090,2026-01-01,12,API,6
U0017919,C1090,2026-02-01,26,Reports,15
U0017920,C1090,2026-03-01,25,Dashboard,10
U0017921,C1090,2026-04-01,42,API,16
U0017922,C1090,2026-05-01,32,Exports,8
U0017923,C1090,2026-06-01,73,API,10
U0017924,C1090,2026-07-01,70,API,19
U0017925,C1091,2025-01-01,69,Reports,9
U0017926,C1091,2025-04-01,65,Integrations,11
U0017927,C1091,2025-05-01,78,Automation,5
U0017928,C1091,2025-06-01,6,Automation,4
U0017929,C1091,2025-07-01,74,API,1
U0017930,C1091,2025-08-01,78,Dashboard,6
U0017931,C1091,2025-09-01,24,Exports,16
U0017932,C1091,2025-11-01,24,Exports,1
U0017933,C1091,2025-12-01,50,API,4
U0017934,C1091,2026-01-01,6,Reports,10
U0017935,C1091,2026-02-01,29,Automation,12
U0017936,C1091,2026-03-01,55,Automation,13
U0017937,C1091,2026-04-01,18,Reports,17
U0017938,C1091,2026-05-01,79,Dashboard,5
U0017939,C1091,2026-06-01,76,Exports,9
U0017940,C1091,2026-09-01,49,Reports,6
U0017941,C1092,2025-01-01,38,Dashboard,6
U0017942,C1092,2025-02-01,76,Reports,1
U0017943,C1092,2025-03-01,77,Exports,3
U0017944,C1092,2025-04-01,19,Dashboard,11
U0017945,C1092,2025-05-01,52,Automation,12
U0017946,C1092,2025-06-01,17,API,6
U0017947,C1092,2025-07-01,8,Integrations,3
U0017948,C1092,2025-08-01,68,API,11
U0017949,C1092,2025-09-01,5,API,9
U0017950,C1092,2025-10-01,32,Dashboard,19
U0017951,C1092,2025-12-01,11,Reports,17
U0017952,C1092,2026-01-01,35,Exports,9
U0017953,C1092,2026-03-01,12,Exports,18
U0017954,C1092,2026-04-01,16,Reports,5
U0017955,C1092,2026-05-01,54,Dashboard,16
U0017956,C1092,2026-06-01,75,Automation,9
U0017957,C1092,2026-07-01,54,API,15
U0017958,C1092,2026-08-01,43,Reports,2
U0017959,C1092,2026-09-01,78,Integrations,18
U0017960,C1093,2025-01-01,23,API,12
U0017961,C1093,2025-02-01,33,Dashboard,16
U0017962,C1093,2025-03-01,55,Reports,13
U0017963,C1093,2025-04-01,13,Integrations,14
U0017964,C1093,2025-05-01,32,Reports,19
U0017965,C1093,2025-06-01,21,Automation,16
U0017966,C1093,2025-07-01,30,Reports,11
U0017967,C1093,2025-10-01,26,Dashboard,1
U0017968,C1093,2025-11-01,77,Reports,17
U0017969,C1093,2025-12-01,76,Integrations,19
U0017970,C1093,2026-01-01,15,Dashboard,18
U0017971,C1093,2026-02-01,63,Exports,7
U0017972,C1093,2026-03-01,18,Integrations,16
U0017973,C1093,2026-04-01,30,Automation,16
U0017974,C1093,2026-05-01,27,Integrations,8
U0017975,C1093,2026-06-01,29,Exports,9
U0017976,C1093,2026-07-01,44,Automation,2
U0017977,C1093,2026-08-01,34,Exports,14
U0017978,C1093,2026-09-01,29,Dashboard,19
U0017979,C1094,2025-01-01,1,API,18
U0017980,C1094,2025-02-01,19,Exports,12
U0017981,C1094,2025-03-01,78,Dashboard,8
U0017982,C1094,2025-05-01,69,Exports,4
U0017983,C1094,2025-06-01,23,Reports,6
U0017984,C1094,2025-07-01,79,Dashboard,12
U0017985,C1094,2025-09-01,39,Integrations,9
U0017986,C1094,2025-10-01,11,Integrations,7
U0017987,C1094,2025-11-01,70,Dashboard,18
U0017988,C1094,2025-12-01,25,Dashboard,4
U0017989,C1094,2026-03-01,58,Reports,17
U0017990,C1094,2026-04-01,79,Reports,10
U0017991,C1094,2026-05-01,72,Exports,11
U0017992,C1094,2026-07-01,9,Reports,14
U0017993,C1094,2026-08-01,53,Dashboard,1
U0017994,C1094,2026-09-01,18,API,1
U0017995,C1095,2025-01-01,2,Integrations,3
U0017996,C1095,2025-02-01,9,Integrations,8
U0017997,C1095,2025-03-01,15,Automation,15
U0017998,C1095,2025-04-01,43,Reports,3
U0017999,C1095,2025-05-01,15,API,7
U0018000,C1095,2025-07-01,54,API,19
U0018001,C1095,2025-08-01,56,Exports,14
U0018002,C1095,2025-09-01,50,API,13
U0018003,C1095,2025-10-01,24,API,17
U0018004,C1095,2025-12-01,61,Dashboard,7
U0018005,C1095,2026-01-01,37,Exports,15
U0018006,C1095,2026-02-01,76,Dashboard,5
U0018007,C1095,2026-04-01,12,API,3
U0018008,C1095,2026-05-01,56,Reports,2
U0018009,C1095,2026-07-01,61,Automation,13
U0018010,C1095,2026-09-01,3,Dashboard,18
U0018011,C1096,2025-03-01,66,Dashboard,19
U0018012,C1096,2025-04-01,68,Exports,12
U0018013,C1096,2025-05-01,79,API,5
U0018014,C1096,2025-06-01,23,Reports,18
U0018015,C1096,2025-07-01,30,Integrations,19
U0018016,C1096,2025-08-01,9,Reports,5
U0018017,C1096,2025-09-01,52,API,1
U0018018,C1096,2025-10-01,41,Automation,17
U0018019,C1096,2025-11-01,48,Automation,13
U0018020,C1096,2025-12-01,64,Exports,10
U0018021,C1096,2026-01-01,20,Exports,11
U0018022,C1096,2026-03-01,58,Dashboard,1
U0018023,C1096,2026-04-01,26,Integrations,3
U0018024,C1096,2026-05-01,59,Automation,13
U0018025,C1096,2026-06-01,34,Automation,4
U0018026,C1096,2026-07-01,36,API,6
U0018027,C1096,2026-08-01,34,Integrations,11
U0018028,C1096,2026-09-01,3,Exports,19
U0018029,C1097,2025-01-01,33,Dashboard,8
U0018030,C1097,2025-02-01,34,Automation,11
U0018031,C1097,2025-07-01,32,Dashboard,4
U0018032,C1097,2025-08-01,11,Exports,4
U0018033,C1097,2025-09-01,53,Reports,2
U0018034,C1097,2025-10-01,62,Reports,10
U0018035,C1097,2025-12-01,14,Automation,8
U0018036,C1097,2026-01-01,5,Reports,18
U0018037,C1097,2026-03-01,2,API,7
U0018038,C1097,2026-05-01,8,Exports,3
U0018039,C1097,2026-06-01,62,API,13
U0018040,C1097,2026-07-01,19,API,10
U0018041,C1097,2026-09-01,4,API,9
U0018042,C1098,2025-02-01,28,Automation,6
U0018043,C1098,2025-03-01,13,Automation,10
U0018044,C1098,2025-04-01,33,Integrations,10
U0018045,C1098,2025-05-01,62,Reports,13
U0018046,C1098,2025-06-01,32,Integrations,1
U0018047,C1098,2025-07-01,73,Dashboard,11
U0018048,C1098,2025-08-01,72,Integrations,10
U0018049,C1098,2025-09-01,44,API,8
U0018050,C1098,2025-11-01,38,Dashboard,1
U0018051,C1098,2025-12-01,41,Automation,6
U0018052,C1098,2026-01-01,56,Dashboard,3
U0018053,C1098,2026-02-01,29,Integrations,16
U0018054,C1098,2026-05-01,41,API,5
U0018055,C1098,2026-06-01,7,Integrations,13
U0018056,C1099,2025-01-01,77,Dashboard,19
U0018057,C1099,2025-02-01,47,Integrations,17
U0018058,C1099,2025-03-01,64,Integrations,8
U0018059,C1099,2025-04-01,7,Exports,14
U0018060,C1099,2025-06-01,22,API,9
U0018061,C1099,2025-07-01,6,Dashboard,15
U0018062,C1099,2025-10-01,53,Dashboard,16
U0018063,C1099,2025-11-01,21,API,1
U0018064,C1099,2025-12-01,77,Integrations,9
U0018065,C1099,2026-02-01,38,Integrations,1
U0018066,C1099,2026-03-01,21,Reports,10
U0018067,C1099,2026-04-01,73,Integrations,4
U0018068,C1099,2026-06-01,65,Integrations,13
U0018069,C1099,2026-07-01,68,Dashboard,13
U0018070,C1099,2026-08-01,36,Exports,16
U0018071,C1099,2026-09-01,52,Integrations,17
U0018072,C1100,2025-01-01,43,Automation,5
U0018073,C1100,2025-02-01,43,Automation,1
U0018074,C1100,2025-03-01,65,Dashboard,18
U0018075,C1100,2025-06-01,3,Exports,19
U0018076,C1100,2025-07-01,5,Dashboard,17
U0018077,C1100,2025-08-01,35,API,2
U0018078,C1100,2025-09-01,31,Automation,15
U0018079,C1100,2025-11-01,43,Integrations,13
U0018080,C1100,2025-12-01,18,API,1
U0018081,C1100,2026-01-01,58,API,5
U0018082,C1100,2026-02-01,27,Reports,17
U0018083,C1100,2026-04-01,6,Dashboard,5
U0018084,C1100,2026-05-01,51,Integrations,7
U0018085,C1100,2026-07-01,53,API,10
U0018086,C1100,2026-09-01,20,Exports,8
U0018087,C1101,2025-01-01,45,Exports,6
U0018088,C1101,2025-02-01,58,Integrations,10
U0018089,C1101,2025-03-01,27,Dashboard,18
U0018090,C1101,2025-04-01,37,Exports,7
U0018091,C1101,2025-05-01,36,Exports,13
U0018092,C1101,2025-07-01,27,Integrations,7
U0018093,C1101,2025-09-01,31,Exports,19
U0018094,C1101,2025-10-01,78,Exports,11
U0018095,C1101,2025-11-01,34,Reports,7
U0018096,C1101,2025-12-01,35,Reports,7
U0018097,C1101,2026-01-01,57,Integrations,6
U0018098,C1101,2026-02-01,16,Automation,8
U0018099,C1101,2026-03-01,39,API,8
U0018100,C1101,2026-04-01,4,API,2
U0018101,C1101,2026-05-01,7,API,17
U0018102,C1101,2026-07-01,36,Exports,11
U0018103,C1101,2026-08-01,35,API,17
U0018104,C1101,2026-09-01,10,Reports,6
U0018105,C1102,2025-01-01,62,Reports,7
U0018106,C1102,2025-02-01,18,Automation,4
U0018107,C1102,2025-04-01,51,Automation,8
U0018108,C1102,2025-05-01,50,Exports,8
U0018109,C1102,2025-06-01,2,Dashboard,13
U0018110,C1102,2025-07-01,21,API,18
U0018111,C1102,2025-08-01,55,Dashboard,3
U0018112,C1102,2025-11-01,30,Dashboard,8
U0018113,C1102,2025-12-01,74,API,6
U0018114,C1102,2026-01-01,77,Reports,5
U0018115,C1102,2026-02-01,49,Automation,5
U0018116,C1102,2026-03-01,39,Automation,14
U0018117,C1102,2026-04-01,9,Integrations,4
U0018118,C1102,2026-05-01,57,Automation,16
U0018119,C1102,2026-06-01,62,API,13
U0018120,C1102,2026-07-01,78,Exports,17
U0018121,C1102,2026-08-01,20,Dashboard,6
U0018122,C1102,2026-09-01,12,Exports,12
U0018123,C1103,2025-01-01,53,Automation,16
U0018124,C1103,2025-02-01,20,Dashboard,9
U0018125,C1103,2025-03-01,3,Dashboard,2
U0018126,C1103,2025-04-01,3,Automation,15
U0018127,C1103,2025-05-01,57,Dashboard,14
U0018128,C1103,2025-06-01,21,Exports,14
U0018129,C1103,2025-07-01,40,Reports,4
U0018130,C1103,2025-08-01,1,Automation,4
U0018131,C1103,2025-11-01,60,Integrations,5
U0018132,C1103,2025-12-01,70,Exports,8
U0018133,C1103,2026-02-01,34,Reports,9
U0018134,C1103,2026-03-01,77,Automation,18
U0018135,C1103,2026-04-01,29,Integrations,9
U0018136,C1103,2026-05-01,16,API,6
U0018137,C1103,2026-06-01,11,Automation,19
U0018138,C1103,2026-07-01,64,Reports,19
U0018139,C1103,2026-08-01,6,Automation,5
U0018140,C1103,2026-09-01,62,API,12
U0018141,C1104,2025-01-01,76,Exports,19
U0018142,C1104,2025-03-01,19,Dashboard,18
U0018143,C1104,2025-04-01,7,Automation,16
U0018144,C1104,2025-05-01,75,Exports,7
U0018145,C1104,2025-06-01,2,Integrations,17
U0018146,C1104,2025-07-01,39,Automation,19
U0018147,C1104,2025-08-01,23,Exports,17
U0018148,C1104,2025-09-01,51,API,13
U0018149,C1104,2025-10-01,50,Dashboard,19
U0018150,C1104,2025-11-01,68,Integrations,5
U0018151,C1104,2025-12-01,58,Integrations,12
U0018152,C1104,2026-01-01,2,API,2
U0018153,C1104,2026-02-01,25,API,8
U0018154,C1104,2026-03-01,58,API,12
U0018155,C1104,2026-04-01,4,Dashboard,1
U0018156,C1104,2026-05-01,11,Exports,11
U0018157,C1104,2026-06-01,29,Reports,5
U0018158,C1104,2026-07-01,23,API,1
U0018159,C1104,2026-09-01,48,Dashboard,14
U0018160,C1105,2025-01-01,8,Exports,11
U0018161,C1105,2025-03-01,32,Integrations,11
U0018162,C1105,2025-04-01,69,API,13
U0018163,C1105,2025-06-01,72,Automation,16
U0018164,C1105,2025-07-01,40,Dashboard,19
U0018165,C1105,2025-08-01,21,Dashboard,11
U0018166,C1105,2025-09-01,41,Automation,19
U0018167,C1105,2025-10-01,35,Exports,10
U0018168,C1105,2025-11-01,34,Reports,6
U0018169,C1105,2026-01-01,26,Automation,6
U0018170,C1105,2026-02-01,38,API,6
U0018171,C1105,2026-03-01,34,Dashboard,15
U0018172,C1105,2026-04-01,54,Reports,12
U0018173,C1105,2026-07-01,69,Exports,17
U0018174,C1105,2026-08-01,29,Automation,5
U0018175,C1105,2026-09-01,3,Automation,5
U0018176,C1106,2025-01-01,11,API,5
U0018177,C1106,2025-02-01,47,Exports,17
U0018178,C1106,2025-03-01,28,Integrations,12
U0018179,C1106,2025-04-01,29,Reports,11
U0018180,C1106,2025-05-01,66,Automation,9
U0018181,C1106,2025-06-01,64,Automation,7
U0018182,C1106,2025-07-01,3,API,3
U0018183,C1106,2025-08-01,23,Exports,6
U0018184,C1106,2025-10-01,57,API,7
U0018185,C1106,2025-11-01,2,Exports,9
U0018186,C1106,2025-12-01,30,Integrations,18
U0018187,C1106,2026-03-01,43,Exports,2
U0018188,C1106,2026-04-01,67,API,19
U0018189,C1106,2026-05-01,56,Dashboard,18
U0018190,C1106,2026-06-01,15,Exports,18
U0018191,C1106,2026-07-01,47,Reports,13
U0018192,C1106,2026-08-01,45,Automation,16
U0018193,C1106,2026-09-01,61,API,16
U0018194,C1107,2025-01-01,13,API,13
U0018195,C1107,2025-02-01,38,Dashboard,9
U0018196,C1107,2025-03-01,36,Integrations,15
U0018197,C1107,2025-06-01,27,Exports,11
U0018198,C1107,2025-07-01,3,Automation,10
U0018199,C1107,2025-09-01,14,Exports,19
U0018200,C1107,2025-10-01,30,Dashboard,10
U0018201,C1107,2025-11-01,22,Automation,1
U0018202,C1107,2025-12-01,45,Integrations,7
U0018203,C1107,2026-01-01,24,API,8
U0018204,C1107,2026-03-01,60,Automation,18
U0018205,C1107,2026-04-01,74,Reports,2
U0018206,C1107,2026-06-01,74,Exports,18
U0018207,C1107,2026-07-01,23,Reports,5
U0018208,C1107,2026-09-01,1,Dashboard,16
U0018209,C1108,2025-01-01,73,Reports,4
U0018210,C1108,2025-03-01,42,Reports,12
U0018211,C1108,2025-04-01,47,Exports,19
U0018212,C1108,2025-05-01,18,Automation,15
U0018213,C1108,2025-06-01,59,Dashboard,14
U0018214,C1108,2025-08-01,67,Dashboard,7
U0018215,C1108,2025-09-01,20,Reports,17
U0018216,C1108,2025-10-01,5,Exports,6
U0018217,C1108,2025-11-01,6,API,9
U0018218,C1108,2025-12-01,61,API,14
U0018219,C1108,2026-01-01,21,Integrations,5
U0018220,C1108,2026-02-01,47,Dashboard,14
U0018221,C1108,2026-03-01,64,Reports,4
U0018222,C1108,2026-04-01,57,Automation,4
U0018223,C1108,2026-05-01,8,Automation,4
U0018224,C1108,2026-06-01,26,Dashboard,9
U0018225,C1108,2026-07-01,1,Integrations,5
U0018226,C1108,2026-08-01,19,Reports,8
U0018227,C1108,2026-09-01,79,Integrations,2
U0018228,C1109,2025-04-01,33,Integrations,19
U0018229,C1109,2025-05-01,22,API,9
U0018230,C1109,2025-07-01,76,Reports,6
U0018231,C1109,2025-08-01,50,Exports,15
U0018232,C1109,2025-09-01,21,Reports,10
U0018233,C1109,2025-10-01,58,API,17
U0018234,C1109,2025-11-01,24,Exports,10
U0018235,C1109,2025-12-01,34,Reports,13
U0018236,C1109,2026-01-01,79,Exports,2
U0018237,C1109,2026-02-01,59,Automation,16
U0018238,C1109,2026-03-01,15,Exports,4
U0018239,C1109,2026-04-01,64,Dashboard,6
U0018240,C1109,2026-07-01,71,Dashboard,1
U0018241,C1109,2026-09-01,69,Exports,4
U0018242,C1110,2025-01-01,62,Integrations,6
U0018243,C1110,2025-02-01,33,Integrations,4
U0018244,C1110,2025-03-01,17,Exports,15
U0018245,C1110,2025-04-01,76,Reports,4
U0018246,C1110,2025-06-01,2,Dashboard,11
U0018247,C1110,2025-07-01,2,Integrations,14
U0018248,C1110,2025-08-01,34,Reports,4
U0018249,C1110,2025-10-01,55,Exports,4
U0018250,C1110,2026-01-01,42,Integrations,5
U0018251,C1110,2026-02-01,8,Reports,12
U0018252,C1110,2026-03-01,7,Exports,15
U0018253,C1110,2026-05-01,20,Exports,12
U0018254,C1110,2026-07-01,24,Integrations,17
U0018255,C1110,2026-08-01,29,Reports,10
U0018256,C1110,2026-09-01,33,Reports,13
U0018257,C1111,2025-01-01,28,API,17
U0018258,C1111,2025-02-01,33,Reports,17
U0018259,C1111,2025-03-01,66,Dashboard,18
U0018260,C1111,2025-04-01,12,API,18
U0018261,C1111,2025-05-01,50,Integrations,7
U0018262,C1111,2025-06-01,73,Integrations,9
U0018263,C1111,2025-07-01,41,Reports,17
U0018264,C1111,2025-08-01,76,Reports,15
U0018265,C1111,2025-09-01,61,Reports,8
U0018266,C1111,2025-11-01,77,Dashboard,19
U0018267,C1111,2025-12-01,72,Exports,19
U0018268,C1111,2026-01-01,30,Exports,18
U0018269,C1111,2026-02-01,3,API,11
U0018270,C1111,2026-03-01,59,Dashboard,8
U0018271,C1111,2026-04-01,1,Automation,4
U0018272,C1111,2026-05-01,4,Integrations,10
U0018273,C1111,2026-06-01,25,Dashboard,8
U0018274,C1111,2026-07-01,33,Integrations,17
U0018275,C1111,2026-09-01,3,Reports,16
U0018276,C1112,2025-01-01,61,Integrations,14
U0018277,C1112,2025-03-01,5,API,9
U0018278,C1112,2025-04-01,44,Dashboard,8
U0018279,C1112,2025-05-01,14,API,7
U0018280,C1112,2025-07-01,32,Integrations,19
U0018281,C1112,2025-08-01,17,Dashboard,11
U0018282,C1112,2025-09-01,25,Integrations,13
U0018283,C1112,2025-10-01,11,Exports,4
U0018284,C1112,2025-11-01,42,API,11
U0018285,C1112,2025-12-01,33,Reports,10
U0018286,C1112,2026-01-01,24,Reports,12
U0018287,C1112,2026-02-01,65,Reports,3
U0018288,C1112,2026-05-01,47,API,11
U0018289,C1112,2026-06-01,14,Automation,17
U0018290,C1112,2026-07-01,22,API,11
U0018291,C1113,2025-01-01,49,Exports,1
U0018292,C1113,2025-04-01,48,Reports,13
U0018293,C1113,2025-05-01,42,Reports,9
U0018294,C1113,2025-08-01,72,Exports,4
U0018295,C1113,2025-09-01,62,Exports,18
U0018296,C1113,2025-11-01,60,API,2
U0018297,C1113,2025-12-01,59,Reports,5
U0018298,C1113,2026-02-01,39,API,11
U0018299,C1113,2026-03-01,3,Dashboard,1
U0018300,C1113,2026-04-01,8,Reports,19
U0018301,C1113,2026-05-01,52,Dashboard,5
U0018302,C1113,2026-06-01,68,Reports,1
U0018303,C1113,2026-08-01,37,Automation,14
U0018304,C1114,2025-01-01,51,Reports,16
U0018305,C1114,2025-02-01,68,API,12
U0018306,C1114,2025-03-01,60,API,7
U0018307,C1114,2025-04-01,74,API,16
U0018308,C1114,2025-06-01,44,Reports,8
U0018309,C1114,2025-07-01,40,Dashboard,6
U0018310,C1114,2025-08-01,51,API,13
U0018311,C1114,2025-09-01,8,Integrations,3
U0018312,C1114,2025-10-01,49,Exports,16
U0018313,C1114,2025-12-01,55,Automation,17
U0018314,C1114,2026-01-01,78,Reports,14
U0018315,C1114,2026-02-01,77,Dashboard,19
U0018316,C1114,2026-03-01,56,Exports,2
U0018317,C1114,2026-04-01,57,Automation,17
U0018318,C1114,2026-05-01,60,Automation,5
U0018319,C1114,2026-06-01,24,Exports,3
U0018320,C1114,2026-07-01,5,Exports,18
U0018321,C1114,2026-08-01,35,Dashboard,1
U0018322,C1114,2026-09-01,31,Exports,14
U0018323,C1115,2025-01-01,74,Integrations,17
U0018324,C1115,2025-02-01,48,Automation,15
U0018325,C1115,2025-03-01,2,Integrations,15
U0018326,C1115,2025-04-01,57,Automation,1
U0018327,C1115,2025-05-01,34,Dashboard,15
U0018328,C1115,2025-06-01,42,Integrations,11
U0018329,C1115,2025-07-01,18,Dashboard,5
U0018330,C1115,2025-08-01,31,Reports,10
U0018331,C1115,2025-09-01,1,Automation,3
U0018332,C1115,2025-10-01,45,Integrations,9
U0018333,C1115,2025-11-01,3,Dashboard,1
U0018334,C1115,2025-12-01,15,Integrations,6
U0018335,C1115,2026-02-01,77,Dashboard,8
U0018336,C1115,2026-03-01,58,Automation,11
U0018337,C1115,2026-04-01,69,Automation,18
U0018338,C1115,2026-05-01,10,Dashboard,3
U0018339,C1115,2026-07-01,55,Reports,15
U0018340,C1115,2026-08-01,31,API,1
U0018341,C1115,2026-09-01,55,Dashboard,2
U0018342,C1116,2025-01-01,41,Reports,2
U0018343,C1116,2025-02-01,48,Integrations,10
U0018344,C1116,2025-03-01,36,Dashboard,3
U0018345,C1116,2025-05-01,6,Dashboard,11
U0018346,C1116,2025-07-01,4,Automation,14
U0018347,C1116,2025-08-01,39,API,13
U0018348,C1116,2025-09-01,40,Integrations,15
U0018349,C1116,2025-10-01,58,Automation,7
U0018350,C1116,2025-11-01,72,Exports,14
U0018351,C1116,2025-12-01,20,Automation,17
U0018352,C1116,2026-03-01,43,Integrations,19
U0018353,C1116,2026-05-01,50,Exports,5
U0018354,C1116,2026-06-01,30,Automation,15
U0018355,C1116,2026-07-01,32,API,15
U0018356,C1116,2026-08-01,5,Automation,18
U0018357,C1116,2026-09-01,73,Dashboard,6
U0018358,C1117,2025-01-01,46,API,6
U0018359,C1117,2025-02-01,64,Reports,4
U0018360,C1117,2025-03-01,77,API,5
U0018361,C1117,2025-04-01,8,Exports,18
U0018362,C1117,2025-05-01,2,Reports,15
U0018363,C1117,2025-06-01,31,Exports,16
U0018364,C1117,2025-07-01,48,Integrations,8
U0018365,C1117,2025-08-01,17,API,7
U0018366,C1117,2025-09-01,38,Reports,8
U0018367,C1117,2025-10-01,7,Reports,7
U0018368,C1117,2025-11-01,43,API,8
U0018369,C1117,2025-12-01,55,Exports,17
U0018370,C1117,2026-01-01,23,Integrations,3
U0018371,C1117,2026-02-01,72,Integrations,17
U0018372,C1117,2026-04-01,60,Reports,11
U0018373,C1117,2026-05-01,43,Exports,11
U0018374,C1117,2026-07-01,9,API,16
U0018375,C1117,2026-08-01,4,Automation,17
U0018376,C1118,2025-01-01,16,Reports,2
U0018377,C1118,2025-02-01,72,Dashboard,14
U0018378,C1118,2025-03-01,51,Integrations,6
U0018379,C1118,2025-04-01,70,Exports,2
U0018380,C1118,2025-06-01,60,Reports,2
U0018381,C1118,2025-07-01,57,Dashboard,18
U0018382,C1118,2025-08-01,50,Automation,14
U0018383,C1118,2025-10-01,74,Automation,19
U0018384,C1118,2025-11-01,36,Exports,17
U0018385,C1118,2025-12-01,31,Exports,14
U0018386,C1118,2026-01-01,62,Automation,2
U0018387,C1118,2026-03-01,1,API,11
U0018388,C1118,2026-04-01,15,Automation,7
U0018389,C1118,2026-05-01,19,Automation,18
U0018390,C1118,2026-06-01,61,Automation,11
U0018391,C1118,2026-07-01,66,Automation,3
U0018392,C1118,2026-08-01,33,Reports,12
U0018393,C1118,2026-09-01,65,Reports,17
U0018394,C1119,2025-01-01,7,Dashboard,17
U0018395,C1119,2025-02-01,40,Exports,9
U0018396,C1119,2025-03-01,75,Integrations,3
U0018397,C1119,2025-04-01,48,Automation,15
U0018398,C1119,2025-05-01,56,Automation,14
U0018399,C1119,2025-06-01,45,Automation,19
U0018400,C1119,2025-07-01,47,Reports,18
U0018401,C1119,2025-09-01,25,Integrations,12
U0018402,C1119,2025-11-01,23,API,1
U0018403,C1119,2026-02-01,28,API,17
U0018404,C1119,2026-03-01,57,Dashboard,14
U0018405,C1119,2026-04-01,56,Exports,2
U0018406,C1119,2026-05-01,72,Dashboard,3
U0018407,C1119,2026-06-01,45,Reports,19
U0018408,C1119,2026-08-01,33,Dashboard,6
U0018409,C1119,2026-09-01,12,Exports,3
U0018410,C1120,2025-01-01,75,API,6
U0018411,C1120,2025-02-01,21,Integrations,12
U0018412,C1120,2025-04-01,15,Dashboard,15
U0018413,C1120,2025-05-01,17,Dashboard,2
U0018414,C1120,2025-06-01,30,Exports,4
U0018415,C1120,2025-07-01,66,Automation,18
U0018416,C1120,2025-08-01,49,Reports,15
U0018417,C1120,2025-09-01,64,Exports,7
U0018418,C1120,2025-11-01,61,Reports,10
U0018419,C1120,2026-02-01,40,API,11
U0018420,C1120,2026-03-01,13,API,10
U0018421,C1120,2026-04-01,58,API,4
U0018422,C1120,2026-06-01,39,Dashboard,16
U0018423,C1120,2026-07-01,34,Integrations,14
U0018424,C1120,2026-08-01,77,Reports,12
U0018425,C1121,2025-01-01,35,Dashboard,10
U0018426,C1121,2025-02-01,21,Integrations,3
U0018427,C1121,2025-03-01,29,API,15
U0018428,C1121,2025-04-01,12,Integrations,9
U0018429,C1121,2025-05-01,49,API,18
U0018430,C1121,2025-07-01,47,Dashboard,6
U0018431,C1121,2025-08-01,12,Automation,6
U0018432,C1121,2025-10-01,3,Reports,2
U0018433,C1121,2025-11-01,2,Reports,4
U0018434,C1121,2025-12-01,37,Dashboard,8
U0018435,C1121,2026-01-01,30,Dashboard,17
U0018436,C1121,2026-02-01,24,Automation,16
U0018437,C1121,2026-03-01,51,Integrations,9
U0018438,C1121,2026-04-01,67,Automation,6
U0018439,C1121,2026-05-01,7,Exports,13
U0018440,C1121,2026-06-01,75,Integrations,6
U0018441,C1121,2026-07-01,57,Automation,7
U0018442,C1121,2026-08-01,51,Integrations,12
U0018443,C1122,2025-01-01,57,Integrations,14
U0018444,C1122,2025-02-01,54,Automation,11
U0018445,C1122,2025-03-01,3,Exports,2
U0018446,C1122,2025-05-01,29,Automation,1
U0018447,C1122,2025-07-01,64,Reports,12
U0018448,C1122,2025-09-01,52,Exports,15
U0018449,C1122,2025-10-01,43,Automation,18
U0018450,C1122,2025-12-01,74,Exports,14
U0018451,C1122,2026-01-01,47,Automation,9
U0018452,C1122,2026-02-01,41,Exports,18
U0018453,C1122,2026-03-01,57,Integrations,13
U0018454,C1122,2026-05-01,40,Reports,11
U0018455,C1122,2026-06-01,62,API,10
U0018456,C1122,2026-07-01,79,API,10
U0018457,C1122,2026-08-01,51,API,13
U0018458,C1123,2025-02-01,1,Exports,11
U0018459,C1123,2025-03-01,65,Exports,9
U0018460,C1123,2025-04-01,10,API,5
U0018461,C1123,2025-05-01,14,Exports,16
U0018462,C1123,2025-06-01,39,Exports,13
U0018463,C1123,2025-07-01,21,Automation,15
U0018464,C1123,2025-08-01,9,Exports,18
U0018465,C1123,2025-10-01,9,Integrations,4
U0018466,C1123,2025-11-01,76,Automation,16
U0018467,C1123,2025-12-01,74,Exports,14
U0018468,C1123,2026-03-01,77,API,1
U0018469,C1123,2026-04-01,15,Integrations,19
U0018470,C1123,2026-05-01,29,Integrations,10
U0018471,C1123,2026-06-01,2,API,8
U0018472,C1123,2026-07-01,50,Integrations,12
U0018473,C1123,2026-08-01,48,Reports,1
U0018474,C1123,2026-09-01,59,Integrations,17
U0018475,C1124,2025-01-01,61,Dashboard,17
U0018476,C1124,2025-02-01,22,Integrations,15
U0018477,C1124,2025-03-01,66,API,1
U0018478,C1124,2025-04-01,61,Automation,17
U0018479,C1124,2025-06-01,64,Exports,16
U0018480,C1124,2025-07-01,17,Reports,19
U0018481,C1124,2025-09-01,59,Dashboard,5
U0018482,C1124,2025-10-01,33,Integrations,6
U0018483,C1124,2025-11-01,77,Dashboard,3
U0018484,C1124,2025-12-01,75,Reports,7
U0018485,C1124,2026-01-01,67,Exports,19
U0018486,C1124,2026-02-01,13,API,7
U0018487,C1124,2026-03-01,15,Dashboard,19
U0018488,C1124,2026-04-01,48,Dashboard,17
U0018489,C1124,2026-06-01,63,API,12
U0018490,C1124,2026-07-01,19,Exports,9
U0018491,C1124,2026-08-01,9,Reports,16
U0018492,C1124,2026-09-01,23,Reports,13
U0018493,C1125,2025-02-01,36,Reports,4
U0018494,C1125,2025-03-01,14,Integrations,17
U0018495,C1125,2025-06-01,30,Dashboard,11
U0018496,C1125,2025-08-01,61,Dashboard,1
U0018497,C1125,2025-09-01,9,Dashboard,10
U0018498,C1125,2025-10-01,57,Exports,11
U0018499,C1125,2025-11-01,51,API,1
U0018500,C1125,2026-01-01,28,Reports,8
U0018501,C1125,2026-02-01,18,Dashboard,18
U0018502,C1125,2026-03-01,22,Reports,16
U0018503,C1125,2026-06-01,63,Automation,1
U0018504,C1125,2026-07-01,15,Dashboard,12
U0018505,C1125,2026-09-01,73,Integrations,18
U0018506,C1126,2025-02-01,77,Dashboard,16
U0018507,C1126,2025-04-01,46,Reports,15
U0018508,C1126,2025-06-01,8,API,14
U0018509,C1126,2025-07-01,55,Exports,15
U0018510,C1126,2025-09-01,36,Reports,12
U0018511,C1126,2025-10-01,16,Dashboard,1
U0018512,C1126,2025-11-01,62,Automation,15
U0018513,C1126,2026-01-01,7,Exports,18
U0018514,C1126,2026-03-01,31,Automation,6
U0018515,C1126,2026-04-01,41,Integrations,13
U0018516,C1126,2026-05-01,79,API,11
U0018517,C1126,2026-06-01,34,Reports,13
U0018518,C1126,2026-07-01,57,API,17
U0018519,C1126,2026-08-01,18,Reports,2
U0018520,C1127,2025-02-01,68,Integrations,6
U0018521,C1127,2025-03-01,63,Integrations,10
U0018522,C1127,2025-04-01,56,API,1
U0018523,C1127,2025-05-01,15,Reports,16
U0018524,C1127,2025-06-01,57,API,15
U0018525,C1127,2025-07-01,48,Integrations,5
U0018526,C1127,2025-08-01,78,Integrations,19
U0018527,C1127,2025-11-01,47,API,12
U0018528,C1127,2025-12-01,70,Exports,17
U0018529,C1127,2026-01-01,51,Automation,2
U0018530,C1127,2026-02-01,77,Automation,5
U0018531,C1127,2026-03-01,77,Reports,15
U0018532,C1127,2026-04-01,72,Integrations,14
U0018533,C1127,2026-05-01,2,Dashboard,7
U0018534,C1127,2026-06-01,60,Dashboard,13
U0018535,C1127,2026-07-01,58,Integrations,19
U0018536,C1127,2026-08-01,56,API,4
U0018537,C1127,2026-09-01,58,Reports,7
U0018538,C1128,2025-01-01,36,Dashboard,12
U0018539,C1128,2025-02-01,72,API,1
U0018540,C1128,2025-03-01,74,Integrations,8
U0018541,C1128,2025-04-01,52,Dashboard,7
U0018542,C1128,2025-07-01,50,Integrations,10
U0018543,C1128,2025-08-01,42,Integrations,9
U0018544,C1128,2025-09-01,36,Integrations,19
U0018545,C1128,2025-11-01,56,Exports,16
U0018546,C1128,2025-12-01,59,Exports,1
U0018547,C1128,2026-01-01,3,Reports,4
U0018548,C1128,2026-02-01,75,Dashboard,17
U0018549,C1128,2026-03-01,17,Integrations,8
U0018550,C1128,2026-05-01,52,Integrations,3
U0018551,C1128,2026-06-01,67,Dashboard,13
U0018552,C1128,2026-09-01,30,Dashboard,18
U0018553,C1129,2025-01-01,26,Automation,4
U0018554,C1129,2025-02-01,51,Integrations,19
U0018555,C1129,2025-03-01,32,Reports,3
U0018556,C1129,2025-04-01,52,API,11
U0018557,C1129,2025-05-01,34,Reports,10
U0018558,C1129,2025-06-01,18,Dashboard,6
U0018559,C1129,2025-07-01,51,Exports,2
U0018560,C1129,2025-08-01,64,Exports,18
U0018561,C1129,2025-09-01,65,Integrations,4
U0018562,C1129,2025-10-01,6,Integrations,12
U0018563,C1129,2025-11-01,10,Reports,6
U0018564,C1129,2025-12-01,7,Reports,12
U0018565,C1129,2026-01-01,77,Exports,16
U0018566,C1129,2026-02-01,8,Automation,17
U0018567,C1129,2026-04-01,32,Automation,11
U0018568,C1129,2026-05-01,9,Exports,13
U0018569,C1129,2026-06-01,26,Dashboard,4
U0018570,C1129,2026-07-01,71,Dashboard,8
U0018571,C1129,2026-08-01,50,Reports,3
U0018572,C1129,2026-09-01,14,Reports,10
U0018573,C1130,2025-01-01,70,API,2
U0018574,C1130,2025-02-01,25,Dashboard,13
U0018575,C1130,2025-03-01,48,Dashboard,5
U0018576,C1130,2025-04-01,20,Reports,3
U0018577,C1130,2025-05-01,34,Exports,19
U0018578,C1130,2025-06-01,66,Reports,7
U0018579,C1130,2025-07-01,17,API,2
U0018580,C1130,2025-08-01,71,Exports,14
U0018581,C1130,2025-09-01,19,Exports,2
U0018582,C1130,2025-10-01,30,Automation,19
U0018583,C1130,2025-12-01,32,Dashboard,13
U0018584,C1130,2026-01-01,40,Automation,19
U0018585,C1130,2026-02-01,17,Integrations,3
U0018586,C1130,2026-05-01,3,Dashboard,12
U0018587,C1130,2026-06-01,25,Dashboard,18
U0018588,C1130,2026-08-01,34,Dashboard,19
U0018589,C1130,2026-09-01,60,API,16
U0018590,C1131,2025-01-01,69,Integrations,14
U0018591,C1131,2025-02-01,64,Exports,4
U0018592,C1131,2025-03-01,57,Reports,3
U0018593,C1131,2025-04-01,31,Reports,2
U0018594,C1131,2025-05-01,77,Reports,12
U0018595,C1131,2025-06-01,54,Dashboard,16
U0018596,C1131,2025-07-01,64,API,4
U0018597,C1131,2025-08-01,67,Dashboard,16
U0018598,C1131,2025-09-01,16,Automation,16
U0018599,C1131,2025-10-01,50,Exports,5
U0018600,C1131,2025-12-01,6,Dashboard,11
U0018601,C1131,2026-01-01,14,Reports,9
U0018602,C1131,2026-02-01,2,Automation,17
U0018603,C1131,2026-04-01,30,Automation,8
U0018604,C1131,2026-07-01,48,Exports,7
U0018605,C1131,2026-08-01,57,Integrations,17
U0018606,C1131,2026-09-01,67,Exports,12
U0018607,C1132,2025-01-01,42,Automation,13
U0018608,C1132,2025-03-01,72,Dashboard,14
U0018609,C1132,2025-04-01,6,Integrations,9
U0018610,C1132,2025-06-01,77,Integrations,11
U0018611,C1132,2025-07-01,21,API,10
U0018612,C1132,2025-09-01,6,Automation,12
U0018613,C1132,2025-10-01,66,API,4
U0018614,C1132,2025-11-01,77,Automation,9
U0018615,C1132,2025-12-01,15,Exports,8
U0018616,C1132,2026-05-01,12,Exports,2
U0018617,C1132,2026-06-01,18,Integrations,8
U0018618,C1132,2026-07-01,14,API,4
U0018619,C1132,2026-08-01,18,Dashboard,2
U0018620,C1133,2025-01-01,62,API,15
U0018621,C1133,2025-02-01,67,Automation,9
U0018622,C1133,2025-04-01,22,Exports,11
U0018623,C1133,2025-05-01,17,Exports,4
U0018624,C1133,2025-07-01,30,Dashboard,9
U0018625,C1133,2025-08-01,6,Automation,2
U0018626,C1133,2025-09-01,1,Dashboard,8
U0018627,C1133,2025-10-01,56,Integrations,10
U0018628,C1133,2025-11-01,75,Integrations,14
U0018629,C1133,2025-12-01,60,Reports,18
U0018630,C1133,2026-01-01,25,Integrations,16
U0018631,C1133,2026-02-01,31,Automation,6
U0018632,C1133,2026-03-01,13,Integrations,19
U0018633,C1133,2026-05-01,66,Reports,5
U0018634,C1133,2026-07-01,69,API,3
U0018635,C1133,2026-09-01,54,Reports,19
U0018636,C1134,2025-02-01,31,Exports,4
U0018637,C1134,2025-03-01,50,Automation,9
U0018638,C1134,2025-06-01,75,Automation,12
U0018639,C1134,2025-07-01,75,Automation,4
U0018640,C1134,2025-08-01,52,Integrations,16
U0018641,C1134,2025-09-01,23,Automation,12
U0018642,C1134,2025-10-01,67,Dashboard,16
U0018643,C1134,2025-11-01,68,Automation,3
U0018644,C1134,2026-02-01,70,Automation,5
U0018645,C1134,2026-03-01,79,API,5
U0018646,C1134,2026-04-01,62,Reports,8
U0018647,C1134,2026-06-01,39,API,4
U0018648,C1134,2026-07-01,71,Reports,5
U0018649,C1134,2026-08-01,62,Dashboard,12
U0018650,C1134,2026-09-01,38,Exports,11
U0018651,C1135,2025-01-01,13,Integrations,10
U0018652,C1135,2025-02-01,37,Exports,8
U0018653,C1135,2025-03-01,16,Automation,7
U0018654,C1135,2025-04-01,9,API,6
U0018655,C1135,2025-05-01,22,Automation,5
U0018656,C1135,2025-06-01,31,Reports,2
U0018657,C1135,2025-07-01,70,Automation,4
U0018658,C1135,2025-09-01,36,Exports,11
U0018659,C1135,2025-10-01,4,Exports,13
U0018660,C1135,2025-11-01,59,Integrations,7
U0018661,C1135,2025-12-01,29,Integrations,17
U0018662,C1135,2026-01-01,14,Reports,1
U0018663,C1135,2026-02-01,52,Automation,11
U0018664,C1135,2026-03-01,28,Automation,4
U0018665,C1135,2026-04-01,21,Reports,7
U0018666,C1135,2026-05-01,42,Reports,13
U0018667,C1135,2026-06-01,74,Exports,3
U0018668,C1135,2026-08-01,47,Automation,15
U0018669,C1135,2026-09-01,39,Exports,2
U0018670,C1136,2025-02-01,73,API,18
U0018671,C1136,2025-03-01,61,Integrations,4
U0018672,C1136,2025-04-01,18,Automation,16
U0018673,C1136,2025-06-01,64,Exports,6
U0018674,C1136,2025-07-01,31,Exports,11
U0018675,C1136,2025-08-01,26,Integrations,8
U0018676,C1136,2025-09-01,28,Dashboard,3
U0018677,C1136,2025-10-01,76,Dashboard,16
U0018678,C1136,2025-11-01,21,Reports,14
U0018679,C1136,2026-01-01,12,API,5
U0018680,C1136,2026-02-01,64,API,6
U0018681,C1136,2026-03-01,69,API,16
U0018682,C1136,2026-04-01,65,Reports,9
U0018683,C1136,2026-08-01,20,Dashboard,13
U0018684,C1136,2026-09-01,19,Reports,10
U0018685,C1137,2025-01-01,52,Exports,14
U0018686,C1137,2025-02-01,78,API,16
U0018687,C1137,2025-03-01,33,Automation,17
U0018688,C1137,2025-04-01,24,Dashboard,2
U0018689,C1137,2025-05-01,64,Exports,17
U0018690,C1137,2025-07-01,47,Integrations,16
U0018691,C1137,2025-08-01,31,Dashboard,7
U0018692,C1137,2025-09-01,4,Dashboard,9
U0018693,C1137,2025-10-01,47,Reports,7
U0018694,C1137,2025-11-01,59,Automation,9
U0018695,C1137,2026-01-01,35,Reports,16
U0018696,C1137,2026-02-01,51,Dashboard,10
U0018697,C1137,2026-04-01,75,Automation,4
U0018698,C1137,2026-05-01,52,Integrations,1
U0018699,C1137,2026-06-01,54,Exports,11
U0018700,C1137,2026-07-01,33,Automation,18
U0018701,C1137,2026-08-01,37,Reports,9
U0018702,C1138,2025-01-01,46,Dashboard,1
U0018703,C1138,2025-02-01,47,API,1
U0018704,C1138,2025-03-01,12,Reports,10
U0018705,C1138,2025-05-01,40,Automation,14
U0018706,C1138,2025-06-01,68,Exports,1
U0018707,C1138,2025-07-01,58,Reports,18
U0018708,C1138,2025-08-01,46,Automation,2
U0018709,C1138,2025-09-01,7,Dashboard,9
U0018710,C1138,2025-10-01,67,Dashboard,14
U0018711,C1138,2025-11-01,43,API,1
U0018712,C1138,2025-12-01,18,Automation,3
U0018713,C1138,2026-01-01,41,Reports,3
U0018714,C1138,2026-02-01,53,API,8
U0018715,C1138,2026-03-01,71,Dashboard,9
U0018716,C1138,2026-05-01,53,Exports,18
U0018717,C1138,2026-07-01,42,Automation,5
U0018718,C1138,2026-08-01,20,API,17
U0018719,C1139,2025-02-01,4,Dashboard,11
U0018720,C1139,2025-05-01,69,Automation,12
U0018721,C1139,2025-06-01,50,Reports,11
U0018722,C1139,2025-07-01,57,Exports,11
U0018723,C1139,2025-08-01,70,Automation,3
U0018724,C1139,2025-09-01,46,Automation,8
U0018725,C1139,2025-10-01,49,Integrations,8
U0018726,C1139,2026-02-01,76,Integrations,12
U0018727,C1139,2026-03-01,67,Exports,12
U0018728,C1139,2026-04-01,41,Exports,10
U0018729,C1139,2026-06-01,45,Reports,19
U0018730,C1139,2026-09-01,66,Integrations,12
U0018731,C1140,2025-01-01,49,API,3
U0018732,C1140,2025-03-01,2,Dashboard,10
U0018733,C1140,2025-07-01,64,Automation,18
U0018734,C1140,2025-08-01,35,API,7
U0018735,C1140,2025-09-01,20,Automation,11
U0018736,C1140,2025-10-01,60,Exports,17
U0018737,C1140,2025-11-01,45,Exports,3
U0018738,C1140,2026-01-01,26,Integrations,12
U0018739,C1140,2026-02-01,10,Exports,3
U0018740,C1140,2026-03-01,9,Dashboard,11
U0018741,C1140,2026-04-01,64,Exports,19
U0018742,C1140,2026-05-01,12,Exports,18
U0018743,C1140,2026-06-01,60,API,15
U0018744,C1140,2026-07-01,47,Exports,7
U0018745,C1140,2026-08-01,23,API,7
U0018746,C1140,2026-09-01,5,Integrations,9
U0018747,C1141,2025-01-01,6,Dashboard,1
U0018748,C1141,2025-02-01,60,Dashboard,6
U0018749,C1141,2025-03-01,35,Integrations,2
U0018750,C1141,2025-05-01,64,Integrations,6
U0018751,C1141,2025-06-01,13,Exports,10
U0018752,C1141,2025-07-01,34,Automation,2
U0018753,C1141,2025-10-01,45,Exports,1
U0018754,C1141,2025-11-01,56,API,11
U0018755,C1141,2025-12-01,2,Integrations,6
U0018756,C1141,2026-01-01,60,Integrations,19
U0018757,C1141,2026-02-01,56,Integrations,1
U0018758,C1141,2026-03-01,78,Exports,17
U0018759,C1141,2026-04-01,39,Dashboard,11
U0018760,C1141,2026-05-01,9,API,9
U0018761,C1141,2026-08-01,34,Automation,14
U0018762,C1141,2026-09-01,67,Integrations,7
U0018763,C1142,2025-02-01,32,Automation,2
U0018764,C1142,2025-03-01,2,API,13
U0018765,C1142,2025-04-01,11,Reports,19
U0018766,C1142,2025-05-01,72,API,18
U0018767,C1142,2025-06-01,3,Exports,1
U0018768,C1142,2025-07-01,26,Exports,10
U0018769,C1142,2025-08-01,1,Exports,18
U0018770,C1142,2025-09-01,71,Integrations,5
U0018771,C1142,2025-11-01,48,API,5
U0018772,C1142,2026-04-01,69,Dashboard,8
U0018773,C1142,2026-06-01,74,Reports,8
U0018774,C1142,2026-07-01,75,Integrations,17
U0018775,C1143,2025-01-01,55,Dashboard,9
U0018776,C1143,2025-02-01,23,Dashboard,14
U0018777,C1143,2025-03-01,21,Integrations,16
U0018778,C1143,2025-06-01,12,API,19
U0018779,C1143,2025-08-01,46,Reports,13
U0018780,C1143,2025-09-01,6,Automation,4
U0018781,C1143,2025-10-01,23,Dashboard,12
U0018782,C1143,2025-11-01,2,Dashboard,13
U0018783,C1143,2025-12-01,29,Dashboard,6
U0018784,C1143,2026-01-01,12,API,16
U0018785,C1143,2026-03-01,24,Automation,7
U0018786,C1143,2026-04-01,12,Integrations,18
U0018787,C1143,2026-05-01,74,Dashboard,16
U0018788,C1143,2026-06-01,41,Reports,12
U0018789,C1143,2026-07-01,52,Dashboard,7
U0018790,C1143,2026-08-01,13,Dashboard,17
U0018791,C1143,2026-09-01,23,Integrations,2
U0018792,C1144,2025-01-01,56,Dashboard,18
U0018793,C1144,2025-03-01,75,Automation,15
U0018794,C1144,2025-04-01,10,Integrations,17
U0018795,C1144,2025-05-01,2,Automation,15
U0018796,C1144,2025-06-01,20,Exports,13
U0018797,C1144,2025-08-01,41,Integrations,15
U0018798,C1144,2025-09-01,52,Reports,2
U0018799,C1144,2025-10-01,39,Exports,16
U0018800,C1144,2025-11-01,57,Dashboard,11
U0018801,C1144,2025-12-01,36,Integrations,14
U0018802,C1144,2026-01-01,20,Automation,12
U0018803,C1144,2026-02-01,30,API,7
U0018804,C1144,2026-04-01,29,Exports,12
U0018805,C1144,2026-05-01,19,Dashboard,17
U0018806,C1144,2026-06-01,34,Integrations,12
U0018807,C1144,2026-07-01,61,Reports,13
U0018808,C1144,2026-08-01,37,Dashboard,2
U0018809,C1144,2026-09-01,55,Dashboard,11
U0018810,C1145,2025-01-01,49,Reports,1
U0018811,C1145,2025-02-01,15,Reports,1
U0018812,C1145,2025-05-01,2,Automation,18
U0018813,C1145,2025-06-01,47,API,8
U0018814,C1145,2025-08-01,73,Exports,19
U0018815,C1145,2025-11-01,59,Automation,4
U0018816,C1145,2025-12-01,41,API,3
U0018817,C1145,2026-01-01,74,Reports,18
U0018818,C1145,2026-02-01,2,Dashboard,5
U0018819,C1145,2026-03-01,60,Automation,12
U0018820,C1145,2026-04-01,75,Exports,18
U0018821,C1145,2026-05-01,42,Reports,6
U0018822,C1145,2026-06-01,77,Exports,3
U0018823,C1145,2026-08-01,75,API,9
U0018824,C1145,2026-09-01,20,Exports,2
U0018825,C1146,2025-01-01,41,Automation,10
U0018826,C1146,2025-04-01,51,Reports,14
U0018827,C1146,2025-05-01,71,Automation,13
U0018828,C1146,2025-06-01,58,Dashboard,7
U0018829,C1146,2025-07-01,18,API,11
U0018830,C1146,2025-10-01,22,Automation,6
U0018831,C1146,2025-11-01,41,Integrations,12
U0018832,C1146,2025-12-01,23,API,2
U0018833,C1146,2026-01-01,16,Reports,7
U0018834,C1146,2026-02-01,11,Integrations,7
U0018835,C1146,2026-03-01,45,Dashboard,9
U0018836,C1146,2026-04-01,68,Automation,1
U0018837,C1146,2026-06-01,1,Reports,7
U0018838,C1146,2026-08-01,27,Exports,8
U0018839,C1146,2026-09-01,60,API,7
U0018840,C1147,2025-01-01,19,API,8
U0018841,C1147,2025-03-01,46,API,13
U0018842,C1147,2025-04-01,3,Exports,3
U0018843,C1147,2025-05-01,43,Dashboard,16
U0018844,C1147,2025-07-01,74,Reports,12
U0018845,C1147,2025-08-01,52,Integrations,11
U0018846,C1147,2025-09-01,48,Exports,15
U0018847,C1147,2025-10-01,19,Integrations,17
U0018848,C1147,2025-11-01,65,Exports,11
U0018849,C1147,2025-12-01,54,API,7
U0018850,C1147,2026-01-01,2,Dashboard,14
U0018851,C1147,2026-02-01,37,Exports,13
U0018852,C1147,2026-03-01,79,API,12
U0018853,C1147,2026-04-01,12,Reports,8
U0018854,C1147,2026-05-01,7,API,3
U0018855,C1147,2026-06-01,59,Dashboard,12
U0018856,C1147,2026-07-01,7,Exports,15
U0018857,C1147,2026-09-01,56,Reports,4
U0018858,C1148,2025-01-01,13,Automation,8
U0018859,C1148,2025-02-01,31,Integrations,15
U0018860,C1148,2025-03-01,69,Integrations,9
U0018861,C1148,2025-04-01,59,Automation,2
U0018862,C1148,2025-05-01,12,Dashboard,9
U0018863,C1148,2025-06-01,15,Reports,3
U0018864,C1148,2025-08-01,40,Exports,15
U0018865,C1148,2025-09-01,77,Automation,7
U0018866,C1148,2025-10-01,68,Exports,7
U0018867,C1148,2025-11-01,75,Exports,16
U0018868,C1148,2026-02-01,22,Exports,19
U0018869,C1148,2026-03-01,75,Integrations,1
U0018870,C1148,2026-04-01,78,Automation,10
U0018871,C1148,2026-05-01,28,Reports,10
U0018872,C1148,2026-06-01,31,Exports,7
U0018873,C1148,2026-07-01,29,Integrations,10
U0018874,C1148,2026-09-01,35,Automation,11
U0018875,C1149,2025-01-01,10,API,6
U0018876,C1149,2025-02-01,44,Reports,13
U0018877,C1149,2025-03-01,16,Reports,16
U0018878,C1149,2025-05-01,38,Dashboard,19
U0018879,C1149,2025-06-01,36,Dashboard,2
U0018880,C1149,2025-07-01,3,Exports,12
U0018881,C1149,2025-08-01,48,API,5
U0018882,C1149,2025-09-01,3,Dashboard,14
U0018883,C1149,2025-10-01,22,Automation,15
U0018884,C1149,2025-11-01,63,API,2
U0018885,C1149,2025-12-01,36,Automation,6
U0018886,C1149,2026-01-01,57,Integrations,15
U0018887,C1149,2026-03-01,16,Exports,14
U0018888,C1149,2026-04-01,37,Exports,18
U0018889,C1149,2026-07-01,10,Reports,18
U0018890,C1149,2026-08-01,3,Automation,2
U0018891,C1149,2026-09-01,22,Exports,8
U0018892,C1150,2025-01-01,66,API,17
U0018893,C1150,2025-03-01,19,Reports,4
U0018894,C1150,2025-04-01,78,Dashboard,11
U0018895,C1150,2025-06-01,35,Automation,18
U0018896,C1150,2025-07-01,51,Automation,5
U0018897,C1150,2025-08-01,22,Exports,4
U0018898,C1150,2025-10-01,23,Integrations,4
U0018899,C1150,2025-12-01,1,Reports,3
U0018900,C1150,2026-02-01,61,Dashboard,13
U0018901,C1150,2026-03-01,24,Exports,6
U0018902,C1150,2026-04-01,27,API,5
U0018903,C1150,2026-07-01,24,Exports,13
U0018904,C1150,2026-08-01,45,Automation,10
U0018905,C1150,2026-09-01,53,API,14
U0018906,C1151,2025-02-01,79,Dashboard,1
U0018907,C1151,2025-04-01,4,Reports,14
U0018908,C1151,2025-05-01,46,Integrations,16
U0018909,C1151,2025-07-01,59,Dashboard,12
U0018910,C1151,2025-08-01,30,Dashboard,14
U0018911,C1151,2025-09-01,24,API,1
U0018912,C1151,2025-11-01,77,Automation,19
U0018913,C1151,2025-12-01,19,Exports,1
U0018914,C1151,2026-01-01,42,Reports,19
U0018915,C1151,2026-02-01,42,Dashboard,4
U0018916,C1151,2026-03-01,4,Automation,19
U0018917,C1151,2026-04-01,57,Integrations,16
U0018918,C1151,2026-05-01,25,Reports,6
U0018919,C1151,2026-06-01,48,Exports,17
U0018920,C1151,2026-07-01,66,Automation,9
U0018921,C1151,2026-08-01,71,Dashboard,17
U0018922,C1151,2026-09-01,35,Dashboard,16
U0018923,C1152,2025-01-01,2,API,10
U0018924,C1152,2025-02-01,16,Automation,17
U0018925,C1152,2025-03-01,66,Automation,19
U0018926,C1152,2025-04-01,2,Reports,2
U0018927,C1152,2025-05-01,45,Automation,19
U0018928,C1152,2025-06-01,29,API,1
U0018929,C1152,2025-07-01,5,Automation,3
U0018930,C1152,2025-08-01,11,API,7
U0018931,C1152,2025-09-01,68,API,2
U0018932,C1152,2025-10-01,71,Exports,3
U0018933,C1152,2025-11-01,15,Exports,15
U0018934,C1152,2025-12-01,43,Automation,17
U0018935,C1152,2026-02-01,10,API,4
U0018936,C1152,2026-03-01,39,API,18
U0018937,C1152,2026-04-01,28,Automation,9
U0018938,C1152,2026-06-01,12,API,11
U0018939,C1152,2026-07-01,53,Integrations,8
U0018940,C1152,2026-08-01,1,API,12
U0018941,C1152,2026-09-01,46,Integrations,6
U0018942,C1153,2025-01-01,76,Automation,14
U0018943,C1153,2025-02-01,29,Automation,3
U0018944,C1153,2025-03-01,5,Exports,18
U0018945,C1153,2025-04-01,44,Automation,7
U0018946,C1153,2025-05-01,73,Dashboard,7
U0018947,C1153,2025-06-01,78,Exports,4
U0018948,C1153,2025-07-01,67,Reports,15
U0018949,C1153,2025-08-01,28,API,11
U0018950,C1153,2025-09-01,76,Dashboard,5
U0018951,C1153,2025-10-01,33,Reports,1
U0018952,C1153,2025-11-01,51,Dashboard,1
U0018953,C1153,2025-12-01,33,API,2
U0018954,C1153,2026-01-01,18,Dashboard,12
U0018955,C1153,2026-02-01,69,API,10
U0018956,C1153,2026-04-01,77,Integrations,2
U0018957,C1153,2026-06-01,20,Dashboard,17
U0018958,C1153,2026-07-01,47,Automation,17
U0018959,C1153,2026-08-01,62,Automation,13
U0018960,C1153,2026-09-01,28,Automation,7
U0018961,C1154,2025-01-01,38,Reports,16
U0018962,C1154,2025-02-01,59,Automation,9
U0018963,C1154,2025-03-01,6,Automation,12
U0018964,C1154,2025-04-01,63,Reports,12
U0018965,C1154,2025-05-01,9,Integrations,9
U0018966,C1154,2025-06-01,29,Automation,13
U0018967,C1154,2025-07-01,50,Exports,3
U0018968,C1154,2025-08-01,46,Exports,19
U0018969,C1154,2025-09-01,66,Exports,3
U0018970,C1154,2025-11-01,31,Reports,10
U0018971,C1154,2026-01-01,58,Automation,6
U0018972,C1154,2026-02-01,36,Integrations,1
U0018973,C1154,2026-04-01,41,Integrations,5
U0018974,C1154,2026-07-01,3,Reports,18
U0018975,C1154,2026-08-01,76,Exports,14
U0018976,C1155,2025-01-01,64,Integrations,6
U0018977,C1155,2025-02-01,48,Reports,1
U0018978,C1155,2025-03-01,63,Exports,11
U0018979,C1155,2025-04-01,34,Automation,16
U0018980,C1155,2025-07-01,29,API,11
U0018981,C1155,2025-08-01,18,Automation,7
U0018982,C1155,2025-09-01,41,Reports,3
U0018983,C1155,2025-10-01,54,Automation,8
U0018984,C1155,2025-11-01,53,API,14
U0018985,C1155,2025-12-01,64,Exports,18
U0018986,C1155,2026-01-01,39,Dashboard,5
U0018987,C1155,2026-02-01,11,Integrations,2
U0018988,C1155,2026-03-01,46,API,4
U0018989,C1155,2026-05-01,6,Exports,8
U0018990,C1155,2026-06-01,7,Reports,19
U0018991,C1155,2026-07-01,74,Automation,13
U0018992,C1155,2026-08-01,73,API,2
U0018993,C1155,2026-09-01,18,Dashboard,19
U0018994,C1156,2025-01-01,70,API,19
U0018995,C1156,2025-02-01,25,Dashboard,12
U0018996,C1156,2025-03-01,40,Exports,6
U0018997,C1156,2025-04-01,52,Reports,1
U0018998,C1156,2025-05-01,17,Dashboard,13
U0018999,C1156,2025-06-01,48,Integrations,14
U0019000,C1156,2025-07-01,21,Reports,18
U0019001,C1156,2025-08-01,77,Reports,5
U0019002,C1156,2025-09-01,58,Automation,16
U0019003,C1156,2025-11-01,15,Dashboard,13
U0019004,C1156,2025-12-01,36,Reports,2
U0019005,C1156,2026-01-01,1,Exports,6
U0019006,C1156,2026-02-01,28,Automation,15
U0019007,C1156,2026-04-01,34,Integrations,3
U0019008,C1156,2026-07-01,61,Integrations,17
U0019009,C1156,2026-08-01,47,Dashboard,10
U0019010,C1157,2025-01-01,72,Dashboard,13
U0019011,C1157,2025-03-01,74,Reports,8
U0019012,C1157,2025-04-01,13,Dashboard,18
U0019013,C1157,2025-07-01,78,Dashboard,4
U0019014,C1157,2025-08-01,19,API,8
U0019015,C1157,2025-09-01,30,Exports,1
U0019016,C1157,2025-10-01,38,API,1
U0019017,C1157,2025-12-01,55,API,8
U0019018,C1157,2026-01-01,13,Exports,7
U0019019,C1157,2026-02-01,78,Exports,7
U0019020,C1157,2026-03-01,23,Exports,16
U0019021,C1157,2026-04-01,61,Exports,2
U0019022,C1157,2026-05-01,15,Automation,3
U0019023,C1157,2026-06-01,13,Reports,18
U0019024,C1157,2026-07-01,40,Integrations,4
U0019025,C1157,2026-08-01,55,Exports,13
U0019026,C1157,2026-09-01,41,Automation,12
U0019027,C1158,2025-02-01,69,Dashboard,16
U0019028,C1158,2025-03-01,32,API,12
U0019029,C1158,2025-04-01,42,Dashboard,11
U0019030,C1158,2025-05-01,36,Dashboard,13
U0019031,C1158,2025-06-01,38,API,10
U0019032,C1158,2025-07-01,72,Automation,1
U0019033,C1158,2025-08-01,4,API,13
U0019034,C1158,2025-09-01,78,API,16
U0019035,C1158,2025-10-01,48,Reports,3
U0019036,C1158,2025-11-01,71,Dashboard,16
U0019037,C1158,2025-12-01,38,Exports,6
U0019038,C1158,2026-01-01,60,Automation,19
U0019039,C1158,2026-03-01,49,Integrations,4
U0019040,C1158,2026-04-01,22,Reports,17
U0019041,C1158,2026-05-01,14,API,8
U0019042,C1158,2026-06-01,44,API,17
U0019043,C1158,2026-07-01,28,Integrations,15
U0019044,C1158,2026-08-01,22,Reports,11
U0019045,C1158,2026-09-01,20,Automation,6
U0019046,C1159,2025-02-01,6,API,8
U0019047,C1159,2025-03-01,63,Automation,16
U0019048,C1159,2025-04-01,44,Exports,15
U0019049,C1159,2025-05-01,65,Dashboard,19
U0019050,C1159,2025-06-01,11,Reports,17
U0019051,C1159,2025-07-01,26,Automation,6
U0019052,C1159,2025-08-01,78,API,10
U0019053,C1159,2025-12-01,53,Dashboard,7
U0019054,C1159,2026-01-01,64,Exports,6
U0019055,C1159,2026-02-01,35,Automation,1
U0019056,C1159,2026-03-01,49,Dashboard,4
U0019057,C1159,2026-04-01,11,Reports,7
U0019058,C1159,2026-05-01,67,Exports,6
U0019059,C1160,2025-01-01,73,Dashboard,10
U0019060,C1160,2025-03-01,13,Reports,3
U0019061,C1160,2025-05-01,55,Integrations,17
U0019062,C1160,2025-06-01,55,Automation,7
U0019063,C1160,2025-08-01,61,Integrations,10
U0019064,C1160,2025-09-01,13,Automation,5
U0019065,C1160,2025-10-01,28,Dashboard,11
U0019066,C1160,2025-11-01,37,Exports,8
U0019067,C1160,2025-12-01,9,API,1
U0019068,C1160,2026-01-01,50,Exports,6
U0019069,C1160,2026-02-01,42,Dashboard,18
U0019070,C1160,2026-03-01,18,Automation,19
U0019071,C1160,2026-04-01,52,Exports,2
U0019072,C1160,2026-05-01,40,Reports,8
U0019073,C1160,2026-06-01,71,Exports,3
U0019074,C1160,2026-07-01,18,Exports,10
U0019075,C1160,2026-09-01,20,Exports,2
U0019076,C1161,2025-02-01,53,Automation,7
U0019077,C1161,2025-03-01,48,Automation,13
U0019078,C1161,2025-04-01,43,API,18
U0019079,C1161,2025-06-01,77,API,8
U0019080,C1161,2025-07-01,69,Exports,1
U0019081,C1161,2025-08-01,50,Exports,9
U0019082,C1161,2025-09-01,9,Exports,13
U0019083,C1161,2025-10-01,71,Integrations,2
U0019084,C1161,2025-11-01,39,Exports,11
U0019085,C1161,2025-12-01,36,API,3
U0019086,C1161,2026-01-01,1,Integrations,2
U0019087,C1161,2026-02-01,30,Exports,9
U0019088,C1161,2026-04-01,68,API,14
U0019089,C1161,2026-05-01,38,Exports,14
U0019090,C1161,2026-08-01,79,Dashboard,7
U0019091,C1161,2026-09-01,75,Dashboard,4
U0019092,C1162,2025-01-01,12,Integrations,7
U0019093,C1162,2025-04-01,50,Dashboard,5
U0019094,C1162,2025-05-01,25,Integrations,18
U0019095,C1162,2025-07-01,57,Reports,8
U0019096,C1162,2025-09-01,56,Exports,15
U0019097,C1162,2025-10-01,54,Reports,15
U0019098,C1162,2025-11-01,74,Exports,12
U0019099,C1162,2025-12-01,3,Reports,12
U0019100,C1162,2026-01-01,24,Exports,2
U0019101,C1162,2026-03-01,16,Reports,19
U0019102,C1162,2026-04-01,71,Exports,18
U0019103,C1162,2026-05-01,32,Exports,13
U0019104,C1162,2026-06-01,50,Integrations,12
U0019105,C1162,2026-07-01,58,Dashboard,2
U0019106,C1162,2026-08-01,2,Exports,5
U0019107,C1162,2026-09-01,61,Exports,13
U0019108,C1163,2025-01-01,60,Integrations,9
U0019109,C1163,2025-03-01,7,Integrations,7
U0019110,C1163,2025-04-01,35,Reports,18
U0019111,C1163,2025-05-01,26,Reports,19
U0019112,C1163,2025-07-01,9,Reports,16
U0019113,C1163,2025-08-01,64,Integrations,1
U0019114,C1163,2025-09-01,41,API,15
U0019115,C1163,2025-11-01,29,Dashboard,18
U0019116,C1163,2026-01-01,75,Exports,10
U0019117,C1163,2026-02-01,4,Exports,5
U0019118,C1163,2026-03-01,48,Automation,14
U0019119,C1163,2026-05-01,18,Automation,15
U0019120,C1163,2026-06-01,16,Automation,18
U0019121,C1163,2026-07-01,34,Automation,16
U0019122,C1163,2026-08-01,74,Dashboard,15
U0019123,C1164,2025-01-01,22,Exports,8
U0019124,C1164,2025-02-01,8,Dashboard,15
U0019125,C1164,2025-03-01,44,API,6
U0019126,C1164,2025-05-01,70,Reports,6
U0019127,C1164,2025-06-01,8,Dashboard,12
U0019128,C1164,2025-08-01,17,Integrations,15
U0019129,C1164,2025-09-01,21,Automation,13
U0019130,C1164,2025-10-01,29,Dashboard,9
U0019131,C1164,2025-11-01,47,API,9
U0019132,C1164,2026-01-01,16,Exports,7
U0019133,C1164,2026-02-01,47,Automation,6
U0019134,C1164,2026-03-01,31,API,19
U0019135,C1164,2026-04-01,3,Integrations,11
U0019136,C1164,2026-05-01,4,Reports,12
U0019137,C1164,2026-07-01,67,Reports,17
U0019138,C1164,2026-08-01,12,Automation,7
U0019139,C1164,2026-09-01,42,Dashboard,10
U0019140,C1165,2025-01-01,63,Dashboard,8
U0019141,C1165,2025-02-01,36,Reports,5
U0019142,C1165,2025-03-01,26,API,1
U0019143,C1165,2025-04-01,2,Dashboard,19
U0019144,C1165,2025-05-01,77,Dashboard,19
U0019145,C1165,2025-07-01,8,API,15
U0019146,C1165,2025-08-01,17,Integrations,14
U0019147,C1165,2025-09-01,42,API,15
U0019148,C1165,2025-10-01,18,Dashboard,18
U0019149,C1165,2025-12-01,64,Exports,5
U0019150,C1165,2026-01-01,32,Reports,7
U0019151,C1165,2026-02-01,21,Exports,9
U0019152,C1165,2026-03-01,59,Integrations,12
U0019153,C1165,2026-04-01,15,Dashboard,8
U0019154,C1165,2026-05-01,24,API,13
U0019155,C1165,2026-06-01,52,API,1
U0019156,C1165,2026-07-01,44,Dashboard,6
U0019157,C1165,2026-08-01,8,Reports,8
U0019158,C1165,2026-09-01,14,Automation,1
U0019159,C1166,2025-02-01,45,Automation,15
U0019160,C1166,2025-03-01,61,Automation,3
U0019161,C1166,2025-05-01,66,Dashboard,18
U0019162,C1166,2025-06-01,17,Integrations,13
U0019163,C1166,2025-07-01,35,API,18
U0019164,C1166,2025-08-01,22,Exports,4
U0019165,C1166,2025-10-01,56,Automation,16
U0019166,C1166,2025-11-01,16,Automation,19
U0019167,C1166,2025-12-01,20,Integrations,19
U0019168,C1166,2026-01-01,49,API,9
U0019169,C1166,2026-03-01,17,API,17
U0019170,C1166,2026-05-01,68,Dashboard,14
U0019171,C1166,2026-06-01,39,Reports,4
U0019172,C1166,2026-07-01,70,Integrations,8
U0019173,C1166,2026-09-01,12,Dashboard,13
U0019174,C1167,2025-01-01,44,Dashboard,15
U0019175,C1167,2025-02-01,35,Automation,13
U0019176,C1167,2025-05-01,14,Integrations,15
U0019177,C1167,2025-07-01,13,API,11
U0019178,C1167,2025-08-01,16,API,12
U0019179,C1167,2025-09-01,10,API,17
U0019180,C1167,2025-11-01,51,Automation,10
U0019181,C1167,2025-12-01,43,Exports,7
U0019182,C1167,2026-01-01,26,Automation,4
U0019183,C1167,2026-02-01,47,Dashboard,19
U0019184,C1167,2026-03-01,69,Integrations,3
U0019185,C1167,2026-04-01,17,Exports,16
U0019186,C1167,2026-06-01,72,Reports,16
U0019187,C1167,2026-07-01,28,API,5
U0019188,C1167,2026-08-01,12,API,16
U0019189,C1167,2026-09-01,45,Exports,4
U0019190,C1168,2025-01-01,18,Reports,3
U0019191,C1168,2025-02-01,51,API,7
U0019192,C1168,2025-03-01,77,Exports,9
U0019193,C1168,2025-04-01,23,Automation,2
U0019194,C1168,2025-05-01,21,Reports,17
U0019195,C1168,2025-06-01,67,API,19
U0019196,C1168,2025-07-01,17,API,11
U0019197,C1168,2025-08-01,79,Exports,10
U0019198,C1168,2025-09-01,14,Integrations,2
U0019199,C1168,2025-10-01,50,Dashboard,1
U0019200,C1168,2025-11-01,61,Reports,13
U0019201,C1168,2026-01-01,26,Automation,2
U0019202,C1168,2026-02-01,50,Reports,13
U0019203,C1168,2026-04-01,48,Exports,10
U0019204,C1168,2026-05-01,53,Dashboard,1
U0019205,C1168,2026-06-01,55,Dashboard,9
U0019206,C1168,2026-07-01,4,Integrations,7
U0019207,C1168,2026-08-01,73,Automation,5
U0019208,C1168,2026-09-01,74,Dashboard,6
U0019209,C1169,2025-01-01,5,API,11
U0019210,C1169,2025-03-01,33,Integrations,14
U0019211,C1169,2025-04-01,46,Exports,19
U0019212,C1169,2025-07-01,44,Exports,17
U0019213,C1169,2025-08-01,8,Exports,13
U0019214,C1169,2025-09-01,8,Automation,9
U0019215,C1169,2025-10-01,59,Reports,2
U0019216,C1169,2025-12-01,41,API,12
U0019217,C1169,2026-01-01,18,Dashboard,5
U0019218,C1169,2026-02-01,65,Reports,6
U0019219,C1169,2026-03-01,10,Integrations,18
U0019220,C1169,2026-04-01,76,Dashboard,3
U0019221,C1169,2026-05-01,9,Exports,1
U0019222,C1169,2026-06-01,17,API,13
U0019223,C1169,2026-07-01,4,Dashboard,17
U0019224,C1169,2026-08-01,42,Integrations,12
U0019225,C1169,2026-09-01,32,Dashboard,9
U0019226,C1170,2025-01-01,10,Exports,16
U0019227,C1170,2025-02-01,15,Reports,6
U0019228,C1170,2025-03-01,23,Automation,9
U0019229,C1170,2025-04-01,35,Reports,9
U0019230,C1170,2025-05-01,41,Reports,5
U0019231,C1170,2025-06-01,6,Automation,2
U0019232,C1170,2025-07-01,58,Dashboard,8
U0019233,C1170,2025-08-01,76,Dashboard,19
U0019234,C1170,2025-09-01,44,Automation,14
U0019235,C1170,2025-10-01,59,Integrations,8
U0019236,C1170,2025-11-01,58,Automation,8
U0019237,C1170,2025-12-01,77,Exports,16
U0019238,C1170,2026-02-01,19,Dashboard,5
U0019239,C1170,2026-03-01,59,Integrations,7
U0019240,C1170,2026-04-01,23,Reports,3
U0019241,C1170,2026-05-01,37,API,6
U0019242,C1170,2026-06-01,58,Exports,7
U0019243,C1170,2026-08-01,52,Reports,15
U0019244,C1170,2026-09-01,73,Reports,5
U0019245,C1171,2025-01-01,25,Integrations,18
U0019246,C1171,2025-02-01,72,Exports,16
U0019247,C1171,2025-03-01,62,Exports,17
U0019248,C1171,2025-04-01,46,Reports,15
U0019249,C1171,2025-07-01,54,API,17
U0019250,C1171,2025-09-01,6,Automation,9
U0019251,C1171,2025-11-01,3,Reports,3
U0019252,C1171,2025-12-01,1,Integrations,19
U0019253,C1171,2026-01-01,58,Exports,5
U0019254,C1171,2026-02-01,28,API,19
U0019255,C1171,2026-03-01,8,Dashboard,14
U0019256,C1171,2026-05-01,61,Integrations,7
U0019257,C1171,2026-07-01,35,Automation,3
U0019258,C1171,2026-08-01,37,API,1
U0019259,C1171,2026-09-01,52,Exports,18
U0019260,C1172,2025-01-01,37,API,14
U0019261,C1172,2025-02-01,12,API,5
U0019262,C1172,2025-04-01,30,Exports,8
U0019263,C1172,2025-05-01,64,Dashboard,9
U0019264,C1172,2025-06-01,17,Reports,6
U0019265,C1172,2025-12-01,9,Exports,19
U0019266,C1172,2026-01-01,79,Automation,8
U0019267,C1172,2026-02-01,69,Reports,9
U0019268,C1172,2026-04-01,65,Integrations,11
U0019269,C1172,2026-05-01,67,Exports,10
U0019270,C1172,2026-06-01,11,API,11
U0019271,C1172,2026-07-01,21,Integrations,13
U0019272,C1172,2026-08-01,45,Automation,18
U0019273,C1172,2026-09-01,11,Reports,15
U0019274,C1173,2025-02-01,14,Dashboard,5
U0019275,C1173,2025-05-01,61,Exports,12
U0019276,C1173,2025-07-01,14,Automation,13
U0019277,C1173,2025-08-01,63,API,11
U0019278,C1173,2025-09-01,77,Exports,5
U0019279,C1173,2025-11-01,13,Reports,8
U0019280,C1173,2025-12-01,31,Dashboard,3
U0019281,C1173,2026-01-01,44,Dashboard,17
U0019282,C1173,2026-02-01,12,Automation,7
U0019283,C1173,2026-03-01,26,API,15
U0019284,C1173,2026-05-01,22,Dashboard,2
U0019285,C1173,2026-06-01,14,Integrations,2
U0019286,C1173,2026-07-01,52,Reports,11
U0019287,C1173,2026-08-01,37,Dashboard,4
U0019288,C1173,2026-09-01,77,Reports,15
U0019289,C1174,2025-01-01,3,Integrations,9
U0019290,C1174,2025-02-01,39,Exports,14
U0019291,C1174,2025-04-01,13,Reports,4
U0019292,C1174,2025-05-01,62,Integrations,14
U0019293,C1174,2025-06-01,3,Automation,4
U0019294,C1174,2025-07-01,41,Automation,15
U0019295,C1174,2025-09-01,78,Automation,9
U0019296,C1174,2025-10-01,54,Exports,4
U0019297,C1174,2025-11-01,50,Reports,18
U0019298,C1174,2025-12-01,54,Reports,18
U0019299,C1174,2026-01-01,68,Exports,13
U0019300,C1174,2026-02-01,19,Reports,9
U0019301,C1174,2026-03-01,63,Automation,9
U0019302,C1174,2026-04-01,41,Reports,14
U0019303,C1174,2026-05-01,8,Reports,12
U0019304,C1174,2026-06-01,36,Reports,10
U0019305,C1174,2026-07-01,21,API,3
U0019306,C1174,2026-08-01,37,API,1
U0019307,C1174,2026-09-01,63,API,5
U0019308,C1175,2025-04-01,3,Exports,16
U0019309,C1175,2025-05-01,24,Dashboard,19
U0019310,C1175,2025-06-01,30,Automation,17
U0019311,C1175,2025-07-01,49,Dashboard,13
U0019312,C1175,2025-09-01,13,API,8
U0019313,C1175,2025-10-01,68,Integrations,15
U0019314,C1175,2025-11-01,62,Automation,10
U0019315,C1175,2025-12-01,60,API,7
U0019316,C1175,2026-01-01,33,Reports,10
U0019317,C1175,2026-02-01,60,Dashboard,1
U0019318,C1175,2026-03-01,73,API,5
U0019319,C1175,2026-04-01,60,Exports,1
U0019320,C1175,2026-06-01,28,API,9
U0019321,C1175,2026-07-01,42,Reports,4
U0019322,C1175,2026-08-01,58,Integrations,11
U0019323,C1175,2026-09-01,64,Automation,5
U0019324,C1176,2025-01-01,46,Automation,8
U0019325,C1176,2025-02-01,65,API,6
U0019326,C1176,2025-03-01,61,Automation,19
U0019327,C1176,2025-05-01,11,API,12
U0019328,C1176,2025-07-01,32,Automation,10
U0019329,C1176,2025-08-01,56,Exports,8
U0019330,C1176,2025-09-01,68,Dashboard,1
U0019331,C1176,2025-10-01,53,Reports,7
U0019332,C1176,2025-11-01,55,Reports,16
U0019333,C1176,2025-12-01,57,Reports,9
U0019334,C1176,2026-01-01,67,Reports,19
U0019335,C1176,2026-02-01,21,Automation,13
U0019336,C1176,2026-03-01,56,Automation,8
U0019337,C1176,2026-04-01,37,Reports,12
U0019338,C1176,2026-05-01,6,Automation,19
U0019339,C1176,2026-06-01,6,Automation,11
U0019340,C1176,2026-07-01,4,Integrations,1
U0019341,C1176,2026-08-01,79,Dashboard,15
U0019342,C1176,2026-09-01,17,Dashboard,1
U0019343,C1177,2025-01-01,1,Dashboard,6
U0019344,C1177,2025-02-01,55,API,4
U0019345,C1177,2025-03-01,34,Automation,1
U0019346,C1177,2025-04-01,78,Reports,12
U0019347,C1177,2025-05-01,7,Exports,8
U0019348,C1177,2025-06-01,25,API,2
U0019349,C1177,2025-07-01,5,Integrations,4
U0019350,C1177,2025-08-01,22,Integrations,3
U0019351,C1177,2025-09-01,7,Automation,13
U0019352,C1177,2025-11-01,70,Reports,13
U0019353,C1177,2025-12-01,27,Reports,3
U0019354,C1177,2026-01-01,61,Reports,18
U0019355,C1177,2026-03-01,3,Exports,5
U0019356,C1177,2026-04-01,23,Dashboard,5
U0019357,C1177,2026-05-01,64,Integrations,15
U0019358,C1177,2026-06-01,37,API,6
U0019359,C1177,2026-07-01,68,Integrations,18
U0019360,C1177,2026-08-01,41,Automation,7
U0019361,C1177,2026-09-01,26,Reports,2
U0019362,C1178,2025-01-01,67,Exports,19
U0019363,C1178,2025-02-01,13,Automation,10
U0019364,C1178,2025-03-01,52,Dashboard,8
U0019365,C1178,2025-04-01,54,Automation,3
U0019366,C1178,2025-05-01,55,Exports,10
U0019367,C1178,2025-06-01,42,Automation,1
U0019368,C1178,2025-08-01,25,API,7
U0019369,C1178,2025-09-01,22,Reports,11
U0019370,C1178,2025-10-01,4,API,14
U0019371,C1178,2025-11-01,55,Integrations,4
U0019372,C1178,2025-12-01,9,Automation,14
U0019373,C1178,2026-01-01,76,Automation,19
U0019374,C1178,2026-02-01,15,Exports,11
U0019375,C1178,2026-03-01,32,Dashboard,17
U0019376,C1178,2026-05-01,13,Exports,16
U0019377,C1178,2026-06-01,6,API,10
U0019378,C1178,2026-07-01,6,Dashboard,3
U0019379,C1178,2026-08-01,7,Exports,11
U0019380,C1178,2026-09-01,60,Dashboard,7
U0019381,C1179,2025-01-01,25,Exports,4
U0019382,C1179,2025-02-01,43,Automation,11
U0019383,C1179,2025-05-01,32,Automation,4
U0019384,C1179,2025-06-01,38,Exports,2
U0019385,C1179,2025-07-01,27,API,8
U0019386,C1179,2025-08-01,53,Automation,7
U0019387,C1179,2025-12-01,31,Reports,16
U0019388,C1179,2026-01-01,55,Automation,13
U0019389,C1179,2026-02-01,5,API,14
U0019390,C1179,2026-03-01,10,Reports,14
U0019391,C1179,2026-04-01,70,Reports,10
U0019392,C1179,2026-05-01,66,Dashboard,2
U0019393,C1179,2026-06-01,57,Exports,15
U0019394,C1179,2026-07-01,34,Reports,18
U0019395,C1179,2026-08-01,33,Reports,17
U0019396,C1179,2026-09-01,38,Dashboard,15
U0019397,C1180,2025-02-01,60,Integrations,3
U0019398,C1180,2025-03-01,45,API,3
U0019399,C1180,2025-04-01,47,Dashboard,2
U0019400,C1180,2025-05-01,62,Dashboard,5
U0019401,C1180,2025-06-01,33,Integrations,6
U0019402,C1180,2025-07-01,30,Automation,1
U0019403,C1180,2025-08-01,40,Exports,5
U0019404,C1180,2025-10-01,1,Exports,3
U0019405,C1180,2025-12-01,63,Dashboard,19
U0019406,C1180,2026-03-01,56,Automation,7
U0019407,C1180,2026-04-01,20,Automation,4
U0019408,C1180,2026-07-01,15,API,5
U0019409,C1180,2026-09-01,14,Integrations,1
U0019410,C1181,2025-01-01,36,Reports,8
U0019411,C1181,2025-02-01,44,Reports,17
U0019412,C1181,2025-03-01,79,Integrations,2
U0019413,C1181,2025-04-01,10,Dashboard,7
U0019414,C1181,2025-05-01,36,Reports,2
U0019415,C1181,2025-06-01,26,Automation,10
U0019416,C1181,2025-07-01,78,Automation,19
U0019417,C1181,2025-08-01,63,Dashboard,19
U0019418,C1181,2025-09-01,55,Dashboard,11
U0019419,C1181,2025-10-01,25,API,13
U0019420,C1181,2025-11-01,8,Dashboard,18
U0019421,C1181,2026-01-01,51,API,14
U0019422,C1181,2026-02-01,3,Dashboard,10
U0019423,C1181,2026-03-01,45,API,3
U0019424,C1181,2026-06-01,71,Dashboard,16
U0019425,C1181,2026-07-01,38,Reports,3
U0019426,C1181,2026-08-01,69,Dashboard,1
U0019427,C1182,2025-01-01,18,Exports,14
U0019428,C1182,2025-02-01,28,Integrations,9
U0019429,C1182,2025-03-01,49,Dashboard,5
U0019430,C1182,2025-04-01,72,Automation,7
U0019431,C1182,2025-05-01,2,Integrations,11
U0019432,C1182,2025-06-01,34,API,17
U0019433,C1182,2025-08-01,32,Integrations,9
U0019434,C1182,2025-09-01,42,Automation,8
U0019435,C1182,2025-10-01,71,Reports,3
U0019436,C1182,2025-11-01,15,Integrations,16
U0019437,C1182,2025-12-01,76,Dashboard,14
U0019438,C1182,2026-03-01,62,Dashboard,10
U0019439,C1182,2026-04-01,79,Reports,4
U0019440,C1182,2026-05-01,76,Integrations,7
U0019441,C1182,2026-06-01,63,Reports,5
U0019442,C1182,2026-09-01,72,Integrations,18
U0019443,C1183,2025-01-01,43,API,9
U0019444,C1183,2025-02-01,53,Dashboard,15
U0019445,C1183,2025-03-01,33,Exports,14
U0019446,C1183,2025-04-01,6,Dashboard,9
U0019447,C1183,2025-05-01,64,Automation,18
U0019448,C1183,2025-06-01,72,Dashboard,10
U0019449,C1183,2025-07-01,8,API,5
U0019450,C1183,2025-08-01,69,Reports,6
U0019451,C1183,2025-09-01,75,Integrations,15
U0019452,C1183,2025-10-01,67,Reports,5
U0019453,C1183,2025-11-01,14,Reports,10
U0019454,C1183,2025-12-01,68,Automation,18
U0019455,C1183,2026-01-01,78,Dashboard,2
U0019456,C1183,2026-02-01,66,Automation,1
U0019457,C1183,2026-03-01,29,Dashboard,16
U0019458,C1183,2026-04-01,77,Automation,3
U0019459,C1183,2026-05-01,36,Automation,18
U0019460,C1183,2026-08-01,52,Reports,5
U0019461,C1183,2026-09-01,58,Exports,4
U0019462,C1184,2025-01-01,55,API,3
U0019463,C1184,2025-03-01,39,API,7
U0019464,C1184,2025-04-01,53,Exports,5
U0019465,C1184,2025-05-01,36,Dashboard,6
U0019466,C1184,2025-06-01,17,Integrations,2
U0019467,C1184,2025-07-01,52,API,3
U0019468,C1184,2025-08-01,38,Integrations,16
U0019469,C1184,2025-09-01,55,Reports,12
U0019470,C1184,2025-10-01,12,API,1
U0019471,C1184,2025-11-01,37,Reports,15
U0019472,C1184,2025-12-01,20,Dashboard,18
U0019473,C1184,2026-01-01,25,API,4
U0019474,C1184,2026-02-01,63,API,1
U0019475,C1184,2026-03-01,75,Exports,15
U0019476,C1184,2026-04-01,5,Integrations,4
U0019477,C1184,2026-05-01,64,Dashboard,14
U0019478,C1184,2026-08-01,62,API,7
U0019479,C1184,2026-09-01,65,Integrations,14
U0019480,C1185,2025-02-01,62,Exports,1
U0019481,C1185,2025-03-01,3,Exports,18
U0019482,C1185,2025-04-01,62,Integrations,11
U0019483,C1185,2025-06-01,4,Automation,10
U0019484,C1185,2025-07-01,71,API,2
U0019485,C1185,2025-08-01,40,Dashboard,9
U0019486,C1185,2025-10-01,74,Automation,19
U0019487,C1185,2025-12-01,35,API,19
U0019488,C1185,2026-01-01,45,Dashboard,19
U0019489,C1185,2026-02-01,20,Integrations,1
U0019490,C1185,2026-03-01,40,Integrations,15
U0019491,C1185,2026-04-01,36,Reports,2
U0019492,C1185,2026-05-01,34,Automation,1
U0019493,C1185,2026-06-01,32,Dashboard,13
U0019494,C1185,2026-09-01,53,Reports,15
U0019495,C1186,2025-01-01,2,Reports,16
U0019496,C1186,2025-04-01,58,Automation,10
U0019497,C1186,2025-05-01,22,API,17
U0019498,C1186,2025-06-01,66,API,10
U0019499,C1186,2025-07-01,60,Dashboard,3
U0019500,C1186,2025-08-01,4,Integrations,4
U0019501,C1186,2025-09-01,73,API,8
U0019502,C1186,2025-10-01,66,Automation,15
U0019503,C1186,2025-11-01,74,API,17
U0019504,C1186,2025-12-01,74,Dashboard,17
U0019505,C1186,2026-02-01,9,Reports,1
U0019506,C1186,2026-03-01,10,Automation,2
U0019507,C1186,2026-06-01,78,API,12
U0019508,C1186,2026-07-01,43,Integrations,18
U0019509,C1186,2026-08-01,2,Dashboard,11
U0019510,C1186,2026-09-01,21,Dashboard,9
U0019511,C1187,2025-02-01,8,API,10
U0019512,C1187,2025-03-01,19,Automation,14
U0019513,C1187,2025-05-01,48,Exports,4
U0019514,C1187,2025-07-01,58,Exports,17
U0019515,C1187,2025-08-01,75,Dashboard,8
U0019516,C1187,2025-09-01,75,Integrations,9
U0019517,C1187,2025-10-01,22,Dashboard,8
U0019518,C1187,2025-11-01,20,Dashboard,8
U0019519,C1187,2025-12-01,36,Dashboard,11
U0019520,C1187,2026-02-01,67,Integrations,9
U0019521,C1187,2026-04-01,61,Integrations,3
U0019522,C1187,2026-05-01,44,Dashboard,9
U0019523,C1187,2026-06-01,75,Exports,19
U0019524,C1187,2026-07-01,27,Reports,3
U0019525,C1187,2026-08-01,60,API,17
U0019526,C1187,2026-09-01,6,Reports,9
U0019527,C1188,2025-01-01,70,API,1
U0019528,C1188,2025-05-01,49,Automation,8
U0019529,C1188,2025-06-01,8,API,1
U0019530,C1188,2025-08-01,24,Dashboard,18
U0019531,C1188,2025-09-01,67,API,1
U0019532,C1188,2025-10-01,51,Reports,16
U0019533,C1188,2025-12-01,16,Automation,9
U0019534,C1188,2026-01-01,65,Dashboard,1
U0019535,C1188,2026-02-01,66,Dashboard,18
U0019536,C1188,2026-03-01,79,API,14
U0019537,C1188,2026-05-01,11,Exports,19
U0019538,C1188,2026-07-01,12,Dashboard,7
U0019539,C1188,2026-08-01,51,Dashboard,14
U0019540,C1188,2026-09-01,32,API,1
U0019541,C1189,2025-01-01,30,Dashboard,11
U0019542,C1189,2025-03-01,30,Integrations,7
U0019543,C1189,2025-04-01,75,Reports,14
U0019544,C1189,2025-05-01,79,Integrations,6
U0019545,C1189,2025-06-01,67,API,14
U0019546,C1189,2025-07-01,26,Dashboard,1
U0019547,C1189,2025-08-01,62,Exports,3
U0019548,C1189,2025-09-01,1,Integrations,3
U0019549,C1189,2025-10-01,67,API,5
U0019550,C1189,2025-11-01,40,Automation,14
U0019551,C1189,2025-12-01,4,Reports,15
U0019552,C1189,2026-02-01,18,Dashboard,14
U0019553,C1189,2026-03-01,76,Exports,17
U0019554,C1189,2026-04-01,62,Automation,4
U0019555,C1189,2026-05-01,24,Integrations,9
U0019556,C1189,2026-06-01,68,Exports,18
U0019557,C1189,2026-07-01,14,Exports,11
U0019558,C1189,2026-09-01,68,Integrations,19
U0019559,C1190,2025-01-01,26,Integrations,1
U0019560,C1190,2025-02-01,26,Dashboard,9
U0019561,C1190,2025-04-01,67,Reports,8
U0019562,C1190,2025-05-01,60,Reports,12
U0019563,C1190,2025-06-01,6,Dashboard,17
U0019564,C1190,2025-10-01,58,Automation,3
U0019565,C1190,2025-11-01,13,Automation,5
U0019566,C1190,2025-12-01,58,API,16
U0019567,C1190,2026-01-01,19,Reports,8
U0019568,C1190,2026-02-01,67,Automation,4
U0019569,C1190,2026-03-01,56,API,3
U0019570,C1190,2026-04-01,74,Exports,9
U0019571,C1190,2026-05-01,76,Exports,5
U0019572,C1190,2026-06-01,12,Exports,15
U0019573,C1190,2026-07-01,66,Exports,19
U0019574,C1190,2026-08-01,1,Exports,13
U0019575,C1190,2026-09-01,45,Reports,17
U0019576,C1191,2025-02-01,53,Automation,9
U0019577,C1191,2025-03-01,5,Automation,18
U0019578,C1191,2025-04-01,66,API,12
U0019579,C1191,2025-06-01,66,Reports,18
U0019580,C1191,2025-07-01,48,Exports,11
U0019581,C1191,2025-08-01,45,Automation,6
U0019582,C1191,2025-09-01,75,Reports,12
U0019583,C1191,2025-10-01,39,Exports,7
U0019584,C1191,2025-11-01,13,Automation,14
U0019585,C1191,2025-12-01,38,Exports,2
U0019586,C1191,2026-02-01,13,Reports,4
U0019587,C1191,2026-03-01,44,Dashboard,14
U0019588,C1191,2026-07-01,51,API,9
U0019589,C1191,2026-09-01,24,Automation,12
U0019590,C1192,2025-01-01,13,Integrations,2
U0019591,C1192,2025-02-01,54,Exports,8
U0019592,C1192,2025-05-01,62,API,10
U0019593,C1192,2025-06-01,32,API,18
U0019594,C1192,2025-07-01,41,Integrations,7
U0019595,C1192,2025-09-01,70,API,10
U0019596,C1192,2025-10-01,74,Exports,19
U0019597,C1192,2025-11-01,21,API,12
U0019598,C1192,2025-12-01,27,Reports,18
U0019599,C1192,2026-01-01,48,API,9
U0019600,C1192,2026-02-01,64,Integrations,1
U0019601,C1192,2026-03-01,40,Exports,12
U0019602,C1192,2026-05-01,71,Integrations,9
U0019603,C1192,2026-07-01,47,Integrations,5
U0019604,C1192,2026-09-01,40,Integrations,6
U0019605,C1193,2025-01-01,41,Integrations,18
U0019606,C1193,2025-02-01,50,API,5
U0019607,C1193,2025-03-01,29,API,6
U0019608,C1193,2025-04-01,45,Integrations,6
U0019609,C1193,2025-05-01,54,API,14
U0019610,C1193,2025-06-01,57,Integrations,10
U0019611,C1193,2025-07-01,65,API,16
U0019612,C1193,2025-08-01,5,Dashboard,1
U0019613,C1193,2025-10-01,31,Exports,14
U0019614,C1193,2025-11-01,31,Dashboard,5
U0019615,C1193,2025-12-01,79,Reports,7
U0019616,C1193,2026-02-01,76,API,14
U0019617,C1193,2026-03-01,7,API,2
U0019618,C1193,2026-04-01,13,Exports,2
U0019619,C1193,2026-05-01,58,Integrations,9
U0019620,C1193,2026-08-01,46,Reports,11
U0019621,C1193,2026-09-01,75,Automation,12
U0019622,C1194,2025-02-01,53,API,19
U0019623,C1194,2025-03-01,30,Dashboard,2
U0019624,C1194,2025-04-01,44,Integrations,17
U0019625,C1194,2025-06-01,51,Integrations,12
U0019626,C1194,2025-08-01,76,Automation,4
U0019627,C1194,2025-10-01,77,Automation,8
U0019628,C1194,2025-11-01,38,Automation,4
U0019629,C1194,2026-01-01,60,Dashboard,5
U0019630,C1194,2026-02-01,67,API,4
U0019631,C1194,2026-03-01,5,Reports,6
U0019632,C1194,2026-04-01,12,Integrations,16
U0019633,C1194,2026-05-01,24,API,6
U0019634,C1194,2026-07-01,35,Automation,17
U0019635,C1194,2026-08-01,64,API,13
U0019636,C1194,2026-09-01,53,Integrations,18
U0019637,C1195,2025-02-01,58,Integrations,1
U0019638,C1195,2025-03-01,39,Dashboard,11
U0019639,C1195,2025-04-01,10,Exports,1
U0019640,C1195,2025-06-01,16,Exports,17
U0019641,C1195,2025-07-01,28,Integrations,1
U0019642,C1195,2025-08-01,14,API,14
U0019643,C1195,2025-09-01,78,Dashboard,5
U0019644,C1195,2025-10-01,54,Integrations,9
U0019645,C1195,2025-11-01,68,Dashboard,2
U0019646,C1195,2025-12-01,73,API,14
U0019647,C1195,2026-01-01,37,Exports,19
U0019648,C1195,2026-02-01,44,Integrations,17
U0019649,C1195,2026-03-01,61,Reports,6
U0019650,C1195,2026-04-01,63,Automation,16
U0019651,C1195,2026-05-01,31,API,3
U0019652,C1195,2026-06-01,34,Dashboard,5
U0019653,C1195,2026-07-01,6,Dashboard,15
U0019654,C1195,2026-08-01,26,Integrations,7
U0019655,C1195,2026-09-01,48,Automation,17
U0019656,C1196,2025-04-01,44,Dashboard,4
U0019657,C1196,2025-06-01,8,API,5
U0019658,C1196,2025-08-01,3,Dashboard,6
U0019659,C1196,2025-09-01,72,Exports,2
U0019660,C1196,2025-10-01,59,Reports,16
U0019661,C1196,2025-11-01,2,Integrations,2
U0019662,C1196,2025-12-01,18,API,9
U0019663,C1196,2026-01-01,11,Integrations,1
U0019664,C1196,2026-02-01,18,Exports,15
U0019665,C1196,2026-03-01,6,Integrations,7
U0019666,C1196,2026-04-01,63,Automation,7
U0019667,C1196,2026-05-01,77,Automation,4
U0019668,C1196,2026-06-01,21,Reports,12
U0019669,C1196,2026-07-01,34,API,13
U0019670,C1196,2026-08-01,18,Integrations,15
U0019671,C1196,2026-09-01,8,API,17
U0019672,C1197,2025-01-01,54,Dashboard,13
U0019673,C1197,2025-02-01,42,Reports,4
U0019674,C1197,2025-03-01,58,Integrations,5
U0019675,C1197,2025-04-01,66,API,1
U0019676,C1197,2025-06-01,56,Integrations,2
U0019677,C1197,2025-07-01,69,Dashboard,18
U0019678,C1197,2025-08-01,1,API,3
U0019679,C1197,2025-09-01,54,Reports,10
U0019680,C1197,2025-10-01,54,Exports,12
U0019681,C1197,2025-11-01,16,Dashboard,7
U0019682,C1197,2026-01-01,14,Reports,18
U0019683,C1197,2026-02-01,77,Automation,5
U0019684,C1197,2026-03-01,58,Exports,9
U0019685,C1197,2026-04-01,40,Exports,2
U0019686,C1197,2026-06-01,23,Exports,9
U0019687,C1197,2026-07-01,65,API,12
U0019688,C1197,2026-08-01,28,Reports,4
U0019689,C1197,2026-09-01,48,Reports,2
U0019690,C1198,2025-01-01,28,Automation,13
U0019691,C1198,2025-02-01,53,Exports,13
U0019692,C1198,2025-03-01,57,Reports,19
U0019693,C1198,2025-05-01,49,Integrations,2
U0019694,C1198,2025-08-01,70,Reports,19
U0019695,C1198,2025-09-01,50,Integrations,8
U0019696,C1198,2025-10-01,55,API,13
U0019697,C1198,2025-11-01,21,API,5
U0019698,C1198,2026-01-01,59,Automation,14
U0019699,C1198,2026-03-01,23,Dashboard,7
U0019700,C1198,2026-04-01,5,Integrations,16
U0019701,C1198,2026-06-01,25,Automation,7
U0019702,C1198,2026-07-01,15,Automation,3
U0019703,C1198,2026-08-01,40,Dashboard,9
U0019704,C1199,2025-01-01,23,API,14
U0019705,C1199,2025-03-01,79,Reports,8
U0019706,C1199,2025-04-01,62,API,5
U0019707,C1199,2025-05-01,51,Exports,16
U0019708,C1199,2025-07-01,56,Exports,11
U0019709,C1199,2025-08-01,8,Exports,5
U0019710,C1199,2025-09-01,33,API,14
U0019711,C1199,2025-10-01,50,API,5
U0019712,C1199,2025-11-01,73,Automation,1
U0019713,C1199,2025-12-01,69,Integrations,8
U0019714,C1199,2026-01-01,73,API,1
U0019715,C1199,2026-02-01,39,Automation,15
U0019716,C1199,2026-03-01,12,Reports,6
U0019717,C1199,2026-04-01,41,Exports,3
U0019718,C1199,2026-05-01,11,Exports,6
U0019719,C1199,2026-06-01,43,Dashboard,4
U0019720,C1199,2026-07-01,55,Integrations,11
U0019721,C1200,2025-01-01,9,Exports,17
U0019722,C1200,2025-03-01,37,Reports,10
U0019723,C1200,2025-04-01,3,Dashboard,4
U0019724,C1200,2025-05-01,37,Reports,10
U0019725,C1200,2025-06-01,2,Dashboard,14
U0019726,C1200,2025-07-01,8,API,5
U0019727,C1200,2025-10-01,20,Reports,3
U0019728,C1200,2025-11-01,56,API,1
U0019729,C1200,2026-01-01,73,Reports,12
U0019730,C1200,2026-02-01,64,Exports,8
U0019731,C1200,2026-03-01,33,API,12
U0019732,C1200,2026-05-01,3,API,18
U0019733,C1200,2026-06-01,19,Exports,2
U0019734,C1200,2026-07-01,71,Dashboard,15
U0019735,C1200,2026-09-01,25,API,1
U0019736,C1201,2025-01-01,19,Integrations,15
U0019737,C1201,2025-02-01,27,Integrations,2
U0019738,C1201,2025-03-01,74,Dashboard,1
U0019739,C1201,2025-04-01,57,Exports,7
U0019740,C1201,2025-05-01,35,Integrations,16
U0019741,C1201,2025-06-01,33,Exports,14
U0019742,C1201,2025-07-01,37,Exports,15
U0019743,C1201,2025-08-01,71,Exports,2
U0019744,C1201,2025-09-01,42,Exports,16
U0019745,C1201,2025-10-01,32,Exports,3
U0019746,C1201,2025-11-01,59,Reports,3
U0019747,C1201,2026-02-01,13,Automation,15
U0019748,C1201,2026-03-01,8,Exports,5
U0019749,C1201,2026-04-01,47,Integrations,2
U0019750,C1201,2026-05-01,11,Reports,5
U0019751,C1201,2026-06-01,78,Dashboard,7
U0019752,C1201,2026-07-01,12,Integrations,12
U0019753,C1201,2026-09-01,40,API,5
U0019754,C1202,2025-01-01,72,API,1
U0019755,C1202,2025-02-01,56,Dashboard,16
U0019756,C1202,2025-03-01,26,API,5
U0019757,C1202,2025-05-01,60,Integrations,7
U0019758,C1202,2025-06-01,36,Reports,4
U0019759,C1202,2025-07-01,33,Dashboard,5
U0019760,C1202,2025-08-01,3,API,15
U0019761,C1202,2025-09-01,30,Dashboard,16
U0019762,C1202,2025-11-01,15,Integrations,8
U0019763,C1202,2025-12-01,33,Dashboard,17
U0019764,C1202,2026-02-01,43,Integrations,7
U0019765,C1202,2026-03-01,79,Reports,16
U0019766,C1202,2026-04-01,60,Automation,10
U0019767,C1202,2026-05-01,39,Exports,18
U0019768,C1202,2026-06-01,14,Exports,10
U0019769,C1202,2026-08-01,34,Exports,19
U0019770,C1202,2026-09-01,30,Reports,18
U0019771,C1203,2025-01-01,66,API,17
U0019772,C1203,2025-03-01,39,Automation,4
U0019773,C1203,2025-05-01,27,Dashboard,9
U0019774,C1203,2025-07-01,54,Reports,16
U0019775,C1203,2025-08-01,14,Dashboard,10
U0019776,C1203,2025-09-01,68,Reports,14
U0019777,C1203,2025-10-01,40,Automation,4
U0019778,C1203,2025-11-01,58,Exports,6
U0019779,C1203,2025-12-01,55,Integrations,15
U0019780,C1203,2026-01-01,44,Dashboard,1
U0019781,C1203,2026-02-01,76,Exports,18
U0019782,C1203,2026-03-01,49,API,11
U0019783,C1203,2026-04-01,55,Dashboard,8
U0019784,C1203,2026-05-01,12,Integrations,9
U0019785,C1203,2026-06-01,42,Automation,11
U0019786,C1203,2026-07-01,12,Automation,2
U0019787,C1203,2026-08-01,22,Dashboard,3
U0019788,C1203,2026-09-01,74,Automation,11
U0019789,C1204,2025-01-01,61,API,15
U0019790,C1204,2025-03-01,32,Dashboard,5
U0019791,C1204,2025-04-01,41,Integrations,16
U0019792,C1204,2025-05-01,14,Integrations,6
U0019793,C1204,2025-06-01,44,Exports,17
U0019794,C1204,2025-07-01,4,Exports,7
U0019795,C1204,2025-08-01,6,Reports,5
U0019796,C1204,2025-09-01,78,Integrations,13
U0019797,C1204,2025-12-01,26,Dashboard,5
U0019798,C1204,2026-01-01,24,Dashboard,16
U0019799,C1204,2026-02-01,38,Reports,5
U0019800,C1204,2026-03-01,3,Automation,9
U0019801,C1204,2026-06-01,34,Dashboard,2
U0019802,C1204,2026-07-01,58,Exports,13
U0019803,C1204,2026-08-01,10,Exports,14
U0019804,C1204,2026-09-01,75,Integrations,2
U0019805,C1205,2025-02-01,55,Reports,4
U0019806,C1205,2025-03-01,28,Integrations,9
U0019807,C1205,2025-04-01,39,Automation,4
U0019808,C1205,2025-05-01,16,Integrations,2
U0019809,C1205,2025-07-01,7,Dashboard,16
U0019810,C1205,2025-09-01,30,API,15
U0019811,C1205,2025-10-01,20,API,1
U0019812,C1205,2025-11-01,13,Dashboard,11
U0019813,C1205,2025-12-01,69,API,16
U0019814,C1205,2026-02-01,61,Dashboard,15
U0019815,C1205,2026-05-01,45,Dashboard,4
U0019816,C1205,2026-07-01,69,Integrations,4
U0019817,C1205,2026-08-01,78,Dashboard,15
U0019818,C1206,2025-01-01,26,API,8
U0019819,C1206,2025-02-01,71,Integrations,9
U0019820,C1206,2025-03-01,4,Integrations,5
U0019821,C1206,2025-04-01,68,Dashboard,2
U0019822,C1206,2025-05-01,55,API,17
U0019823,C1206,2025-06-01,51,Automation,6
U0019824,C1206,2025-07-01,32,Reports,5
U0019825,C1206,2025-09-01,34,Dashboard,3
U0019826,C1206,2025-10-01,73,Integrations,9
U0019827,C1206,2025-11-01,8,Dashboard,9
U0019828,C1206,2025-12-01,68,Reports,15
U0019829,C1206,2026-01-01,3,API,7
U0019830,C1206,2026-02-01,18,Dashboard,16
U0019831,C1206,2026-03-01,67,Exports,7
U0019832,C1206,2026-05-01,68,API,11
U0019833,C1206,2026-06-01,79,Automation,10
U0019834,C1206,2026-07-01,33,Exports,4
U0019835,C1207,2025-01-01,70,API,8
U0019836,C1207,2025-02-01,65,Automation,4
U0019837,C1207,2025-03-01,47,Reports,9
U0019838,C1207,2025-04-01,51,Automation,10
U0019839,C1207,2025-05-01,66,Integrations,12
U0019840,C1207,2025-06-01,59,Exports,8
U0019841,C1207,2025-08-01,74,Integrations,18
U0019842,C1207,2025-09-01,79,Exports,1
U0019843,C1207,2025-10-01,17,Automation,12
U0019844,C1207,2025-11-01,2,API,11
U0019845,C1207,2025-12-01,19,Exports,11
U0019846,C1207,2026-01-01,28,Dashboard,12
U0019847,C1207,2026-02-01,26,Exports,2
U0019848,C1207,2026-03-01,75,Automation,17
U0019849,C1207,2026-04-01,64,Automation,16
U0019850,C1207,2026-05-01,65,Integrations,4
U0019851,C1207,2026-06-01,42,Integrations,13
U0019852,C1207,2026-07-01,61,Reports,6
U0019853,C1207,2026-09-01,70,Reports,13
U0019854,C1208,2025-01-01,43,Integrations,2
U0019855,C1208,2025-02-01,4,Dashboard,1
U0019856,C1208,2025-03-01,29,Exports,6
U0019857,C1208,2025-04-01,76,API,5
U0019858,C1208,2025-05-01,59,Automation,5
U0019859,C1208,2025-06-01,35,Automation,1
U0019860,C1208,2025-07-01,60,API,8
U0019861,C1208,2025-08-01,77,API,19
U0019862,C1208,2025-11-01,78,Integrations,12
U0019863,C1208,2025-12-01,66,Dashboard,6
U0019864,C1208,2026-02-01,34,Dashboard,11
U0019865,C1208,2026-04-01,73,Automation,8
U0019866,C1208,2026-05-01,2,Dashboard,7
U0019867,C1208,2026-07-01,1,Dashboard,3
U0019868,C1208,2026-08-01,28,Automation,1
U0019869,C1208,2026-09-01,23,Automation,14
U0019870,C1209,2025-02-01,42,Dashboard,6
U0019871,C1209,2025-03-01,49,Exports,8
U0019872,C1209,2025-04-01,5,Automation,3
U0019873,C1209,2025-05-01,5,Dashboard,15
U0019874,C1209,2025-06-01,24,API,19
U0019875,C1209,2025-07-01,30,Integrations,1
U0019876,C1209,2025-08-01,25,Dashboard,19
U0019877,C1209,2025-10-01,54,Reports,14
U0019878,C1209,2025-11-01,27,API,2
U0019879,C1209,2026-01-01,34,Integrations,1
U0019880,C1209,2026-04-01,41,API,6
U0019881,C1209,2026-07-01,69,Integrations,2
U0019882,C1209,2026-09-01,56,Reports,15
U0019883,C1210,2025-01-01,21,Automation,18
U0019884,C1210,2025-02-01,22,Automation,19
U0019885,C1210,2025-03-01,18,Exports,15
U0019886,C1210,2025-05-01,59,API,17
U0019887,C1210,2025-06-01,33,Automation,11
U0019888,C1210,2025-08-01,46,Dashboard,17
U0019889,C1210,2025-11-01,11,Automation,14
U0019890,C1210,2025-12-01,20,Dashboard,16
U0019891,C1210,2026-01-01,19,Exports,16
U0019892,C1210,2026-03-01,39,Reports,4
U0019893,C1210,2026-04-01,78,Exports,2
U0019894,C1210,2026-05-01,48,Dashboard,7
U0019895,C1210,2026-06-01,24,API,16
U0019896,C1210,2026-07-01,13,API,6
U0019897,C1210,2026-08-01,52,Reports,5
U0019898,C1210,2026-09-01,28,Dashboard,6
U0019899,C1211,2025-01-01,70,Exports,8
U0019900,C1211,2025-02-01,5,Integrations,5
U0019901,C1211,2025-03-01,66,API,1
U0019902,C1211,2025-04-01,6,Reports,17
U0019903,C1211,2025-05-01,48,Dashboard,15
U0019904,C1211,2025-06-01,70,API,6
U0019905,C1211,2025-07-01,57,Dashboard,16
U0019906,C1211,2025-08-01,18,Reports,5
U0019907,C1211,2025-09-01,72,Reports,12
U0019908,C1211,2025-10-01,42,Exports,6
U0019909,C1211,2025-11-01,16,Dashboard,3
U0019910,C1211,2025-12-01,54,Integrations,13
U0019911,C1211,2026-01-01,19,Exports,2
U0019912,C1211,2026-02-01,39,Reports,7
U0019913,C1211,2026-03-01,28,API,6
U0019914,C1211,2026-04-01,17,Automation,1
U0019915,C1211,2026-05-01,74,Reports,2
U0019916,C1211,2026-06-01,71,API,11
U0019917,C1211,2026-07-01,2,Reports,16
U0019918,C1211,2026-08-01,28,Exports,17
U0019919,C1211,2026-09-01,14,Automation,9
U0019920,C1212,2025-01-01,52,Dashboard,11
U0019921,C1212,2025-03-01,27,Integrations,6
U0019922,C1212,2025-04-01,22,Reports,6
U0019923,C1212,2025-05-01,65,Exports,15
U0019924,C1212,2025-06-01,16,API,16
U0019925,C1212,2025-07-01,9,Exports,1
U0019926,C1212,2025-08-01,29,Automation,1
U0019927,C1212,2025-09-01,17,Dashboard,5
U0019928,C1212,2025-10-01,28,Automation,2
U0019929,C1212,2025-11-01,20,Exports,17
U0019930,C1212,2025-12-01,53,Dashboard,19
U0019931,C1212,2026-01-01,14,Dashboard,4
U0019932,C1212,2026-02-01,24,Integrations,14
U0019933,C1212,2026-03-01,62,API,8
U0019934,C1212,2026-04-01,69,Exports,15
U0019935,C1212,2026-05-01,9,Exports,7
U0019936,C1212,2026-06-01,71,Integrations,19
U0019937,C1212,2026-08-01,33,API,9
U0019938,C1212,2026-09-01,52,Dashboard,17
U0019939,C1213,2025-01-01,5,Dashboard,8
U0019940,C1213,2025-02-01,41,Exports,2
U0019941,C1213,2025-03-01,12,Automation,14
U0019942,C1213,2025-07-01,30,API,12
U0019943,C1213,2025-10-01,23,Dashboard,3
U0019944,C1213,2025-11-01,69,Exports,17
U0019945,C1213,2025-12-01,17,Dashboard,6
U0019946,C1213,2026-01-01,66,Integrations,9
U0019947,C1213,2026-02-01,63,API,5
U0019948,C1213,2026-03-01,10,Integrations,15
U0019949,C1213,2026-04-01,13,Reports,5
U0019950,C1213,2026-05-01,11,Reports,2
U0019951,C1213,2026-07-01,27,Reports,3
U0019952,C1214,2025-02-01,20,Reports,8
U0019953,C1214,2025-03-01,27,Dashboard,10
U0019954,C1214,2025-04-01,12,Reports,19
U0019955,C1214,2025-06-01,26,Integrations,2
U0019956,C1214,2025-07-01,68,Dashboard,19
U0019957,C1214,2025-08-01,44,Dashboard,2
U0019958,C1214,2025-09-01,15,Integrations,18
U0019959,C1214,2025-10-01,8,Reports,10
U0019960,C1214,2025-11-01,12,Reports,17
U0019961,C1214,2025-12-01,31,Dashboard,1
U0019962,C1214,2026-02-01,22,Reports,15
U0019963,C1214,2026-05-01,64,Automation,5
U0019964,C1214,2026-06-01,40,Integrations,14
U0019965,C1214,2026-07-01,16,Reports,14
U0019966,C1214,2026-08-01,66,API,4
U0019967,C1214,2026-09-01,66,API,9
U0019968,C1215,2025-01-01,60,Reports,11
U0019969,C1215,2025-02-01,7,Automation,1
U0019970,C1215,2025-03-01,70,Automation,7
U0019971,C1215,2025-04-01,17,Integrations,19
U0019972,C1215,2025-07-01,4,Exports,17
U0019973,C1215,2025-08-01,58,Dashboard,1
U0019974,C1215,2025-10-01,21,Integrations,11
U0019975,C1215,2025-11-01,20,Integrations,17
U0019976,C1215,2025-12-01,46,Automation,6
U0019977,C1215,2026-01-01,37,Exports,7
U0019978,C1215,2026-03-01,52,Dashboard,7
U0019979,C1215,2026-04-01,6,Dashboard,11
U0019980,C1215,2026-05-01,56,Reports,5
U0019981,C1215,2026-07-01,20,Exports,19
U0019982,C1215,2026-08-01,37,Dashboard,10
U0019983,C1215,2026-09-01,50,API,5
U0019984,C1216,2025-01-01,24,Exports,10
U0019985,C1216,2025-02-01,6,Reports,3
U0019986,C1216,2025-03-01,36,Dashboard,12
U0019987,C1216,2025-04-01,15,Integrations,11
U0019988,C1216,2025-05-01,48,Exports,8
U0019989,C1216,2025-06-01,47,Automation,6
U0019990,C1216,2025-07-01,4,Dashboard,6
U0019991,C1216,2025-08-01,1,Integrations,17
U0019992,C1216,2025-09-01,44,Automation,3
U0019993,C1216,2025-10-01,35,Automation,15
U0019994,C1216,2025-11-01,8,Exports,10
U0019995,C1216,2025-12-01,37,Integrations,11
U0019996,C1216,2026-04-01,17,Reports,14
U0019997,C1216,2026-05-01,38,API,5
U0019998,C1216,2026-06-01,62,Integrations,12
U0019999,C1216,2026-07-01,3,Exports,19
U0020000,C1216,2026-08-01,74,Reports,10
U0020001,C1216,2026-09-01,15,Automation,15
U0020002,C1217,2025-01-01,25,Dashboard,9
U0020003,C1217,2025-02-01,28,Reports,8
U0020004,C1217,2025-03-01,37,Reports,16
U0020005,C1217,2025-05-01,18,API,2
U0020006,C1217,2025-06-01,45,API,7
U0020007,C1217,2025-07-01,79,Dashboard,3
U0020008,C1217,2025-08-01,1,Automation,18
U0020009,C1217,2025-09-01,29,Automation,11
U0020010,C1217,2025-10-01,39,Reports,16
U0020011,C1217,2025-11-01,66,Exports,4
U0020012,C1217,2025-12-01,32,Reports,16
U0020013,C1217,2026-01-01,49,Dashboard,5
U0020014,C1217,2026-02-01,30,Exports,4
U0020015,C1217,2026-03-01,14,Dashboard,11
U0020016,C1217,2026-04-01,12,Dashboard,19
U0020017,C1217,2026-05-01,5,Automation,17
U0020018,C1217,2026-07-01,57,Dashboard,13
U0020019,C1217,2026-08-01,51,Dashboard,19
U0020020,C1218,2025-01-01,12,Dashboard,17
U0020021,C1218,2025-02-01,38,Exports,11
U0020022,C1218,2025-03-01,78,Integrations,10
U0020023,C1218,2025-05-01,71,Automation,11
U0020024,C1218,2025-06-01,24,Exports,17
U0020025,C1218,2025-07-01,21,Dashboard,1
U0020026,C1218,2025-08-01,77,Integrations,19
U0020027,C1218,2025-09-01,78,Dashboard,7
U0020028,C1218,2025-10-01,48,Integrations,9
U0020029,C1218,2025-11-01,20,Automation,15
U0020030,C1218,2025-12-01,50,Automation,11
U0020031,C1218,2026-01-01,30,Automation,4
U0020032,C1218,2026-02-01,50,Automation,6
U0020033,C1218,2026-03-01,67,Automation,5
U0020034,C1218,2026-04-01,76,Integrations,2
U0020035,C1218,2026-05-01,75,API,18
U0020036,C1218,2026-06-01,34,Reports,5
U0020037,C1218,2026-07-01,47,Exports,7
U0020038,C1218,2026-08-01,78,Exports,1
U0020039,C1218,2026-09-01,51,Integrations,6
U0020040,C1219,2025-01-01,73,Dashboard,1
U0020041,C1219,2025-02-01,57,Exports,10
U0020042,C1219,2025-04-01,73,API,5
U0020043,C1219,2025-06-01,35,Integrations,2
U0020044,C1219,2025-08-01,9,Integrations,11
U0020045,C1219,2025-10-01,16,Dashboard,15
U0020046,C1219,2025-11-01,28,Exports,14
U0020047,C1219,2026-01-01,72,Exports,11
U0020048,C1219,2026-02-01,57,Reports,15
U0020049,C1219,2026-03-01,70,Exports,14
U0020050,C1219,2026-04-01,62,API,16
U0020051,C1219,2026-05-01,78,Dashboard,3
U0020052,C1219,2026-06-01,42,Automation,3
U0020053,C1219,2026-07-01,60,Dashboard,2
U0020054,C1219,2026-08-01,31,Exports,2
U0020055,C1219,2026-09-01,43,Integrations,4
U0020056,C1220,2025-01-01,33,API,8
U0020057,C1220,2025-03-01,63,Integrations,4
U0020058,C1220,2025-04-01,43,Exports,1
U0020059,C1220,2025-05-01,76,Integrations,5
U0020060,C1220,2025-06-01,30,Reports,17
U0020061,C1220,2025-08-01,38,Dashboard,12
U0020062,C1220,2025-09-01,12,Dashboard,19
U0020063,C1220,2025-10-01,48,Exports,12
U0020064,C1220,2025-11-01,49,API,7
U0020065,C1220,2025-12-01,20,API,2
U0020066,C1220,2026-01-01,27,Dashboard,14
U0020067,C1220,2026-03-01,49,Dashboard,11
U0020068,C1220,2026-04-01,62,API,10
U0020069,C1220,2026-05-01,18,Dashboard,18
U0020070,C1220,2026-06-01,61,Integrations,4
U0020071,C1220,2026-07-01,14,Integrations,10
U0020072,C1220,2026-08-01,78,Integrations,13
U0020073,C1220,2026-09-01,8,Integrations,4
U0020074,C1221,2025-01-01,65,Automation,13
U0020075,C1221,2025-02-01,42,Reports,11
U0020076,C1221,2025-03-01,38,Integrations,10
U0020077,C1221,2025-04-01,12,Reports,5
U0020078,C1221,2025-05-01,73,API,12
U0020079,C1221,2025-06-01,66,Dashboard,10
U0020080,C1221,2025-07-01,12,Reports,1
U0020081,C1221,2025-08-01,58,Exports,6
U0020082,C1221,2025-09-01,72,Automation,3
U0020083,C1221,2025-10-01,52,Dashboard,11
U0020084,C1221,2025-11-01,5,Integrations,2
U0020085,C1221,2025-12-01,67,Integrations,5
U0020086,C1221,2026-02-01,78,Exports,1
U0020087,C1221,2026-05-01,30,Exports,11
U0020088,C1221,2026-07-01,25,Exports,4
U0020089,C1221,2026-08-01,28,Reports,8
U0020090,C1222,2025-01-01,25,Integrations,6
U0020091,C1222,2025-02-01,53,Exports,5
U0020092,C1222,2025-04-01,65,Integrations,10
U0020093,C1222,2025-05-01,76,Reports,15
U0020094,C1222,2025-07-01,61,Dashboard,19
U0020095,C1222,2025-10-01,1,Automation,12
U0020096,C1222,2026-01-01,13,Integrations,14
U0020097,C1222,2026-02-01,20,Dashboard,19
U0020098,C1222,2026-03-01,7,Dashboard,17
U0020099,C1222,2026-04-01,76,Reports,1
U0020100,C1222,2026-06-01,4,Integrations,3
U0020101,C1222,2026-07-01,60,Automation,3
U0020102,C1222,2026-08-01,8,Integrations,8
U0020103,C1223,2025-01-01,52,API,13
U0020104,C1223,2025-02-01,49,Integrations,14
U0020105,C1223,2025-03-01,36,Integrations,13
U0020106,C1223,2025-04-01,43,Exports,18
U0020107,C1223,2025-05-01,32,Exports,17
U0020108,C1223,2025-06-01,78,Automation,13
U0020109,C1223,2025-08-01,12,Dashboard,10
U0020110,C1223,2025-09-01,12,Automation,9
U0020111,C1223,2025-10-01,76,Dashboard,16
U0020112,C1223,2025-11-01,70,Reports,12
U0020113,C1223,2025-12-01,59,Exports,4
U0020114,C1223,2026-01-01,65,Exports,17
U0020115,C1223,2026-02-01,17,Dashboard,19
U0020116,C1223,2026-03-01,75,Automation,11
U0020117,C1223,2026-05-01,47,Exports,18
U0020118,C1223,2026-06-01,48,API,9
U0020119,C1223,2026-07-01,21,Integrations,11
U0020120,C1223,2026-09-01,42,API,13
U0020121,C1224,2025-01-01,37,Dashboard,5
U0020122,C1224,2025-02-01,76,Dashboard,15
U0020123,C1224,2025-03-01,15,Dashboard,17
U0020124,C1224,2025-04-01,29,Dashboard,3
U0020125,C1224,2025-05-01,12,Dashboard,11
U0020126,C1224,2025-06-01,58,Automation,9
U0020127,C1224,2025-07-01,34,Exports,2
U0020128,C1224,2025-08-01,5,Reports,10
U0020129,C1224,2025-09-01,77,API,5
U0020130,C1224,2025-10-01,51,API,7
U0020131,C1224,2025-11-01,41,Reports,9
U0020132,C1224,2026-01-01,35,Reports,4
U0020133,C1224,2026-02-01,76,Automation,10
U0020134,C1224,2026-05-01,24,Automation,4
U0020135,C1224,2026-07-01,49,Reports,14
U0020136,C1224,2026-08-01,58,API,10
U0020137,C1224,2026-09-01,3,API,12
U0020138,C1225,2025-01-01,29,Automation,8
U0020139,C1225,2025-02-01,24,Exports,16
U0020140,C1225,2025-03-01,19,Dashboard,3
U0020141,C1225,2025-04-01,75,Integrations,12
U0020142,C1225,2025-05-01,42,Integrations,11
U0020143,C1225,2025-06-01,34,Automation,8
U0020144,C1225,2025-07-01,53,API,10
U0020145,C1225,2025-08-01,55,Integrations,3
U0020146,C1225,2025-10-01,9,Automation,8
U0020147,C1225,2025-11-01,33,Exports,18
U0020148,C1225,2025-12-01,16,Automation,5
U0020149,C1225,2026-01-01,18,Reports,11
U0020150,C1225,2026-02-01,40,Integrations,3
U0020151,C1225,2026-03-01,66,Dashboard,2
U0020152,C1225,2026-04-01,27,Integrations,14
U0020153,C1225,2026-05-01,11,Automation,6
U0020154,C1225,2026-06-01,76,Dashboard,3
U0020155,C1225,2026-07-01,57,Integrations,7
U0020156,C1225,2026-08-01,61,Dashboard,12
U0020157,C1225,2026-09-01,60,Dashboard,19
U0020158,C1226,2025-01-01,63,Automation,13
U0020159,C1226,2025-03-01,51,Dashboard,11
U0020160,C1226,2025-04-01,6,Exports,16
U0020161,C1226,2025-05-01,60,Automation,11
U0020162,C1226,2025-07-01,16,Dashboard,12
U0020163,C1226,2025-08-01,78,Integrations,19
U0020164,C1226,2025-10-01,10,Automation,7
U0020165,C1226,2025-11-01,73,Dashboard,1
U0020166,C1226,2025-12-01,54,Exports,11
U0020167,C1226,2026-01-01,69,API,5
U0020168,C1226,2026-02-01,74,API,10
U0020169,C1226,2026-03-01,1,Integrations,18
U0020170,C1226,2026-05-01,19,Dashboard,14
U0020171,C1226,2026-07-01,17,Exports,4
U0020172,C1226,2026-08-01,39,Automation,11
U0020173,C1226,2026-09-01,78,Integrations,11
U0020174,C1227,2025-01-01,31,Dashboard,9
U0020175,C1227,2025-02-01,56,Automation,14
U0020176,C1227,2025-03-01,77,API,19
U0020177,C1227,2025-05-01,23,Exports,19
U0020178,C1227,2025-06-01,71,Dashboard,13
U0020179,C1227,2025-07-01,14,API,8
U0020180,C1227,2025-08-01,39,Integrations,2
U0020181,C1227,2025-10-01,13,Dashboard,15
U0020182,C1227,2025-11-01,74,Integrations,2
U0020183,C1227,2025-12-01,53,Reports,14
U0020184,C1227,2026-01-01,38,Dashboard,7
U0020185,C1227,2026-02-01,62,API,9
U0020186,C1227,2026-03-01,58,Reports,10
U0020187,C1227,2026-05-01,4,Integrations,3
U0020188,C1227,2026-06-01,43,Exports,6
U0020189,C1227,2026-07-01,30,Reports,5
U0020190,C1227,2026-08-01,13,Exports,17
U0020191,C1228,2025-01-01,8,API,2
U0020192,C1228,2025-04-01,22,Exports,11
U0020193,C1228,2025-05-01,78,Integrations,3
U0020194,C1228,2025-06-01,76,Automation,8
U0020195,C1228,2025-07-01,5,Automation,16
U0020196,C1228,2025-08-01,71,Dashboard,7
U0020197,C1228,2025-09-01,33,Integrations,16
U0020198,C1228,2025-10-01,62,Dashboard,4
U0020199,C1228,2025-11-01,40,Automation,3
U0020200,C1228,2025-12-01,46,Dashboard,18
U0020201,C1228,2026-01-01,48,Automation,12
U0020202,C1228,2026-02-01,32,Exports,3
U0020203,C1228,2026-03-01,60,Automation,5
U0020204,C1228,2026-04-01,47,Integrations,16
U0020205,C1228,2026-07-01,62,Reports,18
U0020206,C1228,2026-08-01,5,Automation,7
U0020207,C1228,2026-09-01,63,Dashboard,4
U0020208,C1229,2025-01-01,63,Reports,13
U0020209,C1229,2025-02-01,75,Integrations,4
U0020210,C1229,2025-03-01,30,Automation,10
U0020211,C1229,2025-04-01,45,API,9
U0020212,C1229,2025-05-01,75,Automation,7
U0020213,C1229,2025-06-01,54,API,12
U0020214,C1229,2025-07-01,19,Automation,15
U0020215,C1229,2025-08-01,59,Automation,9
U0020216,C1229,2025-09-01,35,API,2
U0020217,C1229,2025-10-01,44,Dashboard,14
U0020218,C1229,2025-11-01,71,Integrations,19
U0020219,C1229,2025-12-01,52,API,16
U0020220,C1229,2026-01-01,52,Reports,4
U0020221,C1229,2026-03-01,28,Automation,2
U0020222,C1229,2026-04-01,16,Integrations,12
U0020223,C1229,2026-05-01,17,Exports,6
U0020224,C1229,2026-06-01,53,API,5
U0020225,C1229,2026-07-01,56,Automation,13
U0020226,C1229,2026-09-01,61,Reports,4
U0020227,C1230,2025-03-01,58,Dashboard,2
U0020228,C1230,2025-04-01,7,Integrations,11
U0020229,C1230,2025-05-01,70,Dashboard,5
U0020230,C1230,2025-06-01,64,API,15
U0020231,C1230,2025-07-01,34,Exports,4
U0020232,C1230,2025-08-01,20,Dashboard,6
U0020233,C1230,2025-09-01,41,Automation,8
U0020234,C1230,2025-10-01,44,Exports,8
U0020235,C1230,2025-11-01,44,Dashboard,15
U0020236,C1230,2025-12-01,76,Exports,5
U0020237,C1230,2026-01-01,58,Automation,3
U0020238,C1230,2026-02-01,62,Dashboard,18
U0020239,C1230,2026-03-01,53,Automation,11
U0020240,C1230,2026-04-01,7,Exports,16
U0020241,C1230,2026-05-01,21,Integrations,7
U0020242,C1230,2026-06-01,63,Dashboard,15
U0020243,C1230,2026-07-01,45,Automation,16
U0020244,C1230,2026-08-01,60,Exports,2
U0020245,C1230,2026-09-01,68,API,5
U0020246,C1231,2025-01-01,66,Exports,6
U0020247,C1231,2025-02-01,18,Integrations,5
U0020248,C1231,2025-03-01,62,Dashboard,6
U0020249,C1231,2025-04-01,13,Exports,4
U0020250,C1231,2025-07-01,35,Reports,2
U0020251,C1231,2025-08-01,12,Reports,9
U0020252,C1231,2025-09-01,42,Integrations,1
U0020253,C1231,2025-10-01,28,Exports,6
U0020254,C1231,2025-11-01,71,Automation,3
U0020255,C1231,2025-12-01,47,Integrations,9
U0020256,C1231,2026-01-01,32,Automation,18
U0020257,C1231,2026-02-01,21,Reports,19
U0020258,C1231,2026-03-01,76,Dashboard,4
U0020259,C1231,2026-04-01,79,Automation,16
U0020260,C1231,2026-05-01,1,Integrations,13
U0020261,C1231,2026-06-01,49,API,18
U0020262,C1231,2026-07-01,56,Automation,15
U0020263,C1231,2026-08-01,39,Automation,12
U0020264,C1232,2025-02-01,12,Reports,16
U0020265,C1232,2025-03-01,19,Integrations,19
U0020266,C1232,2025-04-01,70,Integrations,11
U0020267,C1232,2025-05-01,57,Automation,13
U0020268,C1232,2025-07-01,56,Reports,14
U0020269,C1232,2025-09-01,57,API,5
U0020270,C1232,2025-10-01,27,Automation,6
U0020271,C1232,2025-12-01,74,Integrations,10
U0020272,C1232,2026-01-01,30,Integrations,2
U0020273,C1232,2026-02-01,68,Exports,19
U0020274,C1232,2026-03-01,41,Exports,12
U0020275,C1232,2026-04-01,43,Dashboard,17
U0020276,C1232,2026-05-01,44,Integrations,4
U0020277,C1232,2026-06-01,44,Reports,15
U0020278,C1232,2026-07-01,27,API,10
U0020279,C1232,2026-09-01,17,Dashboard,13
U0020280,C1233,2025-01-01,24,Reports,6
U0020281,C1233,2025-03-01,63,Exports,4
U0020282,C1233,2025-04-01,53,API,2
U0020283,C1233,2025-05-01,4,Exports,5
U0020284,C1233,2025-06-01,74,Automation,4
U0020285,C1233,2025-07-01,75,Automation,14
U0020286,C1233,2025-08-01,24,Reports,19
U0020287,C1233,2025-09-01,59,Reports,1
U0020288,C1233,2025-10-01,41,Reports,4
U0020289,C1233,2025-11-01,28,Exports,14
U0020290,C1233,2025-12-01,32,Dashboard,8
U0020291,C1233,2026-02-01,24,Dashboard,5
U0020292,C1233,2026-03-01,74,Integrations,13
U0020293,C1233,2026-04-01,12,API,13
U0020294,C1233,2026-05-01,5,Reports,11
U0020295,C1233,2026-08-01,77,API,2
U0020296,C1233,2026-09-01,34,Exports,15
U0020297,C1234,2025-01-01,62,Dashboard,10
U0020298,C1234,2025-02-01,50,Integrations,12
U0020299,C1234,2025-03-01,6,Exports,10
U0020300,C1234,2025-04-01,5,Reports,14
U0020301,C1234,2025-08-01,74,Automation,2
U0020302,C1234,2025-09-01,35,Exports,5
U0020303,C1234,2025-11-01,8,Integrations,5
U0020304,C1234,2025-12-01,33,Integrations,1
U0020305,C1234,2026-01-01,62,Exports,3
U0020306,C1234,2026-02-01,11,Exports,7
U0020307,C1234,2026-03-01,61,Dashboard,8
U0020308,C1234,2026-04-01,22,Dashboard,19
U0020309,C1234,2026-05-01,21,Automation,6
U0020310,C1234,2026-06-01,61,API,9
U0020311,C1234,2026-07-01,49,API,7
U0020312,C1234,2026-09-01,60,Integrations,14
U0020313,C1235,2025-01-01,63,Exports,13
U0020314,C1235,2025-02-01,21,API,9
U0020315,C1235,2025-03-01,41,Integrations,17
U0020316,C1235,2025-05-01,76,Integrations,8
U0020317,C1235,2025-06-01,19,Integrations,5
U0020318,C1235,2025-07-01,10,API,12
U0020319,C1235,2025-08-01,24,Automation,13
U0020320,C1235,2025-10-01,34,Integrations,18
U0020321,C1235,2025-11-01,42,Reports,2
U0020322,C1235,2025-12-01,31,Automation,15
U0020323,C1235,2026-02-01,52,Reports,11
U0020324,C1235,2026-03-01,58,Exports,5
U0020325,C1235,2026-05-01,3,Dashboard,8
U0020326,C1235,2026-06-01,39,API,18
U0020327,C1235,2026-07-01,24,Automation,1
U0020328,C1235,2026-08-01,72,Automation,18
U0020329,C1235,2026-09-01,62,Reports,5
U0020330,C1236,2025-01-01,61,API,14
U0020331,C1236,2025-04-01,10,API,19
U0020332,C1236,2025-05-01,19,API,19
U0020333,C1236,2025-06-01,65,Automation,7
U0020334,C1236,2025-07-01,24,Integrations,10
U0020335,C1236,2025-08-01,1,Automation,4
U0020336,C1236,2025-10-01,20,Reports,1
U0020337,C1236,2025-11-01,44,API,1
U0020338,C1236,2026-02-01,24,API,12
U0020339,C1236,2026-04-01,38,Automation,3
U0020340,C1236,2026-05-01,6,Exports,13
U0020341,C1236,2026-06-01,72,Automation,4
U0020342,C1236,2026-07-01,9,Reports,7
U0020343,C1236,2026-08-01,26,Exports,6
U0020344,C1237,2025-02-01,63,Dashboard,1
U0020345,C1237,2025-03-01,64,API,4
U0020346,C1237,2025-05-01,13,Exports,2
U0020347,C1237,2025-07-01,24,Dashboard,5
U0020348,C1237,2025-08-01,78,Integrations,17
U0020349,C1237,2025-10-01,53,Exports,12
U0020350,C1237,2025-11-01,75,Reports,9
U0020351,C1237,2025-12-01,32,Automation,10
U0020352,C1237,2026-03-01,8,Dashboard,11
U0020353,C1237,2026-04-01,43,Reports,7
U0020354,C1237,2026-05-01,62,Integrations,19
U0020355,C1237,2026-07-01,50,Automation,9
U0020356,C1237,2026-08-01,9,Integrations,17
U0020357,C1238,2025-01-01,27,Integrations,8
U0020358,C1238,2025-02-01,33,Exports,3
U0020359,C1238,2025-03-01,17,Integrations,12
U0020360,C1238,2025-04-01,38,Dashboard,15
U0020361,C1238,2025-05-01,53,Reports,14
U0020362,C1238,2025-07-01,43,Integrations,18
U0020363,C1238,2025-08-01,40,Integrations,15
U0020364,C1238,2025-09-01,34,API,2
U0020365,C1238,2025-10-01,21,Automation,18
U0020366,C1238,2025-11-01,27,Automation,19
U0020367,C1238,2025-12-01,17,Dashboard,1
U0020368,C1238,2026-01-01,74,Integrations,10
U0020369,C1238,2026-02-01,72,Dashboard,18
U0020370,C1238,2026-03-01,5,Integrations,14
U0020371,C1238,2026-04-01,32,Exports,5
U0020372,C1238,2026-05-01,28,Automation,18
U0020373,C1238,2026-06-01,54,Integrations,8
U0020374,C1238,2026-07-01,14,Exports,2
U0020375,C1238,2026-08-01,22,Reports,8
U0020376,C1238,2026-09-01,43,Exports,6
U0020377,C1239,2025-01-01,50,Dashboard,10
U0020378,C1239,2025-02-01,30,Integrations,15
U0020379,C1239,2025-03-01,79,API,16
U0020380,C1239,2025-04-01,21,Dashboard,9
U0020381,C1239,2025-06-01,24,Exports,9
U0020382,C1239,2025-08-01,49,Automation,16
U0020383,C1239,2025-09-01,55,Dashboard,6
U0020384,C1239,2025-10-01,1,Integrations,1
U0020385,C1239,2025-11-01,63,Automation,15
U0020386,C1239,2025-12-01,56,Automation,2
U0020387,C1239,2026-01-01,15,Reports,17
U0020388,C1239,2026-02-01,70,Automation,16
U0020389,C1239,2026-04-01,58,Reports,10
U0020390,C1239,2026-05-01,18,Integrations,8
U0020391,C1239,2026-06-01,72,API,10
U0020392,C1239,2026-07-01,71,Integrations,7
U0020393,C1239,2026-09-01,64,Exports,15
U0020394,C1240,2025-01-01,40,Exports,1
U0020395,C1240,2025-02-01,32,Dashboard,4
U0020396,C1240,2025-04-01,22,Exports,17
U0020397,C1240,2025-05-01,28,Automation,9
U0020398,C1240,2025-09-01,5,Exports,10
U0020399,C1240,2025-10-01,45,Reports,16
U0020400,C1240,2025-11-01,76,Integrations,8
U0020401,C1240,2025-12-01,33,Integrations,7
U0020402,C1240,2026-01-01,7,Automation,11
U0020403,C1240,2026-04-01,12,Reports,6
U0020404,C1240,2026-06-01,39,Automation,1
U0020405,C1240,2026-07-01,48,Integrations,8
U0020406,C1240,2026-08-01,36,Exports,5
U0020407,C1240,2026-09-01,6,Exports,17
U0020408,C1241,2025-01-01,30,API,19
U0020409,C1241,2025-04-01,36,API,19
U0020410,C1241,2025-05-01,63,Integrations,1
U0020411,C1241,2025-06-01,26,Integrations,1
U0020412,C1241,2025-07-01,36,Exports,18
U0020413,C1241,2025-08-01,77,Automation,19
U0020414,C1241,2025-11-01,62,Reports,6
U0020415,C1241,2026-01-01,23,Dashboard,11
U0020416,C1241,2026-02-01,56,Exports,3
U0020417,C1241,2026-03-01,31,Integrations,9
U0020418,C1241,2026-04-01,20,API,4
U0020419,C1241,2026-05-01,7,Exports,9
U0020420,C1241,2026-06-01,75,Reports,2
U0020421,C1241,2026-07-01,76,Integrations,5
U0020422,C1241,2026-08-01,71,API,8
U0020423,C1241,2026-09-01,76,Reports,15
U0020424,C1242,2025-01-01,6,API,16
U0020425,C1242,2025-03-01,10,Automation,1
U0020426,C1242,2025-04-01,9,Dashboard,17
U0020427,C1242,2025-05-01,40,Exports,7
U0020428,C1242,2025-09-01,75,Reports,11
U0020429,C1242,2025-10-01,70,Integrations,19
U0020430,C1242,2025-11-01,66,Integrations,8
U0020431,C1242,2026-02-01,58,Reports,11
U0020432,C1242,2026-03-01,23,Exports,12
U0020433,C1242,2026-04-01,42,Dashboard,9
U0020434,C1242,2026-08-01,74,Exports,7
U0020435,C1243,2025-01-01,58,Exports,14
U0020436,C1243,2025-02-01,56,Integrations,19
U0020437,C1243,2025-03-01,64,Automation,10
U0020438,C1243,2025-04-01,67,Dashboard,8
U0020439,C1243,2025-05-01,73,Exports,7
U0020440,C1243,2025-06-01,36,Automation,2
U0020441,C1243,2025-08-01,53,Exports,10
U0020442,C1243,2025-09-01,42,Dashboard,4
U0020443,C1243,2025-10-01,15,API,6
U0020444,C1243,2025-11-01,3,API,18
U0020445,C1243,2025-12-01,32,Exports,14
U0020446,C1243,2026-02-01,48,Integrations,8
U0020447,C1243,2026-03-01,36,Automation,8
U0020448,C1243,2026-04-01,2,Automation,4
U0020449,C1243,2026-07-01,8,Dashboard,17
U0020450,C1243,2026-08-01,10,Reports,4
U0020451,C1243,2026-09-01,19,Integrations,6
U0020452,C1244,2025-01-01,22,Automation,11
U0020453,C1244,2025-02-01,47,Integrations,12
U0020454,C1244,2025-04-01,28,Automation,8
U0020455,C1244,2025-06-01,20,Exports,5
U0020456,C1244,2025-07-01,57,Reports,19
U0020457,C1244,2025-08-01,64,Exports,9
U0020458,C1244,2025-09-01,76,Reports,19
U0020459,C1244,2025-10-01,57,Exports,19
U0020460,C1244,2025-11-01,55,Integrations,1
U0020461,C1244,2025-12-01,64,Integrations,6
U0020462,C1244,2026-01-01,14,Dashboard,7
U0020463,C1244,2026-02-01,58,Integrations,2
U0020464,C1244,2026-03-01,2,Reports,3
U0020465,C1244,2026-04-01,21,Integrations,9
U0020466,C1244,2026-05-01,20,Exports,18
U0020467,C1244,2026-06-01,37,Exports,5
U0020468,C1244,2026-07-01,38,Automation,14
U0020469,C1244,2026-09-01,77,Integrations,5
U0020470,C1245,2025-02-01,43,Exports,4
U0020471,C1245,2025-03-01,7,API,18
U0020472,C1245,2025-04-01,1,Dashboard,4
U0020473,C1245,2025-05-01,9,Automation,16
U0020474,C1245,2025-06-01,45,Dashboard,4
U0020475,C1245,2025-07-01,56,Exports,4
U0020476,C1245,2025-08-01,33,Automation,3
U0020477,C1245,2025-09-01,48,Automation,1
U0020478,C1245,2025-10-01,47,Dashboard,12
U0020479,C1245,2025-11-01,16,Automation,9
U0020480,C1245,2025-12-01,8,Integrations,15
U0020481,C1245,2026-01-01,42,Exports,9
U0020482,C1245,2026-02-01,37,Integrations,19
U0020483,C1245,2026-03-01,44,Automation,8
U0020484,C1245,2026-04-01,64,Reports,18
U0020485,C1245,2026-05-01,6,Automation,10
U0020486,C1245,2026-06-01,55,Dashboard,6
U0020487,C1245,2026-07-01,56,API,7
U0020488,C1245,2026-09-01,66,Exports,19
U0020489,C1246,2025-01-01,62,Exports,17
U0020490,C1246,2025-02-01,65,Reports,3
U0020491,C1246,2025-04-01,50,Automation,13
U0020492,C1246,2025-05-01,72,Integrations,11
U0020493,C1246,2025-06-01,77,Dashboard,7
U0020494,C1246,2025-07-01,52,Dashboard,2
U0020495,C1246,2025-09-01,8,Integrations,12
U0020496,C1246,2025-10-01,30,Exports,7
U0020497,C1246,2025-11-01,49,Dashboard,2
U0020498,C1246,2025-12-01,13,API,12
U0020499,C1246,2026-01-01,41,Dashboard,10
U0020500,C1246,2026-02-01,4,Automation,18
U0020501,C1246,2026-03-01,56,Automation,14
U0020502,C1246,2026-04-01,5,Integrations,11
U0020503,C1246,2026-05-01,19,Dashboard,9
U0020504,C1247,2025-01-01,41,Dashboard,9
U0020505,C1247,2025-02-01,38,Integrations,3
U0020506,C1247,2025-05-01,69,Dashboard,16
U0020507,C1247,2025-06-01,6,Dashboard,15
U0020508,C1247,2025-07-01,9,Integrations,16
U0020509,C1247,2025-08-01,38,Automation,10
U0020510,C1247,2025-09-01,3,Reports,5
U0020511,C1247,2025-11-01,78,Dashboard,15
U0020512,C1247,2026-01-01,37,Exports,14
U0020513,C1247,2026-03-01,65,Integrations,11
U0020514,C1247,2026-06-01,11,Integrations,2
U0020515,C1247,2026-07-01,22,Dashboard,12
U0020516,C1247,2026-08-01,22,Automation,5
U0020517,C1247,2026-09-01,58,Automation,15
U0020518,C1248,2025-03-01,7,Exports,14
U0020519,C1248,2025-04-01,22,API,5
U0020520,C1248,2025-05-01,75,Exports,11
U0020521,C1248,2025-06-01,73,API,5
U0020522,C1248,2025-07-01,13,Reports,18
U0020523,C1248,2025-08-01,5,Exports,12
U0020524,C1248,2025-09-01,69,Integrations,1
U0020525,C1248,2025-10-01,75,Reports,3
U0020526,C1248,2025-11-01,63,API,6
U0020527,C1248,2026-04-01,7,Automation,6
U0020528,C1248,2026-05-01,10,Integrations,7
U0020529,C1248,2026-06-01,27,Reports,19
U0020530,C1248,2026-08-01,36,Exports,1
U0020531,C1249,2025-01-01,41,Reports,8
U0020532,C1249,2025-04-01,77,API,16
U0020533,C1249,2025-05-01,48,Dashboard,19
U0020534,C1249,2025-06-01,18,Exports,16
U0020535,C1249,2025-08-01,19,Dashboard,3
U0020536,C1249,2025-09-01,22,Reports,2
U0020537,C1249,2025-10-01,54,API,4
U0020538,C1249,2025-11-01,2,Exports,16
U0020539,C1249,2025-12-01,6,Dashboard,6
U0020540,C1249,2026-01-01,52,API,7
U0020541,C1249,2026-02-01,54,Exports,16
U0020542,C1249,2026-04-01,8,API,10
U0020543,C1249,2026-05-01,35,Integrations,2
U0020544,C1249,2026-06-01,79,Reports,8
U0020545,C1249,2026-07-01,34,Exports,16
U0020546,C1249,2026-08-01,8,API,7
U0020547,C1249,2026-09-01,9,Reports,10
U0020548,C1250,2025-01-01,24,Integrations,8
U0020549,C1250,2025-02-01,76,Automation,3
U0020550,C1250,2025-03-01,49,Dashboard,16
U0020551,C1250,2025-04-01,6,Reports,4
U0020552,C1250,2025-05-01,52,Integrations,7
U0020553,C1250,2025-06-01,7,Integrations,18
U0020554,C1250,2025-07-01,8,Reports,5
U0020555,C1250,2025-09-01,24,Automation,11
U0020556,C1250,2025-10-01,44,Integrations,4
U0020557,C1250,2026-01-01,68,Reports,7
U0020558,C1250,2026-04-01,38,Automation,5
U0020559,C1250,2026-07-01,12,API,14
U0020560,C1250,2026-08-01,11,Reports,15
U0020561,C1251,2025-02-01,45,Exports,2
U0020562,C1251,2025-03-01,13,Reports,14
U0020563,C1251,2025-04-01,31,Exports,14
U0020564,C1251,2025-05-01,29,Reports,4
U0020565,C1251,2025-06-01,59,Automation,14
U0020566,C1251,2025-07-01,24,Reports,18
U0020567,C1251,2025-08-01,55,Reports,19
U0020568,C1251,2025-10-01,52,Reports,1
U0020569,C1251,2025-11-01,40,API,5
U0020570,C1251,2025-12-01,63,Reports,17
U0020571,C1251,2026-02-01,17,Reports,13
U0020572,C1251,2026-03-01,48,Automation,15
U0020573,C1251,2026-04-01,20,Reports,5
U0020574,C1251,2026-05-01,53,Automation,9
U0020575,C1251,2026-06-01,67,API,13
U0020576,C1251,2026-07-01,26,API,14
U0020577,C1251,2026-08-01,30,Reports,13
U0020578,C1251,2026-09-01,45,Dashboard,8
U0020579,C1252,2025-02-01,11,Integrations,14
U0020580,C1252,2025-03-01,1,Dashboard,3
U0020581,C1252,2025-04-01,14,Reports,5
U0020582,C1252,2025-06-01,55,Reports,12
U0020583,C1252,2025-07-01,26,Exports,4
U0020584,C1252,2025-08-01,18,Automation,5
U0020585,C1252,2025-09-01,76,Integrations,11
U0020586,C1252,2025-10-01,38,Reports,11
U0020587,C1252,2025-11-01,11,Dashboard,3
U0020588,C1252,2025-12-01,46,API,6
U0020589,C1252,2026-01-01,67,Exports,15
U0020590,C1252,2026-02-01,79,Exports,17
U0020591,C1252,2026-03-01,40,Integrations,17
U0020592,C1252,2026-04-01,53,Dashboard,1
U0020593,C1252,2026-05-01,39,Integrations,11
U0020594,C1252,2026-06-01,31,Automation,13
U0020595,C1252,2026-07-01,6,Exports,17
U0020596,C1252,2026-09-01,37,API,10
U0020597,C1253,2025-02-01,71,Exports,1
U0020598,C1253,2025-03-01,76,Automation,16
U0020599,C1253,2025-04-01,51,API,3
U0020600,C1253,2025-05-01,52,Exports,13
U0020601,C1253,2025-06-01,68,Automation,4
U0020602,C1253,2025-07-01,60,Dashboard,16
U0020603,C1253,2025-08-01,68,Exports,6
U0020604,C1253,2025-09-01,50,Reports,16
U0020605,C1253,2025-11-01,15,Automation,14
U0020606,C1253,2026-02-01,9,API,16
U0020607,C1253,2026-03-01,61,Exports,12
U0020608,C1253,2026-04-01,76,API,2
U0020609,C1253,2026-05-01,31,Automation,17
U0020610,C1253,2026-07-01,29,Reports,7
U0020611,C1253,2026-08-01,59,Integrations,5
U0020612,C1253,2026-09-01,50,Integrations,9
U0020613,C1254,2025-01-01,41,Integrations,11
U0020614,C1254,2025-03-01,25,Automation,8
U0020615,C1254,2025-07-01,75,Reports,19
U0020616,C1254,2025-08-01,2,Reports,8
U0020617,C1254,2025-09-01,36,Automation,5
U0020618,C1254,2025-11-01,8,API,12
U0020619,C1254,2026-01-01,39,Dashboard,10
U0020620,C1254,2026-03-01,29,Dashboard,11
U0020621,C1254,2026-05-01,46,API,10
U0020622,C1254,2026-06-01,55,Automation,7
U0020623,C1254,2026-07-01,36,Dashboard,11
U0020624,C1254,2026-08-01,74,API,5
U0020625,C1254,2026-09-01,13,Automation,7
U0020626,C1255,2025-01-01,56,API,17
U0020627,C1255,2025-02-01,33,API,7
U0020628,C1255,2025-03-01,47,Exports,11
U0020629,C1255,2025-04-01,70,Exports,7
U0020630,C1255,2025-05-01,65,Integrations,8
U0020631,C1255,2025-06-01,59,Reports,3
U0020632,C1255,2025-07-01,34,API,15
U0020633,C1255,2025-09-01,52,Dashboard,16
U0020634,C1255,2025-10-01,56,API,11
U0020635,C1255,2025-12-01,22,Integrations,12
U0020636,C1255,2026-01-01,35,Exports,4
U0020637,C1255,2026-02-01,59,Integrations,17
U0020638,C1255,2026-03-01,31,Dashboard,5
U0020639,C1255,2026-05-01,16,Reports,14
U0020640,C1255,2026-08-01,71,Exports,3
U0020641,C1255,2026-09-01,70,Automation,4
U0020642,C1256,2025-04-01,9,Automation,17
U0020643,C1256,2025-05-01,6,API,6
U0020644,C1256,2025-06-01,1,Integrations,19
U0020645,C1256,2025-07-01,60,Reports,12
U0020646,C1256,2025-09-01,8,API,8
U0020647,C1256,2025-10-01,40,API,11
U0020648,C1256,2025-12-01,21,Automation,12
U0020649,C1256,2026-01-01,17,Automation,2
U0020650,C1256,2026-02-01,54,Automation,3
U0020651,C1256,2026-03-01,63,Exports,15
U0020652,C1256,2026-04-01,68,Automation,5
U0020653,C1256,2026-05-01,18,Dashboard,7
U0020654,C1256,2026-06-01,41,Reports,7
U0020655,C1256,2026-07-01,23,Integrations,11
U0020656,C1256,2026-08-01,74,Exports,6
U0020657,C1257,2025-02-01,10,Exports,17
U0020658,C1257,2025-03-01,47,Automation,6
U0020659,C1257,2025-05-01,18,Integrations,11
U0020660,C1257,2025-06-01,52,API,9
U0020661,C1257,2025-07-01,65,Dashboard,10
U0020662,C1257,2025-09-01,40,API,12
U0020663,C1257,2025-10-01,1,Integrations,15
U0020664,C1257,2025-11-01,63,API,13
U0020665,C1257,2025-12-01,25,Reports,8
U0020666,C1257,2026-01-01,6,Exports,9
U0020667,C1257,2026-02-01,18,Automation,19
U0020668,C1257,2026-03-01,78,Automation,2
U0020669,C1257,2026-04-01,8,Dashboard,2
U0020670,C1257,2026-05-01,24,Dashboard,16
U0020671,C1257,2026-06-01,61,Reports,12
U0020672,C1257,2026-07-01,52,Automation,18
U0020673,C1257,2026-08-01,79,Exports,6
U0020674,C1257,2026-09-01,24,Automation,7
U0020675,C1258,2025-01-01,46,Integrations,1
U0020676,C1258,2025-02-01,21,Reports,9
U0020677,C1258,2025-03-01,30,Reports,16
U0020678,C1258,2025-04-01,71,Dashboard,6
U0020679,C1258,2025-05-01,3,Reports,18
U0020680,C1258,2025-06-01,79,Exports,15
U0020681,C1258,2025-07-01,24,Automation,14
U0020682,C1258,2025-08-01,31,Reports,12
U0020683,C1258,2025-09-01,45,Automation,1
U0020684,C1258,2025-10-01,61,Integrations,16
U0020685,C1258,2025-11-01,57,Exports,15
U0020686,C1258,2025-12-01,37,Exports,14
U0020687,C1258,2026-01-01,37,API,19
U0020688,C1258,2026-02-01,7,Reports,7
U0020689,C1258,2026-03-01,32,Dashboard,12
U0020690,C1258,2026-04-01,52,API,11
U0020691,C1258,2026-05-01,54,API,9
U0020692,C1258,2026-06-01,74,API,16
U0020693,C1258,2026-07-01,11,Reports,4
U0020694,C1258,2026-08-01,61,API,2
U0020695,C1258,2026-09-01,20,Automation,12
U0020696,C1259,2025-01-01,69,Reports,5
U0020697,C1259,2025-02-01,19,Dashboard,19
U0020698,C1259,2025-04-01,64,API,17
U0020699,C1259,2025-06-01,5,API,19
U0020700,C1259,2025-07-01,62,API,10
U0020701,C1259,2025-09-01,12,Dashboard,6
U0020702,C1259,2025-10-01,28,Dashboard,14
U0020703,C1259,2025-12-01,51,Exports,14
U0020704,C1259,2026-01-01,57,Automation,16
U0020705,C1259,2026-03-01,31,Automation,7
U0020706,C1259,2026-04-01,73,API,12
U0020707,C1259,2026-08-01,71,Integrations,7
U0020708,C1259,2026-09-01,78,API,8
U0020709,C1260,2025-01-01,63,Dashboard,18
U0020710,C1260,2025-03-01,38,Integrations,5
U0020711,C1260,2025-06-01,79,Reports,10
U0020712,C1260,2025-07-01,65,Dashboard,10
U0020713,C1260,2025-09-01,3,Reports,12
U0020714,C1260,2025-10-01,49,Integrations,13
U0020715,C1260,2025-12-01,10,Automation,6
U0020716,C1260,2026-01-01,23,Reports,17
U0020717,C1260,2026-02-01,1,Exports,5
U0020718,C1260,2026-04-01,3,Exports,5
U0020719,C1260,2026-06-01,9,Exports,16
U0020720,C1260,2026-07-01,32,Automation,10
U0020721,C1260,2026-08-01,48,Reports,17
U0020722,C1260,2026-09-01,70,Reports,18
U0020723,C1261,2025-01-01,15,Automation,16
U0020724,C1261,2025-02-01,34,Integrations,1
U0020725,C1261,2025-03-01,36,Dashboard,6
U0020726,C1261,2025-05-01,11,Dashboard,13
U0020727,C1261,2025-07-01,67,Dashboard,2
U0020728,C1261,2025-09-01,23,API,17
U0020729,C1261,2025-10-01,66,Integrations,17
U0020730,C1261,2025-11-01,66,Dashboard,12
U0020731,C1261,2025-12-01,33,Reports,18
U0020732,C1261,2026-01-01,14,API,8
U0020733,C1261,2026-03-01,66,Exports,3
U0020734,C1261,2026-04-01,61,API,16
U0020735,C1261,2026-05-01,49,Automation,14
U0020736,C1261,2026-07-01,18,API,12
U0020737,C1261,2026-08-01,10,Reports,4
U0020738,C1261,2026-09-01,60,Dashboard,3
U0020739,C1262,2025-01-01,74,Integrations,5
U0020740,C1262,2025-02-01,78,API,2
U0020741,C1262,2025-05-01,31,Exports,8
U0020742,C1262,2025-07-01,56,Integrations,14
U0020743,C1262,2025-08-01,70,Automation,12
U0020744,C1262,2025-09-01,19,Dashboard,3
U0020745,C1262,2025-10-01,38,Reports,14
U0020746,C1262,2025-11-01,55,Integrations,5
U0020747,C1262,2025-12-01,28,Integrations,2
U0020748,C1262,2026-02-01,59,Reports,5
U0020749,C1262,2026-03-01,71,Automation,10
U0020750,C1262,2026-04-01,4,API,13
U0020751,C1262,2026-06-01,31,Integrations,16
U0020752,C1262,2026-07-01,9,Automation,18
U0020753,C1262,2026-08-01,79,Integrations,1
U0020754,C1263,2025-01-01,8,Reports,19
U0020755,C1263,2025-02-01,76,Exports,2
U0020756,C1263,2025-03-01,6,Dashboard,3
U0020757,C1263,2025-04-01,5,Automation,12
U0020758,C1263,2025-05-01,47,Integrations,16
U0020759,C1263,2025-06-01,48,Reports,2
U0020760,C1263,2025-07-01,41,Exports,15
U0020761,C1263,2025-09-01,25,Automation,8
U0020762,C1263,2025-11-01,64,Dashboard,17
U0020763,C1263,2026-02-01,51,Automation,16
U0020764,C1263,2026-03-01,34,Dashboard,5
U0020765,C1263,2026-04-01,44,Exports,1
U0020766,C1263,2026-05-01,8,Reports,19
U0020767,C1263,2026-06-01,24,Integrations,2
U0020768,C1263,2026-07-01,23,Dashboard,9
U0020769,C1263,2026-08-01,52,Dashboard,17
U0020770,C1264,2025-01-01,79,Integrations,9
U0020771,C1264,2025-02-01,1,Integrations,15
U0020772,C1264,2025-04-01,69,Exports,18
U0020773,C1264,2025-05-01,44,Dashboard,15
U0020774,C1264,2025-06-01,29,Exports,14
U0020775,C1264,2025-08-01,74,Automation,4
U0020776,C1264,2025-09-01,55,Exports,19
U0020777,C1264,2026-01-01,68,Reports,18
U0020778,C1264,2026-03-01,4,Dashboard,8
U0020779,C1264,2026-04-01,73,API,1
U0020780,C1264,2026-05-01,66,Reports,3
U0020781,C1264,2026-07-01,23,Exports,15
U0020782,C1264,2026-08-01,33,Automation,7
U0020783,C1264,2026-09-01,40,Automation,17
U0020784,C1265,2025-02-01,45,Exports,16
U0020785,C1265,2025-03-01,64,Exports,8
U0020786,C1265,2025-04-01,67,Reports,14
U0020787,C1265,2025-05-01,37,API,9
U0020788,C1265,2025-06-01,32,API,12
U0020789,C1265,2025-07-01,77,Dashboard,7
U0020790,C1265,2025-08-01,48,Exports,16
U0020791,C1265,2025-10-01,74,Automation,8
U0020792,C1265,2025-11-01,4,Reports,1
U0020793,C1265,2025-12-01,40,API,2
U0020794,C1265,2026-02-01,20,Integrations,8
U0020795,C1265,2026-03-01,7,Automation,15
U0020796,C1265,2026-05-01,21,API,9
U0020797,C1265,2026-06-01,21,Exports,15
U0020798,C1265,2026-07-01,71,Dashboard,8
U0020799,C1265,2026-08-01,8,Automation,15
U0020800,C1265,2026-09-01,28,API,10
U0020801,C1266,2025-01-01,41,API,18
U0020802,C1266,2025-02-01,15,Integrations,16
U0020803,C1266,2025-03-01,36,Integrations,4
U0020804,C1266,2025-04-01,26,API,14
U0020805,C1266,2025-06-01,8,Exports,13
U0020806,C1266,2025-07-01,45,Dashboard,17
U0020807,C1266,2025-08-01,16,Integrations,3
U0020808,C1266,2025-10-01,15,Dashboard,1
U0020809,C1266,2025-11-01,16,Exports,14
U0020810,C1266,2026-01-01,73,Dashboard,6
U0020811,C1266,2026-02-01,78,Reports,6
U0020812,C1266,2026-03-01,52,Reports,2
U0020813,C1266,2026-04-01,67,Automation,16
U0020814,C1266,2026-06-01,44,Automation,10
U0020815,C1266,2026-07-01,75,Reports,13
U0020816,C1266,2026-08-01,13,Exports,11
U0020817,C1267,2025-01-01,46,Automation,12
U0020818,C1267,2025-02-01,23,Automation,8
U0020819,C1267,2025-03-01,23,Dashboard,7
U0020820,C1267,2025-04-01,28,Automation,6
U0020821,C1267,2025-05-01,21,Automation,10
U0020822,C1267,2025-06-01,9,Integrations,10
U0020823,C1267,2025-10-01,2,Exports,5
U0020824,C1267,2025-12-01,41,Automation,11
U0020825,C1267,2026-01-01,60,Dashboard,1
U0020826,C1267,2026-02-01,1,Automation,3
U0020827,C1267,2026-03-01,44,Integrations,14
U0020828,C1267,2026-04-01,77,Automation,9
U0020829,C1267,2026-05-01,44,Automation,8
U0020830,C1267,2026-07-01,13,Exports,12
U0020831,C1267,2026-08-01,79,Dashboard,16
U0020832,C1267,2026-09-01,35,Dashboard,16
U0020833,C1268,2025-01-01,58,Exports,16
U0020834,C1268,2025-02-01,10,Integrations,1
U0020835,C1268,2025-03-01,21,Integrations,17
U0020836,C1268,2025-04-01,70,Dashboard,19
U0020837,C1268,2025-05-01,30,API,4
U0020838,C1268,2025-06-01,73,Exports,6
U0020839,C1268,2025-07-01,56,Exports,9
U0020840,C1268,2025-08-01,54,Exports,10
U0020841,C1268,2025-09-01,56,Integrations,10
U0020842,C1268,2025-10-01,78,Reports,8
U0020843,C1268,2025-11-01,22,Exports,9
U0020844,C1268,2025-12-01,18,API,12
U0020845,C1268,2026-01-01,44,Automation,12
U0020846,C1268,2026-02-01,30,API,18
U0020847,C1268,2026-03-01,42,Exports,7
U0020848,C1268,2026-05-01,12,Automation,19
U0020849,C1268,2026-06-01,38,API,3
U0020850,C1268,2026-07-01,12,Reports,19
U0020851,C1268,2026-08-01,14,API,14
U0020852,C1269,2025-01-01,35,Dashboard,14
U0020853,C1269,2025-03-01,55,Reports,8
U0020854,C1269,2025-04-01,38,Automation,9
U0020855,C1269,2025-05-01,58,Integrations,12
U0020856,C1269,2025-06-01,30,Exports,16
U0020857,C1269,2025-07-01,51,Automation,16
U0020858,C1269,2025-08-01,46,Integrations,3
U0020859,C1269,2025-09-01,79,Exports,15
U0020860,C1269,2025-10-01,38,Automation,1
U0020861,C1269,2025-11-01,25,API,18
U0020862,C1269,2025-12-01,23,Dashboard,14
U0020863,C1269,2026-01-01,28,Integrations,2
U0020864,C1269,2026-02-01,58,Exports,4
U0020865,C1269,2026-03-01,67,Integrations,12
U0020866,C1269,2026-04-01,9,Reports,14
U0020867,C1269,2026-05-01,24,Dashboard,16
U0020868,C1269,2026-06-01,23,Integrations,6
U0020869,C1269,2026-07-01,5,Integrations,6
U0020870,C1269,2026-08-01,27,Dashboard,11
U0020871,C1269,2026-09-01,14,API,3
U0020872,C1270,2025-01-01,54,Dashboard,18
U0020873,C1270,2025-06-01,56,Automation,9
U0020874,C1270,2025-07-01,57,Exports,2
U0020875,C1270,2025-08-01,75,Dashboard,2
U0020876,C1270,2025-10-01,10,Exports,3
U0020877,C1270,2025-12-01,61,Exports,1
U0020878,C1270,2026-01-01,26,API,13
U0020879,C1270,2026-02-01,12,API,11
U0020880,C1270,2026-03-01,29,Integrations,1
U0020881,C1270,2026-04-01,51,Dashboard,17
U0020882,C1270,2026-05-01,58,Integrations,6
U0020883,C1270,2026-08-01,52,Integrations,19
U0020884,C1270,2026-09-01,29,Automation,8
U0020885,C1271,2025-02-01,3,Reports,5
U0020886,C1271,2025-03-01,37,Exports,18
U0020887,C1271,2025-04-01,47,API,8
U0020888,C1271,2025-06-01,29,Reports,5
U0020889,C1271,2025-07-01,5,Dashboard,1
U0020890,C1271,2025-08-01,78,Dashboard,14
U0020891,C1271,2025-09-01,49,Automation,6
U0020892,C1271,2025-10-01,75,Integrations,12
U0020893,C1271,2025-11-01,8,Automation,11
U0020894,C1271,2025-12-01,26,Dashboard,8
U0020895,C1271,2026-01-01,23,Automation,15
U0020896,C1271,2026-02-01,49,Dashboard,2
U0020897,C1271,2026-03-01,14,Dashboard,3
U0020898,C1271,2026-05-01,34,Reports,5
U0020899,C1271,2026-06-01,27,Dashboard,3
U0020900,C1271,2026-07-01,1,Automation,4
U0020901,C1272,2025-02-01,12,Dashboard,13
U0020902,C1272,2025-03-01,40,Integrations,14
U0020903,C1272,2025-04-01,46,Integrations,7
U0020904,C1272,2025-05-01,9,API,4
U0020905,C1272,2025-07-01,69,Automation,2
U0020906,C1272,2025-08-01,44,API,16
U0020907,C1272,2025-09-01,40,Integrations,1
U0020908,C1272,2025-11-01,60,Dashboard,18
U0020909,C1272,2025-12-01,43,Automation,2
U0020910,C1272,2026-01-01,70,API,11
U0020911,C1272,2026-04-01,10,Exports,8
U0020912,C1272,2026-05-01,45,Reports,13
U0020913,C1272,2026-06-01,25,Dashboard,3
U0020914,C1272,2026-08-01,76,Reports,9
U0020915,C1273,2025-01-01,41,Integrations,1
U0020916,C1273,2025-03-01,24,Exports,16
U0020917,C1273,2025-04-01,34,API,8
U0020918,C1273,2025-05-01,16,Reports,14
U0020919,C1273,2025-06-01,61,Exports,19
U0020920,C1273,2025-07-01,25,Exports,4
U0020921,C1273,2025-08-01,6,Integrations,14
U0020922,C1273,2025-10-01,6,Automation,10
U0020923,C1273,2025-11-01,75,Exports,9
U0020924,C1273,2025-12-01,26,API,9
U0020925,C1273,2026-01-01,40,Exports,14
U0020926,C1273,2026-02-01,72,Dashboard,10
U0020927,C1273,2026-03-01,58,Exports,14
U0020928,C1273,2026-04-01,21,Automation,14
U0020929,C1273,2026-06-01,48,Integrations,18
U0020930,C1273,2026-08-01,59,Dashboard,5
U0020931,C1273,2026-09-01,21,Integrations,2
U0020932,C1274,2025-01-01,16,Automation,4
U0020933,C1274,2025-02-01,27,Integrations,2
U0020934,C1274,2025-04-01,79,Integrations,9
U0020935,C1274,2025-05-01,6,Integrations,5
U0020936,C1274,2025-06-01,10,API,4
U0020937,C1274,2025-08-01,1,API,3
U0020938,C1274,2025-09-01,9,Exports,8
U0020939,C1274,2025-10-01,56,Integrations,13
U0020940,C1274,2025-12-01,29,Exports,17
U0020941,C1274,2026-01-01,1,Dashboard,2
U0020942,C1274,2026-02-01,38,Integrations,18
U0020943,C1274,2026-03-01,16,Automation,8
U0020944,C1274,2026-04-01,31,Exports,15
U0020945,C1274,2026-07-01,66,API,9
U0020946,C1274,2026-08-01,11,API,5
U0020947,C1274,2026-09-01,35,Reports,13
U0020948,C1275,2025-01-01,36,Exports,13
U0020949,C1275,2025-02-01,66,API,11
U0020950,C1275,2025-04-01,32,Exports,16
U0020951,C1275,2025-05-01,64,Exports,3
U0020952,C1275,2025-07-01,53,API,14
U0020953,C1275,2025-10-01,62,Integrations,7
U0020954,C1275,2025-11-01,10,Reports,11
U0020955,C1275,2025-12-01,70,Exports,6
U0020956,C1275,2026-01-01,25,Reports,12
U0020957,C1275,2026-02-01,55,Integrations,19
U0020958,C1275,2026-04-01,11,Reports,1
U0020959,C1275,2026-05-01,57,Automation,9
U0020960,C1275,2026-06-01,22,Exports,4
U0020961,C1275,2026-07-01,66,Exports,5
U0020962,C1275,2026-08-01,16,Integrations,4
U0020963,C1275,2026-09-01,41,Exports,9
U0020964,C1276,2025-01-01,33,Automation,19
U0020965,C1276,2025-03-01,64,Automation,1
U0020966,C1276,2025-04-01,73,Integrations,19
U0020967,C1276,2025-06-01,60,Reports,14
U0020968,C1276,2025-07-01,29,Exports,16
U0020969,C1276,2025-08-01,7,Exports,6
U0020970,C1276,2025-09-01,61,Reports,5
U0020971,C1276,2026-01-01,72,Dashboard,6
U0020972,C1276,2026-02-01,36,API,14
U0020973,C1276,2026-03-01,46,Integrations,19
U0020974,C1276,2026-05-01,3,API,19
U0020975,C1276,2026-06-01,58,API,3
U0020976,C1276,2026-07-01,3,Automation,17
U0020977,C1276,2026-08-01,44,API,8
U0020978,C1277,2025-03-01,44,Automation,6
U0020979,C1277,2025-04-01,77,Automation,6
U0020980,C1277,2025-05-01,69,API,17
U0020981,C1277,2025-06-01,30,Automation,19
U0020982,C1277,2025-07-01,68,Exports,16
U0020983,C1277,2025-08-01,9,Reports,9
U0020984,C1277,2025-10-01,77,Integrations,1
U0020985,C1277,2025-11-01,24,API,5
U0020986,C1277,2025-12-01,34,Reports,3
U0020987,C1277,2026-01-01,72,Exports,12
U0020988,C1277,2026-02-01,12,Exports,17
U0020989,C1277,2026-04-01,15,Dashboard,19
U0020990,C1277,2026-05-01,73,Integrations,1
U0020991,C1277,2026-06-01,72,Exports,7
U0020992,C1277,2026-08-01,16,Dashboard,19
U0020993,C1277,2026-09-01,79,Dashboard,5
U0020994,C1278,2025-03-01,44,Reports,15
U0020995,C1278,2025-04-01,44,Exports,4
U0020996,C1278,2025-05-01,17,Reports,10
U0020997,C1278,2025-06-01,77,API,9
U0020998,C1278,2025-07-01,20,API,4
U0020999,C1278,2025-08-01,66,API,8
U0021000,C1278,2025-12-01,5,Reports,6
U0021001,C1278,2026-01-01,60,Exports,9
U0021002,C1278,2026-02-01,41,Reports,17
U0021003,C1278,2026-03-01,79,Reports,8
U0021004,C1278,2026-04-01,79,Reports,3
U0021005,C1278,2026-05-01,7,Dashboard,13
U0021006,C1278,2026-06-01,17,Integrations,12
U0021007,C1278,2026-08-01,21,Automation,19
U0021008,C1278,2026-09-01,50,Exports,18
U0021009,C1279,2025-01-01,27,Automation,3
U0021010,C1279,2025-02-01,25,Exports,13
U0021011,C1279,2025-03-01,60,Exports,6
U0021012,C1279,2025-04-01,67,Integrations,11
U0021013,C1279,2025-06-01,17,API,5
U0021014,C1279,2025-07-01,47,Dashboard,15
U0021015,C1279,2025-08-01,2,Exports,6
U0021016,C1279,2025-09-01,29,API,16
U0021017,C1279,2025-10-01,63,Dashboard,10
U0021018,C1279,2025-11-01,62,Reports,19
U0021019,C1279,2025-12-01,38,Integrations,10
U0021020,C1279,2026-01-01,39,Reports,3
U0021021,C1279,2026-02-01,53,API,7
U0021022,C1279,2026-04-01,38,Reports,1
U0021023,C1279,2026-05-01,58,Integrations,18
U0021024,C1279,2026-06-01,12,Automation,7
U0021025,C1279,2026-07-01,70,Integrations,12
U0021026,C1279,2026-08-01,15,Automation,18
U0021027,C1279,2026-09-01,59,Dashboard,18
U0021028,C1280,2025-01-01,43,Exports,4
U0021029,C1280,2025-02-01,37,Exports,17
U0021030,C1280,2025-03-01,26,Automation,8
U0021031,C1280,2025-04-01,67,Integrations,13
U0021032,C1280,2025-05-01,69,Reports,17
U0021033,C1280,2025-07-01,45,Dashboard,11
U0021034,C1280,2025-08-01,26,Automation,12
U0021035,C1280,2025-09-01,63,Exports,5
U0021036,C1280,2025-10-01,48,Automation,5
U0021037,C1280,2025-11-01,19,Exports,8
U0021038,C1280,2026-01-01,42,Reports,19
U0021039,C1280,2026-02-01,5,Automation,13
U0021040,C1280,2026-03-01,58,API,6
U0021041,C1280,2026-06-01,50,Dashboard,1
U0021042,C1280,2026-08-01,42,Exports,5
U0021043,C1280,2026-09-01,3,Automation,2
U0021044,C1281,2025-01-01,70,Reports,2
U0021045,C1281,2025-02-01,46,API,10
U0021046,C1281,2025-03-01,42,Exports,8
U0021047,C1281,2025-04-01,62,Reports,18
U0021048,C1281,2025-05-01,57,Dashboard,12
U0021049,C1281,2025-06-01,8,Dashboard,9
U0021050,C1281,2025-07-01,62,Reports,1
U0021051,C1281,2025-09-01,50,Automation,6
U0021052,C1281,2025-10-01,12,Reports,6
U0021053,C1281,2025-12-01,4,Integrations,4
U0021054,C1281,2026-02-01,42,Integrations,15
U0021055,C1281,2026-04-01,60,Reports,10
U0021056,C1281,2026-05-01,41,API,13
U0021057,C1281,2026-06-01,24,API,16
U0021058,C1281,2026-07-01,28,API,1
U0021059,C1281,2026-09-01,45,Automation,16
U0021060,C1282,2025-01-01,3,Automation,6
U0021061,C1282,2025-02-01,12,Dashboard,2
U0021062,C1282,2025-03-01,5,Dashboard,10
U0021063,C1282,2025-04-01,8,Exports,3
U0021064,C1282,2025-05-01,50,Reports,13
U0021065,C1282,2025-06-01,28,API,5
U0021066,C1282,2025-07-01,63,Automation,10
U0021067,C1282,2025-09-01,4,API,10
U0021068,C1282,2025-11-01,68,Reports,7
U0021069,C1282,2025-12-01,25,Automation,3
U0021070,C1282,2026-01-01,17,Automation,15
U0021071,C1282,2026-02-01,18,Integrations,17
U0021072,C1282,2026-04-01,15,API,19
U0021073,C1282,2026-05-01,74,Automation,13
U0021074,C1282,2026-06-01,18,Reports,2
U0021075,C1282,2026-07-01,43,Dashboard,19
U0021076,C1282,2026-09-01,64,Automation,1
U0021077,C1283,2025-01-01,64,Automation,7
U0021078,C1283,2025-02-01,33,Dashboard,4
U0021079,C1283,2025-04-01,22,Integrations,7
U0021080,C1283,2025-05-01,11,Automation,5
U0021081,C1283,2025-06-01,67,Reports,8
U0021082,C1283,2025-07-01,74,Exports,6
U0021083,C1283,2025-09-01,24,API,4
U0021084,C1283,2025-10-01,26,Exports,12
U0021085,C1283,2025-11-01,18,Exports,3
U0021086,C1283,2025-12-01,17,Dashboard,9
U0021087,C1283,2026-02-01,56,Automation,18
U0021088,C1283,2026-03-01,63,Exports,14
U0021089,C1283,2026-04-01,16,Integrations,13
U0021090,C1283,2026-05-01,25,Integrations,6
U0021091,C1283,2026-06-01,57,Automation,7
U0021092,C1283,2026-07-01,59,API,9
U0021093,C1283,2026-08-01,21,Automation,14
U0021094,C1283,2026-09-01,29,Dashboard,16
U0021095,C1284,2025-01-01,34,Automation,9
U0021096,C1284,2025-03-01,50,Automation,5
U0021097,C1284,2025-04-01,33,Integrations,1
U0021098,C1284,2025-05-01,34,Automation,10
U0021099,C1284,2025-08-01,60,Dashboard,18
U0021100,C1284,2025-10-01,53,Exports,19
U0021101,C1284,2025-11-01,46,Dashboard,7
U0021102,C1284,2025-12-01,24,Reports,5
U0021103,C1284,2026-01-01,78,API,9
U0021104,C1284,2026-02-01,10,Integrations,3
U0021105,C1284,2026-03-01,26,Reports,7
U0021106,C1284,2026-04-01,69,Automation,7
U0021107,C1284,2026-05-01,71,Exports,18
U0021108,C1284,2026-07-01,39,Integrations,13
U0021109,C1284,2026-09-01,23,Integrations,14
U0021110,C1285,2025-01-01,14,Exports,14
U0021111,C1285,2025-02-01,64,Automation,15
U0021112,C1285,2025-03-01,18,Automation,4
U0021113,C1285,2025-04-01,29,API,2
U0021114,C1285,2025-07-01,57,Exports,6
U0021115,C1285,2025-10-01,1,Exports,16
U0021116,C1285,2025-12-01,6,Automation,8
U0021117,C1285,2026-01-01,20,Automation,7
U0021118,C1285,2026-02-01,41,Integrations,11
U0021119,C1285,2026-04-01,3,Integrations,3
U0021120,C1285,2026-05-01,35,Exports,8
U0021121,C1285,2026-06-01,28,Automation,4
U0021122,C1285,2026-07-01,12,Exports,16
U0021123,C1285,2026-08-01,77,Automation,19
U0021124,C1286,2025-01-01,8,Automation,16
U0021125,C1286,2025-02-01,72,Integrations,4
U0021126,C1286,2025-03-01,57,Integrations,15
U0021127,C1286,2025-04-01,14,Exports,1
U0021128,C1286,2025-05-01,9,API,6
U0021129,C1286,2025-08-01,63,Integrations,8
U0021130,C1286,2025-10-01,11,Automation,5
U0021131,C1286,2025-11-01,23,Automation,4
U0021132,C1286,2025-12-01,40,Automation,12
U0021133,C1286,2026-01-01,59,Reports,1
U0021134,C1286,2026-02-01,32,Automation,2
U0021135,C1286,2026-03-01,43,Reports,1
U0021136,C1286,2026-04-01,43,Exports,10
U0021137,C1286,2026-05-01,8,Exports,2
U0021138,C1286,2026-07-01,72,Integrations,19
U0021139,C1286,2026-08-01,12,Reports,13
U0021140,C1286,2026-09-01,19,Integrations,9
U0021141,C1287,2025-01-01,74,Reports,14
U0021142,C1287,2025-02-01,1,Dashboard,15
U0021143,C1287,2025-03-01,67,Dashboard,6
U0021144,C1287,2025-04-01,26,Automation,11
U0021145,C1287,2025-05-01,16,Automation,19
U0021146,C1287,2025-07-01,5,Exports,17
U0021147,C1287,2025-08-01,75,API,7
U0021148,C1287,2025-09-01,8,Integrations,9
U0021149,C1287,2025-10-01,24,Exports,3
U0021150,C1287,2025-11-01,73,Exports,13
U0021151,C1287,2026-03-01,19,API,17
U0021152,C1287,2026-04-01,36,Exports,9
U0021153,C1287,2026-06-01,46,Integrations,1
U0021154,C1287,2026-07-01,34,Automation,15
U0021155,C1287,2026-08-01,69,Automation,19
U0021156,C1287,2026-09-01,74,Automation,7
U0021157,C1288,2025-01-01,12,Integrations,3
U0021158,C1288,2025-02-01,21,Dashboard,14
U0021159,C1288,2025-03-01,13,Automation,6
U0021160,C1288,2025-04-01,44,Automation,16
U0021161,C1288,2025-05-01,42,Automation,19
U0021162,C1288,2025-06-01,18,Automation,10
U0021163,C1288,2025-07-01,10,Automation,8
U0021164,C1288,2025-08-01,18,Integrations,8
U0021165,C1288,2025-10-01,25,Exports,8
U0021166,C1288,2025-11-01,73,Exports,14
U0021167,C1288,2025-12-01,9,Reports,2
U0021168,C1288,2026-01-01,12,Integrations,8
U0021169,C1288,2026-02-01,1,API,10
U0021170,C1288,2026-03-01,69,Exports,4
U0021171,C1288,2026-04-01,57,Exports,14
U0021172,C1288,2026-05-01,53,Dashboard,5
U0021173,C1288,2026-06-01,30,Dashboard,3
U0021174,C1288,2026-07-01,3,Integrations,11
U0021175,C1288,2026-08-01,10,Automation,14
U0021176,C1288,2026-09-01,38,Exports,1
U0021177,C1289,2025-02-01,74,Exports,3
U0021178,C1289,2025-03-01,31,Automation,8
U0021179,C1289,2025-04-01,42,Automation,16
U0021180,C1289,2025-05-01,48,Reports,5
U0021181,C1289,2025-06-01,14,API,16
U0021182,C1289,2025-07-01,2,Dashboard,3
U0021183,C1289,2025-09-01,52,Reports,3
U0021184,C1289,2025-10-01,74,Dashboard,16
U0021185,C1289,2025-11-01,46,Dashboard,9
U0021186,C1289,2026-01-01,7,Integrations,3
U0021187,C1289,2026-02-01,24,Reports,16
U0021188,C1289,2026-03-01,62,Dashboard,11
U0021189,C1289,2026-04-01,11,API,6
U0021190,C1289,2026-07-01,74,Dashboard,12
U0021191,C1289,2026-08-01,47,Dashboard,18
U0021192,C1289,2026-09-01,71,Dashboard,13
U0021193,C1290,2025-06-01,45,Automation,17
U0021194,C1290,2025-07-01,5,Dashboard,15
U0021195,C1290,2025-08-01,5,Integrations,9
U0021196,C1290,2025-09-01,73,Reports,16
U0021197,C1290,2025-10-01,39,Dashboard,14
U0021198,C1290,2025-11-01,42,Exports,6
U0021199,C1290,2026-02-01,19,Reports,12
U0021200,C1290,2026-03-01,23,Reports,14
U0021201,C1290,2026-04-01,14,Reports,9
U0021202,C1290,2026-05-01,68,Dashboard,15
U0021203,C1290,2026-06-01,34,Automation,17
U0021204,C1290,2026-07-01,25,API,13
U0021205,C1290,2026-08-01,65,Integrations,6
U0021206,C1290,2026-09-01,18,Automation,3
U0021207,C1291,2025-01-01,4,Automation,11
U0021208,C1291,2025-02-01,23,API,4
U0021209,C1291,2025-03-01,27,Exports,13
U0021210,C1291,2025-04-01,37,API,18
U0021211,C1291,2025-06-01,50,Reports,1
U0021212,C1291,2025-07-01,59,Dashboard,17
U0021213,C1291,2025-09-01,40,Automation,11
U0021214,C1291,2025-10-01,73,Automation,6
U0021215,C1291,2026-01-01,34,Dashboard,7
U0021216,C1291,2026-02-01,57,Exports,5
U0021217,C1291,2026-03-01,71,Integrations,2
U0021218,C1291,2026-04-01,57,Automation,8
U0021219,C1291,2026-05-01,14,Reports,8
U0021220,C1291,2026-06-01,67,Dashboard,10
U0021221,C1291,2026-07-01,59,Dashboard,13
U0021222,C1291,2026-09-01,66,Automation,2
U0021223,C1292,2025-01-01,1,Automation,9
U0021224,C1292,2025-02-01,19,Exports,9
U0021225,C1292,2025-03-01,72,API,10
U0021226,C1292,2025-04-01,27,Automation,5
U0021227,C1292,2025-06-01,77,Integrations,4
U0021228,C1292,2025-07-01,61,API,15
U0021229,C1292,2025-08-01,22,API,6
U0021230,C1292,2025-11-01,53,Integrations,4
U0021231,C1292,2025-12-01,48,Automation,7
U0021232,C1292,2026-01-01,2,Integrations,6
U0021233,C1292,2026-02-01,58,API,4
U0021234,C1292,2026-03-01,62,Automation,5
U0021235,C1292,2026-04-01,34,Automation,6
U0021236,C1292,2026-05-01,8,Reports,19
U0021237,C1292,2026-06-01,75,Dashboard,14
U0021238,C1292,2026-07-01,38,Reports,1
U0021239,C1292,2026-08-01,31,API,18
U0021240,C1292,2026-09-01,60,Exports,17
U0021241,C1293,2025-01-01,54,API,6
U0021242,C1293,2025-02-01,19,Dashboard,9
U0021243,C1293,2025-03-01,3,Integrations,17
U0021244,C1293,2025-04-01,68,Integrations,13
U0021245,C1293,2025-05-01,68,Dashboard,18
U0021246,C1293,2025-06-01,7,Exports,5
U0021247,C1293,2025-07-01,66,Dashboard,17
U0021248,C1293,2025-08-01,30,Automation,11
U0021249,C1293,2025-11-01,76,Reports,8
U0021250,C1293,2025-12-01,72,Automation,11
U0021251,C1293,2026-01-01,5,API,8
U0021252,C1293,2026-02-01,29,Dashboard,7
U0021253,C1293,2026-05-01,72,Reports,3
U0021254,C1293,2026-06-01,9,API,10
U0021255,C1293,2026-07-01,34,Automation,6
U0021256,C1293,2026-09-01,50,Reports,10
U0021257,C1294,2025-03-01,28,Integrations,9
U0021258,C1294,2025-04-01,37,Reports,19
U0021259,C1294,2025-05-01,2,Dashboard,17
U0021260,C1294,2025-06-01,36,Automation,12
U0021261,C1294,2025-07-01,46,Exports,14
U0021262,C1294,2025-08-01,48,Integrations,9
U0021263,C1294,2025-09-01,24,Reports,3
U0021264,C1294,2025-10-01,45,Reports,5
U0021265,C1294,2025-11-01,13,Automation,4
U0021266,C1294,2026-01-01,43,Integrations,1
U0021267,C1294,2026-02-01,18,Reports,16
U0021268,C1294,2026-05-01,1,Automation,19
U0021269,C1294,2026-06-01,38,Automation,16
U0021270,C1294,2026-09-01,19,API,3
U0021271,C1295,2025-01-01,60,Reports,19
U0021272,C1295,2025-02-01,31,Integrations,15
U0021273,C1295,2025-03-01,16,Exports,18
U0021274,C1295,2025-04-01,76,API,10
U0021275,C1295,2025-05-01,32,Reports,10
U0021276,C1295,2025-07-01,61,API,15
U0021277,C1295,2025-09-01,30,Automation,19
U0021278,C1295,2025-10-01,26,Automation,5
U0021279,C1295,2025-11-01,18,Integrations,2
U0021280,C1295,2025-12-01,12,Automation,7
U0021281,C1295,2026-01-01,66,Integrations,8
U0021282,C1295,2026-02-01,6,API,10
U0021283,C1295,2026-03-01,22,Dashboard,9
U0021284,C1295,2026-04-01,47,Automation,3
U0021285,C1295,2026-05-01,45,Dashboard,17
U0021286,C1295,2026-06-01,45,Dashboard,7
U0021287,C1295,2026-07-01,75,Exports,4
U0021288,C1295,2026-08-01,5,Reports,3
U0021289,C1296,2025-02-01,77,Dashboard,18
U0021290,C1296,2025-03-01,50,Automation,12
U0021291,C1296,2025-04-01,31,API,2
U0021292,C1296,2025-05-01,47,Automation,1
U0021293,C1296,2025-06-01,30,Automation,14
U0021294,C1296,2025-08-01,2,Reports,1
U0021295,C1296,2025-10-01,39,API,9
U0021296,C1296,2025-11-01,41,Integrations,14
U0021297,C1296,2025-12-01,61,API,3
U0021298,C1296,2026-01-01,10,API,14
U0021299,C1296,2026-02-01,73,Dashboard,1
U0021300,C1296,2026-03-01,71,Exports,12
U0021301,C1296,2026-04-01,60,Reports,16
U0021302,C1296,2026-05-01,59,Reports,7
U0021303,C1296,2026-08-01,40,Automation,4
U0021304,C1297,2025-02-01,76,Automation,3
U0021305,C1297,2025-03-01,66,API,2
U0021306,C1297,2025-05-01,42,Reports,12
U0021307,C1297,2025-06-01,4,Integrations,17
U0021308,C1297,2025-07-01,32,Dashboard,6
U0021309,C1297,2025-08-01,5,API,14
U0021310,C1297,2025-09-01,1,API,4
U0021311,C1297,2025-10-01,50,API,15
U0021312,C1297,2025-12-01,32,Automation,3
U0021313,C1297,2026-01-01,8,API,3
U0021314,C1297,2026-02-01,19,Exports,16
U0021315,C1297,2026-03-01,43,Integrations,8
U0021316,C1297,2026-04-01,22,API,7
U0021317,C1297,2026-05-01,12,Automation,4
U0021318,C1297,2026-06-01,9,Integrations,11
U0021319,C1297,2026-07-01,57,API,19
U0021320,C1297,2026-08-01,58,Integrations,6
U0021321,C1297,2026-09-01,26,Integrations,6
U0021322,C1298,2025-01-01,52,Automation,17
U0021323,C1298,2025-02-01,66,Automation,1
U0021324,C1298,2025-04-01,7,Reports,15
U0021325,C1298,2025-06-01,9,Exports,18
U0021326,C1298,2025-09-01,3,Integrations,1
U0021327,C1298,2025-10-01,5,Dashboard,15
U0021328,C1298,2025-11-01,59,Reports,1
U0021329,C1298,2025-12-01,30,Dashboard,8
U0021330,C1298,2026-01-01,37,Automation,5
U0021331,C1298,2026-02-01,59,Dashboard,17
U0021332,C1298,2026-03-01,63,Automation,5
U0021333,C1298,2026-04-01,27,Integrations,2
U0021334,C1298,2026-05-01,43,Automation,11
U0021335,C1298,2026-06-01,1,Dashboard,18
U0021336,C1298,2026-08-01,58,Dashboard,11
U0021337,C1298,2026-09-01,34,Exports,15
U0021338,C1299,2025-02-01,71,Automation,18
U0021339,C1299,2025-04-01,28,Exports,8
U0021340,C1299,2025-05-01,16,Integrations,3
U0021341,C1299,2025-06-01,11,Exports,10
U0021342,C1299,2025-07-01,66,Dashboard,1
U0021343,C1299,2025-08-01,3,Exports,17
U0021344,C1299,2025-09-01,64,Exports,19
U0021345,C1299,2025-10-01,30,API,15
U0021346,C1299,2025-11-01,50,Dashboard,13
U0021347,C1299,2026-01-01,64,Dashboard,18
U0021348,C1299,2026-02-01,30,Exports,12
U0021349,C1299,2026-04-01,26,Integrations,19
U0021350,C1299,2026-05-01,41,Reports,18
U0021351,C1299,2026-06-01,9,Reports,5
U0021352,C1299,2026-07-01,65,Dashboard,1
U0021353,C1299,2026-09-01,28,Integrations,14
U0021354,C1300,2025-01-01,20,Exports,8
U0021355,C1300,2025-02-01,39,API,9
U0021356,C1300,2025-03-01,6,Exports,3
U0021357,C1300,2025-06-01,51,Integrations,18
U0021358,C1300,2025-07-01,49,Automation,2
U0021359,C1300,2025-09-01,16,Automation,11
U0021360,C1300,2025-11-01,19,API,12
U0021361,C1300,2026-03-01,48,API,5
U0021362,C1300,2026-04-01,1,Reports,18
U0021363,C1300,2026-05-01,12,Reports,8
U0021364,C1300,2026-07-01,56,API,13
U0021365,C1300,2026-08-01,52,Reports,6
U0021366,C1300,2026-09-01,56,Automation,10
U0021367,C1301,2025-02-01,27,Dashboard,9
U0021368,C1301,2025-03-01,51,Exports,4
U0021369,C1301,2025-04-01,46,Reports,16
U0021370,C1301,2025-06-01,57,Reports,5
U0021371,C1301,2025-08-01,22,API,5
U0021372,C1301,2025-09-01,26,Integrations,7
U0021373,C1301,2025-10-01,58,Automation,9
U0021374,C1301,2025-11-01,51,API,4
U0021375,C1301,2026-01-01,65,Dashboard,8
U0021376,C1301,2026-02-01,34,API,4
U0021377,C1301,2026-03-01,26,Integrations,4
U0021378,C1301,2026-04-01,5,Dashboard,17
U0021379,C1301,2026-06-01,30,API,4
U0021380,C1301,2026-07-01,43,Integrations,1
U0021381,C1302,2025-01-01,43,Reports,2
U0021382,C1302,2025-02-01,47,Automation,4
U0021383,C1302,2025-04-01,19,Automation,8
U0021384,C1302,2025-05-01,28,Exports,15
U0021385,C1302,2025-06-01,20,Exports,12
U0021386,C1302,2025-07-01,12,Automation,15
U0021387,C1302,2025-09-01,56,Dashboard,8
U0021388,C1302,2025-11-01,29,Automation,2
U0021389,C1302,2025-12-01,28,Automation,15
U0021390,C1302,2026-01-01,73,Dashboard,14
U0021391,C1302,2026-02-01,54,API,10
U0021392,C1302,2026-03-01,21,API,4
U0021393,C1302,2026-04-01,38,Exports,3
U0021394,C1302,2026-05-01,68,Dashboard,3
U0021395,C1302,2026-06-01,4,Integrations,4
U0021396,C1302,2026-07-01,61,Exports,17
U0021397,C1302,2026-08-01,47,Automation,19
U0021398,C1302,2026-09-01,60,Dashboard,13
U0021399,C1303,2025-02-01,67,Integrations,11
U0021400,C1303,2025-04-01,64,Automation,19
U0021401,C1303,2025-07-01,32,Automation,7
U0021402,C1303,2025-08-01,63,Exports,9
U0021403,C1303,2025-09-01,6,Integrations,19
U0021404,C1303,2025-10-01,37,Integrations,10
U0021405,C1303,2025-11-01,23,Exports,18
U0021406,C1303,2025-12-01,69,Integrations,7
U0021407,C1303,2026-01-01,24,Automation,7
U0021408,C1303,2026-02-01,50,Automation,7
U0021409,C1303,2026-03-01,52,Dashboard,5
U0021410,C1303,2026-04-01,1,Dashboard,10
U0021411,C1303,2026-05-01,57,Dashboard,10
U0021412,C1303,2026-06-01,3,API,5
U0021413,C1303,2026-07-01,28,Exports,1
U0021414,C1303,2026-08-01,76,Integrations,8
U0021415,C1303,2026-09-01,3,Reports,9
U0021416,C1304,2025-01-01,23,Dashboard,14
U0021417,C1304,2025-02-01,12,Dashboard,14
U0021418,C1304,2025-03-01,18,Dashboard,4
U0021419,C1304,2025-05-01,30,API,10
U0021420,C1304,2025-06-01,23,Exports,7
U0021421,C1304,2025-07-01,52,Automation,15
U0021422,C1304,2025-08-01,40,Integrations,6
U0021423,C1304,2025-09-01,30,API,10
U0021424,C1304,2025-10-01,68,Reports,15
U0021425,C1304,2025-12-01,7,Reports,7
U0021426,C1304,2026-01-01,47,Automation,6
U0021427,C1304,2026-02-01,3,Dashboard,15
U0021428,C1304,2026-03-01,71,Automation,4
U0021429,C1304,2026-04-01,33,Automation,16
U0021430,C1304,2026-05-01,69,Integrations,8
U0021431,C1304,2026-06-01,61,Exports,18
U0021432,C1304,2026-07-01,47,Reports,18
U0021433,C1304,2026-08-01,13,Integrations,1
U0021434,C1305,2025-02-01,5,Reports,10
U0021435,C1305,2025-06-01,72,API,9
U0021436,C1305,2025-07-01,41,Exports,18
U0021437,C1305,2025-08-01,24,Dashboard,11
U0021438,C1305,2025-12-01,23,Integrations,3
U0021439,C1305,2026-02-01,46,Reports,17
U0021440,C1305,2026-03-01,25,Integrations,14
U0021441,C1305,2026-05-01,75,Reports,3
U0021442,C1305,2026-06-01,68,API,13
U0021443,C1305,2026-07-01,18,Integrations,16
U0021444,C1305,2026-08-01,69,Exports,5
U0021445,C1305,2026-09-01,9,Integrations,13
U0021446,C1306,2025-01-01,62,Automation,7
U0021447,C1306,2025-02-01,5,API,15
U0021448,C1306,2025-03-01,51,Integrations,14
U0021449,C1306,2025-04-01,43,Exports,19
U0021450,C1306,2025-05-01,35,Reports,18
U0021451,C1306,2025-08-01,19,Automation,3
U0021452,C1306,2025-09-01,56,Reports,3
U0021453,C1306,2025-10-01,67,Automation,6
U0021454,C1306,2025-11-01,61,Reports,14
U0021455,C1306,2025-12-01,31,Reports,11
U0021456,C1306,2026-01-01,48,Integrations,5
U0021457,C1306,2026-02-01,59,Reports,16
U0021458,C1306,2026-03-01,24,Exports,11
U0021459,C1306,2026-04-01,49,Reports,7
U0021460,C1306,2026-05-01,29,Dashboard,10
U0021461,C1306,2026-07-01,77,Dashboard,11
U0021462,C1306,2026-08-01,16,Reports,7
U0021463,C1306,2026-09-01,33,Exports,14
U0021464,C1307,2025-01-01,43,Exports,4
U0021465,C1307,2025-02-01,22,API,15
U0021466,C1307,2025-03-01,2,Dashboard,12
U0021467,C1307,2025-05-01,40,Reports,1
U0021468,C1307,2025-08-01,53,Exports,17
U0021469,C1307,2025-09-01,60,Reports,19
U0021470,C1307,2025-10-01,73,Automation,12
U0021471,C1307,2025-11-01,64,Integrations,5
U0021472,C1307,2025-12-01,24,Dashboard,10
U0021473,C1307,2026-01-01,36,Reports,6
U0021474,C1307,2026-02-01,34,Reports,1
U0021475,C1307,2026-03-01,37,Dashboard,9
U0021476,C1307,2026-04-01,19,API,4
U0021477,C1307,2026-05-01,43,Dashboard,13
U0021478,C1307,2026-06-01,79,Integrations,9
U0021479,C1307,2026-07-01,77,Integrations,2
U0021480,C1307,2026-08-01,42,Integrations,7
U0021481,C1307,2026-09-01,68,API,7
U0021482,C1308,2025-01-01,65,Dashboard,1
U0021483,C1308,2025-03-01,23,API,7
U0021484,C1308,2025-04-01,36,API,16
U0021485,C1308,2025-06-01,49,Exports,15
U0021486,C1308,2025-10-01,45,Exports,19
U0021487,C1308,2025-12-01,15,Exports,8
U0021488,C1308,2026-01-01,13,API,3
U0021489,C1308,2026-02-01,27,Exports,6
U0021490,C1308,2026-03-01,75,Dashboard,9
U0021491,C1308,2026-04-01,34,API,11
U0021492,C1308,2026-05-01,4,Reports,14
U0021493,C1308,2026-08-01,17,Automation,3
U0021494,C1308,2026-09-01,26,Exports,12
U0021495,C1309,2025-01-01,3,Reports,17
U0021496,C1309,2025-02-01,57,Integrations,19
U0021497,C1309,2025-04-01,49,API,5
U0021498,C1309,2025-09-01,46,Dashboard,15
U0021499,C1309,2025-10-01,49,Reports,19
U0021500,C1309,2025-11-01,35,Reports,7
U0021501,C1309,2025-12-01,47,Dashboard,2
U0021502,C1309,2026-01-01,18,Reports,9
U0021503,C1309,2026-02-01,49,Automation,19
U0021504,C1309,2026-03-01,4,Reports,14
U0021505,C1309,2026-05-01,28,Dashboard,4
U0021506,C1309,2026-06-01,4,Automation,15
U0021507,C1309,2026-07-01,49,API,4
U0021508,C1309,2026-08-01,14,Reports,15
U0021509,C1309,2026-09-01,31,Exports,18
U0021510,C1310,2025-02-01,27,Dashboard,7
U0021511,C1310,2025-03-01,10,Reports,6
U0021512,C1310,2025-05-01,22,Dashboard,8
U0021513,C1310,2025-06-01,38,Exports,13
U0021514,C1310,2025-07-01,12,Automation,13
U0021515,C1310,2025-09-01,19,Exports,1
U0021516,C1310,2025-10-01,58,Integrations,11
U0021517,C1310,2025-11-01,7,Dashboard,17
U0021518,C1310,2025-12-01,16,Integrations,11
U0021519,C1310,2026-01-01,14,Integrations,2
U0021520,C1310,2026-02-01,42,Exports,12
U0021521,C1310,2026-03-01,3,API,3
U0021522,C1310,2026-04-01,1,Exports,12
U0021523,C1310,2026-05-01,4,API,16
U0021524,C1310,2026-06-01,41,Reports,8
U0021525,C1310,2026-07-01,20,Integrations,7
U0021526,C1310,2026-08-01,74,Reports,8
U0021527,C1310,2026-09-01,36,Automation,9
U0021528,C1311,2025-03-01,60,API,17
U0021529,C1311,2025-04-01,17,Exports,11
U0021530,C1311,2025-05-01,18,Reports,14
U0021531,C1311,2025-06-01,63,Reports,3
U0021532,C1311,2025-07-01,35,Automation,5
U0021533,C1311,2025-09-01,38,Dashboard,10
U0021534,C1311,2025-10-01,72,Integrations,7
U0021535,C1311,2025-12-01,24,Exports,13
U0021536,C1311,2026-03-01,2,Dashboard,3
U0021537,C1311,2026-04-01,57,Automation,1
U0021538,C1311,2026-06-01,17,API,19
U0021539,C1311,2026-08-01,59,Dashboard,11
U0021540,C1311,2026-09-01,9,Reports,16
U0021541,C1312,2025-01-01,20,Integrations,7
U0021542,C1312,2025-02-01,19,API,11
U0021543,C1312,2025-03-01,58,Automation,18
U0021544,C1312,2025-04-01,73,Exports,4
U0021545,C1312,2025-05-01,33,Exports,18
U0021546,C1312,2025-06-01,9,Reports,2
U0021547,C1312,2025-07-01,38,Integrations,19
U0021548,C1312,2025-08-01,49,API,2
U0021549,C1312,2025-09-01,74,API,3
U0021550,C1312,2025-10-01,30,API,18
U0021551,C1312,2025-11-01,61,API,17
U0021552,C1312,2026-01-01,11,Reports,17
U0021553,C1312,2026-02-01,62,Integrations,9
U0021554,C1312,2026-03-01,60,API,2
U0021555,C1312,2026-04-01,36,Reports,12
U0021556,C1312,2026-06-01,52,Exports,10
U0021557,C1312,2026-07-01,52,Automation,6
U0021558,C1312,2026-08-01,13,Dashboard,4
U0021559,C1312,2026-09-01,30,Integrations,15
U0021560,C1313,2025-03-01,14,Exports,8
U0021561,C1313,2025-04-01,54,Integrations,1
U0021562,C1313,2025-05-01,37,Automation,13
U0021563,C1313,2025-06-01,1,Exports,13
U0021564,C1313,2025-10-01,20,Automation,8
U0021565,C1313,2025-11-01,33,Exports,19
U0021566,C1313,2025-12-01,57,Dashboard,2
U0021567,C1313,2026-01-01,66,Exports,14
U0021568,C1313,2026-04-01,64,Integrations,18
U0021569,C1313,2026-05-01,51,Integrations,5
U0021570,C1313,2026-06-01,4,Integrations,6
U0021571,C1313,2026-08-01,34,API,13
U0021572,C1313,2026-09-01,18,Integrations,12
U0021573,C1314,2025-01-01,75,API,14
U0021574,C1314,2025-02-01,49,API,10
U0021575,C1314,2025-04-01,57,API,3
U0021576,C1314,2025-05-01,15,API,15
U0021577,C1314,2025-06-01,70,Dashboard,1
U0021578,C1314,2025-07-01,71,Exports,2
U0021579,C1314,2025-09-01,7,Exports,8
U0021580,C1314,2025-12-01,25,Integrations,1
U0021581,C1314,2026-01-01,14,Dashboard,7
U0021582,C1314,2026-03-01,68,Reports,6
U0021583,C1315,2025-02-01,51,Integrations,18
U0021584,C1315,2025-05-01,9,Dashboard,5
U0021585,C1315,2025-06-01,76,Exports,5
U0021586,C1315,2025-08-01,29,Reports,4
U0021587,C1315,2025-09-01,71,Dashboard,9
U0021588,C1315,2025-10-01,67,API,8
U0021589,C1315,2025-11-01,57,API,11
U0021590,C1315,2025-12-01,51,Integrations,18
U0021591,C1315,2026-01-01,27,API,5
U0021592,C1315,2026-03-01,3,Automation,9
U0021593,C1315,2026-04-01,62,Automation,15
U0021594,C1315,2026-05-01,69,API,16
U0021595,C1315,2026-06-01,32,Exports,3
U0021596,C1315,2026-07-01,16,Automation,9
U0021597,C1315,2026-08-01,49,Exports,7
U0021598,C1315,2026-09-01,43,Automation,2
U0021599,C1316,2025-01-01,61,Dashboard,7
U0021600,C1316,2025-03-01,60,Reports,2
U0021601,C1316,2025-04-01,52,Dashboard,13
U0021602,C1316,2025-05-01,3,Reports,4
U0021603,C1316,2025-06-01,22,Reports,14
U0021604,C1316,2025-07-01,46,Automation,16
U0021605,C1316,2025-08-01,34,Dashboard,5
U0021606,C1316,2025-10-01,47,Automation,5
U0021607,C1316,2025-11-01,36,Exports,5
U0021608,C1316,2025-12-01,30,Integrations,13
U0021609,C1316,2026-01-01,72,Integrations,7
U0021610,C1316,2026-02-01,20,API,1
U0021611,C1316,2026-03-01,52,Integrations,6
U0021612,C1316,2026-04-01,1,Integrations,17
U0021613,C1316,2026-06-01,15,API,17
U0021614,C1316,2026-07-01,50,Dashboard,19
U0021615,C1317,2025-01-01,61,Reports,18
U0021616,C1317,2025-03-01,35,Integrations,3
U0021617,C1317,2025-04-01,52,Reports,4
U0021618,C1317,2025-05-01,56,Reports,4
U0021619,C1317,2025-07-01,65,Exports,10
U0021620,C1317,2025-10-01,40,Integrations,19
U0021621,C1317,2025-11-01,10,Exports,15
U0021622,C1317,2026-01-01,65,Exports,4
U0021623,C1317,2026-02-01,59,API,17
U0021624,C1317,2026-03-01,63,Dashboard,11
U0021625,C1317,2026-04-01,28,API,13
U0021626,C1317,2026-05-01,17,Exports,12
U0021627,C1317,2026-06-01,17,Exports,2
U0021628,C1317,2026-07-01,49,API,12
U0021629,C1317,2026-09-01,58,Dashboard,3
U0021630,C1318,2025-01-01,47,Integrations,6
U0021631,C1318,2025-04-01,10,Dashboard,10
U0021632,C1318,2025-05-01,74,Dashboard,7
U0021633,C1318,2025-06-01,2,Integrations,14
U0021634,C1318,2025-07-01,33,Exports,13
U0021635,C1318,2025-08-01,70,Automation,19
U0021636,C1318,2025-09-01,24,API,17
U0021637,C1318,2025-11-01,52,Integrations,10
U0021638,C1318,2025-12-01,38,Exports,19
U0021639,C1318,2026-01-01,57,API,18
U0021640,C1318,2026-03-01,60,API,7
U0021641,C1318,2026-04-01,59,Exports,16
U0021642,C1318,2026-05-01,64,Automation,3
U0021643,C1318,2026-06-01,52,Automation,2
U0021644,C1318,2026-07-01,49,Reports,13
U0021645,C1318,2026-08-01,5,Automation,17
U0021646,C1318,2026-09-01,48,Integrations,16
U0021647,C1319,2025-01-01,75,Reports,6
U0021648,C1319,2025-02-01,34,Integrations,17
U0021649,C1319,2025-03-01,32,Dashboard,11
U0021650,C1319,2025-04-01,35,Integrations,11
U0021651,C1319,2025-05-01,28,Exports,15
U0021652,C1319,2025-06-01,61,Reports,3
U0021653,C1319,2025-07-01,69,API,10
U0021654,C1319,2025-08-01,17,Integrations,6
U0021655,C1319,2025-09-01,4,Reports,1
U0021656,C1319,2025-10-01,72,API,4
U0021657,C1319,2025-11-01,9,Reports,19
U0021658,C1319,2025-12-01,68,Automation,8
U0021659,C1319,2026-01-01,32,Integrations,10
U0021660,C1319,2026-02-01,53,Reports,12
U0021661,C1319,2026-03-01,23,Integrations,9
U0021662,C1319,2026-04-01,75,Dashboard,16
U0021663,C1319,2026-06-01,35,Reports,11
U0021664,C1319,2026-07-01,19,Reports,3
U0021665,C1319,2026-08-01,2,Reports,13
U0021666,C1319,2026-09-01,29,API,15
U0021667,C1320,2025-01-01,1,Automation,12
U0021668,C1320,2025-02-01,53,Dashboard,12
U0021669,C1320,2025-03-01,40,Reports,18
U0021670,C1320,2025-07-01,43,Integrations,16
U0021671,C1320,2025-08-01,71,API,3
U0021672,C1320,2025-09-01,75,Automation,12
U0021673,C1320,2025-11-01,20,Automation,12
U0021674,C1320,2025-12-01,69,Reports,19
U0021675,C1320,2026-02-01,45,Reports,5
U0021676,C1320,2026-03-01,39,API,19
U0021677,C1320,2026-05-01,50,Integrations,8
U0021678,C1320,2026-06-01,74,Dashboard,17
U0021679,C1320,2026-07-01,72,Dashboard,16
U0021680,C1320,2026-08-01,20,Reports,18
U0021681,C1320,2026-09-01,58,Integrations,16
U0021682,C1321,2025-01-01,8,Automation,16
U0021683,C1321,2025-02-01,17,Exports,18
U0021684,C1321,2025-03-01,60,Reports,19
U0021685,C1321,2025-04-01,28,Automation,5
U0021686,C1321,2025-05-01,9,Dashboard,15
U0021687,C1321,2025-07-01,46,Integrations,17
U0021688,C1321,2025-08-01,9,Integrations,14
U0021689,C1321,2025-09-01,64,Automation,12
U0021690,C1321,2025-10-01,12,Exports,4
U0021691,C1321,2025-11-01,9,Reports,8
U0021692,C1321,2026-03-01,48,Reports,3
U0021693,C1321,2026-04-01,29,Automation,4
U0021694,C1321,2026-05-01,11,Reports,6
U0021695,C1321,2026-06-01,77,Exports,18
U0021696,C1321,2026-07-01,6,Reports,4
U0021697,C1321,2026-08-01,2,Integrations,13
U0021698,C1321,2026-09-01,67,Dashboard,8
U0021699,C1322,2025-02-01,63,Dashboard,8
U0021700,C1322,2025-04-01,33,Automation,16
U0021701,C1322,2025-05-01,57,Exports,7
U0021702,C1322,2025-06-01,19,Exports,19
U0021703,C1322,2025-07-01,26,Integrations,1
U0021704,C1322,2025-08-01,74,Exports,5
U0021705,C1322,2025-09-01,52,Dashboard,2
U0021706,C1322,2025-11-01,18,Dashboard,7
U0021707,C1322,2026-01-01,48,Exports,14
U0021708,C1322,2026-02-01,17,Reports,8
U0021709,C1322,2026-03-01,33,API,15
U0021710,C1322,2026-04-01,37,Dashboard,12
U0021711,C1322,2026-05-01,28,Reports,6
U0021712,C1322,2026-06-01,24,Automation,2
U0021713,C1322,2026-07-01,69,Exports,1
U0021714,C1322,2026-08-01,72,Integrations,6
U0021715,C1322,2026-09-01,72,Integrations,14
U0021716,C1323,2025-03-01,37,Dashboard,16
U0021717,C1323,2025-05-01,55,API,7
U0021718,C1323,2025-06-01,41,API,5
U0021719,C1323,2025-07-01,47,Exports,5
U0021720,C1323,2025-08-01,19,Integrations,19
U0021721,C1323,2025-09-01,24,Integrations,18
U0021722,C1323,2025-10-01,74,Automation,7
U0021723,C1323,2025-11-01,11,Reports,12
U0021724,C1323,2025-12-01,1,Automation,12
U0021725,C1323,2026-01-01,71,Reports,12
U0021726,C1323,2026-02-01,1,Exports,13
U0021727,C1323,2026-03-01,78,API,11
U0021728,C1323,2026-04-01,49,Integrations,4
U0021729,C1323,2026-05-01,72,Integrations,14
U0021730,C1323,2026-06-01,7,Integrations,12
U0021731,C1323,2026-07-01,28,Automation,2
U0021732,C1323,2026-08-01,57,Reports,8
U0021733,C1324,2025-02-01,16,Reports,3
U0021734,C1324,2025-04-01,40,Automation,12
U0021735,C1324,2025-06-01,54,Integrations,15
U0021736,C1324,2025-08-01,75,Automation,14
U0021737,C1324,2025-09-01,54,API,8
U0021738,C1324,2025-10-01,46,Reports,14
U0021739,C1324,2025-11-01,68,Reports,5
U0021740,C1324,2025-12-01,56,Integrations,11
U0021741,C1324,2026-01-01,45,Automation,15
U0021742,C1324,2026-04-01,79,Exports,14
U0021743,C1324,2026-05-01,77,Exports,6
U0021744,C1324,2026-06-01,6,Dashboard,19
U0021745,C1324,2026-07-01,37,Exports,4
U0021746,C1324,2026-08-01,46,Exports,3
U0021747,C1325,2025-01-01,58,Exports,8
U0021748,C1325,2025-02-01,41,Integrations,9
U0021749,C1325,2025-03-01,65,API,13
U0021750,C1325,2025-04-01,71,Automation,14
U0021751,C1325,2025-05-01,17,Automation,11
U0021752,C1325,2025-06-01,20,Reports,16
U0021753,C1325,2025-07-01,68,API,17
U0021754,C1325,2025-09-01,40,API,2
U0021755,C1325,2025-10-01,58,API,16
U0021756,C1325,2025-11-01,76,Integrations,19
U0021757,C1325,2026-01-01,20,Reports,6
U0021758,C1325,2026-03-01,58,API,5
U0021759,C1325,2026-04-01,67,Dashboard,14
U0021760,C1325,2026-06-01,37,Integrations,16
U0021761,C1325,2026-07-01,12,API,2
U0021762,C1325,2026-09-01,42,Reports,14
U0021763,C1326,2025-01-01,23,Integrations,10
U0021764,C1326,2025-02-01,4,API,12
U0021765,C1326,2025-03-01,24,Integrations,5
U0021766,C1326,2025-04-01,19,Dashboard,5
U0021767,C1326,2025-05-01,27,Reports,6
U0021768,C1326,2025-06-01,21,Reports,16
U0021769,C1326,2025-07-01,5,Integrations,4
U0021770,C1326,2025-09-01,24,API,7
U0021771,C1326,2025-11-01,33,Integrations,9
U0021772,C1326,2025-12-01,49,Reports,6
U0021773,C1326,2026-01-01,49,API,11
U0021774,C1326,2026-02-01,71,API,7
U0021775,C1326,2026-03-01,15,Automation,16
U0021776,C1326,2026-06-01,1,Exports,13
U0021777,C1326,2026-09-01,15,API,14
U0021778,C1327,2025-01-01,36,Reports,6
U0021779,C1327,2025-02-01,64,Automation,8
U0021780,C1327,2025-03-01,52,Integrations,1
U0021781,C1327,2025-06-01,7,Exports,16
U0021782,C1327,2025-07-01,35,Integrations,15
U0021783,C1327,2025-08-01,20,Automation,4
U0021784,C1327,2025-09-01,37,Dashboard,8
U0021785,C1327,2025-10-01,19,Dashboard,4
U0021786,C1327,2025-12-01,32,Integrations,6
U0021787,C1327,2026-01-01,71,Dashboard,19
U0021788,C1327,2026-03-01,7,Automation,17
U0021789,C1327,2026-04-01,67,Reports,14
U0021790,C1327,2026-05-01,16,API,7
U0021791,C1327,2026-06-01,44,Dashboard,3
U0021792,C1327,2026-07-01,9,API,16
U0021793,C1327,2026-08-01,3,Reports,9
U0021794,C1328,2025-01-01,43,Integrations,4
U0021795,C1328,2025-02-01,69,Reports,16
U0021796,C1328,2025-03-01,53,Automation,18
U0021797,C1328,2025-04-01,17,Exports,7
U0021798,C1328,2025-05-01,28,Reports,6
U0021799,C1328,2025-06-01,15,API,8
U0021800,C1328,2025-07-01,25,Reports,1
U0021801,C1328,2025-08-01,3,Integrations,12
U0021802,C1328,2025-10-01,29,API,14
U0021803,C1328,2025-11-01,78,Exports,6
U0021804,C1328,2026-01-01,56,API,15
U0021805,C1328,2026-03-01,62,Exports,14
U0021806,C1328,2026-04-01,69,Integrations,7
U0021807,C1328,2026-07-01,37,Integrations,7
U0021808,C1328,2026-08-01,67,Automation,11
U0021809,C1328,2026-09-01,7,API,16
U0021810,C1329,2025-02-01,41,Integrations,13
U0021811,C1329,2025-04-01,40,Integrations,18
U0021812,C1329,2025-06-01,30,API,3
U0021813,C1329,2025-07-01,23,API,19
U0021814,C1329,2025-08-01,57,Reports,11
U0021815,C1329,2025-09-01,30,Exports,10
U0021816,C1329,2025-10-01,12,Reports,19
U0021817,C1329,2025-11-01,9,Integrations,3
U0021818,C1329,2025-12-01,34,Exports,6
U0021819,C1329,2026-01-01,78,Dashboard,5
U0021820,C1329,2026-02-01,62,Exports,7
U0021821,C1329,2026-04-01,29,Dashboard,16
U0021822,C1329,2026-06-01,43,Dashboard,5
U0021823,C1329,2026-07-01,60,Integrations,17
U0021824,C1329,2026-08-01,31,Reports,6
U0021825,C1330,2025-01-01,54,Reports,14
U0021826,C1330,2025-02-01,66,Dashboard,14
U0021827,C1330,2025-06-01,79,Dashboard,18
U0021828,C1330,2025-07-01,73,Reports,8
U0021829,C1330,2025-08-01,21,Reports,5
U0021830,C1330,2025-10-01,74,Dashboard,19
U0021831,C1330,2025-11-01,71,Exports,8
U0021832,C1330,2025-12-01,68,Exports,1
U0021833,C1330,2026-01-01,54,Exports,5
U0021834,C1330,2026-02-01,54,Integrations,11
U0021835,C1330,2026-03-01,29,Integrations,8
U0021836,C1330,2026-04-01,39,Automation,19
U0021837,C1330,2026-05-01,5,Reports,6
U0021838,C1330,2026-06-01,8,Integrations,8
U0021839,C1330,2026-07-01,18,Automation,9
U0021840,C1330,2026-08-01,41,Automation,8
U0021841,C1330,2026-09-01,62,Automation,14
U0021842,C1331,2025-01-01,64,Exports,11
U0021843,C1331,2025-02-01,29,Reports,19
U0021844,C1331,2025-03-01,61,Integrations,5
U0021845,C1331,2025-04-01,24,Automation,9
U0021846,C1331,2025-05-01,65,Exports,4
U0021847,C1331,2025-06-01,52,Integrations,14
U0021848,C1331,2025-09-01,5,Automation,5
U0021849,C1331,2025-10-01,51,Dashboard,6
U0021850,C1331,2025-11-01,49,Dashboard,11
U0021851,C1331,2026-01-01,30,Integrations,18
U0021852,C1331,2026-02-01,73,Dashboard,16
U0021853,C1331,2026-03-01,49,Dashboard,9
U0021854,C1331,2026-04-01,63,Integrations,1
U0021855,C1331,2026-05-01,65,Exports,16
U0021856,C1331,2026-06-01,24,Automation,2
U0021857,C1331,2026-07-01,60,Reports,2
U0021858,C1331,2026-08-01,75,Integrations,16
U0021859,C1331,2026-09-01,40,Integrations,17
U0021860,C1332,2025-02-01,40,Reports,11
U0021861,C1332,2025-04-01,70,Exports,8
U0021862,C1332,2025-05-01,65,API,15
U0021863,C1332,2025-08-01,12,Automation,4
U0021864,C1332,2025-09-01,35,Integrations,12
U0021865,C1332,2025-11-01,55,Reports,16
U0021866,C1332,2025-12-01,27,Exports,13
U0021867,C1332,2026-01-01,21,Automation,9
U0021868,C1332,2026-02-01,17,Dashboard,3
U0021869,C1332,2026-03-01,73,Integrations,18
U0021870,C1332,2026-04-01,20,Exports,18
U0021871,C1332,2026-07-01,51,Exports,13
U0021872,C1332,2026-08-01,48,Integrations,5
U0021873,C1332,2026-09-01,15,API,8
U0021874,C1333,2025-01-01,39,API,10
U0021875,C1333,2025-04-01,45,Reports,18
U0021876,C1333,2025-07-01,33,Dashboard,16
U0021877,C1333,2025-08-01,30,Automation,5
U0021878,C1333,2025-09-01,15,Dashboard,3
U0021879,C1333,2025-10-01,47,API,17
U0021880,C1333,2025-11-01,48,Reports,4
U0021881,C1333,2025-12-01,46,Reports,6
U0021882,C1333,2026-01-01,27,Exports,5
U0021883,C1333,2026-02-01,79,Integrations,18
U0021884,C1333,2026-03-01,51,Dashboard,19
U0021885,C1333,2026-06-01,74,Automation,2
U0021886,C1333,2026-07-01,1,Integrations,19
U0021887,C1333,2026-08-01,57,Automation,7
U0021888,C1334,2025-02-01,37,Integrations,12
U0021889,C1334,2025-03-01,28,Reports,13
U0021890,C1334,2025-04-01,61,Reports,7
U0021891,C1334,2025-05-01,7,Exports,1
U0021892,C1334,2025-07-01,44,Reports,10
U0021893,C1334,2025-08-01,78,Integrations,9
U0021894,C1334,2025-09-01,20,Automation,11
U0021895,C1334,2025-11-01,56,Reports,14
U0021896,C1334,2026-01-01,3,API,1
U0021897,C1334,2026-02-01,56,Integrations,2
U0021898,C1334,2026-03-01,56,Integrations,1
U0021899,C1334,2026-04-01,29,Automation,7
U0021900,C1334,2026-07-01,54,Dashboard,10
U0021901,C1334,2026-08-01,11,API,6
U0021902,C1334,2026-09-01,27,Integrations,3
U0021903,C1335,2025-01-01,21,Dashboard,18
U0021904,C1335,2025-02-01,27,Reports,10
U0021905,C1335,2025-03-01,20,API,17
U0021906,C1335,2025-04-01,24,Integrations,11
U0021907,C1335,2025-05-01,51,API,8
U0021908,C1335,2025-06-01,22,Integrations,13
U0021909,C1335,2025-08-01,4,Automation,6
U0021910,C1335,2025-09-01,37,Reports,6
U0021911,C1335,2026-01-01,34,Integrations,10
U0021912,C1335,2026-02-01,5,Integrations,11
U0021913,C1335,2026-03-01,58,Automation,19
U0021914,C1335,2026-04-01,31,Dashboard,8
U0021915,C1335,2026-05-01,49,Dashboard,16
U0021916,C1335,2026-06-01,45,API,18
U0021917,C1335,2026-07-01,42,API,3
U0021918,C1335,2026-08-01,68,Reports,10
U0021919,C1335,2026-09-01,30,Reports,13
U0021920,C1336,2025-01-01,33,Dashboard,16
U0021921,C1336,2025-02-01,64,Dashboard,18
U0021922,C1336,2025-04-01,1,Reports,8
U0021923,C1336,2025-05-01,39,Reports,9
U0021924,C1336,2025-06-01,36,Integrations,9
U0021925,C1336,2025-07-01,22,Integrations,10
U0021926,C1336,2025-08-01,26,Reports,18
U0021927,C1336,2025-11-01,37,API,14
U0021928,C1336,2025-12-01,17,Automation,2
U0021929,C1336,2026-01-01,41,API,10
U0021930,C1336,2026-02-01,74,Dashboard,18
U0021931,C1336,2026-04-01,77,API,6
U0021932,C1336,2026-05-01,56,API,18
U0021933,C1336,2026-06-01,22,Reports,10
U0021934,C1336,2026-07-01,68,API,13
U0021935,C1336,2026-08-01,55,Integrations,8
U0021936,C1336,2026-09-01,68,Integrations,3
U0021937,C1337,2025-01-01,25,API,8
U0021938,C1337,2025-02-01,19,Integrations,3
U0021939,C1337,2025-07-01,64,Dashboard,15
U0021940,C1337,2025-09-01,11,API,10
U0021941,C1337,2025-10-01,53,Integrations,12
U0021942,C1337,2025-11-01,71,Integrations,4
U0021943,C1337,2025-12-01,76,Reports,18
U0021944,C1337,2026-01-01,31,Exports,5
U0021945,C1337,2026-02-01,70,API,2
U0021946,C1337,2026-03-01,77,Automation,2
U0021947,C1337,2026-04-01,77,API,1
U0021948,C1337,2026-05-01,77,Dashboard,14
U0021949,C1337,2026-06-01,48,Dashboard,7
U0021950,C1337,2026-07-01,51,API,6
U0021951,C1337,2026-08-01,43,API,3
U0021952,C1337,2026-09-01,47,API,19
U0021953,C1338,2025-01-01,26,Dashboard,9
U0021954,C1338,2025-02-01,75,API,17
U0021955,C1338,2025-03-01,65,API,2
U0021956,C1338,2025-04-01,6,Automation,8
U0021957,C1338,2025-05-01,76,Reports,1
U0021958,C1338,2025-06-01,1,Automation,19
U0021959,C1338,2025-07-01,56,Integrations,3
U0021960,C1338,2025-08-01,6,Dashboard,16
U0021961,C1338,2025-09-01,1,Dashboard,8
U0021962,C1338,2025-10-01,21,Dashboard,13
U0021963,C1338,2025-12-01,2,Automation,16
U0021964,C1338,2026-01-01,4,API,9
U0021965,C1338,2026-03-01,34,API,14
U0021966,C1338,2026-05-01,3,Integrations,16
U0021967,C1338,2026-06-01,21,API,8
U0021968,C1338,2026-07-01,44,Integrations,14
U0021969,C1338,2026-08-01,69,API,7
U0021970,C1339,2025-01-01,73,Reports,14
U0021971,C1339,2025-03-01,58,Dashboard,11
U0021972,C1339,2025-04-01,45,Dashboard,3
U0021973,C1339,2025-05-01,65,Automation,7
U0021974,C1339,2025-06-01,20,Exports,1
U0021975,C1339,2025-07-01,38,Reports,19
U0021976,C1339,2025-08-01,20,Automation,1
U0021977,C1339,2025-10-01,49,Reports,5
U0021978,C1339,2025-11-01,41,Reports,2
U0021979,C1339,2025-12-01,21,Exports,11
U0021980,C1339,2026-01-01,61,Reports,18
U0021981,C1339,2026-02-01,59,API,13
U0021982,C1339,2026-03-01,57,Automation,17
U0021983,C1339,2026-04-01,50,Reports,15
U0021984,C1339,2026-05-01,7,Reports,3
U0021985,C1339,2026-07-01,62,Dashboard,2
U0021986,C1339,2026-08-01,56,Automation,6
U0021987,C1339,2026-09-01,4,Dashboard,16
U0021988,C1340,2025-03-01,32,Exports,14
U0021989,C1340,2025-04-01,18,Reports,13
U0021990,C1340,2025-05-01,62,Integrations,5
U0021991,C1340,2025-06-01,33,Reports,4
U0021992,C1340,2025-08-01,54,API,17
U0021993,C1340,2025-10-01,58,Integrations,13
U0021994,C1340,2025-11-01,17,Exports,8
U0021995,C1340,2026-01-01,21,API,16
U0021996,C1340,2026-02-01,68,Dashboard,11
U0021997,C1340,2026-03-01,61,API,6
U0021998,C1340,2026-05-01,73,Reports,11
U0021999,C1340,2026-06-01,2,Exports,16
U0022000,C1340,2026-07-01,63,API,5
U0022001,C1340,2026-09-01,35,Exports,14
U0022002,C1341,2025-01-01,76,Reports,14
U0022003,C1341,2025-02-01,59,Integrations,18
U0022004,C1341,2025-04-01,60,Dashboard,4
U0022005,C1341,2025-05-01,74,Integrations,18
U0022006,C1341,2025-06-01,33,Integrations,4
U0022007,C1341,2025-07-01,72,Dashboard,18
U0022008,C1341,2025-08-01,29,Integrations,13
U0022009,C1341,2025-10-01,15,Reports,11
U0022010,C1341,2025-11-01,69,Reports,12
U0022011,C1341,2025-12-01,3,Automation,5
U0022012,C1341,2026-01-01,64,Exports,2
U0022013,C1341,2026-02-01,29,Exports,7
U0022014,C1341,2026-04-01,34,Dashboard,8
U0022015,C1341,2026-05-01,11,Reports,4
U0022016,C1341,2026-06-01,47,Exports,13
U0022017,C1341,2026-07-01,46,Exports,2
U0022018,C1341,2026-08-01,66,Integrations,14
U0022019,C1341,2026-09-01,13,Integrations,9
U0022020,C1342,2025-01-01,41,Exports,15
U0022021,C1342,2025-02-01,58,Dashboard,19
U0022022,C1342,2025-03-01,6,Reports,4
U0022023,C1342,2025-04-01,55,Integrations,3
U0022024,C1342,2025-05-01,39,Reports,11
U0022025,C1342,2025-06-01,2,Reports,10
U0022026,C1342,2025-07-01,78,API,14
U0022027,C1342,2025-08-01,43,Exports,4
U0022028,C1342,2025-09-01,55,Automation,9
U0022029,C1342,2025-10-01,32,Reports,18
U0022030,C1342,2025-11-01,58,API,8
U0022031,C1342,2025-12-01,59,Exports,12
U0022032,C1342,2026-01-01,50,Dashboard,8
U0022033,C1342,2026-02-01,19,Exports,3
U0022034,C1342,2026-03-01,32,Reports,8
U0022035,C1342,2026-04-01,39,API,13
U0022036,C1342,2026-05-01,52,API,15
U0022037,C1342,2026-06-01,27,Exports,11
U0022038,C1342,2026-08-01,51,Reports,13
U0022039,C1342,2026-09-01,36,Integrations,4
U0022040,C1343,2025-01-01,30,Reports,6
U0022041,C1343,2025-02-01,76,Automation,3
U0022042,C1343,2025-03-01,71,Dashboard,17
U0022043,C1343,2025-05-01,78,Dashboard,11
U0022044,C1343,2025-06-01,37,Reports,13
U0022045,C1343,2025-08-01,48,Integrations,1
U0022046,C1343,2025-10-01,30,Dashboard,13
U0022047,C1343,2025-11-01,56,Integrations,7
U0022048,C1343,2026-01-01,78,Reports,11
U0022049,C1343,2026-02-01,41,Integrations,17
U0022050,C1343,2026-03-01,77,Exports,18
U0022051,C1343,2026-04-01,44,Reports,19
U0022052,C1343,2026-05-01,41,Dashboard,11
U0022053,C1343,2026-06-01,27,Integrations,5
U0022054,C1343,2026-07-01,33,Automation,16
U0022055,C1343,2026-08-01,51,Integrations,3
U0022056,C1344,2025-01-01,66,Integrations,6
U0022057,C1344,2025-02-01,52,Dashboard,8
U0022058,C1344,2025-03-01,13,Reports,16
U0022059,C1344,2025-04-01,48,Automation,11
U0022060,C1344,2025-05-01,40,Automation,14
U0022061,C1344,2025-06-01,16,Automation,14
U0022062,C1344,2025-07-01,70,Exports,18
U0022063,C1344,2025-09-01,51,Automation,4
U0022064,C1344,2025-10-01,24,Reports,13
U0022065,C1344,2025-11-01,42,API,15
U0022066,C1344,2025-12-01,60,API,16
U0022067,C1344,2026-03-01,6,Exports,14
U0022068,C1344,2026-04-01,50,Exports,3
U0022069,C1344,2026-06-01,1,API,7
U0022070,C1344,2026-07-01,35,Dashboard,11
U0022071,C1344,2026-08-01,65,Reports,2
U0022072,C1344,2026-09-01,58,Reports,17
U0022073,C1345,2025-01-01,51,API,18
U0022074,C1345,2025-02-01,36,Exports,6
U0022075,C1345,2025-03-01,48,Dashboard,5
U0022076,C1345,2025-04-01,51,Reports,6
U0022077,C1345,2025-05-01,64,Dashboard,11
U0022078,C1345,2025-06-01,50,API,19
U0022079,C1345,2025-07-01,12,Exports,7
U0022080,C1345,2025-08-01,36,Exports,14
U0022081,C1345,2025-09-01,50,Exports,6
U0022082,C1345,2025-11-01,36,Dashboard,11
U0022083,C1345,2025-12-01,61,Automation,17
U0022084,C1345,2026-01-01,6,API,10
U0022085,C1345,2026-02-01,51,API,8
U0022086,C1345,2026-05-01,44,Automation,14
U0022087,C1345,2026-06-01,15,Integrations,14
U0022088,C1345,2026-07-01,43,Dashboard,18
U0022089,C1345,2026-09-01,52,Automation,9
U0022090,C1346,2025-01-01,18,Integrations,17
U0022091,C1346,2025-03-01,2,Integrations,11
U0022092,C1346,2025-05-01,25,API,12
U0022093,C1346,2025-06-01,69,API,2
U0022094,C1346,2025-09-01,69,Reports,11
U0022095,C1346,2025-11-01,77,Integrations,18
U0022096,C1346,2025-12-01,6,Dashboard,8
U0022097,C1346,2026-01-01,67,API,8
U0022098,C1346,2026-02-01,66,Integrations,9
U0022099,C1346,2026-04-01,56,Dashboard,6
U0022100,C1346,2026-05-01,50,Dashboard,16
U0022101,C1346,2026-06-01,42,API,2
U0022102,C1346,2026-07-01,52,Exports,6
U0022103,C1346,2026-08-01,14,Dashboard,14
U0022104,C1346,2026-09-01,46,Integrations,12
U0022105,C1347,2025-01-01,15,Dashboard,14
U0022106,C1347,2025-02-01,69,Dashboard,2
U0022107,C1347,2025-03-01,45,Automation,8
U0022108,C1347,2025-05-01,5,Reports,8
U0022109,C1347,2025-06-01,41,Dashboard,13
U0022110,C1347,2025-07-01,75,API,1
U0022111,C1347,2025-09-01,49,Integrations,11
U0022112,C1347,2025-12-01,58,Dashboard,12
U0022113,C1347,2026-01-01,54,API,16
U0022114,C1347,2026-04-01,23,Exports,1
U0022115,C1347,2026-05-01,52,Exports,2
U0022116,C1347,2026-06-01,36,Integrations,18
U0022117,C1347,2026-07-01,25,Reports,4
U0022118,C1347,2026-09-01,9,Dashboard,3
U0022119,C1348,2025-01-01,52,Dashboard,17
U0022120,C1348,2025-03-01,67,Reports,13
U0022121,C1348,2025-04-01,46,Reports,1
U0022122,C1348,2025-05-01,20,Reports,13
U0022123,C1348,2025-06-01,20,Exports,9
U0022124,C1348,2025-07-01,3,Exports,15
U0022125,C1348,2025-08-01,79,Exports,11
U0022126,C1348,2025-12-01,68,Integrations,15
U0022127,C1348,2026-01-01,73,Integrations,7
U0022128,C1348,2026-02-01,49,Reports,19
U0022129,C1348,2026-03-01,55,Integrations,9
U0022130,C1348,2026-04-01,57,Integrations,11
U0022131,C1348,2026-05-01,18,Automation,6
U0022132,C1348,2026-06-01,14,Exports,8
U0022133,C1348,2026-08-01,79,Dashboard,14
U0022134,C1348,2026-09-01,21,Dashboard,4
U0022135,C1349,2025-01-01,41,Reports,1
U0022136,C1349,2025-03-01,61,Dashboard,7
U0022137,C1349,2025-05-01,10,Automation,6
U0022138,C1349,2025-06-01,76,Exports,13
U0022139,C1349,2025-07-01,37,Exports,8
U0022140,C1349,2025-08-01,42,Exports,7
U0022141,C1349,2025-09-01,36,API,17
U0022142,C1349,2025-10-01,41,Integrations,11
U0022143,C1349,2026-01-01,67,Automation,8
U0022144,C1349,2026-03-01,27,Dashboard,15
U0022145,C1349,2026-07-01,46,Reports,2
U0022146,C1349,2026-08-01,36,Automation,12
U0022147,C1349,2026-09-01,38,Automation,11
U0022148,C1350,2025-01-01,27,Reports,15
U0022149,C1350,2025-02-01,15,Automation,6
U0022150,C1350,2025-03-01,49,API,15
U0022151,C1350,2025-04-01,22,Integrations,19
U0022152,C1350,2025-06-01,28,Dashboard,17
U0022153,C1350,2025-07-01,65,Dashboard,19
U0022154,C1350,2025-09-01,45,Integrations,14
U0022155,C1350,2025-10-01,23,Automation,10
U0022156,C1350,2025-11-01,1,Integrations,16
U0022157,C1350,2025-12-01,49,Exports,15
U0022158,C1350,2026-01-01,12,API,15
U0022159,C1350,2026-02-01,77,Integrations,1
U0022160,C1350,2026-03-01,69,Dashboard,5
U0022161,C1350,2026-04-01,52,Integrations,12
U0022162,C1350,2026-05-01,9,Integrations,16
U0022163,C1350,2026-06-01,65,Automation,2
U0022164,C1350,2026-07-01,53,Reports,3
U0022165,C1350,2026-08-01,11,API,6
U0022166,C1350,2026-09-01,29,Exports,16
U0022167,C1351,2025-01-01,70,Exports,17
U0022168,C1351,2025-02-01,19,Exports,11
U0022169,C1351,2025-04-01,9,Dashboard,8
U0022170,C1351,2025-05-01,22,Dashboard,10
U0022171,C1351,2025-06-01,39,API,11
U0022172,C1351,2025-07-01,57,Dashboard,15
U0022173,C1351,2025-08-01,56,Integrations,18
U0022174,C1351,2025-09-01,76,API,8
U0022175,C1351,2025-10-01,67,Reports,19
U0022176,C1351,2025-11-01,38,Integrations,16
U0022177,C1351,2025-12-01,1,Reports,16
U0022178,C1351,2026-01-01,19,Integrations,7
U0022179,C1351,2026-02-01,7,API,11
U0022180,C1351,2026-04-01,59,Reports,11
U0022181,C1351,2026-05-01,51,Exports,13
U0022182,C1351,2026-07-01,11,API,12
U0022183,C1351,2026-08-01,39,Automation,13
U0022184,C1351,2026-09-01,26,Dashboard,19
U0022185,C1352,2025-01-01,12,Integrations,8
U0022186,C1352,2025-02-01,13,Integrations,18
U0022187,C1352,2025-04-01,19,Dashboard,12
U0022188,C1352,2025-05-01,26,Reports,9
U0022189,C1352,2025-07-01,45,Integrations,17
U0022190,C1352,2025-08-01,37,Dashboard,19
U0022191,C1352,2025-09-01,13,Integrations,14
U0022192,C1352,2025-11-01,74,Integrations,18
U0022193,C1352,2025-12-01,46,API,17
U0022194,C1352,2026-01-01,22,Reports,11
U0022195,C1352,2026-02-01,69,Automation,16
U0022196,C1352,2026-04-01,66,Integrations,10
U0022197,C1352,2026-06-01,49,Automation,12
U0022198,C1352,2026-08-01,69,Reports,4
U0022199,C1352,2026-09-01,69,Automation,7
U0022200,C1353,2025-01-01,41,Reports,13
U0022201,C1353,2025-02-01,72,Integrations,18
U0022202,C1353,2025-05-01,68,Exports,1
U0022203,C1353,2025-06-01,67,Reports,6
U0022204,C1353,2025-07-01,51,API,3
U0022205,C1353,2025-08-01,72,Reports,9
U0022206,C1353,2025-09-01,5,API,3
U0022207,C1353,2025-10-01,16,Exports,19
U0022208,C1353,2025-12-01,56,Dashboard,7
U0022209,C1353,2026-01-01,49,Exports,16
U0022210,C1353,2026-02-01,26,Dashboard,1
U0022211,C1353,2026-03-01,30,Reports,13
U0022212,C1353,2026-04-01,51,Automation,4
U0022213,C1353,2026-05-01,9,Integrations,18
U0022214,C1353,2026-06-01,40,Dashboard,15
U0022215,C1353,2026-07-01,12,Integrations,14
U0022216,C1353,2026-08-01,71,Reports,7
U0022217,C1353,2026-09-01,43,Exports,5
U0022218,C1354,2025-01-01,33,Integrations,19
U0022219,C1354,2025-03-01,14,Reports,10
U0022220,C1354,2025-04-01,12,Exports,1
U0022221,C1354,2025-05-01,44,Automation,15
U0022222,C1354,2025-12-01,7,Dashboard,15
U0022223,C1354,2026-01-01,37,Reports,19
U0022224,C1354,2026-02-01,74,Integrations,7
U0022225,C1354,2026-03-01,71,Exports,13
U0022226,C1354,2026-04-01,78,Dashboard,12
U0022227,C1354,2026-05-01,42,Integrations,17
U0022228,C1354,2026-06-01,78,Exports,12
U0022229,C1354,2026-07-01,11,Exports,17
U0022230,C1354,2026-08-01,79,Exports,4
U0022231,C1355,2025-01-01,17,API,6
U0022232,C1355,2025-03-01,38,API,4
U0022233,C1355,2025-04-01,47,Reports,5
U0022234,C1355,2025-05-01,20,Reports,18
U0022235,C1355,2025-07-01,25,Dashboard,16
U0022236,C1355,2025-09-01,77,Exports,7
U0022237,C1355,2025-10-01,30,Dashboard,3
U0022238,C1355,2025-11-01,67,Exports,11
U0022239,C1355,2025-12-01,17,API,9
U0022240,C1355,2026-01-01,67,Exports,8
U0022241,C1355,2026-03-01,35,Exports,6
U0022242,C1355,2026-04-01,47,Automation,4
U0022243,C1355,2026-05-01,48,Automation,11
U0022244,C1355,2026-06-01,24,API,7
U0022245,C1356,2025-03-01,1,Automation,7
U0022246,C1356,2025-04-01,75,Exports,19
U0022247,C1356,2025-06-01,48,Reports,6
U0022248,C1356,2025-07-01,75,API,5
U0022249,C1356,2025-12-01,2,Automation,18
U0022250,C1356,2026-01-01,79,Integrations,9
U0022251,C1356,2026-02-01,6,Reports,2
U0022252,C1356,2026-03-01,20,Exports,9
U0022253,C1356,2026-04-01,29,API,1
U0022254,C1356,2026-05-01,52,Exports,11
U0022255,C1356,2026-06-01,40,Dashboard,5
U0022256,C1356,2026-07-01,71,Reports,11
U0022257,C1356,2026-08-01,6,Integrations,2
U0022258,C1357,2025-01-01,29,Reports,17
U0022259,C1357,2025-02-01,2,Automation,11
U0022260,C1357,2025-03-01,46,API,11
U0022261,C1357,2025-04-01,20,API,17
U0022262,C1357,2025-05-01,37,API,10
U0022263,C1357,2025-06-01,66,Exports,17
U0022264,C1357,2025-09-01,47,Dashboard,16
U0022265,C1357,2025-10-01,73,Exports,17
U0022266,C1357,2025-11-01,23,API,6
U0022267,C1357,2025-12-01,42,Exports,4
U0022268,C1357,2026-01-01,41,Reports,18
U0022269,C1357,2026-03-01,13,Reports,6
U0022270,C1357,2026-05-01,36,API,18
U0022271,C1357,2026-06-01,29,Integrations,13
U0022272,C1357,2026-07-01,13,Dashboard,17
U0022273,C1357,2026-09-01,75,Exports,13
U0022274,C1358,2025-01-01,68,Integrations,4
U0022275,C1358,2025-02-01,3,Integrations,2
U0022276,C1358,2025-04-01,27,Dashboard,6
U0022277,C1358,2025-06-01,47,Automation,7
U0022278,C1358,2025-07-01,38,Exports,1
U0022279,C1358,2025-08-01,19,Exports,5
U0022280,C1358,2025-09-01,4,Integrations,10
U0022281,C1358,2025-10-01,50,Reports,16
U0022282,C1358,2025-11-01,19,Automation,19
U0022283,C1358,2026-01-01,69,Reports,5
U0022284,C1358,2026-02-01,8,Dashboard,12
U0022285,C1358,2026-03-01,3,Reports,16
U0022286,C1358,2026-04-01,79,Dashboard,17
U0022287,C1358,2026-05-01,61,Automation,5
U0022288,C1358,2026-06-01,17,Exports,12
U0022289,C1358,2026-07-01,11,Automation,15
U0022290,C1358,2026-08-01,15,Exports,1
U0022291,C1358,2026-09-01,59,Exports,3
U0022292,C1359,2025-01-01,73,API,8
U0022293,C1359,2025-02-01,54,Integrations,6
U0022294,C1359,2025-03-01,29,Reports,2
U0022295,C1359,2025-04-01,4,Dashboard,3
U0022296,C1359,2025-05-01,53,Exports,19
U0022297,C1359,2025-06-01,27,Integrations,3
U0022298,C1359,2025-09-01,5,Exports,11
U0022299,C1359,2026-02-01,53,API,13
U0022300,C1359,2026-03-01,22,API,1
U0022301,C1359,2026-04-01,16,Integrations,16
U0022302,C1359,2026-05-01,40,Exports,5
U0022303,C1359,2026-07-01,7,Reports,17
U0022304,C1359,2026-08-01,11,Dashboard,10
U0022305,C1360,2025-04-01,53,Exports,18
U0022306,C1360,2025-05-01,4,Exports,15
U0022307,C1360,2025-06-01,28,Automation,10
U0022308,C1360,2025-07-01,64,Dashboard,10
U0022309,C1360,2025-08-01,18,Dashboard,5
U0022310,C1360,2025-10-01,39,Reports,16
U0022311,C1360,2025-12-01,78,Exports,13
U0022312,C1360,2026-01-01,69,Integrations,16
U0022313,C1360,2026-02-01,3,Dashboard,1
U0022314,C1360,2026-03-01,31,Exports,7
U0022315,C1360,2026-04-01,7,Automation,18
U0022316,C1360,2026-06-01,51,Reports,7
U0022317,C1360,2026-07-01,18,Integrations,6
U0022318,C1360,2026-08-01,62,Dashboard,11
U0022319,C1360,2026-09-01,23,Reports,13
U0022320,C1361,2025-01-01,75,Integrations,2
U0022321,C1361,2025-02-01,38,Automation,13
U0022322,C1361,2025-03-01,16,Exports,14
U0022323,C1361,2025-04-01,70,Automation,15
U0022324,C1361,2025-05-01,60,API,8
U0022325,C1361,2025-06-01,11,API,14
U0022326,C1361,2025-07-01,62,Automation,13
U0022327,C1361,2025-08-01,51,Reports,13
U0022328,C1361,2025-09-01,31,Exports,5
U0022329,C1361,2025-10-01,25,Dashboard,19
U0022330,C1361,2025-11-01,38,Exports,16
U0022331,C1361,2026-01-01,68,Automation,8
U0022332,C1361,2026-02-01,43,Dashboard,8
U0022333,C1361,2026-04-01,36,Exports,10
U0022334,C1361,2026-05-01,24,Reports,15
U0022335,C1361,2026-06-01,21,Automation,11
U0022336,C1361,2026-07-01,73,Dashboard,6
U0022337,C1361,2026-08-01,1,Exports,4
U0022338,C1361,2026-09-01,76,Reports,8
U0022339,C1362,2025-02-01,9,Automation,12
U0022340,C1362,2025-03-01,72,Exports,9
U0022341,C1362,2025-04-01,65,Reports,5
U0022342,C1362,2025-05-01,10,API,7
U0022343,C1362,2025-06-01,74,Reports,6
U0022344,C1362,2025-07-01,2,Integrations,14
U0022345,C1362,2025-08-01,75,Dashboard,5
U0022346,C1362,2025-09-01,54,API,18
U0022347,C1362,2025-11-01,39,Reports,19
U0022348,C1362,2026-01-01,29,Exports,10
U0022349,C1362,2026-02-01,57,Integrations,5
U0022350,C1362,2026-03-01,40,Integrations,17
U0022351,C1362,2026-04-01,54,Exports,8
U0022352,C1362,2026-05-01,70,Automation,5
U0022353,C1362,2026-06-01,70,Automation,1
U0022354,C1362,2026-07-01,62,Exports,16
U0022355,C1362,2026-08-01,54,Integrations,1
U0022356,C1362,2026-09-01,8,Exports,18
U0022357,C1363,2025-02-01,77,Exports,11
U0022358,C1363,2025-03-01,19,Automation,19
U0022359,C1363,2025-04-01,54,Integrations,18
U0022360,C1363,2025-05-01,61,Dashboard,19
U0022361,C1363,2025-06-01,55,Automation,14
U0022362,C1363,2025-07-01,74,API,7
U0022363,C1363,2025-09-01,15,Exports,1
U0022364,C1363,2025-10-01,2,API,16
U0022365,C1363,2025-11-01,51,Exports,17
U0022366,C1363,2026-01-01,58,Integrations,17
U0022367,C1363,2026-02-01,30,Reports,12
U0022368,C1363,2026-04-01,39,Dashboard,8
U0022369,C1363,2026-05-01,38,Reports,2
U0022370,C1363,2026-07-01,16,API,3
U0022371,C1363,2026-08-01,13,API,18
U0022372,C1363,2026-09-01,49,Dashboard,12
U0022373,C1364,2025-01-01,33,Reports,8
U0022374,C1364,2025-02-01,50,API,4
U0022375,C1364,2025-03-01,27,Integrations,14
U0022376,C1364,2025-04-01,69,Automation,17
U0022377,C1364,2025-05-01,18,Reports,4
U0022378,C1364,2025-06-01,34,Exports,8
U0022379,C1364,2025-07-01,27,Exports,19
U0022380,C1364,2025-08-01,59,Exports,15
U0022381,C1364,2025-09-01,19,Dashboard,8
U0022382,C1364,2025-11-01,33,Integrations,6
U0022383,C1364,2025-12-01,74,Exports,8
U0022384,C1364,2026-01-01,20,API,12
U0022385,C1364,2026-03-01,8,API,3
U0022386,C1364,2026-04-01,51,Exports,16
U0022387,C1364,2026-05-01,56,Reports,4
U0022388,C1364,2026-06-01,12,Automation,17
U0022389,C1364,2026-08-01,17,API,1
U0022390,C1364,2026-09-01,58,API,13
U0022391,C1365,2025-01-01,45,Exports,10
U0022392,C1365,2025-02-01,29,Reports,12
U0022393,C1365,2025-04-01,49,Exports,15
U0022394,C1365,2025-05-01,33,Reports,18
U0022395,C1365,2025-06-01,59,Automation,2
U0022396,C1365,2025-07-01,67,Dashboard,7
U0022397,C1365,2025-10-01,41,Dashboard,19
U0022398,C1365,2025-11-01,2,Dashboard,1
U0022399,C1365,2026-01-01,50,Exports,14
U0022400,C1365,2026-02-01,66,Dashboard,4
U0022401,C1365,2026-04-01,4,Reports,10
U0022402,C1365,2026-05-01,70,Integrations,15
U0022403,C1365,2026-06-01,4,Dashboard,13
U0022404,C1365,2026-07-01,72,Dashboard,18
U0022405,C1365,2026-08-01,50,API,8
U0022406,C1365,2026-09-01,37,Reports,3
U0022407,C1366,2025-02-01,27,Dashboard,15
U0022408,C1366,2025-03-01,5,API,15
U0022409,C1366,2025-07-01,46,Integrations,1
U0022410,C1366,2025-08-01,65,Integrations,6
U0022411,C1366,2025-10-01,36,Dashboard,19
U0022412,C1366,2025-11-01,62,Integrations,17
U0022413,C1366,2026-01-01,70,API,9
U0022414,C1366,2026-02-01,8,Integrations,3
U0022415,C1366,2026-03-01,49,Dashboard,15
U0022416,C1366,2026-04-01,5,Automation,1
U0022417,C1366,2026-05-01,75,Dashboard,1
U0022418,C1366,2026-06-01,69,Reports,5
U0022419,C1366,2026-07-01,7,Dashboard,1
U0022420,C1366,2026-08-01,41,Automation,18
U0022421,C1366,2026-09-01,47,Automation,2
U0022422,C1367,2025-01-01,6,Reports,1
U0022423,C1367,2025-03-01,34,Automation,4
U0022424,C1367,2025-04-01,56,Exports,18
U0022425,C1367,2025-05-01,7,Reports,4
U0022426,C1367,2025-06-01,53,Exports,7
U0022427,C1367,2025-08-01,32,Integrations,13
U0022428,C1367,2025-09-01,34,Reports,19
U0022429,C1367,2025-10-01,24,Dashboard,17
U0022430,C1367,2025-11-01,33,Integrations,18
U0022431,C1367,2025-12-01,59,Dashboard,18
U0022432,C1367,2026-01-01,55,Integrations,17
U0022433,C1367,2026-02-01,69,Exports,5
U0022434,C1367,2026-03-01,28,Reports,18
U0022435,C1367,2026-05-01,19,Dashboard,18
U0022436,C1367,2026-06-01,23,Exports,4
U0022437,C1367,2026-08-01,9,Integrations,1
U0022438,C1367,2026-09-01,63,Exports,15
U0022439,C1368,2025-01-01,27,API,3
U0022440,C1368,2025-02-01,8,Integrations,8
U0022441,C1368,2025-03-01,8,Exports,13
U0022442,C1368,2025-05-01,40,Exports,14
U0022443,C1368,2025-06-01,15,API,5
U0022444,C1368,2025-07-01,79,API,10
U0022445,C1368,2025-10-01,79,Integrations,10
U0022446,C1368,2025-11-01,26,Dashboard,16
U0022447,C1368,2025-12-01,48,Integrations,12
U0022448,C1368,2026-01-01,55,API,2
U0022449,C1368,2026-02-01,48,Exports,17
U0022450,C1368,2026-03-01,12,API,19
U0022451,C1368,2026-04-01,2,Reports,9
U0022452,C1368,2026-06-01,28,Exports,13
U0022453,C1368,2026-07-01,54,Reports,19
U0022454,C1368,2026-08-01,19,Integrations,5
U0022455,C1368,2026-09-01,32,Automation,14
U0022456,C1369,2025-01-01,65,API,15
U0022457,C1369,2025-02-01,13,Dashboard,17
U0022458,C1369,2025-03-01,20,Reports,9
U0022459,C1369,2025-04-01,40,Automation,11
U0022460,C1369,2025-05-01,20,Reports,8
U0022461,C1369,2025-06-01,75,Automation,8
U0022462,C1369,2025-07-01,70,Dashboard,1
U0022463,C1369,2025-08-01,20,API,19
U0022464,C1369,2025-09-01,55,Reports,7
U0022465,C1369,2025-10-01,65,Exports,1
U0022466,C1369,2025-11-01,78,Reports,7
U0022467,C1369,2025-12-01,35,Automation,2
U0022468,C1369,2026-01-01,73,Reports,17
U0022469,C1369,2026-02-01,6,Reports,11
U0022470,C1369,2026-03-01,1,Dashboard,17
U0022471,C1369,2026-04-01,54,API,17
U0022472,C1369,2026-07-01,13,Integrations,9
U0022473,C1369,2026-08-01,6,API,4
U0022474,C1369,2026-09-01,18,Automation,6
U0022475,C1370,2025-01-01,21,Exports,8
U0022476,C1370,2025-02-01,79,Dashboard,15
U0022477,C1370,2025-03-01,43,Reports,17
U0022478,C1370,2025-07-01,13,Exports,18
U0022479,C1370,2025-08-01,61,Automation,16
U0022480,C1370,2025-09-01,70,Dashboard,10
U0022481,C1370,2025-10-01,25,Dashboard,9
U0022482,C1370,2025-11-01,50,Dashboard,13
U0022483,C1370,2025-12-01,30,API,8
U0022484,C1370,2026-02-01,78,Exports,16
U0022485,C1370,2026-03-01,56,Dashboard,17
U0022486,C1370,2026-04-01,59,API,3
U0022487,C1370,2026-05-01,69,Automation,18
U0022488,C1370,2026-06-01,35,Reports,18
U0022489,C1370,2026-08-01,58,Automation,16
U0022490,C1371,2025-01-01,38,Integrations,5
U0022491,C1371,2025-02-01,73,Reports,1
U0022492,C1371,2025-04-01,7,Dashboard,7
U0022493,C1371,2025-06-01,58,API,13
U0022494,C1371,2025-07-01,54,Reports,1
U0022495,C1371,2025-08-01,20,Dashboard,13
U0022496,C1371,2025-09-01,17,Reports,17
U0022497,C1371,2025-10-01,78,Automation,7
U0022498,C1371,2025-11-01,57,Exports,8
U0022499,C1371,2025-12-01,73,Dashboard,19
U0022500,C1371,2026-01-01,59,Reports,15
U0022501,C1371,2026-02-01,24,Automation,2
U0022502,C1371,2026-03-01,14,Automation,15
U0022503,C1371,2026-04-01,1,Exports,14
U0022504,C1371,2026-07-01,79,Automation,19
U0022505,C1372,2025-01-01,18,Exports,15
U0022506,C1372,2025-02-01,1,Exports,5
U0022507,C1372,2025-04-01,37,Integrations,2
U0022508,C1372,2025-07-01,42,Dashboard,7
U0022509,C1372,2025-08-01,66,Dashboard,2
U0022510,C1372,2025-09-01,9,API,19
U0022511,C1372,2025-10-01,14,Dashboard,11
U0022512,C1372,2025-11-01,56,Automation,7
U0022513,C1372,2025-12-01,15,API,15
U0022514,C1372,2026-01-01,25,Dashboard,5
U0022515,C1372,2026-02-01,70,Dashboard,18
U0022516,C1372,2026-03-01,40,Reports,2
U0022517,C1372,2026-04-01,38,Reports,1
U0022518,C1372,2026-06-01,65,Dashboard,4
U0022519,C1372,2026-08-01,23,Reports,1
U0022520,C1372,2026-09-01,20,Exports,19
U0022521,C1373,2025-01-01,68,Dashboard,17
U0022522,C1373,2025-02-01,23,API,19
U0022523,C1373,2025-03-01,5,Integrations,6
U0022524,C1373,2025-04-01,59,Dashboard,1
U0022525,C1373,2025-05-01,79,Reports,10
U0022526,C1373,2025-06-01,7,Dashboard,13
U0022527,C1373,2025-07-01,24,Dashboard,7
U0022528,C1373,2025-08-01,50,Integrations,15
U0022529,C1373,2025-09-01,26,Reports,18
U0022530,C1373,2025-10-01,53,API,1
U0022531,C1373,2025-11-01,68,Automation,2
U0022532,C1373,2026-01-01,32,Reports,18
U0022533,C1373,2026-03-01,65,Exports,16
U0022534,C1373,2026-04-01,52,Reports,19
U0022535,C1373,2026-05-01,75,Dashboard,3
U0022536,C1373,2026-06-01,40,Reports,13
U0022537,C1373,2026-07-01,79,Automation,12
U0022538,C1373,2026-08-01,69,Dashboard,9
U0022539,C1374,2025-03-01,9,Reports,8
U0022540,C1374,2025-04-01,71,Automation,2
U0022541,C1374,2025-05-01,55,Reports,6
U0022542,C1374,2025-06-01,53,Exports,11
U0022543,C1374,2025-07-01,32,Dashboard,19
U0022544,C1374,2025-08-01,49,Automation,18
U0022545,C1374,2025-09-01,59,API,10
U0022546,C1374,2025-10-01,19,Reports,11
U0022547,C1374,2025-11-01,59,API,3
U0022548,C1374,2025-12-01,47,API,6
U0022549,C1374,2026-02-01,72,Integrations,16
U0022550,C1374,2026-03-01,38,Exports,7
U0022551,C1374,2026-04-01,60,Integrations,5
U0022552,C1374,2026-06-01,41,Exports,12
U0022553,C1374,2026-07-01,65,Automation,11
U0022554,C1374,2026-08-01,54,Reports,12
U0022555,C1374,2026-09-01,61,Reports,3
U0022556,C1375,2025-01-01,40,Reports,3
U0022557,C1375,2025-02-01,36,Exports,13
U0022558,C1375,2025-03-01,24,Dashboard,7
U0022559,C1375,2025-05-01,71,Reports,11
U0022560,C1375,2025-06-01,35,Automation,8
U0022561,C1375,2025-07-01,48,Reports,18
U0022562,C1375,2025-08-01,45,API,12
U0022563,C1375,2025-09-01,55,Dashboard,11
U0022564,C1375,2025-10-01,15,Integrations,13
U0022565,C1375,2026-01-01,34,Dashboard,2
U0022566,C1375,2026-02-01,61,API,14
U0022567,C1375,2026-03-01,65,Exports,4
U0022568,C1375,2026-06-01,59,API,5
U0022569,C1375,2026-07-01,56,Reports,5
U0022570,C1375,2026-08-01,34,Reports,2
U0022571,C1375,2026-09-01,9,Exports,18
U0022572,C1376,2025-02-01,60,Reports,4
U0022573,C1376,2025-03-01,32,Automation,10
U0022574,C1376,2025-05-01,39,Integrations,9
U0022575,C1376,2025-07-01,36,Integrations,15
U0022576,C1376,2025-09-01,21,Dashboard,17
U0022577,C1376,2025-10-01,27,Dashboard,16
U0022578,C1376,2025-11-01,57,Reports,11
U0022579,C1376,2025-12-01,25,Reports,4
U0022580,C1376,2026-01-01,56,API,19
U0022581,C1376,2026-03-01,19,Exports,13
U0022582,C1376,2026-04-01,8,Exports,4
U0022583,C1376,2026-06-01,53,API,16
U0022584,C1376,2026-07-01,76,Automation,1
U0022585,C1376,2026-08-01,16,Reports,13
U0022586,C1376,2026-09-01,21,Integrations,15
U0022587,C1377,2025-01-01,35,Dashboard,12
U0022588,C1377,2025-03-01,14,API,2
U0022589,C1377,2025-04-01,7,API,1
U0022590,C1377,2025-05-01,68,Exports,7
U0022591,C1377,2025-06-01,54,Integrations,16
U0022592,C1377,2025-08-01,45,Exports,18
U0022593,C1377,2025-09-01,70,Exports,12
U0022594,C1377,2025-10-01,78,Exports,19
U0022595,C1377,2025-11-01,71,API,11
U0022596,C1377,2026-01-01,26,Reports,10
U0022597,C1377,2026-02-01,10,Exports,18
U0022598,C1377,2026-03-01,79,Reports,3
U0022599,C1377,2026-04-01,69,API,12
U0022600,C1377,2026-05-01,21,Reports,16
U0022601,C1377,2026-06-01,38,Integrations,1
U0022602,C1377,2026-08-01,72,Exports,6
U0022603,C1377,2026-09-01,35,Automation,7
U0022604,C1378,2025-01-01,30,API,5
U0022605,C1378,2025-04-01,38,API,16
U0022606,C1378,2025-06-01,5,Dashboard,1
U0022607,C1378,2025-07-01,7,Automation,5
U0022608,C1378,2025-10-01,79,API,3
U0022609,C1378,2025-11-01,19,Integrations,8
U0022610,C1378,2025-12-01,64,Automation,15
U0022611,C1378,2026-01-01,27,Dashboard,7
U0022612,C1378,2026-02-01,45,Automation,15
U0022613,C1378,2026-03-01,35,API,9
U0022614,C1378,2026-04-01,46,Dashboard,8
U0022615,C1378,2026-06-01,27,API,6
U0022616,C1378,2026-07-01,17,Integrations,12
U0022617,C1378,2026-09-01,52,Automation,5
U0022618,C1379,2025-01-01,33,Integrations,15
U0022619,C1379,2025-02-01,25,Reports,18
U0022620,C1379,2025-03-01,62,Dashboard,1
U0022621,C1379,2025-04-01,67,API,2
U0022622,C1379,2025-05-01,12,Automation,7
U0022623,C1379,2025-06-01,45,API,15
U0022624,C1379,2025-08-01,56,Dashboard,2
U0022625,C1379,2025-09-01,56,Exports,7
U0022626,C1379,2025-11-01,21,Dashboard,3
U0022627,C1379,2026-01-01,34,Reports,14
U0022628,C1379,2026-02-01,42,API,17
U0022629,C1379,2026-04-01,37,Automation,11
U0022630,C1379,2026-05-01,21,Exports,9
U0022631,C1379,2026-06-01,3,API,4
U0022632,C1379,2026-08-01,60,Exports,8
U0022633,C1379,2026-09-01,55,Reports,10
U0022634,C1380,2025-01-01,49,Exports,17
U0022635,C1380,2025-02-01,28,Reports,9
U0022636,C1380,2025-05-01,75,Reports,8
U0022637,C1380,2025-07-01,60,API,18
U0022638,C1380,2025-08-01,4,Exports,4
U0022639,C1380,2025-09-01,9,Reports,9
U0022640,C1380,2025-11-01,6,Exports,17
U0022641,C1380,2025-12-01,49,Reports,13
U0022642,C1380,2026-02-01,22,Dashboard,3
U0022643,C1380,2026-03-01,15,Integrations,6
U0022644,C1380,2026-04-01,2,API,16
U0022645,C1380,2026-05-01,45,Exports,15
U0022646,C1380,2026-07-01,72,Dashboard,1
U0022647,C1380,2026-09-01,5,Exports,2
U0022648,C1381,2025-01-01,33,Reports,6
U0022649,C1381,2025-02-01,39,Automation,9
U0022650,C1381,2025-03-01,76,Automation,2
U0022651,C1381,2025-04-01,49,Automation,11
U0022652,C1381,2025-05-01,2,Automation,19
U0022653,C1381,2025-07-01,22,Dashboard,4
U0022654,C1381,2025-09-01,35,API,13
U0022655,C1381,2025-10-01,13,API,5
U0022656,C1381,2025-11-01,8,Integrations,9
U0022657,C1381,2025-12-01,63,Integrations,18
U0022658,C1381,2026-01-01,79,Automation,3
U0022659,C1381,2026-02-01,20,Integrations,12
U0022660,C1381,2026-03-01,20,Integrations,15
U0022661,C1381,2026-04-01,71,Dashboard,4
U0022662,C1381,2026-05-01,28,Integrations,4
U0022663,C1381,2026-06-01,10,Exports,7
U0022664,C1381,2026-08-01,22,API,12
U0022665,C1381,2026-09-01,18,Dashboard,12
U0022666,C1382,2025-01-01,37,Reports,4
U0022667,C1382,2025-02-01,12,Exports,4
U0022668,C1382,2025-03-01,14,Reports,18
U0022669,C1382,2025-04-01,26,API,19
U0022670,C1382,2025-05-01,78,Integrations,7
U0022671,C1382,2025-07-01,41,Reports,18
U0022672,C1382,2025-08-01,30,API,14
U0022673,C1382,2025-10-01,48,API,18
U0022674,C1382,2025-11-01,35,Exports,15
U0022675,C1382,2025-12-01,13,Integrations,15
U0022676,C1382,2026-01-01,29,Exports,6
U0022677,C1382,2026-02-01,38,Automation,7
U0022678,C1382,2026-03-01,45,Reports,19
U0022679,C1382,2026-04-01,3,Integrations,3
U0022680,C1382,2026-05-01,48,Reports,3
U0022681,C1382,2026-06-01,55,Integrations,7
U0022682,C1383,2025-01-01,34,Integrations,11
U0022683,C1383,2025-03-01,32,Integrations,16
U0022684,C1383,2025-04-01,23,Integrations,19
U0022685,C1383,2025-05-01,45,Integrations,18
U0022686,C1383,2025-06-01,79,Dashboard,11
U0022687,C1383,2025-07-01,69,Integrations,8
U0022688,C1383,2025-08-01,38,Exports,3
U0022689,C1383,2025-09-01,54,Exports,8
U0022690,C1383,2025-10-01,18,Integrations,10
U0022691,C1383,2025-11-01,54,API,6
U0022692,C1383,2025-12-01,2,Automation,8
U0022693,C1383,2026-01-01,15,Reports,19
U0022694,C1383,2026-03-01,49,Exports,1
U0022695,C1383,2026-06-01,55,Reports,19
U0022696,C1383,2026-07-01,20,Reports,9
U0022697,C1383,2026-08-01,67,Reports,3
U0022698,C1383,2026-09-01,56,Integrations,3
U0022699,C1384,2025-01-01,69,Dashboard,1
U0022700,C1384,2025-02-01,67,API,17
U0022701,C1384,2025-03-01,64,Automation,6
U0022702,C1384,2025-04-01,74,Exports,4
U0022703,C1384,2025-05-01,24,Automation,10
U0022704,C1384,2025-07-01,27,API,3
U0022705,C1384,2025-08-01,68,Automation,17
U0022706,C1384,2025-09-01,13,Reports,13
U0022707,C1384,2025-10-01,48,Automation,19
U0022708,C1384,2025-11-01,54,Integrations,17
U0022709,C1384,2025-12-01,69,Dashboard,1
U0022710,C1384,2026-01-01,2,API,5
U0022711,C1384,2026-02-01,36,Exports,10
U0022712,C1384,2026-03-01,55,Reports,10
U0022713,C1384,2026-04-01,73,Exports,4
U0022714,C1384,2026-06-01,47,Dashboard,4
U0022715,C1384,2026-07-01,4,Automation,8
U0022716,C1384,2026-08-01,10,Exports,3
U0022717,C1384,2026-09-01,11,Reports,10
U0022718,C1385,2025-01-01,17,Dashboard,1
U0022719,C1385,2025-02-01,62,Integrations,16
U0022720,C1385,2025-04-01,58,Dashboard,8
U0022721,C1385,2025-06-01,2,Reports,3
U0022722,C1385,2025-07-01,35,Integrations,5
U0022723,C1385,2025-08-01,71,Exports,14
U0022724,C1385,2025-09-01,77,Reports,18
U0022725,C1385,2025-10-01,51,Automation,4
U0022726,C1385,2025-11-01,63,Integrations,7
U0022727,C1385,2025-12-01,54,Integrations,3
U0022728,C1385,2026-01-01,32,Exports,15
U0022729,C1385,2026-02-01,10,Exports,17
U0022730,C1385,2026-03-01,45,Integrations,10
U0022731,C1385,2026-04-01,69,Reports,18
U0022732,C1385,2026-05-01,28,Exports,12
U0022733,C1385,2026-06-01,3,API,10
U0022734,C1385,2026-07-01,32,Integrations,9
U0022735,C1385,2026-08-01,16,Integrations,11
U0022736,C1385,2026-09-01,69,Exports,16
U0022737,C1386,2025-02-01,24,API,18
U0022738,C1386,2025-03-01,35,Exports,12
U0022739,C1386,2025-05-01,51,Integrations,1
U0022740,C1386,2025-07-01,51,Exports,2
U0022741,C1386,2025-08-01,79,Exports,14
U0022742,C1386,2025-09-01,36,Dashboard,6
U0022743,C1386,2025-11-01,77,API,17
U0022744,C1386,2025-12-01,59,Exports,19
U0022745,C1386,2026-01-01,59,Reports,17
U0022746,C1386,2026-03-01,59,Integrations,15
U0022747,C1386,2026-04-01,25,Integrations,10
U0022748,C1386,2026-05-01,9,Dashboard,18
U0022749,C1386,2026-06-01,78,Dashboard,6
U0022750,C1386,2026-07-01,56,API,18
U0022751,C1386,2026-08-01,75,Automation,17
U0022752,C1387,2025-01-01,56,API,7
U0022753,C1387,2025-02-01,72,Reports,16
U0022754,C1387,2025-03-01,42,Integrations,17
U0022755,C1387,2025-04-01,54,Dashboard,3
U0022756,C1387,2025-05-01,3,API,11
U0022757,C1387,2025-06-01,45,Reports,10
U0022758,C1387,2025-07-01,55,Integrations,16
U0022759,C1387,2025-09-01,24,Dashboard,9
U0022760,C1387,2025-11-01,41,Dashboard,14
U0022761,C1387,2025-12-01,21,API,5
U0022762,C1387,2026-01-01,35,Exports,4
U0022763,C1387,2026-02-01,4,Exports,10
U0022764,C1387,2026-03-01,1,Integrations,2
U0022765,C1387,2026-05-01,36,Automation,16
U0022766,C1387,2026-09-01,44,Automation,2
U0022767,C1388,2025-01-01,49,API,9
U0022768,C1388,2025-02-01,2,Reports,12
U0022769,C1388,2025-05-01,15,Dashboard,17
U0022770,C1388,2025-06-01,51,Reports,19
U0022771,C1388,2025-07-01,53,Dashboard,17
U0022772,C1388,2025-08-01,70,Exports,19
U0022773,C1388,2025-09-01,13,Reports,1
U0022774,C1388,2025-10-01,17,Exports,16
U0022775,C1388,2025-11-01,39,Integrations,19
U0022776,C1388,2026-01-01,75,Automation,9
U0022777,C1388,2026-03-01,38,Integrations,10
U0022778,C1388,2026-04-01,42,Exports,7
U0022779,C1388,2026-05-01,73,Integrations,18
U0022780,C1388,2026-07-01,68,API,18
U0022781,C1388,2026-08-01,14,Automation,9
U0022782,C1389,2025-01-01,32,Reports,3
U0022783,C1389,2025-05-01,20,Dashboard,19
U0022784,C1389,2025-06-01,23,Automation,16
U0022785,C1389,2025-07-01,55,API,2
U0022786,C1389,2025-09-01,44,Integrations,10
U0022787,C1389,2025-10-01,33,Automation,12
U0022788,C1389,2025-11-01,55,Exports,17
U0022789,C1389,2025-12-01,70,Exports,5
U0022790,C1389,2026-01-01,65,API,9
U0022791,C1389,2026-02-01,41,Integrations,17
U0022792,C1389,2026-03-01,57,Integrations,13
U0022793,C1389,2026-05-01,43,API,4
U0022794,C1389,2026-06-01,78,Reports,2
U0022795,C1389,2026-07-01,31,Integrations,19
U0022796,C1389,2026-09-01,9,Automation,6
U0022797,C1390,2025-01-01,5,API,18
U0022798,C1390,2025-03-01,5,Exports,2
U0022799,C1390,2025-04-01,1,Integrations,2
U0022800,C1390,2025-05-01,10,Dashboard,8
U0022801,C1390,2025-06-01,31,Automation,18
U0022802,C1390,2025-08-01,70,API,16
U0022803,C1390,2025-10-01,32,Exports,2
U0022804,C1390,2026-01-01,29,API,15
U0022805,C1390,2026-02-01,30,API,18
U0022806,C1390,2026-03-01,53,Integrations,4
U0022807,C1390,2026-04-01,29,API,8
U0022808,C1390,2026-06-01,45,Automation,8
U0022809,C1390,2026-08-01,2,Automation,4
U0022810,C1390,2026-09-01,70,Exports,2
U0022811,C1391,2025-01-01,11,API,3
U0022812,C1391,2025-03-01,46,Integrations,11
U0022813,C1391,2025-04-01,61,Reports,6
U0022814,C1391,2025-05-01,47,Integrations,3
U0022815,C1391,2025-06-01,66,Integrations,15
U0022816,C1391,2025-07-01,21,Dashboard,19
U0022817,C1391,2025-08-01,46,Dashboard,16
U0022818,C1391,2025-11-01,60,Integrations,2
U0022819,C1391,2025-12-01,53,Dashboard,2
U0022820,C1391,2026-01-01,73,Exports,7
U0022821,C1391,2026-02-01,24,Automation,8
U0022822,C1391,2026-03-01,15,Dashboard,10
U0022823,C1391,2026-04-01,24,Exports,16
U0022824,C1391,2026-06-01,14,Automation,4
U0022825,C1391,2026-07-01,35,Exports,10
U0022826,C1391,2026-08-01,60,Exports,16
U0022827,C1391,2026-09-01,1,Reports,1
U0022828,C1392,2025-01-01,14,API,2
U0022829,C1392,2025-02-01,61,Integrations,11
U0022830,C1392,2025-03-01,17,Exports,18
U0022831,C1392,2025-04-01,60,API,1
U0022832,C1392,2025-05-01,9,API,19
U0022833,C1392,2025-07-01,42,Automation,14
U0022834,C1392,2025-08-01,24,Integrations,3
U0022835,C1392,2025-10-01,62,API,1
U0022836,C1392,2025-11-01,46,Dashboard,9
U0022837,C1392,2025-12-01,75,API,11
U0022838,C1392,2026-01-01,18,Exports,6
U0022839,C1392,2026-02-01,41,Reports,1
U0022840,C1392,2026-03-01,71,Integrations,18
U0022841,C1392,2026-05-01,27,API,12
U0022842,C1392,2026-07-01,17,Reports,7
U0022843,C1393,2025-01-01,31,Automation,19
U0022844,C1393,2025-02-01,58,Automation,1
U0022845,C1393,2025-03-01,60,Reports,2
U0022846,C1393,2025-04-01,6,Exports,19
U0022847,C1393,2025-05-01,61,Dashboard,14
U0022848,C1393,2025-06-01,2,Integrations,2
U0022849,C1393,2025-07-01,36,Dashboard,14
U0022850,C1393,2025-08-01,77,Reports,12
U0022851,C1393,2025-10-01,11,Dashboard,9
U0022852,C1393,2025-11-01,34,API,7
U0022853,C1393,2025-12-01,21,API,3
U0022854,C1393,2026-01-01,53,Reports,19
U0022855,C1393,2026-03-01,76,Integrations,3
U0022856,C1393,2026-05-01,7,Exports,7
U0022857,C1393,2026-06-01,54,Reports,16
U0022858,C1393,2026-07-01,55,Dashboard,7
U0022859,C1393,2026-08-01,24,API,7
U0022860,C1393,2026-09-01,79,Dashboard,14
U0022861,C1394,2025-01-01,13,Dashboard,17
U0022862,C1394,2025-02-01,16,Integrations,11
U0022863,C1394,2025-03-01,41,API,8
U0022864,C1394,2025-04-01,7,Automation,5
U0022865,C1394,2025-05-01,42,Automation,18
U0022866,C1394,2025-06-01,65,Dashboard,8
U0022867,C1394,2025-07-01,26,Integrations,4
U0022868,C1394,2025-08-01,53,API,16
U0022869,C1394,2025-09-01,13,API,17
U0022870,C1394,2025-10-01,78,Dashboard,7
U0022871,C1394,2025-11-01,33,Exports,10
U0022872,C1394,2026-01-01,60,Exports,14
U0022873,C1394,2026-02-01,76,Exports,6
U0022874,C1394,2026-03-01,17,Integrations,6
U0022875,C1394,2026-04-01,44,Reports,12
U0022876,C1394,2026-05-01,66,Dashboard,9
U0022877,C1394,2026-06-01,27,Automation,5
U0022878,C1394,2026-07-01,43,Automation,9
U0022879,C1394,2026-08-01,7,API,17
U0022880,C1395,2025-01-01,18,Exports,1
U0022881,C1395,2025-02-01,77,Reports,10
U0022882,C1395,2025-04-01,34,Reports,1
U0022883,C1395,2025-05-01,13,Exports,8
U0022884,C1395,2025-06-01,2,Dashboard,13
U0022885,C1395,2025-07-01,59,API,2
U0022886,C1395,2025-08-01,47,API,7
U0022887,C1395,2025-09-01,34,Dashboard,7
U0022888,C1395,2025-10-01,47,Integrations,9
U0022889,C1395,2025-11-01,28,Dashboard,18
U0022890,C1395,2026-01-01,77,Dashboard,8
U0022891,C1395,2026-02-01,77,Automation,18
U0022892,C1395,2026-03-01,28,Dashboard,17
U0022893,C1395,2026-04-01,79,Exports,2
U0022894,C1395,2026-05-01,78,Exports,8
U0022895,C1395,2026-09-01,51,API,7
U0022896,C1396,2025-01-01,62,Reports,11
U0022897,C1396,2025-02-01,28,API,17
U0022898,C1396,2025-03-01,56,Automation,19
U0022899,C1396,2025-04-01,16,Integrations,9
U0022900,C1396,2025-05-01,56,Exports,4
U0022901,C1396,2025-06-01,14,Dashboard,11
U0022902,C1396,2025-07-01,37,Dashboard,18
U0022903,C1396,2025-08-01,30,Exports,18
U0022904,C1396,2025-09-01,31,Dashboard,14
U0022905,C1396,2025-10-01,56,API,10
U0022906,C1396,2025-11-01,63,Integrations,6
U0022907,C1396,2025-12-01,58,Exports,11
U0022908,C1396,2026-02-01,51,Dashboard,17
U0022909,C1396,2026-03-01,10,Automation,15
U0022910,C1396,2026-04-01,14,API,8
U0022911,C1396,2026-05-01,79,Integrations,16
U0022912,C1396,2026-06-01,76,Automation,17
U0022913,C1396,2026-08-01,44,Integrations,15
U0022914,C1396,2026-09-01,3,Exports,2
U0022915,C1397,2025-02-01,25,Reports,3
U0022916,C1397,2025-03-01,19,API,3
U0022917,C1397,2025-04-01,57,API,4
U0022918,C1397,2025-06-01,31,Integrations,3
U0022919,C1397,2025-07-01,25,Reports,9
U0022920,C1397,2025-08-01,75,Dashboard,13
U0022921,C1397,2025-09-01,36,Automation,14
U0022922,C1397,2025-10-01,70,Integrations,1
U0022923,C1397,2025-11-01,14,API,9
U0022924,C1397,2025-12-01,20,Dashboard,5
U0022925,C1397,2026-01-01,21,Integrations,13
U0022926,C1397,2026-03-01,2,API,1
U0022927,C1397,2026-04-01,41,API,12
U0022928,C1397,2026-05-01,70,Reports,2
U0022929,C1397,2026-06-01,64,Dashboard,2
U0022930,C1397,2026-07-01,79,Integrations,18
U0022931,C1397,2026-09-01,44,Integrations,12
U0022932,C1398,2025-01-01,32,Reports,15
U0022933,C1398,2025-02-01,49,Exports,16
U0022934,C1398,2025-03-01,18,Integrations,15
U0022935,C1398,2025-04-01,52,Exports,5
U0022936,C1398,2025-06-01,18,Reports,14
U0022937,C1398,2025-07-01,47,Exports,1
U0022938,C1398,2025-08-01,5,Reports,18
U0022939,C1398,2025-09-01,71,API,3
U0022940,C1398,2025-10-01,27,API,16
U0022941,C1398,2025-11-01,29,Dashboard,17
U0022942,C1398,2025-12-01,38,Automation,2
U0022943,C1398,2026-01-01,69,Exports,14
U0022944,C1398,2026-04-01,61,Integrations,6
U0022945,C1398,2026-05-01,36,Reports,13
U0022946,C1398,2026-07-01,50,Exports,1
U0022947,C1398,2026-08-01,27,Integrations,1
U0022948,C1399,2025-01-01,14,API,8
U0022949,C1399,2025-02-01,43,Integrations,5
U0022950,C1399,2025-03-01,55,Integrations,8
U0022951,C1399,2025-06-01,55,API,13
U0022952,C1399,2025-08-01,50,Dashboard,18
U0022953,C1399,2025-10-01,65,Reports,15
U0022954,C1399,2025-11-01,53,Exports,12
U0022955,C1399,2025-12-01,5,API,7
U0022956,C1399,2026-01-01,37,Integrations,18
U0022957,C1399,2026-04-01,44,Reports,14
U0022958,C1399,2026-05-01,42,API,11
U0022959,C1399,2026-07-01,22,Reports,4
U0022960,C1399,2026-08-01,78,Automation,11
U0022961,C1399,2026-09-01,46,API,2
U0022962,C1400,2025-01-01,54,Integrations,16
U0022963,C1400,2025-04-01,53,Exports,4
U0022964,C1400,2025-06-01,75,Reports,1
U0022965,C1400,2025-08-01,65,Integrations,17
U0022966,C1400,2025-10-01,56,Automation,5
U0022967,C1400,2025-11-01,35,Integrations,11
U0022968,C1400,2025-12-01,55,Reports,19
U0022969,C1400,2026-01-01,12,Reports,15
U0022970,C1400,2026-02-01,58,Automation,2
U0022971,C1400,2026-03-01,68,Integrations,17
U0022972,C1400,2026-04-01,36,Exports,17
U0022973,C1400,2026-05-01,40,Dashboard,16
U0022974,C1400,2026-06-01,20,Reports,17
U0022975,C1400,2026-07-01,55,Reports,6
U0022976,C1400,2026-08-01,79,Automation,14
U0022977,C1400,2026-09-01,38,Reports,19
U0022978,C1401,2025-02-01,23,Dashboard,13
U0022979,C1401,2025-04-01,20,Reports,4
U0022980,C1401,2025-05-01,46,API,12
U0022981,C1401,2025-06-01,58,Integrations,4
U0022982,C1401,2025-07-01,46,API,8
U0022983,C1401,2025-08-01,58,Automation,12
U0022984,C1401,2025-10-01,22,Automation,14
U0022985,C1401,2025-11-01,36,Exports,14
U0022986,C1401,2026-01-01,32,Reports,11
U0022987,C1401,2026-04-01,49,Reports,4
U0022988,C1401,2026-06-01,27,Exports,1
U0022989,C1401,2026-07-01,6,API,15
U0022990,C1401,2026-08-01,65,API,7
U0022991,C1401,2026-09-01,10,Automation,2
U0022992,C1402,2025-01-01,1,API,4
U0022993,C1402,2025-02-01,64,Reports,13
U0022994,C1402,2025-03-01,65,Exports,6
U0022995,C1402,2025-04-01,33,Dashboard,7
U0022996,C1402,2025-06-01,71,Automation,18
U0022997,C1402,2025-07-01,76,Exports,8
U0022998,C1402,2025-08-01,48,API,7
U0022999,C1402,2025-09-01,79,Dashboard,15
U0023000,C1402,2025-10-01,34,Reports,15
U0023001,C1402,2025-11-01,61,Reports,13
U0023002,C1402,2025-12-01,60,Reports,2
U0023003,C1402,2026-01-01,2,Integrations,6
U0023004,C1402,2026-02-01,68,Exports,7
U0023005,C1402,2026-04-01,40,Integrations,12
U0023006,C1402,2026-05-01,53,API,9
U0023007,C1402,2026-06-01,44,Integrations,10
U0023008,C1402,2026-07-01,34,Integrations,14
U0023009,C1402,2026-08-01,15,Reports,4
U0023010,C1402,2026-09-01,66,Automation,3
U0023011,C1403,2025-01-01,19,Automation,6
U0023012,C1403,2025-03-01,12,API,13
U0023013,C1403,2025-04-01,79,Automation,5
U0023014,C1403,2025-05-01,50,Exports,11
U0023015,C1403,2025-06-01,33,Integrations,17
U0023016,C1403,2025-08-01,35,Reports,18
U0023017,C1403,2025-09-01,73,Integrations,10
U0023018,C1403,2025-10-01,36,Exports,8
U0023019,C1403,2025-11-01,21,Reports,2
U0023020,C1403,2026-01-01,64,Exports,5
U0023021,C1403,2026-02-01,25,Integrations,3
U0023022,C1403,2026-03-01,61,Automation,15
U0023023,C1403,2026-07-01,13,Automation,5
U0023024,C1403,2026-08-01,12,API,16
U0023025,C1403,2026-09-01,41,API,9
U0023026,C1404,2025-01-01,7,Dashboard,17
U0023027,C1404,2025-02-01,7,Automation,11
U0023028,C1404,2025-03-01,17,API,17
U0023029,C1404,2025-04-01,20,Integrations,1
U0023030,C1404,2025-06-01,48,Reports,7
U0023031,C1404,2025-07-01,21,Exports,1
U0023032,C1404,2025-09-01,15,Reports,13
U0023033,C1404,2025-10-01,66,Automation,1
U0023034,C1404,2025-11-01,65,Exports,16
U0023035,C1404,2025-12-01,77,Exports,15
U0023036,C1404,2026-01-01,46,Exports,18
U0023037,C1404,2026-02-01,54,Integrations,9
U0023038,C1404,2026-03-01,67,API,1
U0023039,C1404,2026-04-01,7,Automation,6
U0023040,C1404,2026-05-01,9,Reports,7
U0023041,C1404,2026-06-01,42,Automation,2
U0023042,C1404,2026-07-01,39,Dashboard,7
U0023043,C1404,2026-08-01,8,Integrations,8
U0023044,C1404,2026-09-01,34,Dashboard,18
U0023045,C1405,2025-01-01,57,API,3
U0023046,C1405,2025-02-01,19,Integrations,16
U0023047,C1405,2025-03-01,39,Automation,1
U0023048,C1405,2025-05-01,23,Exports,15
U0023049,C1405,2025-06-01,15,Dashboard,3
U0023050,C1405,2025-07-01,23,Dashboard,14
U0023051,C1405,2025-08-01,43,Integrations,5
U0023052,C1405,2025-09-01,53,API,3
U0023053,C1405,2025-11-01,3,Reports,15
U0023054,C1405,2025-12-01,57,Exports,9
U0023055,C1405,2026-01-01,52,Reports,15
U0023056,C1405,2026-02-01,39,API,4
U0023057,C1405,2026-04-01,58,API,3
U0023058,C1405,2026-05-01,36,API,10
U0023059,C1405,2026-06-01,24,Automation,17
U0023060,C1405,2026-07-01,77,Exports,15
U0023061,C1405,2026-08-01,29,API,12
U0023062,C1405,2026-09-01,41,API,8
U0023063,C1406,2025-01-01,21,Automation,14
U0023064,C1406,2025-02-01,71,Automation,8
U0023065,C1406,2025-03-01,70,Integrations,3
U0023066,C1406,2025-04-01,59,Exports,16
U0023067,C1406,2025-06-01,50,Reports,12
U0023068,C1406,2025-07-01,22,Automation,15
U0023069,C1406,2025-08-01,5,Dashboard,12
U0023070,C1406,2025-10-01,8,API,13
U0023071,C1406,2025-11-01,6,Exports,6
U0023072,C1406,2025-12-01,60,Dashboard,13
U0023073,C1406,2026-01-01,11,Dashboard,3
U0023074,C1406,2026-02-01,40,Exports,18
U0023075,C1406,2026-03-01,3,Reports,4
U0023076,C1406,2026-04-01,77,Reports,10
U0023077,C1406,2026-06-01,39,Exports,12
U0023078,C1406,2026-07-01,2,Dashboard,4
U0023079,C1406,2026-08-01,19,Reports,1
U0023080,C1406,2026-09-01,25,Automation,8
U0023081,C1407,2025-01-01,65,API,4
U0023082,C1407,2025-02-01,75,Exports,7
U0023083,C1407,2025-03-01,75,Reports,8
U0023084,C1407,2025-04-01,26,Reports,1
U0023085,C1407,2025-05-01,30,Automation,9
U0023086,C1407,2025-06-01,65,Dashboard,11
U0023087,C1407,2025-08-01,68,Integrations,16
U0023088,C1407,2025-09-01,19,Exports,5
U0023089,C1407,2025-10-01,68,Reports,17
U0023090,C1407,2025-11-01,65,Reports,4
U0023091,C1407,2025-12-01,8,Integrations,11
U0023092,C1407,2026-01-01,37,Dashboard,2
U0023093,C1407,2026-02-01,60,Exports,19
U0023094,C1407,2026-03-01,51,Dashboard,3
U0023095,C1407,2026-04-01,6,Integrations,10
U0023096,C1407,2026-05-01,72,API,6
U0023097,C1407,2026-06-01,57,Integrations,12
U0023098,C1407,2026-09-01,32,Integrations,4
U0023099,C1408,2025-01-01,48,Integrations,18
U0023100,C1408,2025-02-01,76,Automation,5
U0023101,C1408,2025-03-01,47,Reports,3
U0023102,C1408,2025-04-01,51,Integrations,19
U0023103,C1408,2025-05-01,73,Dashboard,4
U0023104,C1408,2025-06-01,2,Automation,11
U0023105,C1408,2025-07-01,51,API,6
U0023106,C1408,2025-08-01,15,Reports,18
U0023107,C1408,2025-09-01,4,Exports,13
U0023108,C1408,2025-12-01,21,Dashboard,9
U0023109,C1408,2026-01-01,24,Integrations,7
U0023110,C1408,2026-02-01,54,Automation,9
U0023111,C1408,2026-03-01,66,Integrations,15
U0023112,C1408,2026-04-01,64,API,13
U0023113,C1408,2026-05-01,77,Exports,6
U0023114,C1408,2026-08-01,68,Exports,16
U0023115,C1408,2026-09-01,64,Exports,6
U0023116,C1409,2025-01-01,17,Automation,16
U0023117,C1409,2025-02-01,9,Integrations,3
U0023118,C1409,2025-04-01,78,API,12
U0023119,C1409,2025-05-01,20,Integrations,6
U0023120,C1409,2025-06-01,21,Reports,4
U0023121,C1409,2025-07-01,32,Reports,17
U0023122,C1409,2025-09-01,77,Integrations,17
U0023123,C1409,2025-10-01,10,Exports,12
U0023124,C1409,2025-11-01,32,Integrations,1
U0023125,C1409,2025-12-01,5,Integrations,5
U0023126,C1409,2026-01-01,48,Dashboard,18
U0023127,C1409,2026-04-01,59,Automation,17
U0023128,C1409,2026-05-01,45,Integrations,1
U0023129,C1409,2026-07-01,53,API,10
U0023130,C1409,2026-09-01,30,Exports,10
U0023131,C1410,2025-01-01,23,API,14
U0023132,C1410,2025-02-01,3,Integrations,14
U0023133,C1410,2025-03-01,34,API,16
U0023134,C1410,2025-04-01,68,Reports,9
U0023135,C1410,2025-05-01,3,Dashboard,19
U0023136,C1410,2025-06-01,68,Integrations,2
U0023137,C1410,2025-09-01,25,Integrations,11
U0023138,C1410,2025-10-01,56,API,10
U0023139,C1410,2025-11-01,77,Automation,3
U0023140,C1410,2025-12-01,49,Reports,19
U0023141,C1410,2026-02-01,65,Dashboard,2
U0023142,C1410,2026-03-01,13,Automation,12
U0023143,C1410,2026-04-01,30,API,16
U0023144,C1410,2026-06-01,15,Integrations,4
U0023145,C1410,2026-07-01,25,API,6
U0023146,C1410,2026-09-01,52,Dashboard,4
U0023147,C1411,2025-01-01,40,Automation,17
U0023148,C1411,2025-03-01,6,Dashboard,10
U0023149,C1411,2025-04-01,5,Exports,7
U0023150,C1411,2025-05-01,4,Reports,12
U0023151,C1411,2025-06-01,47,Dashboard,3
U0023152,C1411,2025-07-01,76,Integrations,7
U0023153,C1411,2025-09-01,1,Exports,16
U0023154,C1411,2025-10-01,45,Exports,16
U0023155,C1411,2025-11-01,54,Integrations,5
U0023156,C1411,2026-01-01,64,Automation,15
U0023157,C1411,2026-02-01,28,Dashboard,17
U0023158,C1411,2026-03-01,59,Reports,9
U0023159,C1411,2026-04-01,26,Automation,16
U0023160,C1411,2026-06-01,3,Automation,12
U0023161,C1411,2026-08-01,66,Integrations,7
U0023162,C1412,2025-02-01,63,Integrations,16
U0023163,C1412,2025-03-01,50,Automation,15
U0023164,C1412,2025-04-01,2,Integrations,11
U0023165,C1412,2025-05-01,57,Dashboard,2
U0023166,C1412,2025-06-01,66,API,15
U0023167,C1412,2025-07-01,53,Dashboard,4
U0023168,C1412,2025-08-01,64,Integrations,17
U0023169,C1412,2025-12-01,7,Dashboard,5
U0023170,C1412,2026-01-01,74,API,11
U0023171,C1412,2026-02-01,75,Dashboard,8
U0023172,C1412,2026-05-01,5,Integrations,1
U0023173,C1412,2026-06-01,69,Automation,1
U0023174,C1412,2026-07-01,2,Exports,15
U0023175,C1413,2025-01-01,37,API,6
U0023176,C1413,2025-02-01,56,Reports,10
U0023177,C1413,2025-04-01,41,Integrations,9
U0023178,C1413,2025-05-01,58,Automation,17
U0023179,C1413,2025-06-01,71,Integrations,6
U0023180,C1413,2025-07-01,54,Reports,2
U0023181,C1413,2025-08-01,18,API,10
U0023182,C1413,2025-09-01,38,Reports,15
U0023183,C1413,2025-10-01,21,Reports,3
U0023184,C1413,2025-11-01,25,API,19
U0023185,C1413,2025-12-01,48,Dashboard,8
U0023186,C1413,2026-01-01,78,API,13
U0023187,C1413,2026-02-01,61,Exports,19
U0023188,C1413,2026-04-01,22,Dashboard,17
U0023189,C1413,2026-05-01,3,Integrations,9
U0023190,C1413,2026-07-01,27,Exports,18
U0023191,C1413,2026-08-01,17,Reports,14
U0023192,C1413,2026-09-01,67,Integrations,16
U0023193,C1414,2025-01-01,66,Dashboard,14
U0023194,C1414,2025-02-01,56,Integrations,9
U0023195,C1414,2025-04-01,39,Exports,9
U0023196,C1414,2025-05-01,11,Reports,5
U0023197,C1414,2025-06-01,16,Dashboard,2
U0023198,C1414,2025-07-01,58,Integrations,1
U0023199,C1414,2025-08-01,15,Exports,16
U0023200,C1414,2025-09-01,44,Exports,14
U0023201,C1414,2025-10-01,36,Exports,2
U0023202,C1414,2025-11-01,67,API,9
U0023203,C1414,2025-12-01,41,Integrations,15
U0023204,C1414,2026-01-01,19,Dashboard,2
U0023205,C1414,2026-03-01,48,Automation,9
U0023206,C1414,2026-04-01,76,Automation,16
U0023207,C1414,2026-05-01,45,Integrations,12
U0023208,C1414,2026-07-01,16,Integrations,10
U0023209,C1414,2026-08-01,6,Reports,11
U0023210,C1414,2026-09-01,33,Reports,1
U0023211,C1415,2025-01-01,7,Reports,8
U0023212,C1415,2025-02-01,28,Reports,14
U0023213,C1415,2025-03-01,33,Dashboard,7
U0023214,C1415,2025-05-01,24,Exports,14
U0023215,C1415,2025-06-01,70,Automation,7
U0023216,C1415,2025-07-01,67,Integrations,13
U0023217,C1415,2025-08-01,36,Automation,14
U0023218,C1415,2025-09-01,14,API,5
U0023219,C1415,2025-10-01,17,Automation,8
U0023220,C1415,2025-12-01,48,Reports,4
U0023221,C1415,2026-01-01,6,Reports,19
U0023222,C1415,2026-02-01,40,Reports,17
U0023223,C1415,2026-04-01,19,Integrations,4
U0023224,C1415,2026-07-01,71,Dashboard,19
U0023225,C1415,2026-08-01,60,Dashboard,18
U0023226,C1415,2026-09-01,59,Automation,12
U0023227,C1416,2025-01-01,8,Reports,8
U0023228,C1416,2025-02-01,35,Exports,16
U0023229,C1416,2025-03-01,50,Integrations,7
U0023230,C1416,2025-04-01,68,Automation,13
U0023231,C1416,2025-05-01,3,Dashboard,11
U0023232,C1416,2025-06-01,59,Integrations,4
U0023233,C1416,2025-07-01,27,API,10
U0023234,C1416,2025-08-01,26,API,6
U0023235,C1416,2025-09-01,78,Integrations,6
U0023236,C1416,2025-10-01,54,API,7
U0023237,C1416,2025-11-01,11,API,2
U0023238,C1416,2025-12-01,24,Exports,1
U0023239,C1416,2026-01-01,11,Exports,2
U0023240,C1416,2026-02-01,20,Integrations,6
U0023241,C1416,2026-03-01,63,Reports,1
U0023242,C1416,2026-04-01,68,Automation,5
U0023243,C1416,2026-05-01,72,Exports,5
U0023244,C1416,2026-07-01,56,Exports,7
U0023245,C1416,2026-09-01,38,Automation,12
U0023246,C1417,2025-01-01,50,API,6
U0023247,C1417,2025-02-01,6,Automation,12
U0023248,C1417,2025-03-01,38,Automation,11
U0023249,C1417,2025-04-01,36,Reports,2
U0023250,C1417,2025-05-01,24,Reports,6
U0023251,C1417,2025-06-01,55,Integrations,6
U0023252,C1417,2025-07-01,1,Dashboard,14
U0023253,C1417,2025-08-01,34,Automation,8
U0023254,C1417,2025-09-01,13,Dashboard,15
U0023255,C1417,2025-10-01,31,Automation,2
U0023256,C1417,2025-11-01,27,Exports,17
U0023257,C1417,2025-12-01,58,Exports,9
U0023258,C1417,2026-01-01,23,Integrations,16
U0023259,C1417,2026-02-01,51,API,2
U0023260,C1417,2026-04-01,70,Reports,16
U0023261,C1417,2026-05-01,62,Integrations,6
U0023262,C1417,2026-07-01,37,Dashboard,9
U0023263,C1417,2026-09-01,47,Integrations,16
U0023264,C1418,2025-01-01,71,Dashboard,17
U0023265,C1418,2025-02-01,73,Exports,9
U0023266,C1418,2025-03-01,24,Automation,14
U0023267,C1418,2025-04-01,37,Integrations,17
U0023268,C1418,2025-06-01,33,Reports,11
U0023269,C1418,2025-10-01,76,Automation,1
U0023270,C1418,2025-11-01,70,Automation,11
U0023271,C1418,2025-12-01,41,Integrations,16
U0023272,C1418,2026-01-01,20,API,16
U0023273,C1418,2026-02-01,18,Exports,16
U0023274,C1418,2026-03-01,39,Reports,18
U0023275,C1418,2026-05-01,13,API,5
U0023276,C1418,2026-06-01,52,Exports,8
U0023277,C1418,2026-07-01,14,Automation,4
U0023278,C1418,2026-08-01,13,Reports,15
U0023279,C1418,2026-09-01,39,Dashboard,1
U0023280,C1419,2025-01-01,70,Integrations,3
U0023281,C1419,2025-02-01,17,Exports,4
U0023282,C1419,2025-03-01,67,Exports,7
U0023283,C1419,2025-04-01,75,Reports,7
U0023284,C1419,2025-06-01,18,Dashboard,6
U0023285,C1419,2025-07-01,71,API,19
U0023286,C1419,2025-08-01,71,Exports,13
U0023287,C1419,2025-09-01,45,API,1
U0023288,C1419,2025-10-01,60,Exports,8
U0023289,C1419,2025-11-01,77,Dashboard,5
U0023290,C1419,2025-12-01,49,Integrations,10
U0023291,C1419,2026-02-01,62,API,13
U0023292,C1419,2026-03-01,78,Exports,5
U0023293,C1419,2026-04-01,59,API,5
U0023294,C1419,2026-06-01,43,Exports,9
U0023295,C1419,2026-07-01,52,API,9
U0023296,C1419,2026-08-01,59,API,14
U0023297,C1419,2026-09-01,73,Exports,1
U0023298,C1420,2025-01-01,26,Exports,1
U0023299,C1420,2025-03-01,46,Dashboard,17
U0023300,C1420,2025-04-01,30,Reports,12
U0023301,C1420,2025-05-01,66,Reports,10
U0023302,C1420,2025-07-01,27,Automation,13
U0023303,C1420,2025-09-01,21,Reports,2
U0023304,C1420,2025-10-01,6,Exports,12
U0023305,C1420,2025-12-01,19,Automation,18
U0023306,C1420,2026-01-01,66,Reports,1
U0023307,C1420,2026-03-01,50,Integrations,3
U0023308,C1420,2026-05-01,28,Exports,3
U0023309,C1420,2026-07-01,33,Automation,19
U0023310,C1420,2026-08-01,16,Integrations,16
U0023311,C1421,2025-01-01,20,API,9
U0023312,C1421,2025-02-01,10,Automation,3
U0023313,C1421,2025-03-01,62,Reports,4
U0023314,C1421,2025-04-01,71,Exports,16
U0023315,C1421,2025-05-01,26,API,2
U0023316,C1421,2025-07-01,69,Dashboard,2
U0023317,C1421,2025-08-01,55,Dashboard,15
U0023318,C1421,2025-10-01,7,Integrations,12
U0023319,C1421,2025-12-01,14,Exports,13
U0023320,C1421,2026-01-01,17,API,14
U0023321,C1421,2026-02-01,71,Automation,11
U0023322,C1421,2026-03-01,76,Automation,17
U0023323,C1421,2026-04-01,3,Integrations,18
U0023324,C1421,2026-05-01,37,Dashboard,16
U0023325,C1421,2026-06-01,63,Exports,13
U0023326,C1421,2026-07-01,38,Exports,3
U0023327,C1421,2026-08-01,35,Exports,7
U0023328,C1421,2026-09-01,37,Dashboard,19
U0023329,C1422,2025-02-01,53,Dashboard,19
U0023330,C1422,2025-03-01,57,API,17
U0023331,C1422,2025-04-01,35,Exports,18
U0023332,C1422,2025-05-01,29,Exports,19
U0023333,C1422,2025-06-01,67,Automation,19
U0023334,C1422,2025-07-01,79,API,16
U0023335,C1422,2025-08-01,55,Exports,16
U0023336,C1422,2025-09-01,38,Automation,14
U0023337,C1422,2025-10-01,52,Dashboard,17
U0023338,C1422,2025-12-01,70,Integrations,10
U0023339,C1422,2026-01-01,41,API,18
U0023340,C1422,2026-02-01,28,Dashboard,5
U0023341,C1422,2026-03-01,55,Dashboard,16
U0023342,C1422,2026-04-01,40,Exports,4
U0023343,C1422,2026-06-01,54,Integrations,4
U0023344,C1422,2026-07-01,47,Reports,19
U0023345,C1422,2026-08-01,55,Dashboard,4
U0023346,C1422,2026-09-01,57,Dashboard,5
U0023347,C1423,2025-01-01,39,Automation,19
U0023348,C1423,2025-03-01,72,Reports,10
U0023349,C1423,2025-04-01,61,Reports,4
U0023350,C1423,2025-05-01,26,Dashboard,8
U0023351,C1423,2025-06-01,73,Integrations,17
U0023352,C1423,2025-07-01,2,Reports,9
U0023353,C1423,2025-08-01,31,Exports,1
U0023354,C1423,2025-09-01,23,Reports,7
U0023355,C1423,2025-11-01,34,API,6
U0023356,C1423,2025-12-01,4,Exports,15
U0023357,C1423,2026-01-01,12,API,5
U0023358,C1423,2026-02-01,70,API,11
U0023359,C1423,2026-03-01,59,Exports,16
U0023360,C1423,2026-04-01,42,Integrations,13
U0023361,C1423,2026-05-01,6,Exports,9
U0023362,C1423,2026-06-01,50,Exports,7
U0023363,C1423,2026-08-01,35,Dashboard,6
U0023364,C1423,2026-09-01,42,Dashboard,6
U0023365,C1424,2025-01-01,44,API,6
U0023366,C1424,2025-03-01,27,Automation,1
U0023367,C1424,2025-05-01,63,Exports,19
U0023368,C1424,2025-06-01,46,Integrations,19
U0023369,C1424,2025-07-01,66,Integrations,1
U0023370,C1424,2025-08-01,1,Automation,10
U0023371,C1424,2025-09-01,66,Dashboard,6
U0023372,C1424,2025-10-01,68,Integrations,16
U0023373,C1424,2025-11-01,58,Exports,15
U0023374,C1424,2025-12-01,20,Automation,10
U0023375,C1424,2026-01-01,3,Dashboard,7
U0023376,C1424,2026-02-01,18,Dashboard,5
U0023377,C1424,2026-03-01,53,API,16
U0023378,C1424,2026-04-01,15,Exports,2
U0023379,C1424,2026-05-01,72,API,2
U0023380,C1424,2026-06-01,23,Dashboard,4
U0023381,C1424,2026-07-01,26,Automation,10
U0023382,C1424,2026-08-01,43,API,14
U0023383,C1424,2026-09-01,19,Reports,14
U0023384,C1425,2025-01-01,56,Exports,14
U0023385,C1425,2025-02-01,66,Integrations,17
U0023386,C1425,2025-03-01,73,Integrations,12
U0023387,C1425,2025-04-01,23,Integrations,18
U0023388,C1425,2025-07-01,36,API,12
U0023389,C1425,2025-09-01,64,Exports,18
U0023390,C1425,2025-10-01,77,API,14
U0023391,C1425,2025-11-01,32,Integrations,12
U0023392,C1425,2025-12-01,5,Integrations,17
U0023393,C1425,2026-01-01,37,API,11
U0023394,C1425,2026-04-01,37,Exports,11
U0023395,C1425,2026-06-01,73,Dashboard,12
U0023396,C1425,2026-07-01,25,Integrations,5
U0023397,C1425,2026-08-01,5,Dashboard,14
U0023398,C1425,2026-09-01,65,Automation,15
U0023399,C1426,2025-01-01,23,Integrations,12
U0023400,C1426,2025-02-01,14,Dashboard,10
U0023401,C1426,2025-03-01,57,Integrations,17
U0023402,C1426,2025-08-01,33,Automation,16
U0023403,C1426,2025-09-01,18,Automation,4
U0023404,C1426,2025-11-01,16,API,19
U0023405,C1426,2025-12-01,6,API,14
U0023406,C1426,2026-01-01,13,Dashboard,11
U0023407,C1426,2026-02-01,73,API,10
U0023408,C1426,2026-04-01,40,Dashboard,3
U0023409,C1426,2026-06-01,6,Automation,9
U0023410,C1426,2026-08-01,68,Automation,3
U0023411,C1426,2026-09-01,48,Exports,10
U0023412,C1427,2025-02-01,79,Reports,15
U0023413,C1427,2025-03-01,6,Dashboard,13
U0023414,C1427,2025-05-01,17,Reports,10
U0023415,C1427,2025-07-01,63,Dashboard,13
U0023416,C1427,2025-09-01,17,API,7
U0023417,C1427,2025-10-01,60,Reports,10
U0023418,C1427,2025-11-01,61,Automation,17
U0023419,C1427,2025-12-01,17,Automation,11
U0023420,C1427,2026-01-01,1,Reports,11
U0023421,C1427,2026-04-01,65,Reports,11
U0023422,C1427,2026-05-01,33,Automation,7
U0023423,C1427,2026-06-01,78,Dashboard,5
U0023424,C1427,2026-07-01,3,Exports,17
U0023425,C1427,2026-08-01,2,Reports,16
U0023426,C1427,2026-09-01,51,API,14
U0023427,C1428,2025-02-01,29,Exports,19
U0023428,C1428,2025-03-01,55,Dashboard,18
U0023429,C1428,2025-04-01,72,Reports,15
U0023430,C1428,2025-05-01,53,Dashboard,6
U0023431,C1428,2025-06-01,13,API,6
U0023432,C1428,2025-07-01,48,Automation,6
U0023433,C1428,2025-08-01,41,API,16
U0023434,C1428,2025-09-01,9,API,19
U0023435,C1428,2025-10-01,16,Exports,12
U0023436,C1428,2025-11-01,59,Reports,13
U0023437,C1428,2025-12-01,47,Reports,13
U0023438,C1428,2026-01-01,18,Dashboard,4
U0023439,C1428,2026-03-01,55,Exports,19
U0023440,C1428,2026-04-01,51,Automation,17
U0023441,C1428,2026-05-01,2,API,9
U0023442,C1428,2026-06-01,29,API,9
U0023443,C1428,2026-07-01,77,Exports,6
U0023444,C1428,2026-08-01,43,API,19
U0023445,C1428,2026-09-01,17,API,5
U0023446,C1429,2025-01-01,62,Automation,6
U0023447,C1429,2025-03-01,28,API,10
U0023448,C1429,2025-04-01,4,API,15
U0023449,C1429,2025-05-01,61,Exports,13
U0023450,C1429,2025-07-01,8,API,17
U0023451,C1429,2025-08-01,40,Exports,15
U0023452,C1429,2025-11-01,12,Integrations,10
U0023453,C1429,2025-12-01,42,Exports,4
U0023454,C1429,2026-01-01,40,Reports,9
U0023455,C1429,2026-02-01,52,Exports,13
U0023456,C1429,2026-04-01,4,Dashboard,5
U0023457,C1429,2026-05-01,21,Automation,3
U0023458,C1429,2026-06-01,14,Integrations,2
U0023459,C1429,2026-07-01,15,API,17
U0023460,C1429,2026-09-01,67,Dashboard,13
U0023461,C1430,2025-02-01,60,API,16
U0023462,C1430,2025-05-01,12,Exports,9
U0023463,C1430,2025-07-01,52,API,16
U0023464,C1430,2025-08-01,64,Exports,9
U0023465,C1430,2025-09-01,25,Reports,18
U0023466,C1430,2026-01-01,43,API,17
U0023467,C1430,2026-02-01,20,API,18
U0023468,C1430,2026-04-01,16,Automation,4
U0023469,C1430,2026-05-01,61,Integrations,16
U0023470,C1430,2026-06-01,69,Integrations,19
U0023471,C1430,2026-07-01,5,Integrations,15
U0023472,C1430,2026-08-01,10,API,9
U0023473,C1430,2026-09-01,39,Exports,1
U0023474,C1431,2025-01-01,63,Integrations,6
U0023475,C1431,2025-02-01,43,Automation,8
U0023476,C1431,2025-03-01,23,Reports,1
U0023477,C1431,2025-05-01,4,Exports,3
U0023478,C1431,2025-06-01,64,Reports,9
U0023479,C1431,2025-07-01,2,Reports,13
U0023480,C1431,2025-09-01,8,Dashboard,11
U0023481,C1431,2025-10-01,25,Exports,15
U0023482,C1431,2025-12-01,25,API,16
U0023483,C1431,2026-01-01,27,Integrations,9
U0023484,C1431,2026-02-01,71,Exports,18
U0023485,C1431,2026-03-01,79,Exports,17
U0023486,C1431,2026-05-01,68,API,1
U0023487,C1431,2026-06-01,6,API,18
U0023488,C1431,2026-08-01,19,Dashboard,14
U0023489,C1431,2026-09-01,24,Integrations,12
U0023490,C1432,2025-02-01,1,Integrations,14
U0023491,C1432,2025-03-01,27,Reports,5
U0023492,C1432,2025-04-01,51,API,16
U0023493,C1432,2025-05-01,76,API,1
U0023494,C1432,2025-07-01,13,Exports,14
U0023495,C1432,2025-08-01,61,Reports,13
U0023496,C1432,2025-09-01,59,API,12
U0023497,C1432,2025-10-01,14,Dashboard,7
U0023498,C1432,2025-11-01,47,Integrations,5
U0023499,C1432,2025-12-01,16,Exports,11
U0023500,C1432,2026-01-01,38,Integrations,19
U0023501,C1432,2026-02-01,64,Dashboard,7
U0023502,C1432,2026-03-01,57,Reports,2
U0023503,C1432,2026-04-01,70,Dashboard,17
U0023504,C1432,2026-05-01,70,Exports,8
U0023505,C1432,2026-08-01,2,Dashboard,19
U0023506,C1432,2026-09-01,13,Exports,19
U0023507,C1433,2025-02-01,67,Automation,9
U0023508,C1433,2025-03-01,74,Integrations,3
U0023509,C1433,2025-05-01,15,Integrations,10
U0023510,C1433,2025-06-01,21,Integrations,8
U0023511,C1433,2025-07-01,5,Dashboard,5
U0023512,C1433,2025-08-01,51,API,18
U0023513,C1433,2025-09-01,56,Reports,17
U0023514,C1433,2025-10-01,33,Integrations,14
U0023515,C1433,2025-12-01,26,Dashboard,17
U0023516,C1433,2026-01-01,53,Integrations,15
U0023517,C1433,2026-02-01,51,Reports,2
U0023518,C1433,2026-04-01,2,Integrations,2
U0023519,C1433,2026-05-01,56,Automation,16
U0023520,C1433,2026-07-01,45,Integrations,12
U0023521,C1433,2026-08-01,21,Integrations,18
U0023522,C1433,2026-09-01,17,API,14
U0023523,C1434,2025-01-01,76,Dashboard,4
U0023524,C1434,2025-02-01,36,Integrations,11
U0023525,C1434,2025-03-01,12,Exports,10
U0023526,C1434,2025-04-01,15,API,2
U0023527,C1434,2025-05-01,32,Automation,19
U0023528,C1434,2025-06-01,76,Reports,10
U0023529,C1434,2025-07-01,19,Integrations,18
U0023530,C1434,2025-08-01,35,Automation,13
U0023531,C1434,2025-10-01,73,Integrations,19
U0023532,C1434,2025-11-01,64,Exports,3
U0023533,C1434,2025-12-01,35,Reports,3
U0023534,C1434,2026-01-01,9,Integrations,7
U0023535,C1434,2026-02-01,18,Reports,9
U0023536,C1434,2026-03-01,20,Reports,19
U0023537,C1434,2026-06-01,9,Exports,3
U0023538,C1434,2026-07-01,66,Exports,12
U0023539,C1434,2026-08-01,47,Automation,18
U0023540,C1434,2026-09-01,20,Dashboard,1
U0023541,C1435,2025-02-01,11,API,14
U0023542,C1435,2025-03-01,48,Integrations,16
U0023543,C1435,2025-05-01,11,API,1
U0023544,C1435,2025-06-01,36,Exports,16
U0023545,C1435,2025-07-01,46,Reports,7
U0023546,C1435,2025-08-01,53,Exports,5
U0023547,C1435,2025-09-01,56,API,9
U0023548,C1435,2025-10-01,61,API,14
U0023549,C1435,2025-11-01,27,Dashboard,10
U0023550,C1435,2025-12-01,33,Automation,9
U0023551,C1435,2026-01-01,73,API,16
U0023552,C1435,2026-04-01,27,Integrations,1
U0023553,C1435,2026-05-01,33,Automation,4
U0023554,C1436,2025-01-01,70,API,6
U0023555,C1436,2025-02-01,36,Reports,9
U0023556,C1436,2025-04-01,19,Dashboard,16
U0023557,C1436,2025-05-01,6,Exports,10
U0023558,C1436,2025-06-01,2,Exports,19
U0023559,C1436,2025-08-01,40,API,15
U0023560,C1436,2025-09-01,23,API,15
U0023561,C1436,2025-10-01,53,Automation,9
U0023562,C1436,2025-11-01,19,Reports,12
U0023563,C1436,2025-12-01,57,Dashboard,6
U0023564,C1436,2026-01-01,46,Reports,6
U0023565,C1436,2026-02-01,60,Reports,8
U0023566,C1436,2026-03-01,27,Exports,6
U0023567,C1436,2026-05-01,25,Dashboard,9
U0023568,C1436,2026-06-01,43,Integrations,2
U0023569,C1436,2026-08-01,79,Exports,8
U0023570,C1436,2026-09-01,3,Integrations,10
U0023571,C1437,2025-01-01,8,API,9
U0023572,C1437,2025-02-01,2,Exports,10
U0023573,C1437,2025-03-01,45,Automation,14
U0023574,C1437,2025-04-01,50,Reports,9
U0023575,C1437,2025-05-01,43,Exports,17
U0023576,C1437,2025-06-01,53,Integrations,13
U0023577,C1437,2025-08-01,29,Integrations,9
U0023578,C1437,2025-09-01,45,Automation,6
U0023579,C1437,2025-10-01,55,Dashboard,13
U0023580,C1437,2025-11-01,26,Dashboard,2
U0023581,C1437,2026-01-01,34,Exports,13
U0023582,C1437,2026-02-01,73,Integrations,16
U0023583,C1437,2026-03-01,72,API,7
U0023584,C1437,2026-05-01,36,Exports,17
U0023585,C1437,2026-07-01,40,Exports,2
U0023586,C1437,2026-08-01,63,Reports,12
U0023587,C1438,2025-02-01,47,Integrations,13
U0023588,C1438,2025-04-01,61,Reports,6
U0023589,C1438,2025-06-01,53,Exports,19
U0023590,C1438,2025-07-01,54,API,17
U0023591,C1438,2025-08-01,75,Reports,19
U0023592,C1438,2025-09-01,54,API,10
U0023593,C1438,2025-10-01,48,Automation,16
U0023594,C1438,2025-11-01,10,Exports,8
U0023595,C1438,2025-12-01,67,Integrations,8
U0023596,C1438,2026-01-01,20,Integrations,18
U0023597,C1438,2026-02-01,49,Integrations,8
U0023598,C1438,2026-03-01,12,Automation,6
U0023599,C1438,2026-04-01,28,Reports,19
U0023600,C1438,2026-05-01,62,Automation,13
U0023601,C1438,2026-06-01,37,Dashboard,12
U0023602,C1438,2026-07-01,71,Reports,4
U0023603,C1438,2026-08-01,58,Integrations,18
U0023604,C1438,2026-09-01,70,Reports,2
U0023605,C1439,2025-01-01,21,API,4
U0023606,C1439,2025-02-01,4,Dashboard,14
U0023607,C1439,2025-03-01,47,Integrations,11
U0023608,C1439,2025-04-01,58,API,7
U0023609,C1439,2025-05-01,53,Exports,14
U0023610,C1439,2025-07-01,43,API,17
U0023611,C1439,2025-08-01,39,Automation,15
U0023612,C1439,2025-09-01,37,Integrations,12
U0023613,C1439,2025-12-01,44,API,19
U0023614,C1439,2026-01-01,43,API,8
U0023615,C1439,2026-02-01,69,Reports,18
U0023616,C1439,2026-03-01,13,Automation,5
U0023617,C1439,2026-04-01,49,Exports,1
U0023618,C1439,2026-05-01,3,Dashboard,3
U0023619,C1439,2026-06-01,72,Automation,1
U0023620,C1439,2026-07-01,71,Integrations,2
U0023621,C1439,2026-08-01,44,Exports,18
U0023622,C1440,2025-01-01,2,Dashboard,13
U0023623,C1440,2025-02-01,24,Automation,12
U0023624,C1440,2025-03-01,43,Exports,4
U0023625,C1440,2025-04-01,51,Reports,7
U0023626,C1440,2025-05-01,17,Exports,7
U0023627,C1440,2025-06-01,23,Reports,11
U0023628,C1440,2025-08-01,19,Automation,2
U0023629,C1440,2025-10-01,6,Automation,11
U0023630,C1440,2025-11-01,25,Dashboard,9
U0023631,C1440,2025-12-01,67,Integrations,17
U0023632,C1440,2026-02-01,74,Integrations,5
U0023633,C1440,2026-03-01,17,Automation,12
U0023634,C1440,2026-04-01,9,Integrations,17
U0023635,C1440,2026-05-01,27,Exports,9
U0023636,C1440,2026-06-01,13,Exports,13
U0023637,C1440,2026-07-01,12,Dashboard,18
U0023638,C1440,2026-08-01,61,API,4
U0023639,C1441,2025-01-01,44,Integrations,2
U0023640,C1441,2025-03-01,60,Exports,10
U0023641,C1441,2025-05-01,41,Reports,15
U0023642,C1441,2025-07-01,4,Dashboard,16
U0023643,C1441,2025-08-01,45,Dashboard,16
U0023644,C1441,2025-10-01,22,Reports,17
U0023645,C1441,2025-12-01,31,Dashboard,3
U0023646,C1441,2026-01-01,32,Dashboard,10
U0023647,C1441,2026-02-01,63,Reports,11
U0023648,C1441,2026-03-01,24,Dashboard,9
U0023649,C1441,2026-05-01,9,Automation,4
U0023650,C1441,2026-06-01,58,Dashboard,17
U0023651,C1441,2026-08-01,75,Exports,7
U0023652,C1441,2026-09-01,26,Automation,4
U0023653,C1442,2025-01-01,46,Integrations,17
U0023654,C1442,2025-02-01,38,Integrations,4
U0023655,C1442,2025-04-01,47,Integrations,15
U0023656,C1442,2025-05-01,9,Integrations,2
U0023657,C1442,2025-06-01,64,API,7
U0023658,C1442,2025-07-01,24,API,8
U0023659,C1442,2025-08-01,48,API,15
U0023660,C1442,2025-10-01,6,Automation,17
U0023661,C1442,2025-12-01,38,Automation,9
U0023662,C1442,2026-01-01,22,API,14
U0023663,C1442,2026-03-01,56,API,8
U0023664,C1442,2026-04-01,17,Dashboard,8
U0023665,C1442,2026-05-01,40,Integrations,9
U0023666,C1442,2026-06-01,5,Dashboard,2
U0023667,C1442,2026-07-01,65,Dashboard,18
U0023668,C1443,2025-02-01,57,Reports,8
U0023669,C1443,2025-03-01,46,Integrations,18
U0023670,C1443,2025-04-01,76,Integrations,7
U0023671,C1443,2025-05-01,55,API,17
U0023672,C1443,2025-06-01,19,Exports,13
U0023673,C1443,2025-07-01,54,API,16
U0023674,C1443,2025-08-01,41,API,11
U0023675,C1443,2025-10-01,17,Automation,6
U0023676,C1443,2025-12-01,30,API,10
U0023677,C1443,2026-01-01,11,Integrations,7
U0023678,C1443,2026-04-01,37,Reports,15
U0023679,C1443,2026-05-01,42,API,18
U0023680,C1443,2026-06-01,6,API,19
U0023681,C1443,2026-07-01,40,API,3
U0023682,C1443,2026-08-01,58,API,17
U0023683,C1443,2026-09-01,72,API,10
U0023684,C1444,2025-01-01,33,Dashboard,10
U0023685,C1444,2025-03-01,59,Automation,6
U0023686,C1444,2025-04-01,9,Reports,14
U0023687,C1444,2025-05-01,79,Exports,2
U0023688,C1444,2025-06-01,67,Exports,5
U0023689,C1444,2025-07-01,61,Automation,11
U0023690,C1444,2025-09-01,41,API,11
U0023691,C1444,2025-11-01,65,Automation,1
U0023692,C1444,2025-12-01,11,Reports,1
U0023693,C1444,2026-01-01,14,API,1
U0023694,C1444,2026-05-01,6,Exports,15
U0023695,C1444,2026-06-01,45,Integrations,7
U0023696,C1444,2026-08-01,39,Integrations,19
U0023697,C1444,2026-09-01,18,API,1
U0023698,C1445,2025-01-01,31,Automation,4
U0023699,C1445,2025-02-01,2,Reports,10
U0023700,C1445,2025-03-01,22,Dashboard,1
U0023701,C1445,2025-04-01,39,Exports,3
U0023702,C1445,2025-05-01,63,API,8
U0023703,C1445,2025-06-01,29,Automation,9
U0023704,C1445,2025-07-01,38,Automation,3
U0023705,C1445,2025-08-01,44,Integrations,5
U0023706,C1445,2025-09-01,29,Automation,7
U0023707,C1445,2025-10-01,30,Integrations,6
U0023708,C1445,2025-11-01,77,Integrations,19
U0023709,C1445,2026-01-01,46,API,14
U0023710,C1445,2026-03-01,78,Reports,12
U0023711,C1445,2026-04-01,6,Integrations,7
U0023712,C1445,2026-05-01,3,API,12
U0023713,C1445,2026-06-01,7,Dashboard,8
U0023714,C1445,2026-09-01,72,Reports,4
U0023715,C1446,2025-02-01,62,Integrations,19
U0023716,C1446,2025-03-01,49,API,9
U0023717,C1446,2025-04-01,60,Dashboard,4
U0023718,C1446,2025-05-01,17,Reports,3
U0023719,C1446,2025-06-01,8,Reports,4
U0023720,C1446,2025-07-01,46,Reports,15
U0023721,C1446,2025-08-01,9,Automation,3
U0023722,C1446,2025-10-01,11,Automation,17
U0023723,C1446,2025-11-01,4,Exports,4
U0023724,C1446,2025-12-01,55,Integrations,11
U0023725,C1446,2026-01-01,79,Integrations,14
U0023726,C1446,2026-02-01,68,Automation,11
U0023727,C1446,2026-03-01,71,Dashboard,18
U0023728,C1446,2026-04-01,16,API,2
U0023729,C1446,2026-05-01,25,API,2
U0023730,C1446,2026-06-01,33,Dashboard,5
U0023731,C1446,2026-07-01,40,Reports,9
U0023732,C1446,2026-08-01,21,Integrations,13
U0023733,C1446,2026-09-01,74,Reports,14
U0023734,C1447,2025-01-01,9,Reports,16
U0023735,C1447,2025-02-01,19,Integrations,5
U0023736,C1447,2025-03-01,46,Dashboard,16
U0023737,C1447,2025-05-01,61,Exports,14
U0023738,C1447,2025-08-01,77,API,19
U0023739,C1447,2025-09-01,21,Automation,12
U0023740,C1447,2025-10-01,31,Exports,3
U0023741,C1447,2025-11-01,55,Integrations,16
U0023742,C1447,2026-01-01,49,Reports,6
U0023743,C1447,2026-02-01,63,Integrations,4
U0023744,C1447,2026-03-01,57,Dashboard,4
U0023745,C1447,2026-04-01,49,Exports,16
U0023746,C1447,2026-05-01,72,Dashboard,5
U0023747,C1447,2026-06-01,17,Exports,7
U0023748,C1447,2026-07-01,6,Integrations,14
U0023749,C1447,2026-08-01,51,API,18
U0023750,C1447,2026-09-01,66,Automation,10
U0023751,C1448,2025-01-01,46,Reports,10
U0023752,C1448,2025-02-01,56,Integrations,16
U0023753,C1448,2025-03-01,71,Integrations,1
U0023754,C1448,2025-04-01,23,Dashboard,2
U0023755,C1448,2025-05-01,74,Integrations,11
U0023756,C1448,2025-06-01,41,Reports,5
U0023757,C1448,2025-07-01,53,Integrations,9
U0023758,C1448,2025-08-01,23,Integrations,8
U0023759,C1448,2025-09-01,51,Reports,16
U0023760,C1448,2025-10-01,23,Integrations,4
U0023761,C1448,2025-11-01,1,API,17
U0023762,C1448,2025-12-01,57,Exports,2
U0023763,C1448,2026-02-01,18,Integrations,10
U0023764,C1448,2026-03-01,33,Automation,17
U0023765,C1448,2026-04-01,38,API,8
U0023766,C1448,2026-05-01,62,Exports,15
U0023767,C1448,2026-06-01,41,Dashboard,8
U0023768,C1448,2026-07-01,12,Reports,18
U0023769,C1448,2026-08-01,50,Integrations,10
U0023770,C1448,2026-09-01,74,API,6
U0023771,C1449,2025-01-01,28,Integrations,3
U0023772,C1449,2025-02-01,21,Automation,8
U0023773,C1449,2025-04-01,15,Exports,18
U0023774,C1449,2025-05-01,62,Automation,2
U0023775,C1449,2025-06-01,44,API,4
U0023776,C1449,2025-09-01,60,Dashboard,12
U0023777,C1449,2025-10-01,4,Integrations,10
U0023778,C1449,2025-11-01,56,Exports,19
U0023779,C1449,2025-12-01,41,Dashboard,5
U0023780,C1449,2026-01-01,28,Reports,8
U0023781,C1449,2026-02-01,49,Dashboard,11
U0023782,C1449,2026-03-01,47,Reports,19
U0023783,C1449,2026-05-01,3,Integrations,1
U0023784,C1449,2026-06-01,41,API,2
U0023785,C1450,2025-01-01,13,Integrations,11
U0023786,C1450,2025-03-01,73,Automation,2
U0023787,C1450,2025-04-01,61,Exports,5
U0023788,C1450,2025-05-01,71,API,9
U0023789,C1450,2025-06-01,36,API,14
U0023790,C1450,2025-07-01,52,API,17
U0023791,C1450,2025-10-01,20,Reports,12
U0023792,C1450,2025-11-01,40,Integrations,13
U0023793,C1450,2026-01-01,74,Automation,4
U0023794,C1450,2026-02-01,29,Dashboard,2
U0023795,C1450,2026-03-01,58,Integrations,15
U0023796,C1450,2026-04-01,34,Exports,1
U0023797,C1450,2026-05-01,36,Automation,10
U0023798,C1450,2026-07-01,65,API,15
U0023799,C1450,2026-08-01,12,Exports,16
U0023800,C1450,2026-09-01,51,Automation,16
U0023801,C1451,2025-01-01,47,Integrations,7
U0023802,C1451,2025-02-01,70,Automation,15
U0023803,C1451,2025-03-01,70,Integrations,8
U0023804,C1451,2025-04-01,57,API,3
U0023805,C1451,2025-05-01,28,Integrations,16
U0023806,C1451,2025-06-01,44,API,7
U0023807,C1451,2025-07-01,6,Integrations,13
U0023808,C1451,2025-08-01,19,Exports,16
U0023809,C1451,2025-09-01,34,Integrations,12
U0023810,C1451,2025-12-01,30,Automation,14
U0023811,C1451,2026-02-01,22,Exports,19
U0023812,C1451,2026-03-01,47,Exports,2
U0023813,C1451,2026-04-01,56,Dashboard,8
U0023814,C1451,2026-05-01,7,Exports,11
U0023815,C1451,2026-07-01,74,Dashboard,16
U0023816,C1451,2026-09-01,15,Exports,2
U0023817,C1452,2025-03-01,9,Exports,15
U0023818,C1452,2025-04-01,6,API,16
U0023819,C1452,2025-05-01,68,API,8
U0023820,C1452,2025-06-01,71,Reports,2
U0023821,C1452,2025-08-01,46,Reports,7
U0023822,C1452,2025-09-01,46,Dashboard,7
U0023823,C1452,2025-10-01,65,Integrations,1
U0023824,C1452,2025-11-01,21,Automation,15
U0023825,C1452,2025-12-01,32,Integrations,17
U0023826,C1452,2026-01-01,38,Exports,18
U0023827,C1452,2026-03-01,26,Dashboard,14
U0023828,C1452,2026-04-01,14,Reports,5
U0023829,C1452,2026-06-01,46,API,2
U0023830,C1452,2026-07-01,62,API,15
U0023831,C1452,2026-08-01,23,Integrations,18
U0023832,C1452,2026-09-01,58,Reports,12
U0023833,C1453,2025-01-01,56,API,17
U0023834,C1453,2025-02-01,2,Exports,18
U0023835,C1453,2025-03-01,20,Dashboard,7
U0023836,C1453,2025-04-01,58,Reports,4
U0023837,C1453,2025-05-01,69,Integrations,3
U0023838,C1453,2025-06-01,60,Exports,2
U0023839,C1453,2025-07-01,31,Exports,2
U0023840,C1453,2025-08-01,27,Automation,11
U0023841,C1453,2025-09-01,53,Integrations,9
U0023842,C1453,2025-10-01,41,Automation,6
U0023843,C1453,2025-11-01,46,Reports,7
U0023844,C1453,2026-01-01,29,Automation,19
U0023845,C1453,2026-03-01,64,Integrations,9
U0023846,C1453,2026-04-01,8,API,12
U0023847,C1453,2026-05-01,41,Automation,5
U0023848,C1453,2026-07-01,18,Automation,3
U0023849,C1453,2026-08-01,42,Dashboard,19
U0023850,C1453,2026-09-01,28,Exports,15
U0023851,C1454,2025-01-01,60,Dashboard,1
U0023852,C1454,2025-03-01,71,Exports,15
U0023853,C1454,2025-04-01,72,Dashboard,16
U0023854,C1454,2025-05-01,34,Automation,3
U0023855,C1454,2025-06-01,20,Dashboard,1
U0023856,C1454,2025-07-01,76,Exports,11
U0023857,C1454,2025-08-01,45,Reports,1
U0023858,C1454,2025-09-01,73,API,4
U0023859,C1454,2025-10-01,43,Automation,8
U0023860,C1454,2025-11-01,39,Exports,11
U0023861,C1454,2025-12-01,29,Integrations,18
U0023862,C1454,2026-01-01,46,Dashboard,4
U0023863,C1454,2026-02-01,15,Automation,3
U0023864,C1454,2026-03-01,64,Automation,14
U0023865,C1454,2026-05-01,22,Exports,14
U0023866,C1454,2026-06-01,43,Exports,9
U0023867,C1454,2026-07-01,72,Integrations,12
U0023868,C1454,2026-08-01,27,Integrations,1
U0023869,C1454,2026-09-01,5,Exports,3
U0023870,C1455,2025-01-01,3,Exports,18
U0023871,C1455,2025-02-01,27,Integrations,4
U0023872,C1455,2025-03-01,16,Reports,15
U0023873,C1455,2025-04-01,32,API,4
U0023874,C1455,2025-05-01,76,Exports,4
U0023875,C1455,2025-06-01,71,Exports,11
U0023876,C1455,2025-07-01,48,Automation,8
U0023877,C1455,2025-09-01,24,Reports,1
U0023878,C1455,2025-10-01,45,Reports,19
U0023879,C1455,2025-12-01,1,Exports,16
U0023880,C1455,2026-01-01,13,Exports,7
U0023881,C1455,2026-02-01,64,Dashboard,16
U0023882,C1455,2026-03-01,52,API,9
U0023883,C1455,2026-04-01,51,Automation,10
U0023884,C1455,2026-05-01,28,Dashboard,11
U0023885,C1455,2026-06-01,15,API,8
U0023886,C1455,2026-07-01,61,Exports,15
U0023887,C1455,2026-08-01,49,Exports,7
U0023888,C1455,2026-09-01,56,Exports,10
U0023889,C1456,2025-02-01,73,API,7
U0023890,C1456,2025-03-01,22,Automation,3
U0023891,C1456,2025-04-01,59,Automation,15
U0023892,C1456,2025-05-01,39,Exports,3
U0023893,C1456,2025-06-01,74,Automation,13
U0023894,C1456,2025-07-01,59,Automation,16
U0023895,C1456,2025-08-01,22,Automation,11
U0023896,C1456,2025-09-01,75,Automation,2
U0023897,C1456,2025-10-01,20,Automation,15
U0023898,C1456,2025-11-01,63,Reports,14
U0023899,C1456,2025-12-01,4,Dashboard,12
U0023900,C1456,2026-01-01,29,Dashboard,7
U0023901,C1456,2026-02-01,22,Dashboard,4
U0023902,C1456,2026-04-01,59,Integrations,9
U0023903,C1456,2026-06-01,66,Exports,19
U0023904,C1456,2026-07-01,26,Dashboard,15
U0023905,C1456,2026-08-01,44,Automation,15
U0023906,C1456,2026-09-01,79,API,12
U0023907,C1457,2025-01-01,62,Exports,7
U0023908,C1457,2025-02-01,7,Reports,11
U0023909,C1457,2025-03-01,54,Reports,1
U0023910,C1457,2025-04-01,45,Exports,7
U0023911,C1457,2025-05-01,15,API,10
U0023912,C1457,2025-07-01,45,Reports,16
U0023913,C1457,2025-09-01,54,Reports,7
U0023914,C1457,2025-11-01,30,Automation,16
U0023915,C1457,2025-12-01,21,Automation,9
U0023916,C1457,2026-01-01,22,Exports,1
U0023917,C1457,2026-04-01,61,Exports,11
U0023918,C1457,2026-05-01,30,API,6
U0023919,C1457,2026-06-01,57,Dashboard,19
U0023920,C1457,2026-07-01,30,Reports,5
U0023921,C1457,2026-08-01,26,Reports,4
U0023922,C1457,2026-09-01,39,Automation,7
U0023923,C1458,2025-01-01,71,Dashboard,4
U0023924,C1458,2025-02-01,42,Dashboard,2
U0023925,C1458,2025-05-01,37,Exports,8
U0023926,C1458,2025-06-01,70,API,14
U0023927,C1458,2025-07-01,6,Exports,18
U0023928,C1458,2025-09-01,60,Dashboard,15
U0023929,C1458,2025-10-01,24,Automation,19
U0023930,C1458,2025-12-01,20,Automation,16
U0023931,C1458,2026-01-01,8,Dashboard,1
U0023932,C1458,2026-02-01,37,Exports,12
U0023933,C1458,2026-05-01,59,Automation,4
U0023934,C1458,2026-06-01,37,Exports,1
U0023935,C1458,2026-08-01,53,Integrations,1
U0023936,C1458,2026-09-01,55,Dashboard,16
U0023937,C1459,2025-01-01,24,Reports,10
U0023938,C1459,2025-02-01,18,Dashboard,12
U0023939,C1459,2025-03-01,6,Reports,10
U0023940,C1459,2025-04-01,53,API,14
U0023941,C1459,2025-05-01,23,Dashboard,7
U0023942,C1459,2025-06-01,52,API,3
U0023943,C1459,2025-07-01,12,Exports,6
U0023944,C1459,2025-08-01,42,Automation,8
U0023945,C1459,2025-09-01,67,Integrations,7
U0023946,C1459,2025-10-01,73,Dashboard,4
U0023947,C1459,2025-12-01,7,Dashboard,7
U0023948,C1459,2026-01-01,63,Exports,13
U0023949,C1459,2026-02-01,66,API,2
U0023950,C1459,2026-03-01,41,Exports,2
U0023951,C1459,2026-04-01,70,Integrations,13
U0023952,C1459,2026-05-01,26,Reports,5
U0023953,C1459,2026-06-01,33,Dashboard,3
U0023954,C1459,2026-08-01,46,Dashboard,4
U0023955,C1459,2026-09-01,41,Integrations,8
U0023956,C1460,2025-02-01,47,API,15
U0023957,C1460,2025-03-01,76,Integrations,16
U0023958,C1460,2025-04-01,13,Dashboard,17
U0023959,C1460,2025-06-01,6,Dashboard,5
U0023960,C1460,2025-09-01,56,API,7
U0023961,C1460,2025-10-01,8,Integrations,8
U0023962,C1460,2025-11-01,4,Exports,6
U0023963,C1460,2025-12-01,3,API,9
U0023964,C1460,2026-02-01,51,Integrations,19
U0023965,C1460,2026-03-01,19,Integrations,11
U0023966,C1460,2026-04-01,67,API,10
U0023967,C1460,2026-05-01,38,Integrations,16
U0023968,C1460,2026-06-01,34,Dashboard,3
U0023969,C1460,2026-08-01,28,Integrations,12
U0023970,C1460,2026-09-01,42,Dashboard,2
U0023971,C1461,2025-01-01,50,Dashboard,2
U0023972,C1461,2025-02-01,28,API,5
U0023973,C1461,2025-03-01,48,Exports,2
U0023974,C1461,2025-04-01,58,Reports,17
U0023975,C1461,2025-05-01,73,Integrations,2
U0023976,C1461,2025-06-01,49,Dashboard,15
U0023977,C1461,2025-07-01,56,Exports,18
U0023978,C1461,2025-09-01,16,Exports,10
U0023979,C1461,2025-10-01,14,Reports,15
U0023980,C1461,2025-11-01,40,Automation,18
U0023981,C1461,2025-12-01,34,Automation,4
U0023982,C1461,2026-01-01,76,API,13
U0023983,C1461,2026-02-01,60,Integrations,8
U0023984,C1461,2026-03-01,17,Dashboard,19
U0023985,C1461,2026-05-01,47,Automation,6
U0023986,C1461,2026-09-01,23,Automation,7
U0023987,C1462,2025-01-01,76,API,14
U0023988,C1462,2025-04-01,12,Reports,11
U0023989,C1462,2025-06-01,4,Exports,1
U0023990,C1462,2025-07-01,19,Reports,16
U0023991,C1462,2025-08-01,57,Reports,9
U0023992,C1462,2025-09-01,62,Reports,18
U0023993,C1462,2025-10-01,76,Exports,3
U0023994,C1462,2025-11-01,27,Automation,2
U0023995,C1462,2025-12-01,36,Reports,3
U0023996,C1462,2026-01-01,15,Integrations,11
U0023997,C1462,2026-02-01,22,Automation,10
U0023998,C1462,2026-03-01,35,Exports,16
U0023999,C1462,2026-05-01,58,Dashboard,9
U0024000,C1462,2026-06-01,63,API,16
U0024001,C1462,2026-07-01,49,Reports,10
U0024002,C1462,2026-08-01,14,Exports,15
U0024003,C1463,2025-01-01,54,Dashboard,16
U0024004,C1463,2025-02-01,27,API,6
U0024005,C1463,2025-03-01,43,API,8
U0024006,C1463,2025-04-01,78,Dashboard,14
U0024007,C1463,2025-05-01,11,Dashboard,19
U0024008,C1463,2025-06-01,41,Automation,19
U0024009,C1463,2025-07-01,49,Automation,2
U0024010,C1463,2025-09-01,52,Automation,5
U0024011,C1463,2025-10-01,3,Exports,2
U0024012,C1463,2025-11-01,26,Exports,12
U0024013,C1463,2025-12-01,16,Dashboard,18
U0024014,C1463,2026-01-01,28,Reports,6
U0024015,C1463,2026-03-01,36,Automation,9
U0024016,C1463,2026-04-01,77,API,3
U0024017,C1463,2026-05-01,1,API,4
U0024018,C1463,2026-06-01,21,Reports,19
U0024019,C1463,2026-07-01,76,Dashboard,15
U0024020,C1463,2026-08-01,9,Reports,3
U0024021,C1463,2026-09-01,60,Reports,3
U0024022,C1464,2025-02-01,4,Automation,9
U0024023,C1464,2025-03-01,49,Reports,15
U0024024,C1464,2025-04-01,34,API,17
U0024025,C1464,2025-05-01,20,API,12
U0024026,C1464,2025-06-01,25,Automation,10
U0024027,C1464,2025-07-01,39,Integrations,18
U0024028,C1464,2025-08-01,9,Exports,17
U0024029,C1464,2025-09-01,23,API,9
U0024030,C1464,2025-10-01,12,Automation,13
U0024031,C1464,2025-11-01,1,Automation,1
U0024032,C1464,2026-01-01,49,Integrations,4
U0024033,C1464,2026-02-01,67,Integrations,11
U0024034,C1464,2026-04-01,7,Reports,7
U0024035,C1464,2026-05-01,4,Dashboard,12
U0024036,C1464,2026-06-01,29,Reports,19
U0024037,C1464,2026-07-01,47,Exports,17
U0024038,C1464,2026-08-01,45,Automation,12
U0024039,C1465,2025-03-01,37,Integrations,7
U0024040,C1465,2025-05-01,48,Integrations,1
U0024041,C1465,2025-06-01,35,Integrations,1
U0024042,C1465,2025-07-01,72,Integrations,7
U0024043,C1465,2025-08-01,54,API,4
U0024044,C1465,2025-09-01,23,Dashboard,7
U0024045,C1465,2025-10-01,57,Automation,2
U0024046,C1465,2025-12-01,45,API,3
U0024047,C1465,2026-01-01,65,API,16
U0024048,C1465,2026-02-01,41,Reports,8
U0024049,C1465,2026-03-01,36,Reports,16
U0024050,C1465,2026-05-01,77,Integrations,12
U0024051,C1465,2026-06-01,31,Automation,3
U0024052,C1465,2026-07-01,9,API,7
U0024053,C1465,2026-08-01,76,Reports,17
U0024054,C1465,2026-09-01,72,API,19
U0024055,C1466,2025-01-01,75,API,15
U0024056,C1466,2025-03-01,10,Automation,19
U0024057,C1466,2025-04-01,75,Automation,6
U0024058,C1466,2025-05-01,55,Integrations,19
U0024059,C1466,2025-07-01,55,API,1
U0024060,C1466,2025-08-01,15,Exports,18
U0024061,C1466,2025-09-01,22,API,18
U0024062,C1466,2025-10-01,43,Automation,12
U0024063,C1466,2025-11-01,38,Dashboard,12
U0024064,C1466,2025-12-01,74,Reports,10
U0024065,C1466,2026-01-01,60,API,15
U0024066,C1466,2026-02-01,44,Automation,12
U0024067,C1466,2026-03-01,2,Dashboard,14
U0024068,C1466,2026-04-01,67,Dashboard,2
U0024069,C1466,2026-05-01,35,Automation,14
U0024070,C1466,2026-07-01,78,Reports,16
U0024071,C1466,2026-08-01,38,Reports,3
U0024072,C1467,2025-02-01,52,Exports,4
U0024073,C1467,2025-03-01,64,Reports,9
U0024074,C1467,2025-05-01,60,Reports,15
U0024075,C1467,2025-06-01,50,Dashboard,5
U0024076,C1467,2025-07-01,40,Dashboard,7
U0024077,C1467,2025-08-01,40,Exports,12
U0024078,C1467,2025-09-01,27,API,8
U0024079,C1467,2025-10-01,73,Automation,14
U0024080,C1467,2025-11-01,15,Automation,6
U0024081,C1467,2025-12-01,27,Automation,9
U0024082,C1467,2026-01-01,33,Dashboard,12
U0024083,C1467,2026-02-01,22,Reports,1
U0024084,C1467,2026-03-01,30,API,11
U0024085,C1467,2026-04-01,16,Automation,2
U0024086,C1467,2026-05-01,24,Exports,2
U0024087,C1467,2026-06-01,30,Automation,16
U0024088,C1467,2026-07-01,6,Automation,19
U0024089,C1467,2026-08-01,27,Automation,9
U0024090,C1467,2026-09-01,20,API,12
U0024091,C1468,2025-01-01,37,Automation,10
U0024092,C1468,2025-02-01,15,Dashboard,5
U0024093,C1468,2025-03-01,48,Exports,18
U0024094,C1468,2025-04-01,69,API,18
U0024095,C1468,2025-05-01,31,API,4
U0024096,C1468,2025-06-01,48,Dashboard,13
U0024097,C1468,2025-07-01,4,Reports,10
U0024098,C1468,2025-08-01,35,Reports,9
U0024099,C1468,2025-09-01,67,Integrations,3
U0024100,C1468,2025-10-01,66,Dashboard,7
U0024101,C1468,2025-12-01,64,API,12
U0024102,C1468,2026-01-01,30,Dashboard,10
U0024103,C1468,2026-02-01,29,Integrations,6
U0024104,C1468,2026-03-01,21,Exports,6
U0024105,C1468,2026-04-01,44,API,1
U0024106,C1468,2026-05-01,27,Exports,13
U0024107,C1468,2026-06-01,76,API,5
U0024108,C1468,2026-07-01,32,Exports,2
U0024109,C1468,2026-08-01,46,Integrations,12
U0024110,C1469,2025-01-01,8,Automation,19
U0024111,C1469,2025-03-01,55,Automation,19
U0024112,C1469,2025-04-01,62,Reports,6
U0024113,C1469,2025-05-01,6,API,16
U0024114,C1469,2025-07-01,3,Dashboard,12
U0024115,C1469,2025-08-01,41,Dashboard,1
U0024116,C1469,2025-09-01,62,Reports,11
U0024117,C1469,2025-10-01,18,API,19
U0024118,C1469,2025-11-01,12,Reports,8
U0024119,C1469,2025-12-01,44,Integrations,3
U0024120,C1469,2026-01-01,66,Dashboard,4
U0024121,C1469,2026-02-01,59,Exports,2
U0024122,C1469,2026-03-01,36,Dashboard,16
U0024123,C1469,2026-07-01,61,API,19
U0024124,C1469,2026-08-01,20,Dashboard,6
U0024125,C1470,2025-01-01,10,Dashboard,5
U0024126,C1470,2025-03-01,68,API,1
U0024127,C1470,2025-04-01,76,Integrations,19
U0024128,C1470,2025-06-01,50,Integrations,13
U0024129,C1470,2025-07-01,47,Integrations,8
U0024130,C1470,2025-08-01,1,Exports,8
U0024131,C1470,2025-10-01,41,Automation,2
U0024132,C1470,2025-11-01,38,Automation,5
U0024133,C1470,2025-12-01,78,API,8
U0024134,C1470,2026-01-01,5,API,3
U0024135,C1470,2026-02-01,28,Reports,2
U0024136,C1470,2026-03-01,77,Reports,1
U0024137,C1470,2026-04-01,63,Automation,1
U0024138,C1470,2026-06-01,9,Reports,16
U0024139,C1470,2026-08-01,26,Dashboard,2
U0024140,C1470,2026-09-01,12,Exports,13
U0024141,C1471,2025-01-01,14,Exports,15
U0024142,C1471,2025-02-01,40,API,12
U0024143,C1471,2025-03-01,34,Automation,14
U0024144,C1471,2025-04-01,12,Exports,15
U0024145,C1471,2025-05-01,66,Reports,2
U0024146,C1471,2025-07-01,26,API,11
U0024147,C1471,2025-09-01,33,Dashboard,1
U0024148,C1471,2025-10-01,50,Reports,13
U0024149,C1471,2025-11-01,59,Reports,1
U0024150,C1471,2025-12-01,52,Integrations,13
U0024151,C1471,2026-01-01,16,Integrations,10
U0024152,C1471,2026-02-01,13,Automation,5
U0024153,C1471,2026-03-01,29,Exports,6
U0024154,C1471,2026-05-01,76,Dashboard,6
U0024155,C1471,2026-06-01,2,Reports,9
U0024156,C1471,2026-07-01,47,Integrations,11
U0024157,C1471,2026-09-01,12,Exports,19
U0024158,C1472,2025-01-01,55,Exports,15
U0024159,C1472,2025-02-01,52,Reports,17
U0024160,C1472,2025-03-01,41,Reports,16
U0024161,C1472,2025-04-01,22,Automation,13
U0024162,C1472,2025-05-01,69,Exports,3
U0024163,C1472,2025-06-01,55,API,9
U0024164,C1472,2025-08-01,79,Integrations,16
U0024165,C1472,2025-09-01,33,Dashboard,4
U0024166,C1472,2025-11-01,36,Reports,2
U0024167,C1472,2026-02-01,12,Exports,3
U0024168,C1472,2026-04-01,30,Automation,18
U0024169,C1472,2026-05-01,60,Automation,14
U0024170,C1472,2026-06-01,68,Integrations,15
U0024171,C1472,2026-07-01,9,Integrations,13
U0024172,C1472,2026-08-01,59,Reports,11
U0024173,C1473,2025-01-01,10,Integrations,12
U0024174,C1473,2025-02-01,49,Reports,16
U0024175,C1473,2025-04-01,49,API,17
U0024176,C1473,2025-05-01,74,Dashboard,14
U0024177,C1473,2025-07-01,48,Automation,16
U0024178,C1473,2025-08-01,28,Dashboard,18
U0024179,C1473,2025-09-01,52,Automation,13
U0024180,C1473,2025-10-01,36,Automation,19
U0024181,C1473,2025-11-01,51,Reports,10
U0024182,C1473,2025-12-01,29,Dashboard,9
U0024183,C1473,2026-01-01,69,Automation,3
U0024184,C1473,2026-03-01,75,Automation,15
U0024185,C1473,2026-04-01,40,Exports,9
U0024186,C1473,2026-05-01,65,Reports,2
U0024187,C1473,2026-06-01,15,Dashboard,11
U0024188,C1473,2026-07-01,21,Exports,7
U0024189,C1473,2026-08-01,18,Integrations,10
U0024190,C1473,2026-09-01,39,Reports,7
U0024191,C1474,2025-01-01,4,Automation,9
U0024192,C1474,2025-04-01,23,Integrations,3
U0024193,C1474,2025-05-01,18,Reports,13
U0024194,C1474,2025-06-01,60,Exports,10
U0024195,C1474,2025-07-01,19,API,15
U0024196,C1474,2025-09-01,42,Automation,14
U0024197,C1474,2025-10-01,52,API,1
U0024198,C1474,2025-11-01,24,Dashboard,15
U0024199,C1474,2025-12-01,25,Dashboard,18
U0024200,C1474,2026-01-01,64,Integrations,16
U0024201,C1474,2026-02-01,58,Reports,2
U0024202,C1474,2026-03-01,64,Exports,12
U0024203,C1474,2026-04-01,11,Exports,13
U0024204,C1474,2026-07-01,25,API,8
U0024205,C1474,2026-08-01,18,Automation,14
U0024206,C1475,2025-01-01,7,Exports,2
U0024207,C1475,2025-02-01,5,Integrations,15
U0024208,C1475,2025-03-01,20,Integrations,18
U0024209,C1475,2025-04-01,29,API,5
U0024210,C1475,2025-05-01,34,Reports,6
U0024211,C1475,2025-06-01,73,Reports,19
U0024212,C1475,2025-07-01,6,API,8
U0024213,C1475,2025-08-01,7,API,5
U0024214,C1475,2025-10-01,57,Integrations,17
U0024215,C1475,2025-11-01,56,Dashboard,1
U0024216,C1475,2025-12-01,24,Integrations,8
U0024217,C1475,2026-01-01,17,Exports,10
U0024218,C1475,2026-02-01,31,Reports,9
U0024219,C1475,2026-03-01,60,Reports,9
U0024220,C1475,2026-04-01,61,Exports,7
U0024221,C1475,2026-06-01,46,Reports,4
U0024222,C1475,2026-07-01,39,Integrations,3
U0024223,C1475,2026-08-01,49,Exports,4
U0024224,C1475,2026-09-01,41,Integrations,12
U0024225,C1476,2025-01-01,43,Reports,14
U0024226,C1476,2025-02-01,51,Exports,1
U0024227,C1476,2025-06-01,6,Integrations,17
U0024228,C1476,2025-07-01,72,API,12
U0024229,C1476,2025-08-01,13,Reports,4
U0024230,C1476,2025-09-01,72,Reports,2
U0024231,C1476,2025-10-01,37,API,19
U0024232,C1476,2025-11-01,48,Exports,10
U0024233,C1476,2025-12-01,72,Reports,5
U0024234,C1476,2026-01-01,48,Reports,2
U0024235,C1476,2026-02-01,70,Exports,12
U0024236,C1476,2026-03-01,71,Integrations,14
U0024237,C1476,2026-04-01,75,Exports,14
U0024238,C1476,2026-05-01,73,Reports,5
U0024239,C1476,2026-07-01,26,Dashboard,11
U0024240,C1477,2025-01-01,9,Exports,15
U0024241,C1477,2025-02-01,50,Exports,19
U0024242,C1477,2025-04-01,37,Reports,12
U0024243,C1477,2025-06-01,68,Integrations,11
U0024244,C1477,2025-07-01,44,Reports,3
U0024245,C1477,2025-08-01,40,Exports,18
U0024246,C1477,2025-09-01,54,Automation,13
U0024247,C1477,2025-10-01,27,Exports,5
U0024248,C1477,2025-11-01,8,Integrations,16
U0024249,C1477,2025-12-01,15,API,18
U0024250,C1477,2026-02-01,18,Exports,13
U0024251,C1477,2026-03-01,26,Exports,1
U0024252,C1477,2026-04-01,56,Integrations,3
U0024253,C1477,2026-06-01,35,Automation,18
U0024254,C1477,2026-07-01,76,Dashboard,17
U0024255,C1477,2026-08-01,27,Automation,18
U0024256,C1478,2025-01-01,18,Integrations,3
U0024257,C1478,2025-02-01,33,Integrations,11
U0024258,C1478,2025-05-01,41,Exports,7
U0024259,C1478,2025-06-01,16,API,15
U0024260,C1478,2025-07-01,4,Exports,10
U0024261,C1478,2025-08-01,22,Reports,17
U0024262,C1478,2025-09-01,75,Exports,4
U0024263,C1478,2025-10-01,29,Reports,14
U0024264,C1478,2025-11-01,5,Exports,1
U0024265,C1478,2026-01-01,55,Exports,15
U0024266,C1478,2026-02-01,68,Reports,18
U0024267,C1478,2026-05-01,10,Automation,12
U0024268,C1478,2026-06-01,31,Integrations,17
U0024269,C1478,2026-07-01,44,Exports,3
U0024270,C1479,2025-01-01,47,Dashboard,11
U0024271,C1479,2025-02-01,7,API,14
U0024272,C1479,2025-03-01,50,Integrations,16
U0024273,C1479,2025-05-01,65,Automation,17
U0024274,C1479,2025-06-01,64,Integrations,9
U0024275,C1479,2025-07-01,56,Exports,4
U0024276,C1479,2025-08-01,76,Exports,11
U0024277,C1479,2025-09-01,9,Integrations,7
U0024278,C1479,2025-11-01,18,Dashboard,3
U0024279,C1479,2025-12-01,34,Reports,1
U0024280,C1479,2026-02-01,50,Reports,18
U0024281,C1479,2026-03-01,62,Integrations,18
U0024282,C1479,2026-04-01,11,Integrations,15
U0024283,C1479,2026-05-01,25,Automation,19
U0024284,C1479,2026-07-01,32,Dashboard,16
U0024285,C1479,2026-08-01,45,Reports,12
U0024286,C1480,2025-01-01,25,Dashboard,13
U0024287,C1480,2025-02-01,12,Integrations,10
U0024288,C1480,2025-04-01,24,Automation,18
U0024289,C1480,2025-05-01,52,Integrations,15
U0024290,C1480,2025-07-01,19,API,13
U0024291,C1480,2025-09-01,47,Dashboard,11
U0024292,C1480,2025-10-01,68,Integrations,3
U0024293,C1480,2025-11-01,5,Automation,3
U0024294,C1480,2025-12-01,32,Dashboard,5
U0024295,C1480,2026-01-01,63,Exports,4
U0024296,C1480,2026-04-01,14,Automation,17
U0024297,C1480,2026-05-01,55,Reports,7
U0024298,C1480,2026-06-01,19,Exports,12
U0024299,C1480,2026-07-01,62,Reports,17
U0024300,C1480,2026-09-01,45,API,17
U0024301,C1481,2025-01-01,14,Dashboard,11
U0024302,C1481,2025-02-01,78,Integrations,1
U0024303,C1481,2025-03-01,61,Dashboard,3
U0024304,C1481,2025-04-01,6,Reports,4
U0024305,C1481,2025-05-01,69,Integrations,15
U0024306,C1481,2025-06-01,7,API,2
U0024307,C1481,2025-07-01,51,Exports,3
U0024308,C1481,2025-08-01,5,Reports,13
U0024309,C1481,2025-09-01,76,Integrations,14
U0024310,C1481,2025-11-01,77,Dashboard,13
U0024311,C1481,2026-01-01,38,Automation,3
U0024312,C1481,2026-02-01,5,Automation,3
U0024313,C1481,2026-03-01,62,Exports,11
U0024314,C1481,2026-04-01,42,Integrations,14
U0024315,C1481,2026-05-01,25,Integrations,14
U0024316,C1481,2026-06-01,73,Automation,9
U0024317,C1481,2026-09-01,1,Reports,8
U0024318,C1482,2025-01-01,56,Reports,13
U0024319,C1482,2025-02-01,49,Dashboard,17
U0024320,C1482,2025-03-01,79,Automation,8
U0024321,C1482,2025-06-01,79,Reports,14
U0024322,C1482,2025-07-01,47,API,11
U0024323,C1482,2025-09-01,64,Exports,3
U0024324,C1482,2025-10-01,52,Exports,9
U0024325,C1482,2025-11-01,64,Integrations,15
U0024326,C1482,2026-02-01,73,Automation,3
U0024327,C1482,2026-03-01,24,Automation,13
U0024328,C1482,2026-04-01,74,Exports,10
U0024329,C1482,2026-05-01,65,Automation,7
U0024330,C1482,2026-06-01,21,Automation,14
U0024331,C1482,2026-08-01,65,API,11
U0024332,C1483,2025-01-01,67,Dashboard,2
U0024333,C1483,2025-02-01,57,Reports,10
U0024334,C1483,2025-04-01,22,Dashboard,17
U0024335,C1483,2025-05-01,23,Integrations,8
U0024336,C1483,2025-06-01,4,Dashboard,2
U0024337,C1483,2025-08-01,5,Exports,11
U0024338,C1483,2025-09-01,66,Integrations,5
U0024339,C1483,2025-11-01,61,Exports,1
U0024340,C1483,2025-12-01,55,Reports,4
U0024341,C1483,2026-01-01,73,Integrations,2
U0024342,C1483,2026-02-01,12,Exports,15
U0024343,C1483,2026-03-01,5,Automation,3
U0024344,C1483,2026-04-01,45,Exports,14
U0024345,C1483,2026-05-01,79,Automation,13
U0024346,C1483,2026-06-01,17,Reports,4
U0024347,C1483,2026-07-01,42,API,10
U0024348,C1483,2026-08-01,40,Automation,7
U0024349,C1483,2026-09-01,56,Dashboard,4
U0024350,C1484,2025-01-01,68,Dashboard,9
U0024351,C1484,2025-03-01,15,Exports,13
U0024352,C1484,2025-04-01,45,Reports,17
U0024353,C1484,2025-05-01,51,Dashboard,14
U0024354,C1484,2025-06-01,64,Reports,18
U0024355,C1484,2025-07-01,47,Integrations,5
U0024356,C1484,2025-08-01,35,Dashboard,14
U0024357,C1484,2025-09-01,78,Reports,6
U0024358,C1484,2025-10-01,9,Integrations,11
U0024359,C1484,2025-11-01,3,Automation,8
U0024360,C1484,2026-01-01,14,Automation,16
U0024361,C1484,2026-02-01,65,Dashboard,2
U0024362,C1484,2026-03-01,22,Exports,16
U0024363,C1484,2026-04-01,50,Integrations,4
U0024364,C1484,2026-06-01,4,Dashboard,12
U0024365,C1484,2026-08-01,66,Dashboard,16
U0024366,C1484,2026-09-01,78,Dashboard,9
U0024367,C1485,2025-01-01,29,Automation,2
U0024368,C1485,2025-02-01,16,API,16
U0024369,C1485,2025-04-01,30,Dashboard,16
U0024370,C1485,2025-05-01,11,Dashboard,10
U0024371,C1485,2025-06-01,22,Reports,11
U0024372,C1485,2025-07-01,42,Exports,17
U0024373,C1485,2025-08-01,25,Automation,12
U0024374,C1485,2025-09-01,61,Exports,19
U0024375,C1485,2025-10-01,61,Dashboard,10
U0024376,C1485,2025-11-01,76,API,12
U0024377,C1485,2025-12-01,73,Reports,4
U0024378,C1485,2026-01-01,27,Automation,10
U0024379,C1485,2026-02-01,24,Reports,19
U0024380,C1485,2026-03-01,67,API,11
U0024381,C1485,2026-04-01,69,API,13
U0024382,C1485,2026-05-01,15,Exports,15
U0024383,C1485,2026-06-01,28,Automation,9
U0024384,C1485,2026-07-01,58,API,14
U0024385,C1485,2026-09-01,48,Automation,13
U0024386,C1486,2025-02-01,32,Exports,15
U0024387,C1486,2025-04-01,15,Exports,11
U0024388,C1486,2025-05-01,54,Exports,17
U0024389,C1486,2025-06-01,56,Reports,15
U0024390,C1486,2025-07-01,33,Exports,6
U0024391,C1486,2025-08-01,2,API,13
U0024392,C1486,2025-09-01,11,Reports,7
U0024393,C1486,2025-10-01,22,API,15
U0024394,C1486,2025-11-01,19,Exports,12
U0024395,C1486,2025-12-01,78,API,3
U0024396,C1486,2026-01-01,5,Dashboard,17
U0024397,C1486,2026-03-01,7,Dashboard,17
U0024398,C1486,2026-04-01,31,API,5
U0024399,C1486,2026-06-01,48,Automation,6
U0024400,C1486,2026-08-01,8,Reports,16
U0024401,C1487,2025-02-01,15,Integrations,16
U0024402,C1487,2025-03-01,1,API,17
U0024403,C1487,2025-04-01,74,Reports,2
U0024404,C1487,2025-05-01,72,Integrations,8
U0024405,C1487,2025-07-01,34,Dashboard,17
U0024406,C1487,2025-08-01,58,Automation,1
U0024407,C1487,2025-09-01,64,Integrations,14
U0024408,C1487,2025-10-01,27,API,3
U0024409,C1487,2025-12-01,24,Exports,10
U0024410,C1487,2026-01-01,11,Exports,2
U0024411,C1487,2026-02-01,54,API,3
U0024412,C1487,2026-03-01,66,Automation,5
U0024413,C1487,2026-04-01,63,API,2
U0024414,C1487,2026-05-01,50,Automation,12
U0024415,C1487,2026-06-01,14,Dashboard,8
U0024416,C1487,2026-07-01,13,Integrations,4
U0024417,C1487,2026-08-01,33,Exports,14
U0024418,C1487,2026-09-01,13,API,2
U0024419,C1488,2025-02-01,11,Exports,6
U0024420,C1488,2025-03-01,55,Reports,1
U0024421,C1488,2025-04-01,53,Exports,18
U0024422,C1488,2025-05-01,78,Reports,9
U0024423,C1488,2025-06-01,35,Integrations,15
U0024424,C1488,2025-07-01,65,API,8
U0024425,C1488,2025-08-01,59,Reports,13
U0024426,C1488,2025-10-01,53,Dashboard,13
U0024427,C1488,2025-11-01,39,API,12
U0024428,C1488,2025-12-01,72,Reports,11
U0024429,C1488,2026-01-01,66,Reports,2
U0024430,C1488,2026-02-01,21,Reports,10
U0024431,C1488,2026-03-01,25,API,9
U0024432,C1488,2026-07-01,63,Integrations,4
U0024433,C1488,2026-08-01,67,Exports,14
U0024434,C1489,2025-02-01,18,Dashboard,18
U0024435,C1489,2025-04-01,43,Exports,4
U0024436,C1489,2025-05-01,21,Integrations,2
U0024437,C1489,2025-06-01,34,Exports,8
U0024438,C1489,2025-07-01,59,API,17
U0024439,C1489,2025-08-01,21,Exports,9
U0024440,C1489,2025-09-01,58,Exports,10
U0024441,C1489,2025-10-01,54,Dashboard,7
U0024442,C1489,2025-11-01,36,Integrations,16
U0024443,C1489,2026-03-01,4,Integrations,10
U0024444,C1489,2026-04-01,18,Integrations,15
U0024445,C1489,2026-05-01,28,Reports,13
U0024446,C1489,2026-06-01,26,Automation,6
U0024447,C1489,2026-09-01,20,Exports,5
U0024448,C1490,2025-01-01,55,Integrations,7
U0024449,C1490,2025-02-01,19,Reports,14
U0024450,C1490,2025-03-01,26,API,13
U0024451,C1490,2025-04-01,7,Dashboard,11
U0024452,C1490,2025-05-01,63,Reports,12
U0024453,C1490,2025-06-01,37,Reports,9
U0024454,C1490,2025-07-01,40,Dashboard,19
U0024455,C1490,2025-08-01,64,Automation,10
U0024456,C1490,2025-09-01,55,Exports,1
U0024457,C1490,2025-11-01,38,Automation,7
U0024458,C1490,2025-12-01,11,Reports,10
U0024459,C1490,2026-01-01,73,Dashboard,18
U0024460,C1490,2026-02-01,39,API,11
U0024461,C1490,2026-04-01,67,Reports,8
U0024462,C1490,2026-08-01,7,Integrations,2
U0024463,C1490,2026-09-01,78,API,8
U0024464,C1491,2025-01-01,50,Automation,5
U0024465,C1491,2025-02-01,77,Automation,19
U0024466,C1491,2025-03-01,79,API,1
U0024467,C1491,2025-04-01,37,Exports,15
U0024468,C1491,2025-05-01,67,API,14
U0024469,C1491,2025-06-01,50,Integrations,10
U0024470,C1491,2025-08-01,31,Automation,7
U0024471,C1491,2025-09-01,12,Automation,11
U0024472,C1491,2025-10-01,15,Reports,3
U0024473,C1491,2025-11-01,13,Integrations,11
U0024474,C1491,2025-12-01,22,Reports,3
U0024475,C1491,2026-01-01,46,Dashboard,10
U0024476,C1491,2026-02-01,18,Automation,9
U0024477,C1491,2026-04-01,36,Reports,3
U0024478,C1491,2026-05-01,15,Integrations,19
U0024479,C1491,2026-08-01,68,Dashboard,3
U0024480,C1492,2025-04-01,9,Integrations,19
U0024481,C1492,2025-05-01,44,Dashboard,15
U0024482,C1492,2025-06-01,31,Dashboard,11
U0024483,C1492,2025-07-01,42,Reports,2
U0024484,C1492,2025-09-01,19,Reports,8
U0024485,C1492,2025-10-01,59,Dashboard,8
U0024486,C1492,2025-11-01,61,Integrations,10
U0024487,C1492,2026-01-01,14,Exports,17
U0024488,C1492,2026-03-01,6,Automation,15
U0024489,C1492,2026-04-01,50,Dashboard,10
U0024490,C1492,2026-05-01,61,Automation,19
U0024491,C1492,2026-06-01,39,Exports,9
U0024492,C1492,2026-08-01,32,Automation,5
U0024493,C1492,2026-09-01,2,Dashboard,6
U0024494,C1493,2025-02-01,1,Reports,18
U0024495,C1493,2025-03-01,60,Automation,4
U0024496,C1493,2025-04-01,32,Dashboard,6
U0024497,C1493,2025-06-01,70,API,15
U0024498,C1493,2025-07-01,65,API,14
U0024499,C1493,2025-08-01,23,Integrations,17
U0024500,C1493,2025-10-01,65,Automation,5
U0024501,C1493,2025-11-01,20,Dashboard,1
U0024502,C1493,2025-12-01,55,Integrations,12
U0024503,C1493,2026-03-01,32,Exports,6
U0024504,C1493,2026-04-01,62,Integrations,17
U0024505,C1493,2026-05-01,29,Automation,13
U0024506,C1493,2026-06-01,27,Integrations,17
U0024507,C1493,2026-08-01,22,API,16
U0024508,C1493,2026-09-01,20,Integrations,4
U0024509,C1494,2025-01-01,7,Automation,19
U0024510,C1494,2025-02-01,72,Exports,15
U0024511,C1494,2025-03-01,1,Reports,18
U0024512,C1494,2025-04-01,7,Integrations,19
U0024513,C1494,2025-05-01,36,Exports,16
U0024514,C1494,2025-08-01,3,Dashboard,5
U0024515,C1494,2025-09-01,41,Dashboard,15
U0024516,C1494,2025-10-01,76,Automation,7
U0024517,C1494,2026-01-01,40,Reports,10
U0024518,C1494,2026-03-01,49,API,12
U0024519,C1494,2026-04-01,75,Dashboard,4
U0024520,C1494,2026-05-01,71,Exports,11
U0024521,C1494,2026-06-01,7,Integrations,14
U0024522,C1494,2026-07-01,12,Reports,19
U0024523,C1494,2026-08-01,23,Reports,17
U0024524,C1494,2026-09-01,41,Dashboard,17
U0024525,C1495,2025-01-01,69,Exports,13
U0024526,C1495,2025-02-01,6,Exports,14
U0024527,C1495,2025-03-01,33,Exports,2
U0024528,C1495,2025-04-01,37,Reports,7
U0024529,C1495,2025-05-01,27,Automation,9
U0024530,C1495,2025-06-01,64,Dashboard,14
U0024531,C1495,2025-07-01,76,API,8
U0024532,C1495,2025-08-01,27,Dashboard,2
U0024533,C1495,2025-09-01,75,Integrations,19
U0024534,C1495,2025-10-01,67,Automation,5
U0024535,C1495,2025-11-01,75,Integrations,4
U0024536,C1495,2026-02-01,67,API,9
U0024537,C1495,2026-04-01,68,API,19
U0024538,C1495,2026-05-01,24,Dashboard,10
U0024539,C1495,2026-06-01,25,Automation,17
U0024540,C1495,2026-07-01,13,Automation,10
U0024541,C1495,2026-08-01,47,Automation,17
U0024542,C1496,2025-04-01,24,Reports,1
U0024543,C1496,2025-05-01,70,Dashboard,14
U0024544,C1496,2025-06-01,63,API,5
U0024545,C1496,2025-08-01,12,Reports,7
U0024546,C1496,2025-09-01,74,Reports,3
U0024547,C1496,2025-10-01,63,Exports,19
U0024548,C1496,2025-12-01,66,Reports,7
U0024549,C1496,2026-01-01,17,Dashboard,13
U0024550,C1496,2026-03-01,15,API,15
U0024551,C1496,2026-05-01,64,Reports,11
U0024552,C1496,2026-06-01,1,Integrations,19
U0024553,C1496,2026-07-01,11,Reports,1
U0024554,C1496,2026-09-01,46,Integrations,5
U0024555,C1497,2025-01-01,4,Automation,5
U0024556,C1497,2025-02-01,79,Integrations,5
U0024557,C1497,2025-03-01,73,Reports,16
U0024558,C1497,2025-04-01,8,Automation,3
U0024559,C1497,2025-05-01,67,API,2
U0024560,C1497,2025-06-01,40,API,10
U0024561,C1497,2025-07-01,2,Integrations,14
U0024562,C1497,2025-08-01,54,Automation,7
U0024563,C1497,2025-09-01,40,Integrations,18
U0024564,C1497,2025-10-01,32,Automation,16
U0024565,C1497,2025-11-01,69,Integrations,4
U0024566,C1497,2025-12-01,29,Integrations,19
U0024567,C1497,2026-01-01,46,Automation,15
U0024568,C1497,2026-03-01,13,Reports,7
U0024569,C1497,2026-05-01,20,Exports,2
U0024570,C1497,2026-07-01,53,Integrations,7
U0024571,C1497,2026-08-01,40,API,8
U0024572,C1497,2026-09-01,57,Automation,18
U0024573,C1498,2025-01-01,37,Reports,15
U0024574,C1498,2025-02-01,29,API,6
U0024575,C1498,2025-03-01,12,Reports,14
U0024576,C1498,2025-04-01,49,Integrations,7
U0024577,C1498,2025-05-01,75,API,3
U0024578,C1498,2025-06-01,12,API,10
U0024579,C1498,2025-07-01,66,Integrations,7
U0024580,C1498,2025-08-01,27,Automation,12
U0024581,C1498,2025-09-01,78,API,1
U0024582,C1498,2025-10-01,50,Automation,11
U0024583,C1498,2025-11-01,51,Dashboard,2
U0024584,C1498,2025-12-01,38,Automation,9
U0024585,C1498,2026-01-01,53,Exports,17
U0024586,C1498,2026-03-01,57,Reports,14
U0024587,C1498,2026-04-01,29,Reports,5
U0024588,C1498,2026-05-01,69,Reports,5
U0024589,C1498,2026-06-01,30,Exports,17
U0024590,C1498,2026-07-01,43,Integrations,8
U0024591,C1498,2026-08-01,52,Automation,7
U0024592,C1498,2026-09-01,11,Exports,1
U0024593,C1499,2025-01-01,37,API,9
U0024594,C1499,2025-02-01,3,Automation,18
U0024595,C1499,2025-03-01,17,Dashboard,18
U0024596,C1499,2025-04-01,67,Exports,15
U0024597,C1499,2025-05-01,3,Integrations,16
U0024598,C1499,2025-07-01,30,Dashboard,10
U0024599,C1499,2025-08-01,12,Exports,7
U0024600,C1499,2025-09-01,44,Exports,1
U0024601,C1499,2025-10-01,39,Dashboard,7
U0024602,C1499,2026-01-01,65,Automation,10
U0024603,C1499,2026-02-01,55,API,6
U0024604,C1499,2026-03-01,79,Integrations,11
U0024605,C1499,2026-04-01,6,Reports,19
U0024606,C1499,2026-05-01,13,Automation,7
U0024607,C1499,2026-06-01,41,Reports,16
U0024608,C1499,2026-07-01,22,API,2
U0024609,C1499,2026-08-01,71,Integrations,14
U0024610,C1499,2026-09-01,29,Exports,19
U0024611,C1500,2025-01-01,67,Exports,12
U0024612,C1500,2025-02-01,11,API,9
U0024613,C1500,2025-03-01,3,Dashboard,9
U0024614,C1500,2025-05-01,38,Dashboard,6
U0024615,C1500,2025-06-01,78,Dashboard,1
U0024616,C1500,2025-07-01,28,Automation,18
U0024617,C1500,2025-09-01,18,API,12
U0024618,C1500,2025-11-01,74,Dashboard,6
U0024619,C1500,2025-12-01,79,Integrations,4
U0024620,C1500,2026-01-01,22,API,19
U0024621,C1500,2026-03-01,22,Integrations,2
U0024622,C1500,2026-05-01,75,Reports,4
U0024623,C1500,2026-06-01,72,Reports,4
U0024624,C1500,2026-07-01,64,Integrations,19
U0024625,C1500,2026-08-01,58,Exports,3
U0024626,C1500,2026-09-01,78,Dashboard,15
