Ticket_ID,Customer_ID,Opened_Date,Issue_Type,Priority,Status,Resolved_Date
T000001,C0001,2025-11-12,Billing,High,Open,
T000002,C0002,2025-10-27,Account,High,Open,2025-11-02
T000003,C0002,2025-02-03,Technical,Low,Resolved,2025-02-06
T000004,C0002,2026-05-26,Technical,Low,Resolved,2026-06-01
T000005,C0002,2025-04-23,Account,Medium,Resolved,
T000006,C0003,2026-03-14,Billing,Medium,Open,2026-03-17
T000007,C0004,2026-03-12,Billing,Medium,Pending,2026-03-25
T000008,C0004,2026-06-22,Account,Low,Resolved,2026-06-25
T000009,C0004,2026-06-16,Technical,Low,Resolved,2026-06-27
T000010,C0005,2026-02-04,Billing,High,Resolved,2026-02-05
T000011,C0006,2025-02-04,Billing,Medium,Resolved,2025-02-16
T000012,C0006,2025-09-10,Billing,Medium,Resolved,2025-09-12
T000013,C0008,2026-05-07,Account,High,Resolved,2026-05-15
T000014,C0008,2026-04-21,Technical,Medium,Resolved,2026-04-26
T000015,C0008,2026-02-12,Technical,High,Pending,
T000016,C0008,2026-09-24,Technical,Medium,Resolved,2026-10-03
T000017,C0008,2025-02-25,Account,Medium,Resolved,2025-03-05
T000018,C0008,2025-01-04,Account,Medium,Resolved,2025-01-09
T000019,C0009,2025-02-25,Account,Medium,Resolved,2025-03-01
T000020,C0010,2025-08-29,Billing,High,Pending,2025-09-03
T000021,C0010,2025-05-23,Technical,Critical,Resolved,2025-05-31
T000022,C0012,2026-03-10,Account,Critical,Pending,2026-03-12
T000023,C0012,2025-11-18,Product,Low,Resolved,2025-12-01
T000024,C0013,2025-03-25,Technical,High,Resolved,2025-04-04
T000025,C0013,2025-05-19,Account,Critical,Resolved,2025-05-24
T000026,C0014,2026-03-10,Account,Medium,Resolved,
T000027,C0015,2025-06-25,Technical,Medium,Resolved,2025-06-29
T000028,C0015,2025-02-22,Technical,Medium,Resolved,2025-03-01
T000029,C0016,2026-04-05,Product,High,Resolved,2026-04-08
T000030,C0017,2025-05-04,Technical,Critical,Open,2025-05-15
T000031,C0017,2026-08-12,Technical,Low,Resolved,2026-08-25
T000032,C0018,2025-12-07,Account,High,Resolved,2025-12-16
T000033,C0018,2026-08-23,Account,Low,Resolved,2026-08-26
T000034,C0019,2025-09-22,Billing,Medium,Resolved,
T000035,C0019,2025-03-15,Product,Medium,Pending,2025-03-27
T000036,C0020,2025-01-19,Technical,Medium,Pending,
T000037,C0021,2025-08-30,Billing,Medium,Pending,
T000038,C0021,2026-06-21,Account,High,Resolved,2026-06-22
T000039,C0022,2025-12-10,Account,Low,Resolved,2025-12-12
T000040,C0022,2026-07-05,Product,Medium,Resolved,2026-07-16
T000041,C0024,2025-02-25,Technical,Medium,Resolved,2025-03-05
T000042,C0024,2026-09-05,Technical,Low,Resolved,2026-09-06
T000043,C0024,2025-02-14,Product,Medium,Pending,2025-02-18
T000044,C0024,2025-08-07,Account,Medium,Resolved,2025-08-14
T000045,C0026,2025-08-04,Product,Medium,Resolved,2025-08-18
T000046,C0027,2026-09-29,Account,Low,Open,
T000047,C0027,2026-09-07,Product,Low,Resolved,
T000048,C0027,2025-08-22,Billing,Low,Open,2025-08-26
T000049,C0028,2026-04-06,Technical,Critical,Resolved,2026-04-16
T000050,C0030,2025-03-27,Account,Low,Pending,2025-03-30
T000051,C0030,2026-06-12,Product,Critical,Resolved,2026-06-16
T000052,C0031,2025-09-26,Product,Low,Open,2025-10-05
T000053,C0033,2025-07-01,Technical,Medium,Resolved,2025-07-10
T000054,C0034,2025-08-11,Product,Low,Pending,2025-08-22
T000055,C0034,2025-12-25,Technical,High,Resolved,2026-01-05
T000056,C0034,2026-09-09,Account,Low,Resolved,2026-09-11
T000057,C0036,2026-09-06,Account,High,Resolved,
T000058,C0036,2025-09-10,Billing,Medium,Resolved,2025-09-23
T000059,C0037,2026-01-18,Billing,Medium,Resolved,2026-01-29
T000060,C0037,2026-09-21,Account,Low,Resolved,2026-09-23
T000061,C0037,2026-07-21,Billing,Low,Open,
T000062,C0037,2025-04-13,Billing,Low,Resolved,
T000063,C0038,2025-02-12,Account,Low,Pending,2025-02-26
T000064,C0039,2025-04-22,Product,Medium,Resolved,2025-04-26
T000065,C0040,2025-10-22,Technical,Medium,Resolved,2025-11-05
T000066,C0040,2026-06-09,Billing,Low,Pending,2026-06-12
T000067,C0043,2026-09-23,Product,Low,Resolved,2026-09-29
T000068,C0045,2025-05-22,Product,Low,Resolved,2025-05-28
T000069,C0046,2025-01-27,Billing,Medium,Resolved,2025-02-10
T000070,C0046,2025-06-09,Product,Low,Resolved,2025-06-11
T000071,C0046,2026-07-20,Technical,Critical,Resolved,2026-07-27
T000072,C0046,2025-08-15,Technical,Medium,Resolved,
T000073,C0047,2025-05-28,Technical,Low,Resolved,2025-06-01
T000074,C0048,2026-01-18,Technical,Low,Resolved,2026-01-31
T000075,C0048,2025-03-13,Technical,High,Resolved,2025-03-15
T000076,C0049,2025-08-16,Technical,High,Resolved,2025-08-18
T000077,C0050,2026-02-14,Product,High,Resolved,2026-02-28
T000078,C0050,2026-08-13,Product,Medium,Resolved,2026-08-17
T000079,C0051,2025-07-24,Product,Medium,Open,
T000080,C0052,2026-02-23,Product,Medium,Resolved,2026-02-27
T000081,C0054,2026-03-31,Account,Low,Resolved,2026-04-05
T000082,C0055,2026-01-02,Product,Medium,Open,2026-01-05
T000083,C0055,2025-11-30,Billing,Medium,Resolved,2025-12-13
T000084,C0056,2025-08-29,Product,High,Pending,2025-09-07
T000085,C0057,2025-09-20,Technical,Low,Resolved,
T000086,C0057,2025-03-16,Billing,Low,Resolved,2025-03-18
T000087,C0058,2026-02-24,Product,Critical,Resolved,2026-03-10
T000088,C0058,2026-05-14,Account,High,Resolved,2026-05-28
T000089,C0059,2026-04-03,Product,Low,Resolved,
T000090,C0060,2026-09-02,Product,High,Resolved,2026-09-06
T000091,C0061,2025-11-11,Technical,Medium,Resolved,2025-11-12
T000092,C0062,2026-03-11,Billing,Medium,Resolved,2026-03-17
T000093,C0062,2026-07-09,Product,Medium,Open,2026-07-21
T000094,C0063,2025-11-26,Billing,Critical,Resolved,2025-12-06
T000095,C0063,2026-07-18,Account,High,Resolved,2026-07-28
T000096,C0065,2026-09-10,Account,Low,Resolved,
T000097,C0065,2026-04-22,Product,Medium,Resolved,
T000098,C0066,2025-11-29,Billing,Medium,Resolved,2025-12-01
T000099,C0066,2025-11-11,Technical,Medium,Open,2025-11-19
T000100,C0066,2026-05-20,Account,Low,Resolved,2026-05-27
T000101,C0066,2026-09-22,Account,High,Resolved,2026-09-26
T000102,C0067,2026-04-05,Technical,Low,Pending,
T000103,C0068,2025-12-26,Billing,Medium,Pending,
T000104,C0070,2026-04-25,Account,High,Resolved,2026-05-01
T000105,C0071,2025-05-16,Account,Medium,Pending,2025-05-22
T000106,C0071,2025-04-10,Technical,Medium,Resolved,
T000107,C0072,2025-04-03,Billing,High,Resolved,2025-04-13
T000108,C0073,2025-04-19,Product,Low,Resolved,2025-04-29
T000109,C0074,2025-08-15,Product,Low,Resolved,2025-08-19
T000110,C0074,2025-06-15,Billing,Low,Resolved,2025-06-26
T000111,C0075,2025-07-16,Billing,High,Resolved,2025-07-21
T000112,C0075,2026-05-23,Product,Low,Open,2026-05-24
T000113,C0075,2025-04-01,Billing,High,Resolved,2025-04-03
T000114,C0076,2026-02-01,Account,Medium,Resolved,2026-02-06
T000115,C0076,2026-09-16,Billing,Low,Pending,2026-09-21
T000116,C0076,2026-06-08,Account,Medium,Pending,2026-06-21
T000117,C0076,2025-07-16,Product,Low,Resolved,
T000118,C0076,2026-07-27,Product,High,Resolved,2026-08-07
T000119,C0076,2025-01-17,Product,Low,Resolved,2025-01-18
T000120,C0078,2025-01-19,Product,Medium,Pending,2025-01-31
T000121,C0078,2026-07-16,Technical,High,Resolved,2026-07-28
T000122,C0079,2025-11-03,Product,Medium,Resolved,2025-11-07
T000123,C0079,2025-11-17,Billing,Medium,Resolved,2025-11-29
T000124,C0080,2025-09-26,Technical,Medium,Resolved,
T000125,C0080,2025-05-11,Product,High,Pending,
T000126,C0081,2025-12-22,Technical,Low,Pending,2025-12-27
T000127,C0083,2026-03-26,Technical,Low,Open,2026-04-06
T000128,C0083,2025-12-26,Account,Low,Resolved,2026-01-07
T000129,C0084,2026-06-02,Billing,Medium,Resolved,2026-06-15
T000130,C0084,2025-09-27,Billing,High,Pending,2025-10-01
T000131,C0084,2025-04-14,Product,Medium,Resolved,2025-04-19
T000132,C0084,2025-04-23,Billing,Low,Resolved,2025-05-04
T000133,C0085,2025-06-17,Product,Low,Pending,2025-06-28
T000134,C0086,2025-09-19,Account,Low,Resolved,
T000135,C0086,2025-07-20,Product,Medium,Resolved,
T000136,C0088,2025-09-04,Technical,Low,Resolved,2025-09-15
T000137,C0088,2025-12-24,Account,Critical,Resolved,2025-12-25
T000138,C0089,2026-04-10,Product,Critical,Pending,2026-04-23
T000139,C0091,2026-06-30,Account,High,Resolved,2026-07-02
T000140,C0091,2025-05-28,Product,Low,Resolved,2025-06-09
T000141,C0093,2025-03-05,Billing,Low,Resolved,2025-03-09
T000142,C0094,2026-07-17,Product,High,Pending,2026-07-29
T000143,C0095,2025-09-01,Product,Low,Resolved,2025-09-12
T000144,C0097,2025-09-03,Account,High,Resolved,2025-09-07
T000145,C0097,2026-06-29,Account,Low,Resolved,
T000146,C0098,2026-09-04,Account,Low,Resolved,2026-09-18
T000147,C0099,2026-07-11,Product,High,Pending,2026-07-14
T000148,C0099,2025-08-01,Product,High,Open,2025-08-08
T000149,C0102,2026-05-16,Product,Medium,Resolved,2026-05-18
T000150,C0102,2026-01-11,Technical,Medium,Resolved,2026-01-22
T000151,C0105,2026-02-17,Product,Critical,Resolved,2026-02-19
T000152,C0105,2025-07-01,Technical,Low,Resolved,2025-07-10
T000153,C0106,2025-08-17,Technical,Medium,Resolved,2025-08-29
T000154,C0106,2025-05-20,Billing,High,Resolved,2025-05-30
T000155,C0106,2025-11-24,Billing,High,Open,2025-11-25
T000156,C0106,2026-04-19,Technical,High,Resolved,2026-04-30
T000157,C0106,2025-01-31,Account,Medium,Pending,2025-02-04
T000158,C0106,2026-03-19,Technical,Low,Resolved,2026-03-25
T000159,C0107,2026-03-22,Account,Low,Pending,2026-04-03
T000160,C0107,2025-10-17,Technical,Medium,Resolved,2025-10-25
T000161,C0107,2026-05-24,Account,Low,Resolved,
T000162,C0109,2025-02-13,Account,Medium,Resolved,2025-02-19
T000163,C0110,2026-09-06,Account,Low,Resolved,2026-09-19
T000164,C0110,2025-12-01,Account,Low,Resolved,2025-12-13
T000165,C0111,2026-06-30,Technical,Medium,Resolved,2026-07-06
T000166,C0113,2025-01-01,Account,Medium,Resolved,2025-01-14
T000167,C0113,2025-06-27,Billing,Low,Resolved,
T000168,C0113,2026-01-26,Product,Medium,Resolved,
T000169,C0114,2026-09-06,Technical,Medium,Open,2026-09-10
T000170,C0114,2026-04-30,Billing,Medium,Resolved,2026-05-02
T000171,C0115,2026-05-23,Account,Low,Resolved,
T000172,C0116,2026-01-07,Product,Low,Resolved,2026-01-10
T000173,C0116,2025-01-13,Billing,Low,Resolved,2025-01-23
T000174,C0116,2026-07-19,Technical,Low,Pending,2026-08-02
T000175,C0116,2026-01-05,Technical,Medium,Pending,2026-01-10
T000176,C0117,2025-10-21,Account,High,Resolved,
T000177,C0118,2026-04-16,Billing,Low,Pending,
T000178,C0118,2025-12-16,Account,High,Pending,2025-12-28
T000179,C0118,2025-02-02,Billing,Critical,Resolved,2025-02-08
T000180,C0118,2025-01-30,Technical,Low,Open,2025-02-09
T000181,C0118,2026-03-27,Account,Low,Resolved,2026-04-06
T000182,C0119,2025-06-08,Account,Medium,Resolved,2025-06-10
T000183,C0120,2025-06-08,Account,Medium,Resolved,
T000184,C0120,2026-01-13,Billing,Low,Resolved,2026-01-22
T000185,C0121,2025-03-16,Account,Low,Resolved,2025-03-20
T000186,C0121,2025-05-19,Technical,Medium,Resolved,2025-05-26
T000187,C0121,2025-12-29,Product,High,Resolved,2025-12-31
T000188,C0122,2025-06-24,Billing,Low,Resolved,
T000189,C0122,2026-03-12,Product,Low,Pending,2026-03-16
T000190,C0123,2025-12-04,Account,Low,Resolved,2025-12-12
T000191,C0123,2025-03-26,Product,Critical,Open,2025-04-02
T000192,C0124,2026-03-29,Billing,High,Pending,2026-04-02
T000193,C0124,2026-01-19,Billing,Low,Resolved,
T000194,C0124,2026-10-01,Product,Medium,Resolved,2026-10-10
T000195,C0124,2025-09-26,Account,Medium,Resolved,2025-10-08
T000196,C0125,2025-09-08,Technical,Medium,Pending,2025-09-20
T000197,C0126,2025-07-13,Billing,Low,Open,2025-07-22
T000198,C0126,2025-10-17,Product,High,Resolved,2025-10-22
T000199,C0127,2025-05-11,Billing,Medium,Resolved,2025-05-14
T000200,C0128,2026-08-16,Account,Low,Resolved,2026-08-29
T000201,C0128,2025-10-19,Billing,Medium,Open,2025-11-02
T000202,C0129,2025-01-24,Technical,Medium,Resolved,2025-01-31
T000203,C0129,2025-07-26,Product,Low,Resolved,2025-08-05
T000204,C0132,2025-08-21,Product,Medium,Resolved,2025-08-30
T000205,C0132,2026-08-20,Product,Critical,Resolved,
T000206,C0133,2025-06-18,Technical,Low,Resolved,2025-06-22
T000207,C0134,2025-02-26,Technical,High,Resolved,2025-03-06
T000208,C0136,2025-12-18,Technical,Medium,Resolved,2025-12-19
T000209,C0136,2026-02-24,Billing,Medium,Pending,
T000210,C0136,2025-08-10,Billing,Low,Resolved,
T000211,C0137,2026-06-14,Account,High,Open,2026-06-16
T000212,C0137,2025-10-29,Billing,Critical,Resolved,2025-11-04
T000213,C0140,2026-09-07,Technical,Low,Resolved,2026-09-08
T000214,C0140,2025-05-13,Billing,High,Resolved,
T000215,C0140,2025-10-31,Technical,Critical,Resolved,
T000216,C0142,2026-06-27,Account,Low,Pending,2026-07-03
T000217,C0143,2026-06-25,Product,Medium,Resolved,
T000218,C0144,2026-01-14,Billing,Low,Resolved,
T000219,C0144,2026-08-26,Product,Medium,Resolved,2026-09-07
T000220,C0144,2025-06-23,Account,High,Pending,2025-06-29
T000221,C0144,2026-06-17,Technical,Medium,Resolved,2026-06-21
T000222,C0145,2025-02-09,Product,Medium,Pending,2025-02-12
T000223,C0147,2026-04-23,Technical,Low,Open,2026-05-05
T000224,C0149,2026-02-10,Billing,Medium,Resolved,
T000225,C0149,2025-04-17,Technical,Low,Resolved,2025-04-18
T000226,C0150,2025-07-23,Billing,Critical,Open,2025-08-02
T000227,C0150,2025-08-25,Product,Low,Resolved,2025-08-27
T000228,C0151,2026-01-30,Product,Critical,Resolved,2026-02-02
T000229,C0151,2025-05-23,Account,Medium,Pending,2025-05-31
T000230,C0151,2025-12-17,Technical,Medium,Resolved,
T000231,C0151,2025-09-28,Billing,High,Resolved,2025-09-30
T000232,C0153,2025-01-10,Product,Low,Resolved,2025-01-18
T000233,C0154,2025-08-20,Billing,Medium,Pending,2025-08-22
T000234,C0157,2025-03-18,Technical,Low,Pending,2025-03-21
T000235,C0157,2026-01-29,Product,Medium,Resolved,2026-02-07
T000236,C0157,2025-07-27,Billing,Medium,Resolved,2025-08-06
T000237,C0158,2026-09-25,Product,Low,Resolved,2026-10-06
T000238,C0159,2025-06-04,Technical,High,Resolved,2025-06-09
T000239,C0161,2025-06-07,Billing,Low,Resolved,
T000240,C0164,2026-08-19,Technical,Medium,Resolved,2026-08-31
T000241,C0164,2025-12-12,Technical,High,Resolved,2025-12-20
T000242,C0164,2025-02-03,Technical,Low,Resolved,2025-02-11
T000243,C0164,2026-01-18,Product,Low,Pending,2026-01-31
T000244,C0165,2025-02-15,Account,Low,Resolved,
T000245,C0165,2025-07-09,Product,Medium,Resolved,2025-07-11
T000246,C0165,2025-04-20,Account,High,Open,2025-04-24
T000247,C0166,2025-08-11,Account,High,Pending,2025-08-17
T000248,C0166,2025-04-25,Product,Medium,Pending,2025-05-03
T000249,C0166,2025-01-08,Technical,Medium,Resolved,2025-01-14
T000250,C0167,2025-02-10,Billing,High,Resolved,2025-02-16
T000251,C0167,2026-07-07,Product,Low,Resolved,2026-07-16
T000252,C0169,2025-04-21,Product,Critical,Resolved,2025-04-24
T000253,C0169,2025-08-13,Technical,High,Resolved,
T000254,C0171,2025-03-21,Billing,High,Resolved,2025-03-31
T000255,C0172,2026-01-29,Product,Low,Resolved,2026-02-11
T000256,C0175,2025-04-07,Product,Low,Resolved,2025-04-16
T000257,C0177,2025-08-15,Product,High,Resolved,2025-08-20
T000258,C0178,2026-06-22,Billing,Low,Resolved,
T000259,C0179,2026-07-03,Product,Low,Resolved,2026-07-13
T000260,C0179,2025-02-20,Technical,Low,Open,2025-03-04
T000261,C0180,2026-02-19,Account,Low,Resolved,
T000262,C0180,2025-09-28,Account,High,Resolved,2025-09-29
T000263,C0180,2025-01-07,Technical,Low,Resolved,2025-01-14
T000264,C0181,2025-01-12,Account,High,Resolved,2025-01-15
T000265,C0181,2025-02-13,Product,Medium,Resolved,2025-02-23
T000266,C0183,2025-04-10,Billing,Low,Resolved,
T000267,C0183,2025-12-27,Product,Low,Resolved,2025-12-30
T000268,C0186,2026-05-31,Technical,Low,Resolved,2026-06-02
T000269,C0186,2025-04-08,Technical,Critical,Pending,2025-04-17
T000270,C0187,2026-07-27,Technical,High,Resolved,
T000271,C0188,2025-01-06,Technical,Medium,Resolved,2025-01-16
T000272,C0188,2025-07-09,Billing,Low,Open,2025-07-23
T000273,C0188,2026-03-20,Billing,Medium,Pending,
T000274,C0188,2025-12-28,Account,Medium,Resolved,
T000275,C0189,2025-02-22,Technical,Low,Pending,2025-03-08
T000276,C0190,2026-09-19,Technical,Medium,Pending,2026-09-30
T000277,C0191,2025-02-16,Billing,Medium,Resolved,2025-02-22
T000278,C0192,2026-06-18,Account,Medium,Resolved,2026-06-25
T000279,C0192,2025-02-11,Product,Medium,Resolved,
T000280,C0193,2025-07-09,Account,High,Resolved,2025-07-12
T000281,C0193,2026-07-30,Product,Medium,Resolved,2026-08-10
T000282,C0193,2025-11-11,Account,Medium,Pending,
T000283,C0195,2025-01-27,Product,Low,Resolved,2025-01-28
T000284,C0195,2026-03-17,Product,Medium,Resolved,2026-03-25
T000285,C0196,2025-06-19,Billing,Medium,Pending,2025-06-22
T000286,C0196,2026-07-30,Technical,Medium,Resolved,
T000287,C0196,2025-06-02,Account,Medium,Resolved,2025-06-05
T000288,C0197,2026-08-13,Technical,Medium,Resolved,2026-08-23
T000289,C0197,2025-09-08,Product,High,Resolved,2025-09-13
T000290,C0197,2025-12-22,Account,High,Pending,2025-12-26
T000291,C0198,2026-04-21,Product,Medium,Resolved,2026-04-29
T000292,C0198,2026-07-24,Billing,Medium,Resolved,
T000293,C0199,2025-10-06,Account,Low,Resolved,2025-10-14
T000294,C0199,2025-07-31,Product,Medium,Resolved,2025-08-01
T000295,C0200,2025-02-28,Billing,Low,Open,
T000296,C0201,2025-08-04,Billing,Low,Resolved,2025-08-10
T000297,C0202,2025-06-03,Technical,Medium,Resolved,
T000298,C0203,2025-08-14,Technical,Medium,Pending,2025-08-24
T000299,C0204,2026-03-10,Account,Medium,Open,
T000300,C0204,2026-06-29,Product,Low,Resolved,2026-07-01
T000301,C0206,2025-05-03,Account,Low,Pending,2025-05-15
T000302,C0206,2025-09-22,Account,Critical,Open,2025-09-30
T000303,C0207,2026-09-20,Account,Medium,Resolved,2026-09-24
T000304,C0207,2025-07-04,Account,Medium,Resolved,2025-07-12
T000305,C0208,2025-10-23,Account,Low,Resolved,2025-10-25
T000306,C0209,2025-03-18,Account,Medium,Pending,2025-03-19
T000307,C0209,2025-08-23,Account,Medium,Resolved,2025-09-05
T000308,C0210,2025-10-02,Product,Critical,Resolved,2025-10-12
T000309,C0210,2026-08-09,Billing,Medium,Resolved,2026-08-22
T000310,C0210,2025-10-25,Billing,Low,Pending,2025-11-02
T000311,C0211,2026-02-15,Technical,Low,Resolved,2026-03-01
T000312,C0211,2025-03-31,Billing,High,Pending,2025-04-02
T000313,C0212,2026-01-11,Product,Low,Resolved,
T000314,C0212,2025-11-16,Account,Low,Resolved,2025-11-24
T000315,C0214,2026-03-10,Account,High,Resolved,
T000316,C0215,2026-01-18,Technical,High,Resolved,2026-01-21
T000317,C0216,2026-09-18,Account,High,Resolved,2026-10-01
T000318,C0216,2025-09-01,Product,Low,Pending,2025-09-03
T000319,C0216,2025-06-21,Technical,Low,Pending,2025-06-26
T000320,C0216,2025-01-12,Technical,Low,Resolved,2025-01-23
T000321,C0216,2026-06-28,Product,Medium,Open,2026-07-01
T000322,C0217,2026-02-18,Product,Low,Open,2026-02-22
T000323,C0218,2026-08-26,Billing,Critical,Open,
T000324,C0219,2026-05-11,Billing,Medium,Resolved,2026-05-14
T000325,C0219,2025-04-05,Technical,Medium,Resolved,
T000326,C0219,2025-11-19,Technical,Medium,Resolved,
T000327,C0220,2026-05-30,Account,Critical,Resolved,2026-06-02
T000328,C0221,2026-04-17,Product,Medium,Resolved,2026-04-23
T000329,C0222,2025-10-14,Billing,Low,Resolved,
T000330,C0222,2025-12-16,Billing,High,Open,2025-12-19
T000331,C0222,2025-06-30,Billing,Low,Resolved,2025-07-13
T000332,C0222,2026-09-08,Product,Low,Resolved,2026-09-14
T000333,C0222,2025-01-10,Product,Low,Open,
T000334,C0223,2026-05-28,Technical,Low,Resolved,
T000335,C0223,2026-02-21,Billing,Medium,Resolved,2026-02-25
T000336,C0225,2026-02-27,Product,Low,Pending,2026-03-01
T000337,C0225,2025-02-23,Billing,Medium,Resolved,
T000338,C0225,2025-05-25,Product,Medium,Resolved,
T000339,C0225,2026-02-26,Product,Low,Resolved,2026-03-02
T000340,C0226,2025-07-22,Billing,Medium,Resolved,2025-07-25
T000341,C0226,2026-04-16,Product,Medium,Resolved,2026-04-20
T000342,C0226,2025-04-12,Account,High,Resolved,2025-04-17
T000343,C0228,2025-01-02,Technical,High,Resolved,2025-01-10
T000344,C0228,2026-09-22,Product,Critical,Resolved,2026-09-24
T000345,C0228,2025-06-04,Account,High,Open,2025-06-10
T000346,C0230,2026-01-06,Technical,High,Resolved,2026-01-11
T000347,C0230,2025-08-20,Account,Medium,Open,
T000348,C0232,2026-03-06,Billing,Medium,Pending,2026-03-14
T000349,C0232,2026-06-16,Billing,High,Resolved,2026-06-29
T000350,C0232,2025-07-25,Technical,Medium,Resolved,
T000351,C0232,2025-08-21,Technical,Medium,Resolved,2025-08-30
T000352,C0233,2025-06-02,Technical,Low,Resolved,2025-06-06
T000353,C0233,2026-05-14,Account,Low,Resolved,2026-05-15
T000354,C0233,2025-03-12,Billing,Medium,Resolved,2025-03-25
T000355,C0234,2025-08-11,Account,High,Open,2025-08-15
T000356,C0234,2026-03-02,Account,Medium,Resolved,2026-03-06
T000357,C0234,2025-05-06,Technical,Medium,Resolved,2025-05-09
T000358,C0234,2026-09-25,Account,Medium,Resolved,2026-09-27
T000359,C0235,2026-07-06,Product,High,Resolved,2026-07-14
T000360,C0236,2026-03-21,Product,Low,Resolved,2026-03-24
T000361,C0237,2025-04-27,Account,Low,Resolved,2025-05-09
T000362,C0237,2025-08-16,Product,Low,Resolved,
T000363,C0237,2025-07-14,Billing,Medium,Resolved,2025-07-19
T000364,C0237,2026-01-15,Account,Low,Resolved,2026-01-19
T000365,C0238,2025-04-16,Product,Medium,Resolved,2025-04-22
T000366,C0238,2025-05-21,Technical,High,Resolved,2025-05-26
T000367,C0239,2026-05-14,Technical,Low,Resolved,2026-05-25
T000368,C0239,2025-09-27,Technical,High,Resolved,2025-09-30
T000369,C0240,2025-10-17,Technical,Low,Pending,2025-10-29
T000370,C0241,2025-11-10,Account,High,Pending,
T000371,C0241,2025-12-01,Product,Medium,Resolved,2025-12-04
T000372,C0242,2025-03-26,Account,Medium,Resolved,
T000373,C0242,2026-04-04,Technical,Medium,Resolved,
T000374,C0243,2025-08-21,Technical,High,Resolved,2025-08-30
T000375,C0243,2025-12-07,Billing,Medium,Resolved,2025-12-21
T000376,C0245,2025-05-27,Technical,Low,Resolved,2025-06-10
T000377,C0246,2025-07-09,Account,Medium,Open,2025-07-17
T000378,C0247,2026-06-03,Technical,High,Resolved,2026-06-06
T000379,C0247,2026-05-29,Account,Low,Resolved,2026-06-12
T000380,C0248,2026-03-17,Billing,Medium,Resolved,2026-03-22
T000381,C0248,2026-04-16,Technical,Medium,Open,2026-04-18
T000382,C0248,2025-10-20,Product,Medium,Resolved,2025-10-29
T000383,C0248,2025-10-15,Product,Low,Resolved,2025-10-28
T000384,C0249,2026-06-11,Technical,Low,Resolved,2026-06-24
T000385,C0250,2026-04-15,Billing,High,Resolved,2026-04-27
T000386,C0250,2026-03-12,Account,High,Open,2026-03-25
T000387,C0253,2026-06-18,Technical,Medium,Resolved,2026-06-19
T000388,C0253,2026-09-23,Account,Medium,Resolved,2026-09-27
T000389,C0254,2026-04-01,Product,Critical,Pending,2026-04-14
T000390,C0254,2026-02-01,Billing,Medium,Pending,
T000391,C0255,2026-07-16,Billing,High,Resolved,2026-07-17
T000392,C0255,2025-03-31,Technical,Critical,Resolved,2025-04-08
T000393,C0255,2025-07-27,Product,Low,Resolved,2025-07-29
T000394,C0256,2025-06-24,Product,Low,Resolved,
T000395,C0256,2026-05-27,Account,Medium,Resolved,2026-05-29
T000396,C0257,2026-08-15,Product,High,Pending,
T000397,C0259,2025-03-30,Billing,Low,Pending,
T000398,C0260,2026-03-25,Product,Medium,Resolved,2026-03-29
T000399,C0260,2025-05-20,Product,Medium,Resolved,2025-05-28
T000400,C0261,2025-08-26,Product,Medium,Open,2025-09-03
T000401,C0261,2026-05-01,Account,Medium,Resolved,2026-05-08
T000402,C0261,2025-12-05,Product,Low,Resolved,2025-12-19
T000403,C0262,2025-05-14,Technical,Low,Open,2025-05-28
T000404,C0262,2025-07-11,Product,Medium,Resolved,
T000405,C0262,2026-08-09,Technical,Critical,Resolved,2026-08-10
T000406,C0263,2026-05-22,Technical,High,Resolved,2026-05-23
T000407,C0263,2026-01-13,Product,Medium,Resolved,2026-01-21
T000408,C0263,2025-10-02,Account,Low,Pending,2025-10-06
T000409,C0265,2026-01-05,Account,Low,Resolved,2026-01-07
T000410,C0268,2026-06-05,Technical,Medium,Resolved,2026-06-12
T000411,C0269,2026-02-08,Billing,Medium,Resolved,2026-02-21
T000412,C0269,2025-08-29,Product,High,Resolved,2025-09-12
T000413,C0270,2026-09-05,Account,High,Resolved,2026-09-06
T000414,C0270,2025-01-03,Account,Low,Resolved,
T000415,C0271,2025-01-05,Account,High,Resolved,2025-01-08
T000416,C0271,2026-08-02,Billing,High,Resolved,2026-08-05
T000417,C0272,2026-06-27,Product,Medium,Resolved,2026-07-03
T000418,C0274,2025-02-21,Billing,Low,Resolved,2025-02-26
T000419,C0275,2025-03-18,Technical,Low,Resolved,
T000420,C0275,2026-03-06,Technical,Medium,Resolved,2026-03-11
T000421,C0275,2026-02-19,Product,High,Resolved,
T000422,C0276,2026-08-16,Billing,Medium,Resolved,2026-08-18
T000423,C0277,2026-08-29,Product,Low,Resolved,2026-09-03
T000424,C0278,2025-03-02,Technical,Low,Pending,
T000425,C0278,2025-08-02,Billing,Medium,Resolved,2025-08-04
T000426,C0278,2025-12-12,Product,High,Resolved,2025-12-21
T000427,C0279,2025-06-26,Product,Low,Open,2025-07-07
T000428,C0279,2026-01-11,Billing,Low,Open,
T000429,C0279,2025-09-29,Account,Low,Resolved,2025-10-08
T000430,C0280,2026-09-03,Billing,Low,Resolved,2026-09-08
T000431,C0280,2025-02-19,Product,Low,Resolved,2025-02-23
T000432,C0280,2026-09-10,Account,Low,Resolved,2026-09-11
T000433,C0281,2026-01-13,Technical,Medium,Resolved,
T000434,C0282,2025-02-04,Account,Medium,Open,2025-02-11
T000435,C0282,2025-07-20,Billing,Low,Resolved,2025-07-21
T000436,C0282,2025-03-30,Technical,Low,Resolved,2025-04-06
T000437,C0283,2025-09-03,Technical,Medium,Resolved,2025-09-15
T000438,C0284,2025-11-29,Product,Medium,Pending,2025-12-11
T000439,C0285,2026-06-06,Technical,Medium,Resolved,
T000440,C0287,2025-03-11,Account,High,Resolved,
T000441,C0288,2026-06-07,Account,Medium,Resolved,
T000442,C0288,2025-08-31,Product,High,Resolved,2025-09-12
T000443,C0288,2025-01-16,Technical,Medium,Resolved,2025-01-21
T000444,C0289,2026-06-25,Billing,Low,Resolved,2026-07-01
T000445,C0291,2025-12-02,Billing,Low,Resolved,
T000446,C0291,2025-12-12,Technical,Low,Open,2025-12-25
T000447,C0292,2025-02-21,Billing,Low,Resolved,2025-02-27
T000448,C0292,2026-08-12,Technical,High,Resolved,2026-08-24
T000449,C0292,2026-01-16,Technical,Low,Resolved,2026-01-29
T000450,C0294,2026-09-17,Technical,Medium,Resolved,
T000451,C0294,2026-03-31,Billing,Medium,Resolved,2026-04-07
T000452,C0295,2025-04-03,Account,Low,Resolved,
T000453,C0295,2026-07-08,Product,High,Pending,2026-07-19
T000454,C0295,2025-11-14,Product,High,Pending,2025-11-25
T000455,C0297,2025-07-10,Product,Medium,Resolved,2025-07-13
T000456,C0297,2025-10-15,Billing,Low,Resolved,2025-10-17
T000457,C0297,2025-02-26,Technical,Medium,Open,2025-03-12
T000458,C0298,2026-05-29,Product,Low,Resolved,2026-06-09
T000459,C0299,2025-01-26,Product,Medium,Open,
T000460,C0299,2026-03-22,Account,Medium,Resolved,2026-04-01
T000461,C0301,2025-10-11,Account,Low,Resolved,2025-10-18
T000462,C0301,2025-09-11,Technical,Medium,Resolved,2025-09-18
T000463,C0303,2026-08-05,Account,Medium,Resolved,2026-08-12
T000464,C0303,2025-01-29,Product,High,Resolved,2025-02-01
T000465,C0303,2025-12-06,Product,Medium,Resolved,2025-12-14
T000466,C0304,2025-04-24,Account,High,Resolved,2025-05-03
T000467,C0308,2026-02-09,Product,Low,Resolved,2026-02-16
T000468,C0310,2026-07-17,Account,High,Open,2026-07-25
T000469,C0310,2025-12-11,Technical,Medium,Resolved,2025-12-12
T000470,C0310,2025-03-29,Account,Medium,Open,2025-04-09
T000471,C0310,2025-07-21,Product,Medium,Pending,2025-08-01
T000472,C0311,2025-03-30,Technical,Medium,Resolved,
T000473,C0312,2025-11-30,Product,High,Pending,2025-12-01
T000474,C0312,2026-05-12,Billing,Medium,Pending,2026-05-22
T000475,C0313,2025-07-13,Technical,Low,Resolved,2025-07-18
T000476,C0313,2026-03-19,Account,Critical,Resolved,2026-04-01
T000477,C0314,2025-12-14,Technical,Low,Resolved,2025-12-20
T000478,C0315,2026-01-19,Product,Medium,Resolved,
T000479,C0316,2025-12-11,Account,High,Resolved,2025-12-19
T000480,C0317,2025-01-02,Billing,High,Resolved,2025-01-05
T000481,C0317,2025-06-19,Account,Low,Resolved,2025-07-01
T000482,C0318,2026-08-19,Technical,Critical,Resolved,2026-08-21
T000483,C0318,2026-07-31,Technical,Medium,Resolved,2026-08-09
T000484,C0318,2025-04-10,Product,Medium,Resolved,
T000485,C0319,2026-08-12,Technical,Low,Open,2026-08-14
T000486,C0319,2026-01-21,Account,Low,Resolved,2026-01-22
T000487,C0319,2025-03-31,Account,Medium,Pending,2025-04-06
T000488,C0319,2025-11-14,Billing,Medium,Resolved,2025-11-28
T000489,C0319,2025-01-14,Account,High,Open,2025-01-23
T000490,C0321,2025-08-29,Product,Low,Resolved,2025-09-09
T000491,C0322,2025-10-21,Technical,High,Resolved,
T000492,C0323,2025-09-14,Product,High,Resolved,2025-09-16
T000493,C0323,2025-09-16,Technical,Low,Pending,2025-09-22
T000494,C0324,2026-06-25,Account,Medium,Resolved,2026-07-09
T000495,C0324,2026-09-05,Product,Medium,Open,2026-09-11
T000496,C0324,2025-08-05,Billing,Low,Resolved,
T000497,C0325,2026-04-02,Product,Medium,Open,
T000498,C0325,2026-04-14,Account,Medium,Resolved,2026-04-27
T000499,C0326,2025-07-16,Billing,High,Pending,2025-07-28
T000500,C0326,2025-04-09,Product,Critical,Resolved,
T000501,C0326,2026-05-01,Account,Medium,Resolved,2026-05-06
T000502,C0329,2025-06-10,Account,Low,Resolved,2025-06-17
T000503,C0330,2026-04-30,Billing,Medium,Resolved,2026-05-01
T000504,C0331,2026-07-22,Billing,High,Resolved,2026-07-28
T000505,C0331,2026-09-09,Account,Critical,Resolved,2026-09-14
T000506,C0332,2026-06-16,Product,Low,Resolved,2026-06-23
T000507,C0332,2025-09-27,Billing,Low,Resolved,2025-10-01
T000508,C0333,2025-11-19,Billing,Low,Resolved,2025-11-20
T000509,C0333,2025-05-03,Technical,Medium,Resolved,2025-05-17
T000510,C0333,2025-02-06,Account,Medium,Resolved,2025-02-13
T000511,C0333,2026-04-06,Billing,High,Resolved,2026-04-13
T000512,C0334,2026-06-17,Billing,Medium,Resolved,2026-06-19
T000513,C0335,2026-04-15,Technical,High,Resolved,2026-04-20
T000514,C0336,2026-07-07,Account,Low,Pending,
T000515,C0336,2026-04-14,Product,High,Resolved,2026-04-25
T000516,C0336,2026-09-21,Account,Medium,Open,2026-09-27
T000517,C0336,2026-08-12,Technical,Low,Resolved,2026-08-22
T000518,C0336,2025-05-22,Billing,Medium,Resolved,2025-05-25
T000519,C0337,2025-07-02,Product,High,Pending,2025-07-05
T000520,C0337,2025-12-12,Technical,High,Resolved,
T000521,C0338,2026-08-01,Billing,Medium,Resolved,2026-08-13
T000522,C0339,2026-09-23,Billing,Low,Pending,2026-09-30
T000523,C0340,2025-04-02,Billing,Medium,Resolved,2025-04-09
T000524,C0340,2025-10-05,Product,Medium,Resolved,2025-10-07
T000525,C0340,2025-06-23,Product,Medium,Resolved,
T000526,C0341,2025-03-06,Product,Low,Open,2025-03-18
T000527,C0342,2025-07-08,Product,Low,Resolved,2025-07-09
T000528,C0342,2025-10-14,Product,Medium,Resolved,2025-10-21
T000529,C0342,2025-07-25,Account,High,Open,2025-08-01
T000530,C0343,2026-01-24,Technical,Medium,Resolved,2026-01-29
T000531,C0343,2025-04-14,Account,Medium,Pending,2025-04-16
T000532,C0344,2025-02-13,Billing,Low,Resolved,
T000533,C0344,2025-06-13,Billing,Low,Pending,
T000534,C0344,2025-11-28,Account,Low,Resolved,2025-12-08
T000535,C0345,2025-06-15,Product,High,Resolved,2025-06-17
T000536,C0345,2026-01-24,Product,High,Pending,
T000537,C0346,2026-06-17,Account,Medium,Resolved,2026-06-30
T000538,C0347,2026-03-16,Billing,Medium,Pending,2026-03-29
T000539,C0348,2026-02-01,Account,Low,Resolved,2026-02-15
T000540,C0349,2025-08-26,Product,Critical,Resolved,2025-09-02
T000541,C0350,2026-05-27,Product,Low,Resolved,2026-06-10
T000542,C0350,2025-01-08,Product,High,Open,2025-01-21
T000543,C0351,2025-06-04,Technical,Medium,Resolved,2025-06-18
T000544,C0351,2025-01-09,Product,Low,Open,
T000545,C0351,2025-04-04,Billing,High,Resolved,2025-04-05
T000546,C0351,2026-04-27,Technical,Medium,Resolved,
T000547,C0351,2025-09-06,Account,Medium,Resolved,2025-09-16
T000548,C0351,2025-01-31,Account,Low,Pending,2025-02-14
T000549,C0352,2026-03-19,Technical,Medium,Resolved,2026-03-22
T000550,C0352,2026-01-07,Technical,Medium,Resolved,2026-01-09
T000551,C0353,2026-08-14,Product,Low,Resolved,
T000552,C0353,2025-01-17,Product,Low,Resolved,
T000553,C0354,2026-09-01,Technical,High,Resolved,2026-09-13
T000554,C0354,2026-08-25,Product,Low,Resolved,2026-09-04
T000555,C0355,2025-12-09,Billing,Low,Resolved,2025-12-10
T000556,C0356,2025-10-13,Product,Low,Pending,2025-10-23
T000557,C0356,2025-01-06,Technical,Low,Resolved,2025-01-19
T000558,C0357,2026-01-14,Product,Critical,Resolved,2026-01-23
T000559,C0357,2025-06-20,Technical,Low,Resolved,2025-06-29
T000560,C0358,2025-02-23,Product,Low,Open,2025-02-28
T000561,C0358,2025-05-27,Technical,High,Resolved,
T000562,C0359,2026-06-26,Billing,Medium,Resolved,
T000563,C0360,2025-03-16,Account,Low,Resolved,
T000564,C0362,2026-03-30,Technical,Medium,Pending,2026-04-05
T000565,C0362,2026-03-11,Product,High,Resolved,
T000566,C0363,2025-06-30,Technical,High,Resolved,2025-07-02
T000567,C0365,2025-07-07,Product,Low,Resolved,2025-07-20
T000568,C0365,2025-09-16,Product,Low,Resolved,2025-09-22
T000569,C0365,2025-06-04,Technical,High,Resolved,2025-06-17
T000570,C0365,2025-06-20,Billing,Low,Pending,
T000571,C0365,2025-09-20,Product,High,Pending,2025-09-23
T000572,C0366,2025-08-20,Product,Medium,Resolved,2025-09-01
T000573,C0366,2025-05-19,Account,Medium,Resolved,2025-05-28
T000574,C0366,2026-06-05,Account,Medium,Resolved,2026-06-06
T000575,C0367,2026-05-12,Product,Low,Resolved,2026-05-16
T000576,C0367,2026-09-05,Account,High,Open,2026-09-16
T000577,C0367,2026-08-19,Billing,High,Resolved,2026-08-23
T000578,C0368,2025-07-25,Product,Low,Resolved,2025-07-26
T000579,C0368,2026-08-13,Technical,Medium,Resolved,2026-08-18
T000580,C0369,2025-05-19,Billing,Low,Resolved,
T000581,C0369,2025-05-29,Product,Medium,Resolved,2025-06-10
T000582,C0369,2025-06-04,Technical,Low,Resolved,
T000583,C0370,2025-09-20,Account,Medium,Resolved,2025-09-24
T000584,C0371,2025-02-13,Technical,High,Resolved,2025-02-17
T000585,C0371,2025-02-16,Product,Medium,Resolved,2025-02-20
T000586,C0371,2026-05-17,Technical,High,Resolved,2026-05-27
T000587,C0372,2025-06-20,Product,Low,Resolved,
T000588,C0373,2025-12-12,Technical,Medium,Resolved,2025-12-20
T000589,C0373,2025-07-29,Technical,Medium,Resolved,2025-08-11
T000590,C0373,2026-06-25,Technical,Low,Open,2026-07-08
T000591,C0375,2025-08-24,Technical,High,Resolved,2025-08-28
T000592,C0377,2025-07-08,Technical,Low,Resolved,
T000593,C0379,2026-06-19,Product,Low,Open,2026-06-30
T000594,C0379,2025-05-24,Technical,Low,Resolved,2025-05-27
T000595,C0379,2025-11-09,Technical,Low,Resolved,2025-11-16
T000596,C0380,2025-08-11,Account,Medium,Pending,2025-08-24
T000597,C0380,2025-01-18,Product,Low,Resolved,
T000598,C0380,2025-12-15,Product,High,Resolved,2025-12-28
T000599,C0381,2025-02-27,Technical,High,Resolved,2025-03-11
T000600,C0382,2025-06-22,Billing,Medium,Resolved,
T000601,C0383,2025-09-10,Product,Low,Resolved,2025-09-19
T000602,C0383,2025-03-12,Product,Medium,Resolved,2025-03-14
T000603,C0383,2025-11-02,Technical,Low,Open,2025-11-03
T000604,C0384,2026-07-21,Billing,High,Resolved,2026-07-27
T000605,C0384,2025-06-29,Technical,High,Resolved,2025-07-01
T000606,C0384,2025-02-21,Billing,Medium,Resolved,
T000607,C0385,2025-10-28,Product,Low,Resolved,2025-11-11
T000608,C0385,2026-03-13,Technical,High,Resolved,2026-03-26
T000609,C0386,2026-09-02,Account,Low,Resolved,2026-09-10
T000610,C0388,2025-10-06,Billing,High,Resolved,2025-10-15
T000611,C0389,2025-03-21,Product,Low,Resolved,
T000612,C0389,2026-06-27,Billing,High,Resolved,2026-07-11
T000613,C0389,2026-07-24,Account,Medium,Resolved,2026-08-05
T000614,C0390,2025-12-11,Product,Medium,Open,2025-12-24
T000615,C0390,2026-04-05,Billing,Medium,Resolved,
T000616,C0390,2025-04-02,Technical,High,Pending,2025-04-04
T000617,C0390,2026-06-17,Account,Medium,Resolved,2026-06-29
T000618,C0390,2025-02-03,Product,Low,Open,
T000619,C0391,2026-09-19,Product,Medium,Pending,2026-09-28
T000620,C0391,2025-02-18,Billing,Low,Resolved,2025-03-04
T000621,C0391,2026-09-04,Billing,High,Resolved,2026-09-13
T000622,C0392,2025-02-11,Technical,Critical,Resolved,2025-02-23
T000623,C0392,2025-12-02,Product,Medium,Resolved,
T000624,C0393,2025-08-03,Account,High,Resolved,2025-08-07
T000625,C0394,2025-04-08,Billing,High,Resolved,2025-04-09
T000626,C0394,2026-04-05,Technical,High,Pending,
T000627,C0398,2026-02-14,Billing,Low,Resolved,2026-02-16
T000628,C0398,2026-08-04,Technical,High,Resolved,2026-08-06
T000629,C0398,2025-11-19,Account,Low,Resolved,
T000630,C0398,2025-06-19,Account,Medium,Resolved,2025-06-21
T000631,C0399,2026-05-11,Product,High,Resolved,
T000632,C0401,2025-08-26,Technical,Low,Resolved,2025-09-02
T000633,C0401,2026-04-01,Technical,Low,Resolved,2026-04-12
T000634,C0402,2025-05-12,Product,High,Resolved,2025-05-23
T000635,C0403,2025-10-09,Billing,Low,Resolved,2025-10-18
T000636,C0403,2026-09-14,Technical,Medium,Resolved,2026-09-17
T000637,C0403,2025-11-30,Billing,Medium,Resolved,2025-12-08
T000638,C0403,2025-10-17,Account,Medium,Resolved,
T000639,C0404,2026-05-06,Technical,High,Resolved,2026-05-16
T000640,C0404,2025-09-21,Product,Low,Resolved,2025-10-01
T000641,C0404,2025-04-21,Product,Low,Resolved,2025-05-03
T000642,C0405,2026-06-22,Technical,Medium,Resolved,2026-06-25
T000643,C0405,2025-01-02,Billing,Medium,Resolved,2025-01-13
T000644,C0408,2025-01-26,Technical,Low,Pending,2025-01-27
T000645,C0408,2026-02-03,Billing,High,Resolved,2026-02-09
T000646,C0408,2025-08-13,Product,Medium,Resolved,2025-08-27
T000647,C0409,2025-04-02,Product,Medium,Resolved,2025-04-05
T000648,C0409,2025-03-13,Product,Medium,Resolved,2025-03-16
T000649,C0409,2026-05-20,Account,Critical,Open,2026-05-25
T000650,C0409,2025-10-26,Technical,Critical,Resolved,2025-11-02
T000651,C0409,2026-08-20,Account,Medium,Pending,2026-08-23
T000652,C0410,2025-09-23,Technical,Low,Resolved,2025-10-05
T000653,C0410,2026-01-18,Technical,Medium,Resolved,2026-01-20
T000654,C0411,2025-03-23,Product,Medium,Resolved,2025-03-29
T000655,C0412,2026-09-09,Account,Low,Pending,2026-09-20
T000656,C0412,2025-06-01,Product,Medium,Resolved,2025-06-13
T000657,C0412,2026-04-24,Account,High,Pending,2026-05-06
T000658,C0413,2026-08-14,Technical,Medium,Pending,2026-08-16
T000659,C0413,2025-04-17,Product,Low,Resolved,2025-04-25
T000660,C0417,2025-04-13,Technical,High,Resolved,2025-04-16
T000661,C0417,2025-10-30,Technical,Medium,Resolved,
T000662,C0419,2025-01-11,Technical,High,Pending,
T000663,C0420,2025-03-31,Technical,Low,Resolved,
T000664,C0421,2025-02-08,Technical,Medium,Resolved,2025-02-19
T000665,C0421,2026-03-04,Technical,Low,Resolved,2026-03-06
T000666,C0422,2025-07-01,Account,High,Resolved,2025-07-08
T000667,C0422,2025-12-07,Product,Medium,Open,
T000668,C0423,2026-03-14,Technical,Low,Pending,2026-03-16
T000669,C0423,2025-08-06,Billing,High,Open,
T000670,C0424,2025-05-17,Product,High,Pending,2025-05-26
T000671,C0424,2025-08-23,Account,Low,Resolved,
T000672,C0424,2025-11-30,Account,Low,Resolved,2025-12-14
T000673,C0424,2025-04-21,Product,Low,Resolved,
T000674,C0425,2025-04-10,Technical,Medium,Resolved,2025-04-14
T000675,C0425,2025-08-29,Account,Medium,Resolved,2025-09-03
T000676,C0426,2026-08-20,Product,Low,Resolved,2026-08-27
T000677,C0426,2025-08-10,Technical,Medium,Resolved,
T000678,C0426,2025-08-07,Account,Low,Resolved,2025-08-21
T000679,C0430,2025-07-13,Technical,Medium,Resolved,2025-07-27
T000680,C0431,2026-02-13,Technical,Low,Resolved,2026-02-22
T000681,C0432,2026-07-09,Billing,Critical,Resolved,
T000682,C0432,2025-08-05,Product,Low,Open,2025-08-07
T000683,C0433,2026-06-29,Account,Critical,Resolved,2026-07-06
T000684,C0434,2026-05-26,Billing,Medium,Resolved,2026-06-08
T000685,C0434,2025-07-11,Product,Low,Resolved,2025-07-25
T000686,C0435,2025-11-05,Product,Low,Resolved,2025-11-10
T000687,C0436,2025-06-01,Product,Low,Resolved,2025-06-06
T000688,C0437,2025-02-03,Account,Medium,Pending,2025-02-14
T000689,C0437,2025-02-14,Technical,Low,Pending,2025-02-19
T000690,C0437,2025-10-02,Account,Low,Resolved,
T000691,C0439,2026-04-14,Billing,Low,Resolved,2026-04-21
T000692,C0440,2025-04-08,Product,High,Open,2025-04-18
T000693,C0440,2026-08-29,Billing,Low,Pending,
T000694,C0440,2025-09-29,Account,Critical,Resolved,2025-10-09
T000695,C0441,2025-04-04,Billing,High,Resolved,2025-04-18
T000696,C0441,2025-01-04,Technical,Medium,Resolved,2025-01-05
T000697,C0442,2026-07-04,Billing,Low,Resolved,2026-07-11
T000698,C0442,2025-10-07,Product,High,Resolved,2025-10-11
T000699,C0445,2026-09-02,Technical,Medium,Resolved,2026-09-15
T000700,C0445,2026-08-10,Product,Low,Resolved,2026-08-16
T000701,C0445,2025-08-24,Billing,High,Resolved,2025-09-04
T000702,C0447,2025-07-17,Account,Medium,Resolved,2025-07-18
T000703,C0447,2025-08-06,Technical,High,Open,
T000704,C0447,2025-05-09,Billing,Medium,Pending,2025-05-18
T000705,C0447,2025-10-31,Account,Low,Resolved,2025-11-07
T000706,C0448,2026-05-28,Billing,Medium,Pending,2026-05-29
T000707,C0449,2026-06-30,Product,High,Resolved,
T000708,C0449,2026-07-10,Technical,High,Resolved,2026-07-23
T000709,C0450,2025-03-20,Product,High,Resolved,2025-03-21
T000710,C0450,2025-05-19,Product,Medium,Resolved,2025-05-23
T000711,C0451,2025-03-22,Product,Critical,Resolved,2025-03-24
T000712,C0452,2025-05-24,Account,Low,Resolved,2025-06-06
T000713,C0453,2025-06-27,Product,Low,Resolved,2025-06-28
T000714,C0454,2026-06-30,Product,Medium,Pending,2026-07-12
T000715,C0455,2026-03-10,Billing,Medium,Resolved,2026-03-23
T000716,C0455,2025-05-11,Account,Medium,Resolved,2025-05-14
T000717,C0455,2025-08-08,Billing,Critical,Resolved,2025-08-20
T000718,C0456,2025-08-23,Billing,High,Resolved,2025-08-25
T000719,C0457,2026-07-10,Billing,Medium,Open,2026-07-24
T000720,C0458,2025-09-24,Billing,High,Resolved,2025-10-04
T000721,C0458,2026-09-15,Product,Medium,Open,2026-09-25
T000722,C0458,2026-03-22,Billing,Low,Resolved,
T000723,C0459,2025-08-26,Technical,Medium,Resolved,2025-09-09
T000724,C0459,2025-01-22,Account,Medium,Resolved,2025-02-04
T000725,C0459,2025-02-18,Technical,Medium,Resolved,2025-02-25
T000726,C0463,2025-01-31,Account,Low,Resolved,
T000727,C0464,2026-07-03,Billing,Medium,Resolved,2026-07-16
T000728,C0464,2026-04-17,Account,Low,Resolved,2026-04-28
T000729,C0465,2025-11-10,Product,Medium,Resolved,2025-11-24
T000730,C0466,2026-03-20,Product,Critical,Resolved,2026-03-31
T000731,C0466,2026-09-15,Account,High,Resolved,2026-09-20
T000732,C0467,2025-12-05,Billing,Low,Resolved,2025-12-08
T000733,C0467,2026-07-08,Product,Medium,Open,2026-07-09
T000734,C0468,2026-08-12,Product,Medium,Resolved,2026-08-25
T000735,C0469,2026-06-04,Technical,High,Resolved,2026-06-10
T000736,C0469,2025-12-12,Account,High,Resolved,2025-12-16
T000737,C0469,2025-03-17,Account,Low,Resolved,2025-03-23
T000738,C0470,2026-08-27,Billing,Medium,Resolved,2026-09-03
T000739,C0470,2025-02-20,Account,High,Resolved,2025-02-26
T000740,C0471,2025-10-07,Product,Low,Resolved,2025-10-19
T000741,C0471,2025-11-08,Account,Medium,Resolved,2025-11-22
T000742,C0472,2026-06-09,Billing,Low,Resolved,2026-06-20
T000743,C0472,2025-12-31,Account,Medium,Resolved,2026-01-01
T000744,C0473,2025-04-01,Technical,Low,Resolved,2025-04-11
T000745,C0474,2025-06-30,Technical,Low,Open,
T000746,C0474,2025-07-29,Product,Critical,Resolved,
T000747,C0474,2026-08-20,Account,High,Resolved,2026-08-30
T000748,C0474,2025-02-19,Billing,Medium,Resolved,
T000749,C0475,2025-07-09,Product,Low,Resolved,2025-07-12
T000750,C0476,2026-05-19,Technical,Low,Resolved,2026-05-28
T000751,C0477,2025-12-12,Technical,Medium,Resolved,2025-12-26
T000752,C0477,2026-09-23,Technical,Low,Resolved,2026-10-07
T000753,C0478,2025-02-01,Product,Low,Resolved,2025-02-09
T000754,C0478,2026-03-29,Product,Low,Resolved,2026-04-10
T000755,C0479,2025-05-27,Billing,Low,Resolved,2025-05-28
T000756,C0479,2025-02-07,Technical,Medium,Resolved,2025-02-18
T000757,C0480,2025-02-09,Product,Low,Pending,2025-02-20
T000758,C0481,2025-02-20,Technical,Low,Resolved,2025-03-04
T000759,C0482,2025-05-20,Product,High,Resolved,2025-05-26
T000760,C0484,2025-02-07,Technical,Critical,Resolved,2025-02-08
T000761,C0485,2026-01-03,Technical,Low,Resolved,2026-01-17
T000762,C0487,2025-09-13,Account,High,Resolved,
T000763,C0487,2026-09-15,Billing,Low,Resolved,2026-09-20
T000764,C0487,2026-03-24,Billing,Medium,Resolved,2026-03-29
T000765,C0487,2026-02-18,Account,Medium,Pending,
T000766,C0488,2025-04-01,Product,Medium,Resolved,2025-04-08
T000767,C0488,2026-03-14,Product,Medium,Resolved,2026-03-25
T000768,C0489,2025-12-23,Account,Low,Pending,2025-12-31
T000769,C0490,2026-04-08,Billing,High,Pending,2026-04-21
T000770,C0490,2026-09-16,Account,Medium,Resolved,2026-09-27
T000771,C0490,2025-12-23,Account,Low,Pending,2025-12-24
T000772,C0491,2026-07-01,Account,Medium,Resolved,2026-07-08
T000773,C0491,2026-08-08,Account,Low,Resolved,2026-08-21
T000774,C0492,2025-03-02,Account,Low,Resolved,2025-03-15
T000775,C0492,2025-04-07,Product,Medium,Resolved,2025-04-20
T000776,C0492,2025-04-29,Product,Low,Open,2025-05-13
T000777,C0493,2026-07-11,Account,Low,Resolved,2026-07-19
T000778,C0493,2025-07-11,Account,Low,Resolved,2025-07-12
T000779,C0494,2025-04-24,Product,Medium,Resolved,2025-05-02
T000780,C0495,2026-05-19,Billing,Medium,Resolved,2026-05-26
T000781,C0496,2026-06-12,Technical,Medium,Pending,2026-06-13
T000782,C0496,2025-10-20,Product,Medium,Open,2025-10-30
T000783,C0497,2025-07-29,Technical,Low,Resolved,2025-08-02
T000784,C0497,2025-04-24,Account,High,Resolved,2025-04-26
T000785,C0497,2026-03-23,Account,Medium,Resolved,
T000786,C0498,2025-06-22,Technical,Medium,Resolved,
T000787,C0500,2026-09-05,Product,Medium,Resolved,2026-09-19
T000788,C0501,2025-12-11,Product,Medium,Resolved,2025-12-15
T000789,C0501,2026-03-24,Product,High,Pending,2026-03-30
T000790,C0501,2026-04-02,Billing,High,Open,2026-04-13
T000791,C0502,2026-07-14,Billing,High,Resolved,2026-07-24
T000792,C0503,2025-05-30,Technical,Medium,Open,2025-06-01
T000793,C0508,2025-09-06,Account,Critical,Resolved,2025-09-13
T000794,C0509,2025-07-16,Product,High,Resolved,2025-07-28
T000795,C0512,2025-12-28,Technical,High,Pending,2026-01-11
T000796,C0512,2026-01-12,Technical,High,Pending,2026-01-16
T000797,C0512,2025-11-06,Technical,Low,Pending,2025-11-08
T000798,C0513,2025-02-11,Billing,Low,Resolved,2025-02-12
T000799,C0513,2025-09-05,Billing,Medium,Resolved,2025-09-19
T000800,C0513,2025-07-18,Technical,Medium,Resolved,
T000801,C0513,2026-01-20,Account,Low,Resolved,2026-01-21
T000802,C0513,2025-08-20,Product,Medium,Resolved,2025-08-31
T000803,C0513,2026-05-18,Technical,Low,Pending,
T000804,C0515,2025-01-21,Technical,Medium,Resolved,2025-01-25
T000805,C0515,2026-09-27,Technical,Medium,Resolved,2026-10-02
T000806,C0515,2026-02-10,Account,Medium,Resolved,2026-02-13
T000807,C0516,2025-03-21,Technical,Low,Resolved,2025-03-22
T000808,C0517,2026-07-06,Account,High,Open,2026-07-10
T000809,C0518,2026-03-26,Technical,Low,Resolved,2026-03-31
T000810,C0518,2025-07-31,Billing,Low,Open,2025-08-06
T000811,C0519,2025-05-13,Technical,Medium,Resolved,2025-05-27
T000812,C0521,2025-02-13,Technical,High,Resolved,2025-02-20
T000813,C0522,2026-04-03,Billing,Low,Resolved,2026-04-07
T000814,C0523,2025-06-12,Account,High,Resolved,2025-06-21
T000815,C0525,2025-06-22,Technical,Low,Pending,2025-07-06
T000816,C0526,2025-03-06,Technical,Medium,Resolved,2025-03-07
T000817,C0527,2025-08-05,Account,Low,Resolved,2025-08-10
T000818,C0527,2026-07-24,Billing,Medium,Resolved,2026-07-28
T000819,C0528,2026-09-20,Account,Low,Pending,2026-10-03
T000820,C0528,2026-09-13,Product,High,Resolved,2026-09-14
T000821,C0529,2026-07-11,Product,High,Resolved,2026-07-22
T000822,C0530,2026-01-28,Billing,Low,Resolved,2026-02-01
T000823,C0530,2025-10-09,Technical,Medium,Resolved,2025-10-20
T000824,C0530,2025-01-02,Account,Low,Pending,2025-01-16
T000825,C0531,2026-09-20,Account,Medium,Resolved,2026-09-28
T000826,C0531,2026-05-04,Account,Medium,Resolved,2026-05-07
T000827,C0532,2026-07-30,Account,Medium,Resolved,2026-07-31
T000828,C0532,2026-02-08,Account,High,Resolved,2026-02-13
T000829,C0533,2025-05-03,Account,Medium,Resolved,2025-05-11
T000830,C0533,2025-12-02,Product,Medium,Resolved,2025-12-10
T000831,C0533,2026-02-06,Billing,Low,Open,2026-02-10
T000832,C0534,2025-11-18,Billing,Medium,Resolved,2025-11-23
T000833,C0534,2026-02-08,Billing,Low,Resolved,2026-02-20
T000834,C0534,2025-11-25,Technical,Medium,Resolved,
T000835,C0535,2025-02-05,Product,Low,Resolved,2025-02-18
T000836,C0536,2026-04-16,Billing,Low,Resolved,2026-04-20
T000837,C0536,2025-02-15,Product,High,Resolved,2025-02-18
T000838,C0536,2026-05-26,Billing,Medium,Resolved,2026-06-06
T000839,C0536,2026-08-26,Product,Low,Pending,
T000840,C0537,2026-10-01,Account,Critical,Resolved,2026-10-03
T000841,C0537,2026-07-07,Account,Medium,Resolved,2026-07-17
T000842,C0537,2026-04-16,Product,Medium,Resolved,2026-04-21
T000843,C0539,2025-05-29,Product,Medium,Resolved,2025-05-31
T000844,C0539,2025-09-26,Billing,Medium,Resolved,2025-10-10
T000845,C0540,2025-04-25,Billing,Low,Pending,2025-04-29
T000846,C0540,2025-08-02,Technical,Low,Pending,2025-08-08
T000847,C0541,2026-08-28,Technical,Low,Resolved,2026-08-29
T000848,C0541,2026-03-08,Account,Low,Resolved,2026-03-13
T000849,C0542,2025-12-18,Technical,High,Open,2025-12-21
T000850,C0543,2025-08-23,Technical,Medium,Resolved,2025-09-06
T000851,C0544,2025-10-10,Technical,Low,Resolved,2025-10-12
T000852,C0545,2026-04-21,Product,Medium,Resolved,2026-04-30
T000853,C0546,2026-03-12,Technical,Medium,Pending,2026-03-22
T000854,C0546,2025-02-15,Account,Low,Open,2025-02-24
T000855,C0546,2026-09-19,Product,Medium,Pending,2026-09-23
T000856,C0546,2026-02-05,Technical,Low,Resolved,2026-02-19
T000857,C0547,2025-10-23,Billing,High,Resolved,2025-10-31
T000858,C0551,2026-03-29,Account,Low,Resolved,2026-04-12
T000859,C0551,2026-02-06,Technical,Low,Open,2026-02-11
T000860,C0552,2025-08-17,Billing,Low,Resolved,2025-08-26
T000861,C0552,2026-04-04,Account,Medium,Resolved,2026-04-05
T000862,C0552,2025-07-26,Product,Low,Resolved,2025-08-01
T000863,C0553,2026-01-04,Account,Medium,Resolved,2026-01-13
T000864,C0554,2025-05-29,Product,Medium,Resolved,
T000865,C0556,2025-06-16,Technical,Low,Resolved,2025-06-17
T000866,C0557,2026-07-21,Account,Medium,Open,2026-07-24
T000867,C0557,2026-06-07,Billing,Low,Resolved,2026-06-13
T000868,C0557,2025-04-12,Billing,Low,Pending,
T000869,C0558,2025-09-16,Product,Low,Resolved,2025-09-28
T000870,C0558,2026-03-09,Technical,Low,Open,2026-03-16
T000871,C0558,2026-04-17,Technical,Medium,Resolved,2026-04-22
T000872,C0558,2025-02-03,Account,Medium,Resolved,2025-02-04
T000873,C0559,2025-03-16,Technical,High,Pending,2025-03-19
T000874,C0559,2026-03-28,Account,Low,Resolved,2026-03-30
T000875,C0559,2025-12-31,Billing,Low,Resolved,2026-01-07
T000876,C0561,2026-04-03,Account,Medium,Resolved,2026-04-10
T000877,C0561,2026-04-21,Technical,Low,Resolved,2026-04-25
T000878,C0562,2026-01-17,Account,Low,Open,2026-01-29
T000879,C0563,2025-08-06,Billing,High,Resolved,2025-08-15
T000880,C0563,2025-12-14,Technical,Medium,Resolved,2025-12-23
T000881,C0565,2025-04-23,Billing,Medium,Resolved,
T000882,C0567,2026-07-30,Billing,Low,Pending,2026-08-01
T000883,C0567,2026-09-23,Account,Low,Open,
T000884,C0568,2025-11-07,Billing,Low,Resolved,2025-11-15
T000885,C0568,2026-05-26,Product,Low,Resolved,
T000886,C0569,2025-10-15,Product,Low,Resolved,2025-10-23
T000887,C0570,2025-04-28,Product,High,Resolved,2025-05-10
T000888,C0571,2026-05-05,Product,Medium,Resolved,2026-05-15
T000889,C0571,2026-04-25,Technical,High,Resolved,2026-05-01
T000890,C0572,2025-04-20,Technical,Medium,Resolved,2025-04-29
T000891,C0572,2025-04-09,Billing,Medium,Open,
T000892,C0573,2026-05-12,Billing,High,Resolved,2026-05-24
T000893,C0574,2026-01-14,Account,Medium,Resolved,2026-01-23
T000894,C0574,2026-09-25,Billing,Low,Open,2026-10-03
T000895,C0574,2026-03-09,Billing,Medium,Resolved,2026-03-17
T000896,C0574,2025-02-16,Technical,Medium,Resolved,
T000897,C0574,2025-10-02,Account,High,Resolved,2025-10-06
T000898,C0575,2026-04-26,Account,Low,Open,2026-05-02
T000899,C0575,2026-03-06,Product,Medium,Resolved,
T000900,C0576,2025-12-05,Billing,High,Resolved,
T000901,C0576,2026-02-09,Technical,Medium,Resolved,2026-02-12
T000902,C0577,2025-04-22,Technical,Low,Pending,2025-04-28
T000903,C0578,2026-08-11,Billing,High,Resolved,2026-08-16
T000904,C0579,2025-07-28,Technical,Medium,Resolved,
T000905,C0580,2026-09-26,Account,Medium,Resolved,2026-10-02
T000906,C0580,2025-05-06,Technical,Medium,Open,2025-05-08
T000907,C0580,2025-02-22,Account,Medium,Resolved,2025-02-28
T000908,C0580,2026-07-23,Billing,Medium,Pending,2026-07-29
T000909,C0581,2025-12-16,Technical,Low,Open,2025-12-24
T000910,C0581,2026-03-07,Billing,Medium,Open,2026-03-20
T000911,C0581,2026-03-10,Product,Medium,Resolved,
T000912,C0581,2025-06-19,Billing,Critical,Open,2025-07-01
T000913,C0581,2025-08-01,Billing,Low,Resolved,2025-08-05
T000914,C0582,2025-07-04,Account,Low,Resolved,
T000915,C0582,2025-06-04,Product,High,Resolved,2025-06-05
T000916,C0583,2025-06-09,Technical,Medium,Resolved,2025-06-20
T000917,C0584,2025-11-18,Billing,Low,Pending,2025-11-22
T000918,C0585,2025-07-16,Product,Medium,Resolved,
T000919,C0585,2025-04-13,Billing,High,Resolved,2025-04-24
T000920,C0586,2025-06-18,Technical,Low,Resolved,2025-06-19
T000921,C0586,2025-02-04,Account,Low,Resolved,2025-02-14
T000922,C0587,2025-08-31,Product,Critical,Pending,2025-09-09
T000923,C0587,2026-06-10,Account,Medium,Resolved,2026-06-14
T000924,C0588,2025-07-07,Technical,Low,Resolved,2025-07-11
T000925,C0588,2025-11-20,Technical,Medium,Pending,2025-11-22
T000926,C0589,2025-03-26,Technical,Low,Resolved,2025-04-09
T000927,C0589,2025-01-03,Technical,High,Resolved,
T000928,C0590,2025-03-15,Billing,Low,Resolved,
T000929,C0592,2025-06-26,Product,High,Pending,
T000930,C0592,2025-08-04,Technical,High,Resolved,
T000931,C0593,2025-09-17,Technical,Medium,Pending,
T000932,C0593,2025-06-24,Technical,Medium,Resolved,2025-06-25
T000933,C0595,2026-02-11,Product,Medium,Resolved,2026-02-23
T000934,C0595,2026-06-16,Billing,Medium,Resolved,2026-06-22
T000935,C0595,2026-08-21,Billing,Critical,Resolved,
T000936,C0596,2026-04-15,Billing,Low,Resolved,2026-04-16
T000937,C0596,2026-02-28,Account,Medium,Open,2026-03-11
T000938,C0596,2026-09-20,Account,Medium,Pending,
T000939,C0596,2026-05-21,Technical,High,Resolved,2026-05-27
T000940,C0598,2026-06-26,Account,High,Resolved,2026-07-08
T000941,C0598,2026-02-19,Technical,Low,Resolved,2026-02-24
T000942,C0599,2026-07-27,Billing,High,Resolved,2026-08-04
T000943,C0599,2025-10-06,Technical,Medium,Open,
T000944,C0599,2026-08-13,Product,Medium,Resolved,2026-08-18
T000945,C0599,2025-01-30,Technical,Low,Open,
T000946,C0601,2026-02-06,Technical,Low,Resolved,
T000947,C0602,2025-02-15,Technical,Low,Open,
T000948,C0602,2026-04-07,Product,Critical,Resolved,2026-04-13
T000949,C0602,2026-04-28,Product,Medium,Resolved,2026-05-11
T000950,C0602,2025-09-01,Technical,Low,Open,2025-09-10
T000951,C0604,2025-05-03,Billing,High,Resolved,
T000952,C0604,2025-05-01,Technical,High,Resolved,
T000953,C0604,2026-03-25,Account,Low,Resolved,2026-04-02
T000954,C0605,2025-07-25,Billing,Medium,Resolved,2025-08-04
T000955,C0606,2026-05-02,Technical,Low,Resolved,2026-05-03
T000956,C0606,2025-06-22,Billing,High,Resolved,2025-06-27
T000957,C0610,2026-01-06,Product,Low,Resolved,
T000958,C0611,2026-09-27,Product,Medium,Pending,
T000959,C0611,2025-06-16,Technical,Medium,Pending,2025-06-30
T000960,C0612,2025-08-18,Account,Low,Resolved,
T000961,C0612,2025-12-17,Account,Low,Resolved,2025-12-18
T000962,C0612,2025-02-11,Billing,Medium,Resolved,
T000963,C0613,2026-06-08,Technical,Medium,Resolved,
T000964,C0613,2026-05-11,Product,Medium,Pending,2026-05-18
T000965,C0613,2026-08-24,Billing,High,Resolved,2026-09-03
T000966,C0613,2025-11-20,Account,Low,Resolved,2025-12-04
T000967,C0614,2025-08-11,Account,High,Resolved,2025-08-23
T000968,C0614,2025-02-20,Account,Low,Resolved,2025-02-21
T000969,C0614,2025-10-07,Account,Critical,Resolved,2025-10-09
T000970,C0614,2026-04-05,Account,Medium,Resolved,2026-04-10
T000971,C0614,2025-03-07,Product,Medium,Resolved,2025-03-12
T000972,C0614,2026-02-10,Account,Low,Resolved,2026-02-21
T000973,C0615,2025-06-16,Technical,High,Resolved,
T000974,C0616,2025-10-04,Technical,Low,Open,
T000975,C0616,2026-05-23,Product,High,Resolved,2026-06-04
T000976,C0617,2026-01-12,Technical,Medium,Resolved,2026-01-19
T000977,C0617,2025-06-18,Technical,Medium,Resolved,2025-06-30
T000978,C0621,2025-05-22,Technical,Critical,Resolved,2025-06-03
T000979,C0621,2026-03-06,Billing,Low,Resolved,
T000980,C0622,2025-08-05,Product,Medium,Open,2025-08-08
T000981,C0622,2026-09-28,Product,Medium,Resolved,2026-09-29
T000982,C0624,2026-01-03,Billing,Medium,Open,2026-01-16
T000983,C0624,2025-06-28,Billing,High,Resolved,
T000984,C0624,2025-08-24,Account,Medium,Resolved,2025-08-25
T000985,C0624,2025-04-10,Billing,High,Resolved,2025-04-22
T000986,C0626,2025-01-10,Technical,Medium,Resolved,2025-01-12
T000987,C0626,2025-09-25,Technical,High,Pending,2025-09-26
T000988,C0627,2025-06-02,Billing,High,Resolved,
T000989,C0630,2025-10-07,Account,Low,Pending,2025-10-10
T000990,C0631,2026-09-28,Product,Medium,Pending,
T000991,C0631,2025-10-01,Technical,Low,Resolved,2025-10-14
T000992,C0631,2026-02-13,Technical,Medium,Open,2026-02-16
T000993,C0632,2026-04-17,Account,Medium,Resolved,2026-04-19
T000994,C0632,2026-01-02,Product,Medium,Resolved,2026-01-14
T000995,C0632,2026-09-18,Technical,High,Resolved,
T000996,C0634,2025-09-18,Billing,Medium,Resolved,
T000997,C0634,2026-01-06,Product,Medium,Resolved,2026-01-12
T000998,C0635,2026-07-01,Account,Low,Resolved,2026-07-03
T000999,C0636,2025-01-15,Product,High,Resolved,2025-01-22
T001000,C0637,2025-07-07,Technical,Low,Resolved,2025-07-17
T001001,C0638,2025-06-10,Account,High,Pending,2025-06-20
T001002,C0639,2025-10-26,Billing,Low,Resolved,2025-11-05
T001003,C0639,2025-01-14,Product,Low,Open,
T001004,C0640,2025-08-05,Product,Medium,Resolved,2025-08-15
T001005,C0641,2025-12-25,Account,High,Resolved,2026-01-03
T001006,C0641,2025-02-10,Technical,Low,Pending,2025-02-13
T001007,C0641,2025-09-27,Product,Medium,Resolved,2025-10-11
T001008,C0643,2025-12-31,Technical,Medium,Resolved,
T001009,C0643,2025-07-31,Product,Medium,Resolved,2025-08-11
T001010,C0644,2025-09-16,Billing,Low,Resolved,2025-09-21
T001011,C0646,2025-08-04,Product,Medium,Pending,2025-08-13
T001012,C0646,2026-04-30,Account,Medium,Resolved,2026-05-01
T001013,C0647,2025-11-04,Product,Medium,Open,2025-11-14
T001014,C0649,2025-06-09,Billing,Medium,Resolved,
T001015,C0649,2025-01-08,Billing,Low,Resolved,2025-01-20
T001016,C0650,2025-06-25,Account,Medium,Resolved,
T001017,C0650,2025-02-23,Technical,High,Resolved,2025-03-07
T001018,C0651,2025-12-31,Account,Medium,Resolved,2026-01-11
T001019,C0651,2026-07-11,Billing,High,Resolved,2026-07-24
T001020,C0651,2026-03-27,Billing,Medium,Resolved,2026-04-03
T001021,C0651,2026-04-10,Technical,Critical,Resolved,2026-04-17
T001022,C0654,2026-06-08,Account,Low,Resolved,2026-06-13
T001023,C0654,2025-10-11,Account,Low,Resolved,2025-10-16
T001024,C0654,2025-09-06,Technical,Medium,Resolved,2025-09-14
T001025,C0655,2025-04-04,Account,Medium,Pending,
T001026,C0656,2025-03-13,Technical,Medium,Resolved,2025-03-26
T001027,C0657,2025-05-11,Product,Low,Pending,2025-05-21
T001028,C0658,2025-06-12,Billing,Low,Pending,2025-06-17
T001029,C0659,2026-03-26,Product,Low,Resolved,2026-03-30
T001030,C0660,2026-07-07,Billing,Medium,Resolved,2026-07-20
T001031,C0660,2025-02-08,Billing,Low,Resolved,
T001032,C0661,2025-02-03,Product,High,Resolved,2025-02-14
T001033,C0661,2025-06-26,Account,High,Resolved,2025-07-05
T001034,C0661,2026-09-21,Billing,Medium,Resolved,2026-10-04
T001035,C0662,2025-12-17,Technical,Medium,Pending,2025-12-18
T001036,C0664,2026-04-28,Account,Low,Resolved,2026-05-05
T001037,C0664,2025-05-29,Product,High,Resolved,2025-06-03
T001038,C0664,2025-11-26,Billing,Low,Resolved,
T001039,C0665,2025-06-12,Technical,Medium,Resolved,2025-06-13
T001040,C0665,2025-08-02,Product,Critical,Resolved,2025-08-08
T001041,C0665,2026-04-14,Product,Low,Resolved,
T001042,C0665,2026-05-26,Technical,Low,Open,2026-06-03
T001043,C0666,2025-04-01,Billing,High,Resolved,2025-04-08
T001044,C0666,2026-01-19,Product,Medium,Open,2026-01-23
T001045,C0666,2026-03-22,Billing,High,Resolved,2026-03-27
T001046,C0667,2025-06-14,Technical,Medium,Pending,2025-06-16
T001047,C0668,2026-09-26,Technical,Medium,Resolved,
T001048,C0668,2025-12-31,Product,Low,Resolved,2026-01-01
T001049,C0669,2025-06-21,Account,High,Resolved,2025-07-02
T001050,C0669,2026-05-18,Product,Medium,Resolved,2026-05-23
T001051,C0669,2026-07-29,Technical,Medium,Resolved,
T001052,C0670,2025-01-26,Billing,Medium,Pending,
T001053,C0673,2025-08-30,Account,Low,Pending,2025-09-11
T001054,C0673,2025-12-13,Technical,Low,Resolved,2025-12-26
T001055,C0674,2025-07-04,Account,Medium,Resolved,2025-07-17
T001056,C0675,2025-10-16,Account,Medium,Resolved,2025-10-25
T001057,C0675,2025-09-19,Account,Low,Resolved,
T001058,C0677,2025-09-06,Account,Medium,Resolved,2025-09-17
T001059,C0678,2025-12-24,Technical,Medium,Resolved,
T001060,C0678,2025-06-14,Account,Medium,Resolved,2025-06-16
T001061,C0678,2025-02-17,Billing,Medium,Pending,
T001062,C0679,2026-03-11,Billing,Medium,Resolved,2026-03-12
T001063,C0679,2025-07-12,Billing,Critical,Resolved,2025-07-15
T001064,C0680,2026-01-18,Billing,Low,Pending,2026-01-30
T001065,C0680,2026-04-17,Billing,Medium,Resolved,
T001066,C0680,2025-06-30,Technical,Low,Resolved,
T001067,C0681,2025-10-04,Technical,Medium,Pending,2025-10-11
T001068,C0682,2026-09-11,Account,Critical,Resolved,
T001069,C0683,2025-10-08,Account,High,Pending,2025-10-21
T001070,C0684,2025-07-29,Technical,High,Resolved,2025-08-08
T001071,C0685,2025-06-12,Billing,High,Open,2025-06-18
T001072,C0687,2025-12-16,Technical,Low,Resolved,2025-12-19
T001073,C0687,2026-06-03,Product,Low,Resolved,2026-06-11
T001074,C0687,2026-06-12,Billing,Medium,Pending,2026-06-24
T001075,C0688,2026-01-20,Product,Low,Resolved,
T001076,C0688,2025-03-06,Billing,Medium,Resolved,
T001077,C0688,2025-05-10,Account,Medium,Resolved,2025-05-20
T001078,C0689,2025-10-12,Billing,Low,Open,2025-10-24
T001079,C0689,2025-12-30,Product,Medium,Open,2026-01-12
T001080,C0690,2025-02-13,Technical,Medium,Resolved,2025-02-14
T001081,C0690,2026-05-13,Account,Medium,Resolved,2026-05-20
T001082,C0690,2026-05-27,Account,Medium,Resolved,2026-05-29
T001083,C0691,2025-10-27,Product,Medium,Resolved,2025-11-08
T001084,C0692,2025-06-23,Billing,Medium,Pending,
T001085,C0693,2025-01-13,Technical,Low,Resolved,2025-01-21
T001086,C0696,2025-06-03,Billing,High,Resolved,
T001087,C0696,2025-11-18,Billing,Medium,Resolved,2025-11-30
T001088,C0697,2025-04-10,Account,Medium,Resolved,2025-04-14
T001089,C0697,2026-05-18,Product,Medium,Open,2026-05-22
T001090,C0697,2026-06-05,Technical,Medium,Resolved,2026-06-10
T001091,C0697,2026-06-19,Product,High,Resolved,
T001092,C0698,2026-08-09,Product,High,Resolved,2026-08-12
T001093,C0699,2025-08-28,Technical,Medium,Pending,
T001094,C0699,2025-07-27,Technical,Low,Resolved,
T001095,C0699,2025-01-08,Product,Medium,Pending,
T001096,C0699,2025-03-06,Technical,High,Resolved,2025-03-08
T001097,C0700,2025-12-08,Billing,Medium,Resolved,2025-12-22
T001098,C0700,2026-08-16,Technical,Medium,Resolved,
T001099,C0701,2025-09-08,Product,Medium,Resolved,2025-09-10
T001100,C0701,2026-04-08,Product,Low,Resolved,2026-04-13
T001101,C0701,2025-08-27,Product,Medium,Resolved,
T001102,C0703,2025-05-20,Billing,Medium,Pending,2025-05-27
T001103,C0704,2026-09-06,Technical,Medium,Open,2026-09-15
T001104,C0704,2026-01-27,Billing,Medium,Resolved,
T001105,C0704,2025-09-01,Product,High,Resolved,2025-09-06
T001106,C0707,2026-08-30,Account,High,Resolved,
T001107,C0707,2025-02-17,Account,Low,Resolved,2025-02-22
T001108,C0707,2025-07-20,Product,Low,Resolved,2025-08-02
T001109,C0708,2025-04-03,Technical,High,Resolved,
T001110,C0710,2025-01-15,Technical,Low,Resolved,
T001111,C0710,2025-10-26,Billing,Medium,Resolved,2025-11-09
T001112,C0711,2026-03-31,Technical,Low,Resolved,2026-04-08
T001113,C0711,2026-09-05,Account,Medium,Resolved,2026-09-13
T001114,C0713,2026-05-14,Technical,Medium,Resolved,2026-05-19
T001115,C0713,2025-08-31,Technical,High,Resolved,
T001116,C0714,2025-08-05,Product,Low,Resolved,
T001117,C0714,2026-04-15,Technical,Medium,Resolved,
T001118,C0715,2026-03-23,Technical,Low,Pending,2026-03-25
T001119,C0715,2026-04-27,Product,Medium,Resolved,2026-05-07
T001120,C0715,2025-03-23,Product,Medium,Open,2025-04-01
T001121,C0716,2025-08-21,Account,Medium,Resolved,
T001122,C0718,2026-05-10,Billing,High,Resolved,2026-05-11
T001123,C0718,2025-07-18,Product,Critical,Resolved,2025-07-29
T001124,C0718,2025-02-21,Technical,Low,Resolved,2025-03-04
T001125,C0718,2025-06-14,Technical,Critical,Pending,2025-06-28
T001126,C0719,2025-10-06,Technical,High,Resolved,2025-10-08
T001127,C0720,2025-08-29,Product,High,Resolved,
T001128,C0721,2026-01-26,Technical,Medium,Resolved,2026-02-04
T001129,C0723,2026-07-25,Billing,Medium,Open,2026-08-03
T001130,C0723,2025-06-22,Account,Medium,Resolved,2025-06-27
T001131,C0723,2026-01-17,Technical,Medium,Resolved,
T001132,C0723,2025-02-02,Product,Low,Resolved,2025-02-16
T001133,C0724,2025-10-24,Billing,Medium,Resolved,
T001134,C0724,2025-11-20,Billing,Low,Resolved,
T001135,C0725,2025-07-11,Billing,High,Resolved,2025-07-18
T001136,C0726,2026-06-09,Billing,Low,Resolved,2026-06-19
T001137,C0726,2025-05-10,Account,Medium,Resolved,2025-05-20
T001138,C0726,2026-05-30,Billing,Medium,Resolved,2026-06-05
T001139,C0727,2026-04-09,Account,Medium,Resolved,2026-04-14
T001140,C0727,2025-02-23,Account,Low,Resolved,2025-03-03
T001141,C0728,2025-04-24,Product,High,Open,2025-04-25
T001142,C0729,2026-06-07,Technical,High,Open,2026-06-17
T001143,C0729,2026-02-11,Account,Low,Resolved,2026-02-12
T001144,C0730,2026-04-09,Technical,High,Resolved,2026-04-22
T001145,C0730,2025-03-18,Product,Critical,Open,2025-03-22
T001146,C0731,2025-02-18,Billing,Low,Resolved,
T001147,C0731,2025-09-21,Account,High,Resolved,2025-10-01
T001148,C0731,2026-09-29,Account,Medium,Resolved,2026-10-09
T001149,C0733,2026-08-28,Account,Low,Resolved,
T001150,C0733,2026-06-12,Technical,Low,Resolved,2026-06-15
T001151,C0733,2026-06-19,Account,High,Pending,2026-06-25
T001152,C0733,2026-08-23,Account,High,Resolved,2026-08-29
T001153,C0734,2025-01-01,Account,Low,Resolved,2025-01-11
T001154,C0734,2026-01-10,Billing,High,Pending,2026-01-21
T001155,C0734,2025-04-27,Product,Low,Resolved,2025-05-08
T001156,C0734,2025-09-02,Billing,Medium,Pending,
T001157,C0734,2026-03-02,Account,High,Resolved,2026-03-06
T001158,C0735,2025-11-20,Technical,Low,Resolved,2025-11-28
T001159,C0739,2026-08-09,Account,Medium,Resolved,2026-08-15
T001160,C0739,2025-01-25,Technical,High,Resolved,
T001161,C0739,2026-06-23,Product,High,Open,2026-06-30
T001162,C0740,2025-06-19,Technical,Low,Resolved,2025-07-01
T001163,C0740,2025-07-12,Account,Critical,Pending,2025-07-21
T001164,C0744,2026-05-12,Billing,Low,Resolved,2026-05-22
T001165,C0745,2025-03-04,Account,Low,Resolved,2025-03-15
T001166,C0746,2026-08-17,Account,High,Resolved,2026-08-26
T001167,C0746,2025-08-20,Billing,Medium,Pending,2025-08-30
T001168,C0746,2025-02-13,Billing,Medium,Resolved,
T001169,C0746,2026-04-06,Billing,Low,Resolved,2026-04-17
T001170,C0747,2025-05-20,Product,Medium,Resolved,2025-05-26
T001171,C0749,2025-06-06,Technical,Critical,Pending,2025-06-19
T001172,C0751,2026-01-04,Account,Medium,Resolved,2026-01-06
T001173,C0751,2025-02-07,Account,Medium,Resolved,2025-02-13
T001174,C0752,2026-06-03,Technical,Medium,Resolved,2026-06-04
T001175,C0752,2025-05-08,Product,Medium,Resolved,2025-05-11
T001176,C0753,2026-08-25,Account,Low,Open,2026-09-03
T001177,C0753,2025-01-30,Billing,Low,Resolved,2025-02-09
T001178,C0753,2025-10-22,Technical,Low,Resolved,2025-10-25
T001179,C0754,2025-09-22,Account,Medium,Open,2025-09-29
T001180,C0754,2026-08-03,Product,Low,Resolved,2026-08-17
T001181,C0755,2025-07-30,Product,Critical,Resolved,2025-08-03
T001182,C0756,2026-03-20,Billing,Medium,Open,2026-03-29
T001183,C0756,2026-07-26,Technical,Low,Resolved,2026-08-08
T001184,C0757,2025-10-23,Billing,Low,Resolved,
T001185,C0757,2025-05-02,Product,Low,Resolved,
T001186,C0758,2025-02-25,Billing,Low,Resolved,2025-03-04
T001187,C0760,2025-05-14,Account,Critical,Resolved,2025-05-26
T001188,C0761,2025-02-09,Technical,Low,Resolved,2025-02-12
T001189,C0762,2026-07-21,Billing,High,Resolved,2026-07-24
T001190,C0763,2025-06-28,Product,High,Resolved,2025-07-02
T001191,C0763,2025-05-12,Billing,Medium,Resolved,2025-05-14
T001192,C0764,2026-09-01,Technical,Critical,Resolved,2026-09-10
T001193,C0764,2025-10-10,Account,High,Pending,2025-10-19
T001194,C0765,2025-03-04,Account,Low,Resolved,2025-03-12
T001195,C0765,2026-04-18,Billing,High,Pending,2026-04-26
T001196,C0765,2025-11-04,Technical,Medium,Resolved,2025-11-14
T001197,C0765,2025-02-14,Account,Low,Open,2025-02-20
T001198,C0765,2026-06-15,Product,Critical,Open,2026-06-26
T001199,C0765,2025-07-22,Product,Low,Resolved,
T001200,C0766,2026-05-06,Billing,Low,Resolved,2026-05-08
T001201,C0766,2026-05-08,Product,Medium,Resolved,2026-05-21
T001202,C0766,2025-05-02,Technical,Low,Resolved,2025-05-12
T001203,C0767,2025-04-24,Product,High,Resolved,2025-05-07
T001204,C0767,2026-04-19,Product,Medium,Open,2026-04-23
T001205,C0769,2026-09-19,Billing,Low,Open,2026-09-20
T001206,C0769,2025-11-02,Technical,High,Pending,2025-11-15
T001207,C0771,2025-02-19,Product,Low,Pending,2025-02-27
T001208,C0772,2025-08-17,Billing,Low,Resolved,
T001209,C0773,2025-09-12,Product,Medium,Resolved,2025-09-16
T001210,C0774,2025-11-02,Technical,Medium,Resolved,2025-11-14
T001211,C0774,2025-08-03,Product,Medium,Resolved,2025-08-10
T001212,C0775,2026-04-13,Technical,Low,Resolved,2026-04-25
T001213,C0775,2026-03-22,Product,Medium,Resolved,
T001214,C0776,2026-07-25,Product,Low,Open,2026-08-01
T001215,C0777,2025-06-19,Technical,High,Pending,2025-06-22
T001216,C0778,2025-02-22,Product,Medium,Open,2025-03-05
T001217,C0778,2026-01-23,Billing,Medium,Open,2026-02-05
T001218,C0778,2025-04-25,Billing,High,Resolved,2025-05-07
T001219,C0780,2026-02-06,Product,High,Resolved,2026-02-12
T001220,C0781,2025-04-28,Billing,Critical,Resolved,2025-05-11
T001221,C0782,2025-09-03,Technical,Medium,Resolved,2025-09-06
T001222,C0782,2025-08-25,Account,High,Resolved,2025-09-01
T001223,C0783,2025-09-30,Account,High,Resolved,2025-10-09
T001224,C0784,2026-06-02,Technical,Low,Pending,2026-06-08
T001225,C0784,2025-05-12,Product,Low,Resolved,
T001226,C0784,2025-04-09,Product,High,Resolved,2025-04-22
T001227,C0784,2026-05-21,Technical,Low,Resolved,2026-05-27
T001228,C0784,2025-01-13,Technical,Low,Resolved,
T001229,C0785,2025-06-22,Account,Medium,Resolved,2025-06-24
T001230,C0785,2025-09-20,Product,Low,Resolved,2025-09-22
T001231,C0785,2026-02-04,Billing,Low,Pending,
T001232,C0785,2026-05-28,Account,Medium,Resolved,2026-06-03
T001233,C0786,2026-07-31,Product,Medium,Open,
T001234,C0786,2025-04-24,Product,Low,Open,2025-05-08
T001235,C0787,2025-05-14,Billing,Medium,Resolved,2025-05-22
T001236,C0788,2025-04-06,Technical,Medium,Resolved,2025-04-14
T001237,C0789,2025-01-24,Product,Medium,Resolved,2025-02-07
T001238,C0791,2026-03-16,Billing,Medium,Resolved,
T001239,C0791,2026-04-10,Product,High,Resolved,
T001240,C0792,2025-05-18,Billing,Critical,Resolved,2025-05-30
T001241,C0793,2025-12-01,Billing,High,Open,
T001242,C0795,2025-09-10,Billing,High,Resolved,2025-09-24
T001243,C0795,2026-08-27,Account,Low,Resolved,2026-09-01
T001244,C0796,2025-06-04,Technical,Low,Pending,
T001245,C0796,2025-01-10,Product,Low,Resolved,2025-01-12
T001246,C0796,2025-12-05,Product,Low,Resolved,2025-12-18
T001247,C0797,2026-09-28,Product,Medium,Pending,
T001248,C0797,2026-08-16,Technical,High,Pending,2026-08-20
T001249,C0799,2026-08-08,Product,High,Pending,2026-08-12
T001250,C0800,2026-05-21,Product,Medium,Resolved,2026-06-02
T001251,C0800,2026-07-07,Product,High,Resolved,
T001252,C0803,2026-08-25,Technical,Low,Resolved,2026-08-27
T001253,C0805,2026-03-18,Billing,Low,Resolved,2026-03-26
T001254,C0805,2025-01-03,Technical,Medium,Open,2025-01-13
T001255,C0806,2025-08-03,Account,Medium,Resolved,2025-08-17
T001256,C0807,2026-07-16,Technical,Medium,Resolved,2026-07-27
T001257,C0807,2025-07-17,Billing,High,Open,2025-07-29
T001258,C0808,2026-02-10,Billing,Low,Resolved,
T001259,C0808,2025-09-24,Product,Medium,Resolved,2025-09-29
T001260,C0809,2026-04-06,Account,Low,Resolved,2026-04-16
T001261,C0810,2025-05-20,Account,Medium,Resolved,2025-06-03
T001262,C0810,2026-03-30,Billing,Medium,Resolved,2026-04-11
T001263,C0812,2026-09-10,Account,Medium,Resolved,
T001264,C0812,2026-05-21,Technical,Low,Resolved,2026-05-26
T001265,C0813,2026-05-10,Billing,Medium,Resolved,2026-05-15
T001266,C0814,2025-12-15,Technical,High,Open,2025-12-22
T001267,C0814,2025-08-02,Product,High,Resolved,2025-08-04
T001268,C0817,2025-04-23,Billing,High,Pending,2025-04-30
T001269,C0818,2025-07-27,Product,Medium,Resolved,2025-08-05
T001270,C0818,2025-05-15,Account,Low,Resolved,
T001271,C0819,2025-01-02,Billing,Critical,Resolved,2025-01-05
T001272,C0819,2025-04-11,Technical,Medium,Resolved,2025-04-22
T001273,C0822,2026-08-03,Technical,High,Pending,2026-08-13
T001274,C0822,2025-06-20,Account,Low,Resolved,
T001275,C0822,2025-03-10,Account,High,Resolved,2025-03-20
T001276,C0823,2025-03-14,Technical,Critical,Resolved,2025-03-22
T001277,C0826,2025-05-18,Account,Medium,Resolved,2025-05-31
T001278,C0827,2026-07-20,Account,Medium,Resolved,
T001279,C0827,2026-04-02,Technical,Low,Resolved,
T001280,C0830,2026-07-31,Product,Medium,Resolved,
T001281,C0831,2025-08-19,Technical,Low,Resolved,2025-08-24
T001282,C0831,2025-07-26,Account,High,Pending,
T001283,C0831,2025-05-06,Billing,Low,Resolved,2025-05-16
T001284,C0832,2026-03-27,Billing,Medium,Resolved,2026-04-10
T001285,C0833,2026-05-02,Technical,High,Open,
T001286,C0835,2026-07-22,Product,Medium,Resolved,2026-07-29
T001287,C0835,2026-07-12,Technical,Low,Resolved,2026-07-20
T001288,C0835,2026-05-29,Billing,Medium,Resolved,2026-06-11
T001289,C0835,2025-04-06,Technical,Medium,Resolved,2025-04-12
T001290,C0835,2025-03-15,Billing,Medium,Resolved,2025-03-21
T001291,C0835,2025-08-02,Technical,Medium,Resolved,2025-08-10
T001292,C0836,2025-03-27,Technical,Medium,Resolved,2025-04-03
T001293,C0837,2026-06-26,Account,Medium,Resolved,2026-06-30
T001294,C0838,2026-06-26,Technical,Low,Pending,2026-07-02
T001295,C0838,2025-04-06,Account,High,Resolved,
T001296,C0838,2025-11-12,Account,Low,Resolved,2025-11-24
T001297,C0838,2025-08-26,Billing,Medium,Resolved,2025-09-08
T001298,C0838,2025-02-10,Billing,Medium,Open,
T001299,C0838,2025-09-09,Account,Low,Resolved,2025-09-20
T001300,C0839,2026-02-20,Technical,Low,Resolved,2026-03-03
T001301,C0842,2025-03-02,Product,Low,Pending,2025-03-15
T001302,C0843,2026-03-14,Account,Medium,Open,2026-03-25
T001303,C0843,2026-05-10,Technical,Low,Resolved,
T001304,C0844,2025-08-20,Product,High,Resolved,
T001305,C0845,2026-09-27,Account,Low,Resolved,2026-10-07
T001306,C0845,2025-01-06,Product,Low,Resolved,2025-01-10
T001307,C0845,2025-12-15,Account,High,Resolved,2025-12-26
T001308,C0846,2025-10-25,Account,Low,Resolved,2025-10-26
T001309,C0848,2026-07-15,Account,Low,Resolved,2026-07-16
T001310,C0849,2025-04-22,Account,High,Resolved,2025-04-30
T001311,C0849,2026-08-09,Product,Low,Resolved,
T001312,C0849,2026-08-22,Technical,Medium,Resolved,2026-08-30
T001313,C0850,2026-02-25,Technical,Low,Pending,2026-02-27
T001314,C0850,2026-08-27,Technical,High,Resolved,2026-09-09
T001315,C0851,2026-08-16,Technical,Low,Resolved,2026-08-25
T001316,C0851,2025-05-23,Technical,Low,Resolved,2025-05-25
T001317,C0853,2026-06-27,Technical,Low,Resolved,2026-07-05
T001318,C0853,2025-05-11,Account,Low,Resolved,2025-05-18
T001319,C0854,2026-06-27,Technical,Medium,Resolved,2026-06-29
T001320,C0854,2025-03-07,Technical,Low,Resolved,2025-03-21
T001321,C0855,2025-03-30,Billing,Medium,Resolved,2025-04-06
T001322,C0856,2026-04-12,Product,Medium,Resolved,2026-04-25
T001323,C0857,2025-08-02,Account,Medium,Resolved,2025-08-16
T001324,C0857,2026-07-06,Product,Medium,Resolved,2026-07-13
T001325,C0857,2026-03-02,Product,Critical,Pending,2026-03-16
T001326,C0859,2025-04-05,Account,Medium,Resolved,2025-04-06
T001327,C0859,2025-12-19,Account,High,Resolved,2025-12-22
T001328,C0861,2025-01-30,Product,Low,Resolved,2025-02-02
T001329,C0862,2026-08-18,Billing,Medium,Resolved,2026-08-24
T001330,C0863,2026-01-14,Billing,High,Resolved,2026-01-16
T001331,C0863,2025-08-05,Billing,Medium,Resolved,2025-08-13
T001332,C0864,2025-05-12,Account,Medium,Resolved,2025-05-26
T001333,C0864,2025-12-22,Product,Low,Resolved,2026-01-02
T001334,C0865,2025-10-09,Product,Medium,Resolved,2025-10-14
T001335,C0867,2025-01-08,Product,High,Resolved,2025-01-09
T001336,C0867,2025-08-17,Billing,Medium,Pending,2025-08-23
T001337,C0868,2025-11-30,Account,Medium,Resolved,
T001338,C0868,2026-07-30,Product,Critical,Resolved,2026-08-10
T001339,C0870,2025-09-23,Technical,High,Resolved,2025-09-30
T001340,C0870,2025-12-31,Account,Medium,Resolved,2026-01-11
T001341,C0871,2026-06-27,Account,High,Resolved,2026-07-02
T001342,C0872,2025-03-17,Account,Low,Resolved,
T001343,C0872,2025-06-09,Technical,Medium,Resolved,2025-06-13
T001344,C0872,2025-06-28,Technical,Low,Resolved,
T001345,C0872,2026-03-26,Account,Medium,Open,2026-04-01
T001346,C0873,2026-04-07,Product,Low,Resolved,
T001347,C0874,2026-06-22,Product,High,Pending,2026-07-03
T001348,C0874,2025-06-04,Technical,Medium,Resolved,2025-06-16
T001349,C0877,2025-12-13,Technical,Medium,Open,2025-12-18
T001350,C0877,2025-05-27,Product,High,Resolved,2025-06-07
T001351,C0879,2026-09-30,Technical,High,Resolved,2026-10-08
T001352,C0880,2025-11-28,Technical,Medium,Resolved,
T001353,C0881,2025-09-20,Billing,Medium,Resolved,2025-09-28
T001354,C0881,2026-07-10,Technical,Low,Resolved,2026-07-17
T001355,C0881,2025-07-20,Technical,Medium,Resolved,2025-07-31
T001356,C0881,2026-08-09,Account,Medium,Resolved,
T001357,C0881,2025-02-10,Account,Low,Resolved,
T001358,C0881,2025-04-15,Technical,Medium,Resolved,
T001359,C0882,2025-12-17,Technical,Medium,Resolved,
T001360,C0882,2026-05-05,Account,Low,Resolved,2026-05-09
T001361,C0883,2026-04-11,Account,Medium,Resolved,2026-04-23
T001362,C0883,2025-02-06,Product,Medium,Resolved,2025-02-20
T001363,C0884,2025-03-18,Billing,Medium,Resolved,2025-03-28
T001364,C0884,2025-08-12,Account,High,Resolved,2025-08-16
T001365,C0886,2025-02-27,Billing,Low,Resolved,2025-02-28
T001366,C0886,2025-03-06,Product,Low,Resolved,2025-03-20
T001367,C0887,2025-10-12,Technical,Low,Resolved,2025-10-15
T001368,C0887,2025-05-17,Technical,Medium,Resolved,2025-05-30
T001369,C0887,2025-09-06,Product,Critical,Resolved,2025-09-20
T001370,C0887,2025-12-01,Billing,Low,Open,
T001371,C0887,2025-07-16,Technical,Medium,Resolved,2025-07-27
T001372,C0888,2025-01-27,Technical,Medium,Resolved,2025-01-31
T001373,C0888,2026-09-01,Billing,Medium,Resolved,2026-09-02
T001374,C0889,2025-12-13,Technical,Low,Resolved,2025-12-18
T001375,C0889,2025-03-06,Product,Low,Resolved,2025-03-11
T001376,C0889,2025-08-15,Account,High,Open,2025-08-25
T001377,C0891,2025-06-06,Account,Medium,Resolved,
T001378,C0893,2025-05-11,Billing,High,Pending,2025-05-19
T001379,C0895,2026-08-05,Account,Low,Resolved,2026-08-06
T001380,C0896,2025-02-22,Account,Low,Resolved,2025-03-05
T001381,C0898,2025-12-14,Account,High,Resolved,2025-12-22
T001382,C0900,2026-07-04,Product,High,Resolved,2026-07-16
T001383,C0900,2025-09-15,Product,Low,Open,2025-09-29
T001384,C0901,2025-08-12,Technical,High,Resolved,
T001385,C0902,2026-07-23,Product,High,Resolved,2026-08-05
T001386,C0903,2025-08-21,Billing,Low,Pending,2025-08-25
T001387,C0905,2026-07-07,Product,High,Resolved,2026-07-15
T001388,C0906,2026-09-14,Technical,Medium,Resolved,2026-09-22
T001389,C0906,2025-02-10,Product,Low,Pending,2025-02-15
T001390,C0907,2025-09-02,Account,Low,Resolved,2025-09-10
T001391,C0907,2026-05-12,Technical,High,Open,2026-05-16
T001392,C0908,2026-04-26,Billing,Low,Resolved,
T001393,C0908,2025-05-11,Account,Low,Resolved,2025-05-21
T001394,C0909,2026-07-25,Technical,Medium,Resolved,2026-08-06
T001395,C0909,2026-09-08,Product,Critical,Open,2026-09-15
T001396,C0910,2025-11-25,Technical,High,Resolved,2025-11-26
T001397,C0910,2026-06-14,Product,Low,Resolved,2026-06-20
T001398,C0910,2025-06-19,Product,Medium,Resolved,2025-06-25
T001399,C0911,2025-03-31,Billing,Medium,Pending,2025-04-10
T001400,C0911,2026-06-13,Account,High,Open,2026-06-20
T001401,C0911,2025-08-18,Billing,Medium,Resolved,2025-08-31
T001402,C0911,2025-04-05,Technical,Low,Pending,2025-04-18
T001403,C0912,2026-03-15,Product,High,Resolved,2026-03-18
T001404,C0912,2025-12-21,Billing,Medium,Resolved,2026-01-02
T001405,C0913,2026-07-19,Product,Medium,Resolved,
T001406,C0914,2025-11-28,Account,Medium,Resolved,2025-12-04
T001407,C0916,2025-05-07,Technical,Low,Resolved,2025-05-20
T001408,C0917,2025-11-23,Billing,Medium,Open,2025-12-05
T001409,C0917,2025-03-02,Account,High,Open,2025-03-09
T001410,C0918,2026-03-19,Product,High,Resolved,2026-03-22
T001411,C0918,2026-06-29,Billing,Medium,Resolved,
T001412,C0918,2025-12-20,Account,Low,Resolved,2025-12-25
T001413,C0920,2025-07-30,Technical,Medium,Open,
T001414,C0921,2025-07-19,Product,Medium,Resolved,2025-07-27
T001415,C0922,2026-08-15,Account,Medium,Resolved,
T001416,C0922,2025-12-20,Technical,Medium,Resolved,2025-12-21
T001417,C0922,2026-07-23,Billing,Low,Resolved,2026-07-26
T001418,C0922,2025-08-23,Technical,High,Resolved,
T001419,C0922,2026-09-23,Account,Low,Resolved,2026-09-24
T001420,C0922,2026-08-18,Technical,Low,Resolved,2026-08-19
T001421,C0923,2026-07-03,Account,Low,Resolved,2026-07-11
T001422,C0924,2025-04-28,Account,Medium,Pending,
T001423,C0925,2025-05-31,Account,High,Resolved,2025-06-14
T001424,C0925,2025-06-21,Product,Low,Resolved,2025-06-28
T001425,C0925,2025-04-05,Account,Low,Resolved,2025-04-11
T001426,C0926,2025-05-13,Billing,Low,Resolved,2025-05-26
T001427,C0926,2026-09-28,Product,Low,Open,2026-10-08
T001428,C0927,2026-03-06,Product,Low,Resolved,2026-03-11
T001429,C0927,2026-05-06,Billing,Low,Open,2026-05-20
T001430,C0927,2025-05-09,Billing,High,Resolved,2025-05-15
T001431,C0929,2025-01-31,Product,Medium,Resolved,2025-02-04
T001432,C0929,2026-04-10,Billing,Low,Pending,2026-04-18
T001433,C0930,2026-06-17,Product,Medium,Resolved,2026-06-19
T001434,C0932,2026-02-24,Technical,High,Resolved,2026-02-25
T001435,C0932,2025-08-03,Product,Medium,Resolved,
T001436,C0933,2025-01-04,Account,Low,Resolved,2025-01-12
T001437,C0933,2025-09-29,Technical,Low,Resolved,2025-10-08
T001438,C0933,2025-07-22,Billing,Medium,Resolved,2025-08-02
T001439,C0933,2025-06-11,Product,Medium,Resolved,2025-06-12
T001440,C0934,2025-08-31,Account,Low,Resolved,2025-09-06
T001441,C0935,2026-02-06,Technical,Critical,Resolved,2026-02-09
T001442,C0936,2025-08-06,Product,Low,Resolved,2025-08-14
T001443,C0936,2026-01-28,Billing,Low,Open,2026-01-31
T001444,C0936,2025-02-08,Account,Low,Resolved,2025-02-13
T001445,C0936,2025-08-31,Account,Low,Resolved,2025-09-03
T001446,C0937,2025-12-10,Technical,High,Resolved,2025-12-11
T001447,C0937,2025-04-01,Account,Low,Open,2025-04-04
T001448,C0938,2025-09-18,Product,Low,Pending,2025-09-21
T001449,C0938,2025-11-30,Billing,Critical,Resolved,2025-12-14
T001450,C0938,2025-08-03,Account,High,Pending,2025-08-06
T001451,C0938,2026-04-30,Account,Medium,Resolved,2026-05-05
T001452,C0939,2025-10-17,Billing,Medium,Resolved,2025-10-25
T001453,C0940,2025-04-11,Technical,Low,Resolved,
T001454,C0943,2025-03-11,Technical,Low,Resolved,2025-03-22
T001455,C0943,2026-02-03,Technical,Medium,Resolved,2026-02-13
T001456,C0944,2025-06-11,Billing,Low,Open,2025-06-12
T001457,C0945,2026-02-12,Account,Critical,Resolved,2026-02-18
T001458,C0946,2025-08-06,Product,Critical,Resolved,2025-08-08
T001459,C0946,2026-04-15,Product,Low,Resolved,2026-04-20
T001460,C0946,2025-05-02,Product,Medium,Resolved,2025-05-16
T001461,C0947,2026-05-04,Product,High,Resolved,2026-05-10
T001462,C0948,2026-03-09,Technical,Low,Resolved,2026-03-13
T001463,C0949,2025-08-16,Billing,Critical,Resolved,
T001464,C0949,2025-03-01,Account,High,Resolved,2025-03-11
T001465,C0952,2025-12-29,Technical,Low,Resolved,
T001466,C0952,2025-05-22,Billing,Medium,Resolved,2025-05-29
T001467,C0952,2025-08-03,Technical,High,Resolved,2025-08-09
T001468,C0952,2026-04-02,Account,Medium,Open,2026-04-09
T001469,C0953,2026-10-01,Product,Medium,Resolved,2026-10-08
T001470,C0953,2025-08-07,Product,Medium,Resolved,2025-08-15
T001471,C0954,2025-02-15,Product,High,Resolved,2025-02-25
T001472,C0954,2025-12-16,Billing,Low,Resolved,2025-12-19
T001473,C0956,2026-09-01,Account,Low,Pending,
T001474,C0956,2025-02-25,Product,Critical,Resolved,2025-03-08
T001475,C0956,2026-07-27,Billing,Critical,Resolved,2026-08-02
T001476,C0957,2025-03-07,Account,Medium,Resolved,
T001477,C0959,2025-09-04,Product,Low,Resolved,
T001478,C0959,2026-01-12,Technical,Medium,Pending,2026-01-22
T001479,C0959,2026-10-01,Product,Medium,Resolved,2026-10-14
T001480,C0960,2026-07-16,Billing,Low,Resolved,2026-07-17
T001481,C0961,2026-02-01,Technical,Medium,Resolved,2026-02-03
T001482,C0962,2026-02-08,Technical,Medium,Resolved,2026-02-19
T001483,C0962,2026-01-22,Technical,Medium,Pending,2026-01-27
T001484,C0963,2025-06-23,Billing,Critical,Resolved,2025-06-29
T001485,C0965,2026-09-12,Account,Low,Resolved,2026-09-23
T001486,C0965,2026-03-18,Technical,Low,Open,
T001487,C0966,2026-07-08,Technical,Low,Resolved,2026-07-09
T001488,C0966,2026-03-09,Technical,Medium,Pending,2026-03-20
T001489,C0970,2025-03-26,Product,Medium,Resolved,2025-03-28
T001490,C0970,2026-03-16,Account,Low,Resolved,2026-03-24
T001491,C0971,2025-07-03,Product,Low,Resolved,2025-07-16
T001492,C0972,2025-02-20,Account,High,Resolved,2025-02-25
T001493,C0972,2025-10-29,Billing,Low,Resolved,2025-11-08
T001494,C0973,2026-03-13,Billing,Medium,Resolved,2026-03-15
T001495,C0974,2025-05-10,Billing,Low,Resolved,2025-05-20
T001496,C0975,2025-06-10,Account,Low,Resolved,2025-06-13
T001497,C0975,2026-01-29,Technical,Medium,Resolved,2026-02-09
T001498,C0975,2026-04-22,Account,Low,Resolved,2026-04-29
T001499,C0976,2026-01-21,Product,Medium,Resolved,2026-01-27
T001500,C0977,2026-07-06,Account,Medium,Resolved,2026-07-20
T001501,C0978,2026-08-14,Product,High,Resolved,2026-08-22
T001502,C0978,2026-09-21,Account,Medium,Resolved,2026-09-28
T001503,C0979,2026-03-17,Product,Medium,Resolved,2026-03-30
T001504,C0979,2025-11-13,Product,Low,Pending,2025-11-17
T001505,C0979,2026-07-05,Product,Medium,Resolved,2026-07-14
T001506,C0980,2026-03-17,Product,Medium,Resolved,2026-03-22
T001507,C0981,2026-09-21,Technical,Low,Resolved,
T001508,C0981,2025-07-20,Technical,Low,Open,2025-07-28
T001509,C0981,2025-09-05,Account,Medium,Resolved,2025-09-16
T001510,C0981,2026-03-07,Account,Low,Pending,
T001511,C0982,2026-09-15,Technical,Medium,Resolved,2026-09-25
T001512,C0983,2026-06-29,Product,Low,Resolved,2026-07-10
T001513,C0983,2025-07-25,Billing,High,Resolved,2025-08-03
T001514,C0983,2025-09-21,Technical,Medium,Resolved,2025-09-22
T001515,C0984,2026-07-27,Technical,High,Resolved,2026-08-09
T001516,C0984,2025-01-17,Technical,High,Resolved,2025-01-21
T001517,C0985,2026-03-09,Product,High,Resolved,2026-03-17
T001518,C0985,2025-06-17,Technical,High,Pending,2025-06-30
T001519,C0986,2026-06-04,Billing,Low,Open,2026-06-09
T001520,C0986,2026-06-29,Product,Medium,Pending,2026-07-13
T001521,C0988,2025-04-23,Billing,Low,Resolved,2025-05-01
T001522,C0990,2026-01-13,Account,High,Pending,2026-01-14
T001523,C0991,2025-05-08,Product,Medium,Pending,2025-05-20
T001524,C0992,2025-02-21,Account,Medium,Resolved,2025-03-04
T001525,C0992,2025-02-23,Billing,Low,Resolved,2025-02-26
T001526,C0993,2026-05-30,Technical,Medium,Resolved,2026-06-04
T001527,C0994,2026-08-07,Technical,Medium,Resolved,2026-08-21
T001528,C0994,2025-11-05,Technical,Low,Pending,2025-11-07
T001529,C0994,2025-10-04,Technical,Critical,Resolved,2025-10-13
T001530,C0994,2025-03-06,Account,Medium,Resolved,2025-03-10
T001531,C0996,2026-08-26,Technical,Low,Resolved,
T001532,C0997,2025-06-03,Product,Medium,Pending,2025-06-06
T001533,C0997,2025-04-12,Product,Low,Resolved,2025-04-14
T001534,C0997,2025-09-13,Product,Medium,Resolved,2025-09-27
T001535,C0998,2026-09-06,Billing,Low,Resolved,2026-09-08
T001536,C0998,2025-05-26,Product,Low,Resolved,
T001537,C0998,2026-01-14,Product,Low,Resolved,
T001538,C0999,2026-01-30,Technical,Medium,Open,
T001539,C0999,2025-10-30,Account,Low,Resolved,2025-11-10
T001540,C1001,2026-06-23,Billing,High,Resolved,2026-06-25
T001541,C1001,2025-04-13,Account,Low,Resolved,
T001542,C1003,2025-09-07,Technical,High,Resolved,
T001543,C1003,2025-08-28,Product,High,Open,2025-09-09
T001544,C1007,2025-10-02,Product,Low,Open,2025-10-15
T001545,C1007,2025-04-01,Account,Medium,Resolved,2025-04-05
T001546,C1008,2026-02-13,Billing,Medium,Resolved,
T001547,C1008,2025-04-30,Product,High,Pending,2025-05-08
T001548,C1009,2026-02-21,Account,Medium,Resolved,2026-02-23
T001549,C1012,2026-08-05,Product,Medium,Resolved,2026-08-12
T001550,C1014,2025-02-14,Technical,High,Resolved,
T001551,C1016,2026-04-25,Account,Low,Resolved,2026-05-06
T001552,C1016,2025-05-23,Account,High,Pending,2025-05-25
T001553,C1017,2026-05-10,Product,Medium,Resolved,2026-05-21
T001554,C1017,2026-08-23,Account,High,Open,2026-09-04
T001555,C1019,2025-08-07,Billing,Low,Pending,2025-08-19
T001556,C1020,2026-05-10,Billing,High,Resolved,2026-05-14
T001557,C1022,2025-07-15,Product,Medium,Resolved,2025-07-29
T001558,C1023,2026-08-27,Technical,Medium,Resolved,2026-09-08
T001559,C1023,2026-05-26,Account,Medium,Resolved,
T001560,C1024,2025-08-01,Product,Low,Resolved,2025-08-11
T001561,C1024,2026-02-15,Billing,Low,Resolved,2026-02-17
T001562,C1026,2026-05-15,Billing,Low,Open,2026-05-17
T001563,C1026,2026-02-18,Product,High,Resolved,2026-02-27
T001564,C1027,2025-08-30,Account,High,Resolved,
T001565,C1027,2026-04-09,Product,Medium,Open,2026-04-11
T001566,C1028,2025-06-22,Billing,High,Resolved,2025-06-26
T001567,C1028,2026-07-08,Account,Medium,Pending,2026-07-10
T001568,C1029,2025-06-04,Product,High,Resolved,2025-06-10
T001569,C1029,2025-02-14,Account,High,Resolved,2025-02-17
T001570,C1030,2026-01-29,Technical,Medium,Resolved,2026-02-03
T001571,C1030,2026-03-18,Account,Low,Open,2026-03-26
T001572,C1030,2026-07-08,Technical,Low,Resolved,2026-07-17
T001573,C1031,2026-02-28,Product,Medium,Resolved,
T001574,C1032,2025-08-01,Product,Low,Pending,
T001575,C1032,2025-03-02,Billing,Low,Pending,2025-03-16
T001576,C1032,2026-09-17,Technical,Low,Open,2026-09-25
T001577,C1035,2025-01-24,Billing,Low,Resolved,2025-01-29
T001578,C1036,2025-10-30,Technical,High,Resolved,2025-11-12
T001579,C1036,2025-01-03,Product,Medium,Pending,2025-01-04
T001580,C1036,2025-08-05,Account,Low,Resolved,2025-08-17
T001581,C1037,2025-11-12,Product,High,Resolved,2025-11-17
T001582,C1037,2025-07-27,Product,Medium,Resolved,2025-08-07
T001583,C1037,2026-04-14,Product,High,Pending,2026-04-26
T001584,C1037,2025-01-27,Product,Low,Pending,2025-02-01
T001585,C1038,2025-01-04,Account,High,Pending,2025-01-08
T001586,C1039,2026-01-27,Product,Low,Resolved,2026-02-06
T001587,C1039,2026-03-28,Technical,Low,Resolved,2026-03-30
T001588,C1039,2026-05-31,Product,Low,Resolved,
T001589,C1039,2025-06-04,Account,Medium,Resolved,2025-06-17
T001590,C1042,2025-12-23,Product,Medium,Resolved,2026-01-01
T001591,C1042,2026-05-24,Billing,Low,Resolved,2026-06-01
T001592,C1043,2026-06-25,Product,High,Resolved,2026-07-03
T001593,C1044,2025-11-30,Product,Medium,Resolved,2025-12-08
T001594,C1044,2026-08-23,Billing,Low,Resolved,2026-09-01
T001595,C1045,2025-06-19,Account,Medium,Pending,2025-06-27
T001596,C1046,2025-11-27,Technical,Medium,Resolved,2025-12-03
T001597,C1048,2025-02-01,Billing,Low,Resolved,2025-02-06
T001598,C1049,2025-02-02,Technical,High,Resolved,2025-02-06
T001599,C1049,2025-12-06,Technical,Low,Resolved,2025-12-19
T001600,C1052,2026-03-29,Billing,Low,Resolved,2026-04-02
T001601,C1052,2025-11-11,Technical,High,Resolved,2025-11-22
T001602,C1053,2026-10-01,Product,Medium,Pending,
T001603,C1053,2025-08-26,Billing,High,Resolved,2025-09-06
T001604,C1054,2026-03-02,Account,Medium,Resolved,
T001605,C1055,2025-04-26,Billing,Medium,Resolved,
T001606,C1056,2025-11-27,Product,Critical,Resolved,
T001607,C1056,2025-11-02,Billing,Low,Open,
T001608,C1057,2025-05-07,Technical,Low,Resolved,2025-05-21
T001609,C1057,2025-09-08,Product,High,Open,2025-09-20
T001610,C1058,2025-10-30,Billing,Low,Resolved,
T001611,C1058,2026-07-22,Billing,Medium,Resolved,2026-07-29
T001612,C1059,2026-01-01,Account,Medium,Pending,2026-01-04
T001613,C1059,2026-09-19,Billing,Medium,Resolved,2026-10-03
T001614,C1059,2026-08-22,Account,Medium,Pending,2026-09-03
T001615,C1060,2025-10-24,Product,Low,Resolved,2025-11-04
T001616,C1062,2026-01-29,Account,Low,Resolved,2026-02-02
T001617,C1062,2026-01-07,Technical,Low,Resolved,2026-01-15
T001618,C1062,2026-02-01,Product,High,Resolved,
T001619,C1063,2025-03-21,Product,Medium,Pending,2025-03-27
T001620,C1063,2026-08-06,Product,Low,Resolved,2026-08-15
T001621,C1065,2025-12-16,Technical,Medium,Resolved,2025-12-19
T001622,C1066,2025-06-18,Technical,High,Resolved,2025-06-26
T001623,C1066,2025-07-13,Account,Low,Resolved,2025-07-25
T001624,C1066,2026-02-18,Account,Low,Resolved,2026-03-01
T001625,C1067,2025-11-09,Product,Low,Resolved,2025-11-19
T001626,C1067,2025-02-18,Account,High,Resolved,2025-02-20
T001627,C1068,2026-09-24,Product,Low,Pending,2026-09-28
T001628,C1069,2025-02-23,Billing,Medium,Resolved,2025-03-08
T001629,C1071,2025-12-05,Billing,High,Pending,2025-12-12
T001630,C1072,2025-05-01,Billing,Medium,Resolved,
T001631,C1072,2026-09-22,Billing,Critical,Resolved,2026-09-28
T001632,C1074,2026-01-20,Billing,Low,Pending,2026-01-27
T001633,C1075,2025-06-12,Account,Medium,Resolved,2025-06-15
T001634,C1075,2025-12-03,Billing,Low,Resolved,2025-12-11
T001635,C1076,2026-06-09,Technical,Medium,Resolved,2026-06-23
T001636,C1076,2025-09-24,Billing,Medium,Resolved,2025-09-26
T001637,C1077,2025-06-30,Account,Low,Resolved,
T001638,C1077,2026-07-18,Technical,Low,Resolved,2026-07-22
T001639,C1077,2025-11-24,Account,High,Resolved,
T001640,C1078,2026-05-23,Account,Medium,Resolved,2026-05-24
T001641,C1078,2025-06-04,Product,Low,Open,2025-06-13
T001642,C1079,2025-04-10,Technical,High,Resolved,2025-04-11
T001643,C1079,2026-09-03,Billing,Low,Resolved,2026-09-06
T001644,C1080,2025-08-11,Technical,Critical,Pending,2025-08-15
T001645,C1081,2026-05-14,Billing,Critical,Resolved,2026-05-17
T001646,C1081,2025-01-02,Technical,High,Resolved,
T001647,C1081,2025-02-24,Product,High,Pending,2025-02-28
T001648,C1081,2026-08-13,Billing,Low,Resolved,2026-08-19
T001649,C1082,2025-03-24,Technical,High,Pending,2025-04-06
T001650,C1083,2025-11-04,Technical,Low,Resolved,2025-11-13
T001651,C1085,2026-01-12,Billing,Medium,Resolved,2026-01-17
T001652,C1086,2025-08-31,Technical,Low,Resolved,2025-09-06
T001653,C1087,2026-07-08,Product,High,Pending,
T001654,C1087,2025-11-04,Technical,Medium,Resolved,2025-11-18
T001655,C1087,2025-05-04,Product,Low,Resolved,2025-05-13
T001656,C1087,2025-07-02,Billing,High,Resolved,
T001657,C1087,2025-11-06,Technical,Medium,Resolved,2025-11-08
T001658,C1088,2025-02-11,Billing,High,Resolved,2025-02-23
T001659,C1088,2026-04-02,Account,High,Open,2026-04-04
T001660,C1089,2026-05-25,Account,Medium,Resolved,2026-06-04
T001661,C1090,2026-09-10,Billing,High,Pending,2026-09-19
T001662,C1090,2025-03-03,Technical,Medium,Pending,
T001663,C1093,2026-05-05,Billing,Medium,Resolved,2026-05-07
T001664,C1093,2026-03-14,Technical,Low,Resolved,2026-03-27
T001665,C1096,2026-02-23,Account,Medium,Resolved,2026-02-28
T001666,C1098,2025-06-06,Technical,Medium,Resolved,2025-06-15
T001667,C1099,2026-06-22,Technical,Medium,Resolved,2026-06-30
T001668,C1099,2025-09-03,Billing,Low,Resolved,2025-09-09
T001669,C1100,2026-08-27,Product,High,Pending,
T001670,C1100,2025-08-30,Account,Low,Resolved,2025-09-13
T001671,C1101,2026-07-20,Technical,Critical,Pending,2026-08-01
T001672,C1101,2025-07-15,Technical,Medium,Resolved,2025-07-28
T001673,C1102,2026-01-04,Billing,Medium,Resolved,2026-01-15
T001674,C1102,2025-08-04,Technical,Medium,Open,2025-08-06
T001675,C1102,2025-12-17,Billing,Low,Resolved,2025-12-21
T001676,C1102,2026-04-17,Product,Low,Resolved,2026-04-28
T001677,C1102,2025-07-05,Technical,Medium,Pending,2025-07-07
T001678,C1104,2025-05-09,Billing,High,Pending,2025-05-20
T001679,C1104,2025-03-18,Billing,Low,Resolved,
T001680,C1105,2026-05-29,Billing,Low,Resolved,
T001681,C1105,2025-11-22,Product,High,Resolved,2025-11-28
T001682,C1107,2026-03-21,Technical,Medium,Resolved,2026-04-02
T001683,C1107,2025-07-05,Technical,Medium,Resolved,2025-07-18
T001684,C1107,2026-05-08,Billing,Medium,Resolved,2026-05-12
T001685,C1108,2026-06-19,Billing,High,Pending,2026-07-01
T001686,C1108,2025-08-10,Product,Low,Resolved,2025-08-22
T001687,C1109,2026-05-12,Product,High,Pending,2026-05-18
T001688,C1111,2026-03-13,Billing,Low,Resolved,2026-03-18
T001689,C1111,2025-02-14,Product,High,Resolved,
T001690,C1111,2026-09-23,Billing,Medium,Resolved,2026-10-04
T001691,C1111,2026-07-15,Billing,High,Resolved,
T001692,C1112,2026-09-28,Billing,Medium,Resolved,2026-10-11
T001693,C1113,2025-07-28,Billing,Low,Resolved,2025-08-06
T001694,C1114,2025-06-11,Product,Low,Resolved,2025-06-18
T001695,C1114,2025-06-02,Account,Low,Resolved,2025-06-15
T001696,C1114,2026-06-22,Product,Low,Resolved,2026-07-06
T001697,C1114,2025-09-07,Account,Medium,Open,2025-09-13
T001698,C1116,2026-04-05,Product,Low,Resolved,2026-04-16
T001699,C1116,2025-05-28,Account,Medium,Resolved,2025-06-04
T001700,C1117,2025-05-23,Product,Low,Pending,2025-05-25
T001701,C1118,2025-01-21,Billing,Medium,Resolved,
T001702,C1118,2025-03-16,Product,Medium,Resolved,2025-03-26
T001703,C1118,2025-09-13,Technical,Medium,Resolved,2025-09-14
T001704,C1119,2025-08-19,Product,High,Resolved,
T001705,C1120,2025-07-14,Technical,Low,Resolved,
T001706,C1120,2025-03-06,Billing,Medium,Resolved,2025-03-18
T001707,C1121,2026-01-08,Billing,Medium,Open,2026-01-19
T001708,C1121,2026-01-23,Product,Low,Resolved,2026-02-05
T001709,C1122,2026-05-22,Billing,Medium,Resolved,2026-05-25
T001710,C1122,2026-04-25,Product,Low,Resolved,2026-04-28
T001711,C1123,2025-12-16,Account,Medium,Resolved,2025-12-26
T001712,C1123,2025-04-12,Account,High,Resolved,2025-04-19
T001713,C1124,2026-05-01,Technical,High,Resolved,2026-05-02
T001714,C1125,2026-07-21,Billing,Medium,Resolved,2026-08-02
T001715,C1125,2025-01-25,Billing,Low,Resolved,
T001716,C1127,2026-01-05,Technical,Medium,Resolved,2026-01-13
T001717,C1127,2026-06-13,Account,Low,Resolved,
T001718,C1130,2025-01-11,Billing,High,Open,2025-01-17
T001719,C1131,2025-05-05,Account,Low,Resolved,2025-05-07
T001720,C1133,2025-05-20,Account,Medium,Pending,
T001721,C1133,2025-03-24,Billing,Low,Resolved,2025-04-03
T001722,C1134,2025-01-06,Billing,Low,Resolved,2025-01-15
T001723,C1134,2026-03-04,Billing,Low,Resolved,2026-03-10
T001724,C1134,2025-05-09,Product,Low,Resolved,2025-05-16
T001725,C1135,2026-03-26,Technical,Low,Resolved,2026-04-06
T001726,C1135,2025-08-22,Account,Medium,Resolved,2025-09-05
T001727,C1135,2025-04-22,Account,High,Pending,2025-04-27
T001728,C1135,2025-03-04,Account,Medium,Pending,2025-03-09
T001729,C1136,2026-06-17,Product,Low,Pending,2026-06-22
T001730,C1137,2026-03-14,Product,Medium,Resolved,2026-03-25
T001731,C1137,2026-01-06,Technical,Medium,Resolved,2026-01-19
T001732,C1138,2026-06-25,Technical,Medium,Resolved,2026-07-05
T001733,C1138,2026-06-22,Billing,Medium,Resolved,2026-06-24
T001734,C1140,2026-07-31,Account,Low,Resolved,2026-08-04
T001735,C1141,2025-03-04,Billing,Low,Resolved,2025-03-17
T001736,C1141,2026-08-24,Account,Low,Pending,
T001737,C1141,2025-05-28,Product,Low,Resolved,2025-06-01
T001738,C1142,2026-05-05,Product,Low,Resolved,2026-05-18
T001739,C1142,2025-01-29,Technical,Medium,Resolved,2025-02-09
T001740,C1142,2026-09-07,Product,Low,Pending,2026-09-14
T001741,C1143,2025-01-02,Account,High,Resolved,2025-01-03
T001742,C1143,2026-03-27,Product,Medium,Pending,2026-03-28
T001743,C1144,2026-03-17,Billing,Medium,Open,2026-03-25
T001744,C1144,2025-07-03,Technical,Medium,Open,2025-07-07
T001745,C1144,2025-04-07,Billing,High,Resolved,
T001746,C1145,2026-01-05,Product,Low,Resolved,2026-01-11
T001747,C1146,2026-02-13,Technical,Low,Resolved,
T001748,C1147,2026-06-28,Billing,Medium,Resolved,2026-07-06
T001749,C1147,2026-09-26,Technical,High,Pending,2026-09-30
T001750,C1148,2025-08-08,Technical,High,Resolved,
T001751,C1148,2026-08-06,Technical,Low,Pending,2026-08-19
T001752,C1148,2025-07-14,Billing,Low,Resolved,2025-07-16
T001753,C1149,2025-01-12,Billing,Low,Resolved,2025-01-21
T001754,C1149,2025-05-13,Technical,Low,Resolved,2025-05-27
T001755,C1150,2025-05-13,Account,Critical,Resolved,2025-05-25
T001756,C1150,2026-07-12,Billing,Medium,Resolved,
T001757,C1153,2025-10-23,Account,Medium,Resolved,2025-10-24
T001758,C1154,2026-01-03,Technical,High,Resolved,2026-01-05
T001759,C1155,2025-05-03,Account,High,Resolved,2025-05-12
T001760,C1155,2025-10-31,Technical,Medium,Resolved,2025-11-02
T001761,C1155,2026-03-11,Product,High,Resolved,2026-03-17
T001762,C1155,2025-03-03,Billing,Low,Pending,2025-03-08
T001763,C1156,2026-04-24,Account,Low,Resolved,
T001764,C1158,2026-02-19,Account,Low,Resolved,2026-02-21
T001765,C1159,2025-02-14,Account,Low,Resolved,
T001766,C1159,2025-07-30,Billing,Low,Resolved,2025-07-31
T001767,C1160,2025-09-21,Technical,Medium,Resolved,2025-10-01
T001768,C1161,2025-01-16,Product,Low,Resolved,
T001769,C1161,2026-03-25,Billing,Low,Pending,2026-04-05
T001770,C1163,2026-07-17,Technical,Medium,Resolved,2026-07-29
T001771,C1164,2025-12-26,Technical,Medium,Resolved,2026-01-06
T001772,C1164,2026-05-08,Technical,High,Resolved,2026-05-09
T001773,C1164,2026-07-04,Technical,Low,Resolved,2026-07-17
T001774,C1165,2025-07-13,Account,Low,Resolved,2025-07-25
T001775,C1167,2025-04-16,Product,Medium,Resolved,2025-04-29
T001776,C1167,2025-02-19,Technical,High,Pending,2025-02-24
T001777,C1168,2026-05-23,Billing,Low,Open,2026-06-04
T001778,C1168,2026-02-10,Technical,Low,Resolved,2026-02-14
T001779,C1169,2025-07-11,Product,Medium,Resolved,2025-07-13
T001780,C1172,2026-03-04,Product,Medium,Resolved,2026-03-09
T001781,C1173,2025-12-31,Product,Medium,Open,2026-01-06
T001782,C1174,2026-04-23,Account,High,Resolved,2026-05-06
T001783,C1174,2025-05-01,Billing,Medium,Resolved,2025-05-05
T001784,C1175,2026-02-20,Billing,Low,Resolved,2026-03-06
T001785,C1175,2025-03-20,Product,Low,Pending,
T001786,C1175,2025-05-04,Account,Medium,Resolved,
T001787,C1177,2026-06-02,Technical,Low,Pending,2026-06-07
T001788,C1177,2026-04-28,Account,Medium,Resolved,2026-05-08
T001789,C1178,2026-03-14,Billing,Low,Resolved,
T001790,C1179,2025-12-13,Product,Medium,Resolved,2025-12-14
T001791,C1181,2025-09-08,Account,High,Open,
T001792,C1181,2026-06-26,Product,Low,Resolved,2026-07-02
T001793,C1181,2026-05-29,Account,High,Resolved,2026-06-06
T001794,C1182,2026-07-31,Product,Medium,Resolved,
T001795,C1182,2025-12-07,Technical,Medium,Resolved,2025-12-13
T001796,C1183,2026-08-23,Product,Medium,Resolved,2026-09-03
T001797,C1183,2026-06-05,Technical,High,Resolved,2026-06-17
T001798,C1184,2025-06-20,Technical,High,Resolved,2025-07-01
T001799,C1184,2025-01-19,Account,Low,Resolved,2025-01-26
T001800,C1185,2026-03-10,Product,Medium,Pending,2026-03-21
T001801,C1186,2025-12-28,Technical,Low,Resolved,
T001802,C1186,2026-04-26,Product,Critical,Pending,2026-05-08
T001803,C1186,2025-04-29,Product,Low,Resolved,
T001804,C1187,2026-07-08,Technical,High,Resolved,2026-07-14
T001805,C1188,2025-05-30,Account,Medium,Resolved,
T001806,C1188,2025-11-11,Billing,Critical,Resolved,2025-11-12
T001807,C1188,2026-01-23,Account,Low,Resolved,2026-02-04
T001808,C1188,2026-08-06,Technical,Medium,Resolved,2026-08-11
T001809,C1189,2026-05-08,Technical,Medium,Resolved,2026-05-14
T001810,C1191,2026-03-12,Product,Medium,Resolved,2026-03-14
T001811,C1191,2026-01-07,Product,Low,Resolved,2026-01-16
T001812,C1192,2026-03-24,Account,Low,Resolved,2026-03-31
T001813,C1193,2026-02-11,Product,High,Open,2026-02-20
T001814,C1194,2025-01-01,Account,Low,Pending,2025-01-13
T001815,C1195,2025-11-26,Technical,Medium,Resolved,2025-12-10
T001816,C1197,2025-02-20,Billing,Low,Resolved,2025-02-28
T001817,C1197,2025-08-08,Account,Medium,Resolved,2025-08-09
T001818,C1197,2026-06-28,Product,Medium,Resolved,2026-07-10
T001819,C1198,2025-02-19,Billing,Low,Resolved,
T001820,C1198,2025-12-14,Account,Medium,Pending,2025-12-19
T001821,C1199,2025-08-31,Product,Medium,Open,2025-09-11
T001822,C1200,2026-05-17,Billing,Low,Resolved,2026-05-28
T001823,C1200,2026-07-10,Billing,Low,Resolved,2026-07-18
T001824,C1200,2025-09-06,Product,Low,Resolved,2025-09-14
T001825,C1200,2026-06-09,Technical,Critical,Resolved,2026-06-20
T001826,C1202,2025-07-25,Account,Medium,Resolved,2025-08-02
T001827,C1202,2026-07-19,Account,Medium,Resolved,2026-08-01
T001828,C1203,2025-10-31,Product,Low,Resolved,2025-11-09
T001829,C1203,2026-01-16,Billing,Medium,Resolved,2026-01-19
T001830,C1203,2025-10-20,Product,Low,Pending,
T001831,C1205,2025-07-07,Account,High,Pending,2025-07-13
T001832,C1205,2025-06-24,Billing,Medium,Resolved,2025-07-02
T001833,C1207,2026-01-15,Technical,Low,Pending,2026-01-27
T001834,C1208,2025-08-28,Product,Low,Pending,2025-09-09
T001835,C1210,2026-09-16,Account,Medium,Pending,2026-09-29
T001836,C1210,2025-12-04,Technical,Low,Resolved,2025-12-06
T001837,C1210,2025-07-18,Account,Low,Resolved,2025-07-31
T001838,C1211,2025-01-01,Technical,Medium,Pending,2025-01-15
T001839,C1211,2025-08-17,Account,Low,Pending,2025-08-19
T001840,C1212,2026-07-24,Account,Medium,Resolved,2026-07-26
T001841,C1212,2025-11-27,Technical,Low,Resolved,2025-12-11
T001842,C1212,2025-03-17,Technical,High,Resolved,2025-03-23
T001843,C1214,2025-10-27,Product,Low,Resolved,2025-11-07
T001844,C1214,2025-04-18,Technical,Medium,Pending,2025-04-23
T001845,C1215,2025-11-03,Account,High,Pending,
T001846,C1217,2025-06-09,Technical,Low,Resolved,2025-06-14
T001847,C1217,2026-04-19,Technical,Low,Resolved,2026-04-27
T001848,C1218,2026-09-17,Technical,Low,Resolved,2026-09-20
T001849,C1218,2025-03-25,Technical,Medium,Pending,2025-04-03
T001850,C1218,2025-01-10,Product,High,Pending,2025-01-19
T001851,C1220,2025-12-19,Account,Medium,Resolved,2025-12-23
T001852,C1222,2026-09-14,Billing,Medium,Pending,2026-09-25
T001853,C1222,2025-09-09,Product,Medium,Resolved,2025-09-22
T001854,C1222,2026-05-21,Technical,Medium,Resolved,2026-05-31
T001855,C1223,2026-01-25,Technical,Medium,Resolved,2026-01-27
T001856,C1223,2025-09-03,Account,Medium,Resolved,2025-09-16
T001857,C1223,2026-08-03,Product,High,Open,2026-08-15
T001858,C1224,2026-04-02,Technical,Low,Resolved,2026-04-09
T001859,C1225,2025-09-11,Billing,Low,Resolved,
T001860,C1226,2025-01-13,Account,Low,Resolved,
T001861,C1226,2025-05-09,Account,Medium,Resolved,2025-05-21
T001862,C1227,2025-08-01,Account,Low,Pending,2025-08-02
T001863,C1228,2025-02-21,Technical,Low,Resolved,2025-02-27
T001864,C1228,2025-06-04,Technical,Low,Resolved,2025-06-11
T001865,C1228,2026-04-28,Product,Medium,Resolved,2026-05-08
T001866,C1229,2026-04-03,Product,Low,Resolved,2026-04-13
T001867,C1230,2025-05-14,Technical,Medium,Resolved,2025-05-27
T001868,C1231,2025-04-06,Account,High,Resolved,
T001869,C1231,2026-02-16,Technical,Medium,Resolved,2026-03-02
T001870,C1231,2025-12-25,Account,Low,Open,2025-12-31
T001871,C1232,2025-03-10,Billing,Medium,Resolved,2025-03-14
T001872,C1234,2026-01-25,Account,Low,Resolved,
T001873,C1234,2025-01-19,Account,Medium,Pending,2025-01-27
T001874,C1235,2025-08-23,Account,Medium,Pending,2025-09-06
T001875,C1236,2025-02-21,Technical,Medium,Open,2025-03-04
T001876,C1236,2025-07-31,Account,Low,Resolved,2025-08-03
T001877,C1237,2025-03-14,Billing,Medium,Resolved,
T001878,C1237,2025-01-14,Account,Medium,Resolved,2025-01-24
T001879,C1238,2025-04-05,Product,Low,Resolved,2025-04-18
T001880,C1239,2025-04-15,Account,Low,Resolved,2025-04-26
T001881,C1239,2025-01-06,Account,High,Pending,2025-01-16
T001882,C1240,2025-11-07,Technical,High,Pending,2025-11-20
T001883,C1241,2026-03-21,Technical,Low,Pending,2026-03-30
T001884,C1241,2026-05-11,Technical,Low,Resolved,2026-05-25
T001885,C1241,2026-07-28,Billing,Low,Resolved,2026-07-30
T001886,C1242,2026-10-01,Technical,High,Resolved,2026-10-04
T001887,C1242,2025-11-16,Technical,High,Resolved,2025-11-23
T001888,C1243,2026-02-07,Product,Medium,Resolved,2026-02-10
T001889,C1245,2025-01-07,Technical,Medium,Resolved,2025-01-21
T001890,C1246,2025-09-27,Account,Medium,Resolved,2025-10-03
T001891,C1247,2025-07-14,Product,High,Resolved,2025-07-20
T001892,C1248,2025-05-26,Billing,Medium,Pending,2025-06-02
T001893,C1248,2026-09-10,Technical,Low,Resolved,2026-09-20
T001894,C1249,2026-08-29,Billing,Low,Resolved,2026-09-09
T001895,C1250,2026-06-11,Billing,Low,Pending,2026-06-15
T001896,C1251,2025-01-15,Billing,High,Resolved,2025-01-29
T001897,C1251,2025-01-05,Technical,High,Resolved,2025-01-10
T001898,C1251,2026-01-01,Billing,High,Resolved,2026-01-15
T001899,C1252,2026-03-09,Account,Low,Resolved,2026-03-17
T001900,C1253,2026-07-09,Product,High,Resolved,2026-07-14
T001901,C1253,2025-10-03,Billing,Low,Resolved,2025-10-16
T001902,C1254,2025-04-30,Technical,Medium,Resolved,2025-05-05
T001903,C1255,2025-09-21,Product,Medium,Pending,2025-09-30
T001904,C1255,2026-06-08,Account,Low,Resolved,2026-06-13
T001905,C1256,2025-10-31,Account,Medium,Open,
T001906,C1257,2025-01-07,Product,Low,Resolved,2025-01-18
T001907,C1257,2025-07-15,Product,High,Resolved,2025-07-27
T001908,C1257,2025-02-11,Billing,Low,Resolved,2025-02-24
T001909,C1258,2025-03-02,Account,Medium,Resolved,2025-03-14
T001910,C1258,2026-08-05,Technical,Medium,Resolved,2026-08-15
T001911,C1259,2025-11-19,Technical,Medium,Resolved,2025-11-27
T001912,C1259,2025-06-14,Product,Medium,Resolved,2025-06-21
T001913,C1260,2026-01-31,Billing,Medium,Pending,2026-02-08
T001914,C1261,2026-06-14,Technical,Low,Resolved,
T001915,C1261,2025-03-21,Product,Critical,Resolved,
T001916,C1261,2025-05-25,Billing,Medium,Open,
T001917,C1261,2025-01-13,Technical,Low,Resolved,2025-01-23
T001918,C1262,2026-07-27,Account,Medium,Resolved,2026-08-04
T001919,C1263,2025-09-01,Product,Medium,Resolved,2025-09-06
T001920,C1263,2026-08-14,Technical,Low,Pending,2026-08-18
T001921,C1264,2025-09-04,Billing,Medium,Resolved,2025-09-15
T001922,C1264,2026-03-23,Billing,Medium,Resolved,
T001923,C1265,2026-02-26,Product,Medium,Resolved,2026-03-04
T001924,C1266,2025-07-22,Account,Medium,Resolved,2025-07-29
T001925,C1266,2025-08-18,Billing,High,Resolved,2025-09-01
T001926,C1267,2025-02-02,Account,Low,Resolved,2025-02-08
T001927,C1267,2026-01-17,Product,Medium,Resolved,2026-01-21
T001928,C1267,2025-09-21,Technical,Critical,Resolved,2025-10-02
T001929,C1268,2025-02-24,Account,High,Pending,
T001930,C1270,2025-07-14,Account,Medium,Resolved,2025-07-25
T001931,C1270,2026-05-14,Product,Critical,Resolved,2026-05-19
T001932,C1271,2025-08-12,Billing,Low,Pending,2025-08-22
T001933,C1274,2025-10-10,Account,Low,Resolved,2025-10-18
T001934,C1274,2026-04-30,Technical,Medium,Resolved,
T001935,C1275,2025-07-24,Account,Medium,Resolved,2025-08-05
T001936,C1275,2026-06-16,Product,Critical,Open,2026-06-20
T001937,C1276,2025-03-25,Product,Medium,Resolved,2025-04-01
T001938,C1276,2025-09-23,Account,Low,Resolved,2025-10-04
T001939,C1276,2026-04-14,Product,Low,Open,2026-04-23
T001940,C1277,2026-02-24,Technical,Low,Resolved,2026-03-07
T001941,C1277,2026-01-23,Technical,High,Resolved,2026-01-27
T001942,C1277,2025-12-25,Account,Medium,Resolved,2025-12-31
T001943,C1277,2025-01-07,Product,Medium,Resolved,
T001944,C1278,2026-08-21,Account,High,Resolved,
T001945,C1279,2026-09-23,Account,Low,Resolved,2026-10-02
T001946,C1280,2026-03-21,Account,Low,Resolved,2026-03-24
T001947,C1280,2025-04-22,Technical,Medium,Resolved,2025-05-02
T001948,C1282,2026-01-19,Billing,Medium,Resolved,2026-01-28
T001949,C1283,2025-12-04,Account,Low,Open,2025-12-13
T001950,C1283,2026-05-31,Account,Medium,Resolved,2026-06-10
T001951,C1285,2026-02-07,Technical,High,Resolved,2026-02-18
T001952,C1285,2025-03-07,Account,Critical,Pending,2025-03-18
T001953,C1285,2025-05-09,Billing,Low,Resolved,2025-05-17
T001954,C1286,2025-02-01,Billing,Medium,Resolved,2025-02-08
T001955,C1286,2025-09-02,Product,High,Resolved,2025-09-07
T001956,C1286,2025-11-26,Product,Medium,Resolved,2025-12-09
T001957,C1286,2025-06-22,Technical,Low,Resolved,
T001958,C1286,2025-02-24,Billing,Medium,Resolved,2025-03-01
T001959,C1287,2025-06-06,Account,High,Resolved,2025-06-20
T001960,C1292,2025-11-03,Product,Medium,Resolved,
T001961,C1293,2026-07-13,Account,Medium,Resolved,2026-07-21
T001962,C1293,2025-10-27,Product,Medium,Resolved,
T001963,C1293,2025-06-24,Technical,Low,Resolved,2025-07-03
T001964,C1294,2025-04-02,Technical,Medium,Resolved,2025-04-08
T001965,C1294,2026-01-01,Account,Low,Resolved,2026-01-05
T001966,C1295,2025-02-13,Product,Medium,Resolved,2025-02-18
T001967,C1295,2025-09-05,Account,Medium,Resolved,2025-09-19
T001968,C1295,2026-07-09,Account,Medium,Resolved,2026-07-17
T001969,C1296,2026-02-08,Product,Low,Resolved,2026-02-13
T001970,C1296,2025-11-05,Product,Medium,Resolved,2025-11-14
T001971,C1297,2026-02-25,Account,Medium,Pending,2026-03-11
T001972,C1297,2026-08-14,Product,High,Resolved,2026-08-20
T001973,C1297,2025-10-01,Account,High,Resolved,2025-10-03
T001974,C1297,2025-12-30,Account,Critical,Resolved,2026-01-13
T001975,C1298,2026-06-11,Billing,Medium,Resolved,
T001976,C1298,2026-06-09,Account,High,Pending,
T001977,C1299,2026-09-17,Billing,Medium,Pending,2026-09-24
T001978,C1300,2025-10-27,Technical,High,Resolved,2025-10-30
T001979,C1300,2025-01-28,Technical,High,Open,2025-02-04
T001980,C1300,2026-04-04,Billing,Low,Resolved,2026-04-16
T001981,C1302,2026-07-10,Billing,Low,Resolved,2026-07-13
T001982,C1302,2026-08-21,Account,Medium,Open,2026-08-29
T001983,C1304,2025-06-22,Technical,Medium,Resolved,2025-07-03
T001984,C1304,2026-09-12,Technical,Low,Pending,2026-09-20
T001985,C1304,2025-09-01,Technical,Medium,Open,
T001986,C1305,2026-09-18,Technical,High,Resolved,2026-09-21
T001987,C1306,2026-07-19,Product,Low,Resolved,
T001988,C1306,2026-04-06,Billing,Low,Resolved,2026-04-13
T001989,C1306,2025-02-09,Account,Low,Resolved,2025-02-23
T001990,C1307,2026-09-06,Product,High,Resolved,2026-09-20
T001991,C1308,2026-05-24,Account,High,Resolved,
T001992,C1308,2026-09-11,Billing,High,Open,2026-09-20
T001993,C1308,2025-03-16,Product,Critical,Pending,2025-03-18
T001994,C1309,2026-04-27,Product,Medium,Resolved,
T001995,C1309,2026-08-09,Product,Low,Resolved,2026-08-16
T001996,C1309,2026-01-24,Technical,Medium,Resolved,
T001997,C1309,2025-11-23,Billing,Low,Resolved,2025-12-07
T001998,C1310,2025-06-27,Billing,Medium,Resolved,2025-07-02
T001999,C1310,2026-03-28,Technical,Medium,Pending,2026-04-04
T002000,C1311,2026-01-19,Billing,Low,Resolved,2026-01-25
T002001,C1311,2026-02-18,Product,Critical,Resolved,2026-02-19
T002002,C1312,2025-10-02,Product,Medium,Resolved,2025-10-07
T002003,C1312,2026-01-10,Billing,Low,Pending,2026-01-14
T002004,C1312,2025-11-30,Product,High,Open,2025-12-06
T002005,C1312,2026-05-09,Billing,Medium,Resolved,2026-05-22
T002006,C1313,2025-04-08,Account,High,Resolved,2025-04-18
T002007,C1313,2025-01-27,Product,High,Resolved,2025-02-02
T002008,C1313,2026-01-20,Account,High,Resolved,2026-01-30
T002009,C1313,2026-09-11,Technical,High,Resolved,2026-09-14
T002010,C1314,2025-04-29,Account,Low,Resolved,2025-05-05
T002011,C1314,2026-05-22,Account,High,Open,2026-05-31
T002012,C1316,2025-12-07,Technical,Low,Resolved,2025-12-18
T002013,C1316,2026-03-05,Account,High,Resolved,2026-03-19
T002014,C1317,2025-11-25,Billing,Low,Resolved,2025-12-07
T002015,C1317,2026-04-30,Billing,Medium,Resolved,2026-05-06
T002016,C1318,2025-01-07,Account,High,Open,2025-01-16
T002017,C1318,2025-06-12,Billing,Low,Resolved,2025-06-25
T002018,C1319,2025-09-30,Technical,Low,Open,2025-10-07
T002019,C1320,2025-06-24,Product,Medium,Resolved,2025-07-01
T002020,C1321,2026-07-16,Billing,Low,Pending,2026-07-24
T002021,C1321,2026-05-30,Billing,Critical,Resolved,2026-06-03
T002022,C1321,2025-10-06,Account,Low,Resolved,2025-10-14
T002023,C1321,2025-10-14,Account,High,Resolved,2025-10-26
T002024,C1324,2026-05-10,Account,Medium,Resolved,
T002025,C1324,2025-12-24,Account,Low,Resolved,2026-01-06
T002026,C1325,2025-12-24,Billing,High,Resolved,2025-12-26
T002027,C1325,2025-09-24,Billing,High,Resolved,2025-10-04
T002028,C1326,2026-01-08,Account,Medium,Resolved,2026-01-12
T002029,C1326,2026-07-12,Product,Critical,Resolved,2026-07-26
T002030,C1328,2026-01-23,Product,Medium,Resolved,2026-02-06
T002031,C1328,2026-06-15,Technical,High,Resolved,2026-06-26
T002032,C1329,2026-02-19,Billing,High,Pending,2026-02-21
T002033,C1329,2026-08-31,Product,High,Resolved,2026-09-10
T002034,C1330,2025-10-20,Account,Medium,Resolved,2025-10-24
T002035,C1331,2026-08-11,Product,Low,Resolved,2026-08-12
T002036,C1331,2025-07-21,Technical,Low,Pending,2025-07-31
T002037,C1331,2025-02-17,Account,Medium,Resolved,2025-03-01
T002038,C1332,2025-06-01,Technical,Low,Resolved,2025-06-05
T002039,C1333,2026-01-09,Product,Medium,Resolved,
T002040,C1333,2026-02-02,Billing,Low,Pending,
T002041,C1334,2026-06-19,Technical,Medium,Open,
T002042,C1334,2025-09-28,Technical,Low,Resolved,2025-09-30
T002043,C1335,2025-09-06,Technical,Low,Resolved,2025-09-09
T002044,C1336,2026-01-11,Account,Medium,Resolved,
T002045,C1340,2025-08-23,Technical,Low,Resolved,2025-08-29
T002046,C1343,2025-08-08,Product,Low,Resolved,2025-08-14
T002047,C1343,2025-12-03,Technical,High,Resolved,2025-12-14
T002048,C1344,2026-01-06,Technical,Medium,Open,2026-01-18
T002049,C1348,2025-11-01,Account,High,Resolved,2025-11-07
T002050,C1349,2025-06-07,Billing,Medium,Resolved,2025-06-20
T002051,C1350,2025-05-05,Technical,Medium,Resolved,
T002052,C1353,2025-02-23,Product,High,Resolved,2025-02-26
T002053,C1357,2025-06-18,Account,Low,Resolved,
T002054,C1358,2026-01-19,Account,Low,Pending,2026-01-24
T002055,C1358,2025-02-10,Technical,Critical,Resolved,2025-02-22
T002056,C1359,2025-07-06,Billing,Critical,Open,2025-07-12
T002057,C1359,2025-09-10,Technical,Medium,Resolved,
T002058,C1361,2026-03-14,Product,Medium,Resolved,2026-03-15
T002059,C1361,2026-06-23,Product,Medium,Pending,2026-06-28
T002060,C1363,2025-10-12,Account,Low,Open,2025-10-25
T002061,C1363,2025-12-26,Billing,High,Resolved,2025-12-30
T002062,C1364,2026-09-03,Product,Medium,Open,2026-09-10
T002063,C1364,2025-09-08,Billing,Low,Resolved,
T002064,C1365,2025-04-23,Billing,Medium,Resolved,2025-05-03
T002065,C1366,2025-02-27,Product,Medium,Resolved,2025-03-12
T002066,C1366,2025-09-11,Billing,Low,Open,2025-09-12
T002067,C1366,2025-12-13,Technical,High,Resolved,2025-12-23
T002068,C1366,2026-07-05,Product,Medium,Resolved,
T002069,C1367,2025-01-16,Technical,High,Resolved,
T002070,C1367,2025-04-17,Product,Medium,Resolved,2025-04-23
T002071,C1369,2025-05-30,Product,Medium,Resolved,2025-06-02
T002072,C1370,2026-10-01,Technical,Low,Pending,
T002073,C1372,2026-02-19,Account,Medium,Resolved,
T002074,C1373,2025-10-08,Account,Medium,Resolved,2025-10-11
T002075,C1374,2026-09-17,Technical,Low,Open,
T002076,C1374,2025-05-24,Product,Medium,Resolved,
T002077,C1375,2026-08-07,Billing,Medium,Open,
T002078,C1375,2026-01-07,Technical,Low,Pending,
T002079,C1375,2025-09-24,Technical,Medium,Resolved,2025-09-28
T002080,C1376,2026-04-01,Billing,Low,Pending,2026-04-09
T002081,C1376,2026-04-29,Account,Medium,Resolved,
T002082,C1376,2025-10-03,Billing,Low,Resolved,2025-10-05
T002083,C1376,2025-02-05,Billing,High,Resolved,2025-02-13
T002084,C1379,2025-08-03,Account,Medium,Resolved,2025-08-08
T002085,C1379,2025-03-05,Product,High,Resolved,2025-03-14
T002086,C1379,2026-04-28,Billing,Medium,Resolved,2026-04-29
T002087,C1380,2026-09-18,Technical,Low,Resolved,2026-09-24
T002088,C1382,2025-08-13,Product,Low,Pending,2025-08-18
T002089,C1383,2025-03-26,Billing,Critical,Resolved,2025-04-05
T002090,C1383,2025-02-06,Product,Medium,Resolved,
T002091,C1383,2025-09-06,Technical,Low,Resolved,2025-09-08
T002092,C1384,2025-12-30,Billing,Medium,Resolved,
T002093,C1384,2026-04-10,Account,Medium,Resolved,2026-04-18
T002094,C1385,2025-04-25,Technical,Medium,Pending,2025-05-01
T002095,C1385,2026-08-08,Technical,Medium,Pending,2026-08-20
T002096,C1385,2025-08-08,Billing,Medium,Resolved,2025-08-20
T002097,C1385,2025-06-10,Billing,Medium,Resolved,2025-06-22
T002098,C1385,2026-02-06,Account,High,Open,
T002099,C1385,2026-04-29,Product,Low,Resolved,
T002100,C1385,2026-02-01,Technical,High,Resolved,2026-02-14
T002101,C1386,2025-03-04,Account,High,Resolved,2025-03-16
T002102,C1386,2025-11-22,Account,Low,Resolved,2025-11-30
T002103,C1387,2025-07-19,Product,Low,Resolved,2025-08-02
T002104,C1388,2026-08-07,Technical,Critical,Open,2026-08-13
T002105,C1389,2026-05-12,Account,Low,Resolved,2026-05-14
T002106,C1389,2025-11-12,Account,High,Open,2025-11-14
T002107,C1389,2026-06-19,Technical,Medium,Pending,2026-06-25
T002108,C1389,2026-06-14,Technical,Medium,Resolved,2026-06-16
T002109,C1389,2025-03-17,Technical,Low,Pending,2025-03-25
T002110,C1390,2026-06-18,Technical,Low,Resolved,
T002111,C1391,2025-02-26,Billing,Low,Resolved,2025-03-08
T002112,C1391,2026-08-27,Billing,Low,Resolved,2026-09-04
T002113,C1391,2025-04-18,Account,Low,Resolved,2025-04-29
T002114,C1392,2026-06-24,Product,Low,Resolved,
T002115,C1393,2026-04-05,Technical,Low,Resolved,
T002116,C1395,2026-09-25,Product,Medium,Resolved,2026-10-02
T002117,C1395,2026-07-29,Account,High,Resolved,2026-08-10
T002118,C1395,2025-10-04,Technical,Low,Pending,2025-10-14
T002119,C1396,2025-02-28,Product,Medium,Resolved,2025-03-08
T002120,C1397,2025-01-17,Account,Medium,Resolved,2025-01-22
T002121,C1398,2025-03-21,Technical,Low,Resolved,2025-03-28
T002122,C1400,2026-08-15,Technical,Critical,Pending,2026-08-18
T002123,C1400,2026-09-17,Billing,High,Resolved,2026-09-29
T002124,C1401,2026-07-13,Technical,Low,Resolved,
T002125,C1403,2025-09-14,Billing,Medium,Resolved,2025-09-24
T002126,C1404,2026-04-19,Account,Low,Resolved,
T002127,C1405,2026-04-17,Technical,Medium,Resolved,2026-04-20
T002128,C1405,2026-07-05,Account,Low,Open,2026-07-07
T002129,C1407,2026-09-11,Technical,Medium,Resolved,2026-09-23
T002130,C1408,2026-06-14,Product,Low,Resolved,2026-06-23
T002131,C1408,2025-07-18,Account,Low,Resolved,2025-07-30
T002132,C1408,2026-06-18,Product,Low,Resolved,2026-07-02
T002133,C1409,2025-07-18,Account,Low,Open,2025-07-20
T002134,C1411,2025-12-25,Product,Medium,Resolved,2026-01-08
T002135,C1412,2025-08-19,Billing,High,Resolved,2025-08-23
T002136,C1412,2026-06-10,Account,Low,Resolved,2026-06-14
T002137,C1412,2026-08-31,Account,Low,Resolved,2026-09-11
T002138,C1413,2025-01-07,Technical,High,Pending,
T002139,C1414,2026-09-18,Product,Medium,Resolved,2026-10-02
T002140,C1414,2026-02-13,Product,Low,Resolved,2026-02-14
T002141,C1415,2026-04-29,Account,Medium,Resolved,2026-05-04
T002142,C1415,2026-05-04,Product,Critical,Resolved,
T002143,C1415,2025-11-27,Account,Medium,Resolved,2025-12-08
T002144,C1415,2026-06-12,Account,Medium,Resolved,2026-06-23
T002145,C1416,2025-04-27,Product,High,Resolved,2025-05-06
T002146,C1416,2025-03-07,Account,Low,Open,2025-03-12
T002147,C1417,2025-09-22,Product,Medium,Resolved,
T002148,C1417,2025-02-18,Billing,Medium,Resolved,2025-02-21
T002149,C1418,2026-07-29,Billing,Medium,Open,2026-07-30
T002150,C1419,2025-10-14,Billing,Medium,Resolved,2025-10-21
T002151,C1420,2025-06-26,Technical,High,Open,2025-07-05
T002152,C1420,2025-08-07,Account,Low,Resolved,
T002153,C1421,2026-08-25,Billing,High,Resolved,2026-09-03
T002154,C1421,2026-04-21,Product,Medium,Pending,2026-05-04
T002155,C1421,2025-01-07,Technical,Low,Pending,
T002156,C1422,2025-02-16,Product,Medium,Resolved,2025-02-19
T002157,C1422,2025-11-10,Product,Medium,Resolved,2025-11-20
T002158,C1426,2025-11-01,Account,High,Resolved,2025-11-12
T002159,C1426,2025-08-14,Account,Low,Pending,2025-08-23
T002160,C1427,2025-04-01,Account,Low,Resolved,
T002161,C1428,2025-11-28,Product,High,Resolved,2025-11-30
T002162,C1429,2025-01-11,Account,Low,Pending,2025-01-17
T002163,C1430,2026-07-24,Product,Medium,Resolved,
T002164,C1431,2026-05-02,Product,Medium,Resolved,2026-05-08
T002165,C1431,2026-03-14,Billing,High,Resolved,2026-03-21
T002166,C1431,2025-06-10,Billing,Medium,Open,2025-06-11
T002167,C1432,2025-10-13,Billing,Low,Resolved,2025-10-21
T002168,C1432,2025-05-10,Account,Low,Pending,2025-05-20
T002169,C1432,2026-03-14,Product,Medium,Resolved,2026-03-17
T002170,C1432,2026-05-22,Technical,Low,Resolved,2026-05-25
T002171,C1433,2026-03-29,Account,Critical,Resolved,
T002172,C1433,2025-01-15,Billing,Medium,Resolved,2025-01-28
T002173,C1433,2025-10-16,Product,Medium,Resolved,2025-10-25
T002174,C1434,2026-09-06,Product,Critical,Resolved,2026-09-10
T002175,C1434,2026-06-05,Technical,Low,Resolved,
T002176,C1435,2025-07-29,Billing,Critical,Resolved,2025-07-30
T002177,C1436,2025-12-08,Billing,Medium,Resolved,2025-12-11
T002178,C1437,2025-02-13,Account,High,Pending,
T002179,C1437,2026-05-19,Account,Low,Resolved,2026-05-27
T002180,C1437,2025-06-06,Account,High,Resolved,2025-06-11
T002181,C1438,2025-05-26,Account,Medium,Resolved,2025-06-06
T002182,C1439,2026-07-12,Technical,High,Resolved,
T002183,C1439,2026-07-25,Technical,High,Resolved,2026-07-28
T002184,C1439,2025-10-27,Billing,Medium,Resolved,2025-11-08
T002185,C1442,2025-06-10,Product,High,Resolved,2025-06-11
T002186,C1443,2025-05-02,Billing,Low,Pending,
T002187,C1443,2026-09-27,Product,Medium,Resolved,2026-10-04
T002188,C1443,2026-09-22,Product,High,Resolved,2026-09-30
T002189,C1443,2025-01-31,Technical,Medium,Pending,2025-02-11
T002190,C1444,2026-03-14,Technical,High,Open,2026-03-22
T002191,C1445,2026-06-28,Billing,High,Resolved,2026-07-06
T002192,C1445,2026-05-01,Account,High,Resolved,
T002193,C1446,2025-12-12,Billing,Medium,Pending,2025-12-15
T002194,C1446,2025-06-30,Account,Low,Resolved,2025-07-05
T002195,C1447,2025-09-18,Product,Medium,Resolved,2025-10-01
T002196,C1448,2026-03-10,Product,Critical,Resolved,2026-03-13
T002197,C1448,2026-05-17,Billing,Critical,Pending,2026-05-19
T002198,C1448,2025-02-03,Billing,Medium,Pending,2025-02-04
T002199,C1448,2026-08-10,Account,Low,Resolved,2026-08-19
T002200,C1449,2026-07-31,Account,Low,Resolved,2026-08-07
T002201,C1451,2025-08-28,Account,Medium,Resolved,2025-09-02
T002202,C1452,2025-11-08,Account,Low,Resolved,2025-11-14
T002203,C1452,2026-01-27,Technical,Medium,Pending,2026-02-02
T002204,C1452,2026-08-30,Account,Medium,Resolved,2026-09-05
T002205,C1454,2025-12-28,Product,Medium,Resolved,2026-01-07
T002206,C1455,2025-02-08,Account,Medium,Resolved,2025-02-11
T002207,C1455,2026-06-08,Account,Medium,Resolved,2026-06-17
T002208,C1455,2026-05-26,Billing,High,Resolved,2026-06-05
T002209,C1457,2026-06-19,Product,Medium,Resolved,2026-06-20
T002210,C1457,2025-11-20,Technical,High,Resolved,2025-11-30
T002211,C1458,2025-01-31,Billing,Medium,Resolved,2025-02-14
T002212,C1460,2025-06-22,Account,Low,Resolved,2025-07-03
T002213,C1460,2026-03-06,Product,Low,Open,
T002214,C1460,2025-12-24,Product,Medium,Open,2025-12-31
T002215,C1460,2026-06-29,Billing,Medium,Resolved,2026-07-11
T002216,C1461,2026-03-27,Product,Low,Resolved,2026-04-06
T002217,C1461,2026-08-15,Billing,Medium,Open,2026-08-28
T002218,C1462,2025-04-15,Product,Medium,Open,2025-04-18
T002219,C1463,2026-06-12,Technical,Critical,Resolved,2026-06-22
T002220,C1464,2026-08-04,Product,Medium,Resolved,
T002221,C1464,2026-06-12,Technical,Low,Resolved,2026-06-22
T002222,C1465,2026-05-07,Technical,Low,Resolved,2026-05-16
T002223,C1466,2025-04-22,Product,High,Resolved,
T002224,C1466,2025-09-12,Account,High,Resolved,
T002225,C1467,2025-11-14,Product,Low,Open,2025-11-17
T002226,C1468,2025-06-13,Billing,Medium,Open,2025-06-22
T002227,C1469,2025-01-24,Technical,Medium,Resolved,
T002228,C1469,2025-09-28,Technical,Low,Resolved,2025-10-10
T002229,C1470,2025-09-02,Account,Medium,Resolved,2025-09-16
T002230,C1470,2025-01-15,Account,Medium,Resolved,
T002231,C1471,2025-02-23,Product,Low,Resolved,2025-03-06
T002232,C1471,2025-08-01,Account,Low,Resolved,2025-08-08
T002233,C1471,2025-11-11,Billing,Medium,Resolved,2025-11-14
T002234,C1472,2026-02-04,Billing,High,Resolved,2026-02-16
T002235,C1472,2026-08-01,Technical,High,Resolved,2026-08-02
T002236,C1472,2025-11-11,Account,High,Resolved,2025-11-24
T002237,C1473,2025-09-27,Billing,Low,Resolved,2025-09-29
T002238,C1477,2025-11-04,Account,Medium,Resolved,
T002239,C1477,2026-01-03,Billing,Medium,Resolved,
T002240,C1477,2025-08-18,Account,Medium,Resolved,
T002241,C1477,2025-06-02,Billing,Medium,Resolved,2025-06-03
T002242,C1478,2025-05-17,Account,Medium,Resolved,
T002243,C1480,2025-01-08,Billing,Medium,Open,2025-01-18
T002244,C1480,2026-08-26,Technical,High,Resolved,2026-09-01
T002245,C1480,2025-10-15,Billing,Medium,Resolved,2025-10-22
T002246,C1480,2025-09-25,Billing,Medium,Resolved,
T002247,C1480,2025-12-30,Product,Medium,Resolved,
T002248,C1481,2025-10-21,Technical,Low,Pending,
T002249,C1482,2026-05-23,Product,Low,Resolved,2026-06-02
T002250,C1482,2026-09-04,Product,Medium,Resolved,2026-09-06
T002251,C1484,2025-09-27,Technical,High,Resolved,2025-09-29
T002252,C1486,2025-06-02,Technical,High,Resolved,
T002253,C1486,2025-04-12,Product,Medium,Resolved,
T002254,C1486,2026-05-06,Billing,Low,Open,2026-05-20
T002255,C1486,2025-11-14,Product,Medium,Resolved,2025-11-25
T002256,C1486,2025-12-01,Product,Medium,Resolved,2025-12-13
T002257,C1488,2026-09-29,Technical,Low,Resolved,
T002258,C1488,2025-10-16,Technical,High,Resolved,2025-10-30
T002259,C1488,2026-08-23,Billing,Low,Open,2026-09-02
T002260,C1488,2025-02-23,Technical,High,Resolved,2025-02-28
T002261,C1488,2026-06-01,Product,High,Resolved,2026-06-14
T002262,C1489,2025-06-28,Account,Critical,Resolved,2025-06-29
T002263,C1489,2025-05-31,Product,Low,Resolved,2025-06-04
T002264,C1492,2025-03-18,Billing,Medium,Pending,2025-03-23
T002265,C1493,2025-04-29,Technical,Low,Resolved,2025-04-30
T002266,C1494,2025-05-10,Billing,Medium,Pending,
T002267,C1494,2025-05-26,Billing,Medium,Pending,
T002268,C1495,2025-04-03,Technical,Medium,Open,2025-04-12
T002269,C1496,2026-02-23,Billing,High,Resolved,2026-03-01
T002270,C1496,2026-09-01,Product,Low,Resolved,2026-09-04
T002271,C1496,2025-09-07,Account,Medium,Open,2025-09-14
T002272,C1496,2025-06-11,Technical,Medium,Resolved,2025-06-17
T002273,C1496,2025-04-08,Account,Low,Resolved,2025-04-22
T002274,C1499,2025-06-08,Billing,Medium,Resolved,2025-06-19
T002275,C1499,2025-02-14,Account,Medium,Resolved,
T002276,C1499,2026-02-13,Billing,Medium,Pending,
T002277,C1500,2025-07-26,Billing,High,Resolved,2025-07-31
T002278,C1500,2026-06-18,Product,Medium,Open,2026-07-01
T002279,C1500,2025-11-21,Technical,Low,Pending,2025-11-25
